sheet,cell,formula,reference_count
FORT DAUPHIN,B2,=4200/30,0
FORT DAUPHIN,J3,=+J5/D5,2
FORT DAUPHIN,D5,"=SUBTOTAL(3,D7:D135)",1
FORT DAUPHIN,G5,"=SUBTOTAL(9,G7:G135)",1
FORT DAUPHIN,H5,"=SUBTOTAL(9,H7:H135)",1
FORT DAUPHIN,I5,"=SUBTOTAL(9,I7:I135)",1
FORT DAUPHIN,J5,"=SUBTOTAL(9,J7:J135)",1
FORT DAUPHIN,K5,"=SUBTOTAL(9,K7:K135)",1
FORT DAUPHIN,L5,"=SUBTOTAL(9,L7:L135)",1
FORT DAUPHIN,M5,"=SUBTOTAL(9,M7:M135)",1
FORT DAUPHIN,N5,"=SUBTOTAL(9,N7:N135)",1
FORT DAUPHIN,O5,"=SUBTOTAL(9,O7:O135)",1
FORT DAUPHIN,P5,"=SUBTOTAL(9,P7:P135)",1
FORT DAUPHIN,Q5,"=SUBTOTAL(9,Q7:Q135)",1
FORT DAUPHIN,R5,"=SUBTOTAL(9,R7:R135)",1
FORT DAUPHIN,S5,"=SUBTOTAL(9,S7:S135)",1
FORT DAUPHIN,T5,"=SUBTOTAL(9,T7:T135)",1
FORT DAUPHIN,U5,"=SUBTOTAL(9,U7:U135)",1
FORT DAUPHIN,V5,"=SUBTOTAL(9,V7:V135)",1
FORT DAUPHIN,W5,"=SUBTOTAL(9,W7:W135)",1
FORT DAUPHIN,X5,"=SUBTOTAL(9,X7:X135)",1
FORT DAUPHIN,Y5,"=SUBTOTAL(9,Y7:Y135)",1
FORT DAUPHIN,Z5,"=SUBTOTAL(9,Z7:Z135)",1
FORT DAUPHIN,A6,"=""Matricule""",0
FORT DAUPHIN,B6,"=""NOM""",0
FORT DAUPHIN,C6,"=""PRENOMS""",0
FORT DAUPHIN,D6,"=""FONCTION""",0
FORT DAUPHIN,E6,"=""entree""",0
FORT DAUPHIN,F6,"=""CAT""",0
FORT DAUPHIN,G6,"=""Base""",0
FORT DAUPHIN,H6,"=""ALLOCATION DE CONGES""",0
FORT DAUPHIN,I6,"=""HEURES SUPP""",0
FORT DAUPHIN,J6,"=""NBRES""",0
FORT DAUPHIN,K6,"=""ABSENCE""",0
FORT DAUPHIN,L6,"=""PREAVIS (retenue)""",0
FORT DAUPHIN,M6,"=""INDEMNITE""",0
FORT DAUPHIN,N6,"=""BRUT""",0
FORT DAUPHIN,O6,"=""IRSA""",0
FORT DAUPHIN,P6,"=""RET CNAPS""",0
FORT DAUPHIN,Q6,"=""RET OSTIE""",0
FORT DAUPHIN,R6,"=""AVANCES""",0
FORT DAUPHIN,S6,"=""ANC ARR""",0
FORT DAUPHIN,T6,"=""NOUV ARR""",0
FORT DAUPHIN,U6,"=""NET A PAYER""",0
FORT DAUPHIN,V6,"=""UNITE""",0
FORT DAUPHIN,W6,"=""SERVICE""",0
FORT DAUPHIN,X6,"=""Intitulé établissement""",0
FORT DAUPHIN,Y6,"=""MODE DE PAIEMENT""",0
FORT DAUPHIN,Z7,=+N7/J7,2
FORT DAUPHIN,Z8,=+N8/J8,2
FORT DAUPHIN,Z9,=+N9/J9,2
FORT DAUPHIN,Z10,=+N10/J10,2
FORT DAUPHIN,Z11,=+N11/J11,2
FORT DAUPHIN,Z12,=+N12/J12,2
FORT DAUPHIN,Z13,=+N13/J13,2
FORT DAUPHIN,Z14,=+N14/J14,2
FORT DAUPHIN,Z15,=+N15/J15,2
FORT DAUPHIN,Z16,=+N16/J16,2
FORT DAUPHIN,Z17,=+N17/J17,2
FORT DAUPHIN,Z18,=+N18/J18,2
FORT DAUPHIN,Z19,=+N19/J19,2
FORT DAUPHIN,Z20,=+N20/J20,2
FORT DAUPHIN,Z21,=+N21/J21,2
FORT DAUPHIN,Z22,=+N22/J22,2
FORT DAUPHIN,Z23,=+N23/J23,2
FORT DAUPHIN,Z24,=+N24/J24,2
FORT DAUPHIN,Z25,=+N25/J25,2
FORT DAUPHIN,Z26,=+N26/J26,2
FORT DAUPHIN,Z27,=+N27/J27,2
FORT DAUPHIN,Z28,=+N28/J28,2
FORT DAUPHIN,Z29,=+N29/J29,2
FORT DAUPHIN,Z30,=+N30/J30,2
FORT DAUPHIN,Z31,=+N31/J31,2
FORT DAUPHIN,Z32,=+N32/J32,2
FORT DAUPHIN,Z33,=+N33/J33,2
FORT DAUPHIN,Z34,=+N34/J34,2
FORT DAUPHIN,Z35,=+N35/J35,2
FORT DAUPHIN,Z36,=+N36/J36,2
FORT DAUPHIN,Z37,=+N37/J37,2
FORT DAUPHIN,Z38,=+N38/J38,2
FORT DAUPHIN,Z39,=+N39/J39,2
FORT DAUPHIN,Z40,=+N40/J40,2
FORT DAUPHIN,Z41,=+N41/J41,2
FORT DAUPHIN,Z42,=+N42/J42,2
FORT DAUPHIN,Z43,=+N43/J43,2
FORT DAUPHIN,Z44,=+N44/J44,2
FORT DAUPHIN,Z45,=+N45/J45,2
FORT DAUPHIN,Z46,=+N46/J46,2
FORT DAUPHIN,Z47,=+N47/J47,2
FORT DAUPHIN,Z48,=+N48/J48,2
FORT DAUPHIN,Z49,=+N49/J49,2
FORT DAUPHIN,Z50,=+N50/J50,2
FORT DAUPHIN,Z51,=+N51/J51,2
FORT DAUPHIN,Z52,=+N52/J52,2
FORT DAUPHIN,Z53,=+N53/J53,2
FORT DAUPHIN,Z54,=+N54/J54,2
FORT DAUPHIN,Z55,=+N55/J55,2
FORT DAUPHIN,Z56,=+N56/J56,2
FORT DAUPHIN,Z57,=+N57/J57,2
FORT DAUPHIN,Z58,=+N58/J58,2
FORT DAUPHIN,Z59,=+N59/J59,2
FORT DAUPHIN,Z60,=+N60/J60,2
FORT DAUPHIN,Z61,=+N61/J61,2
FORT DAUPHIN,Z62,=+N62/J62,2
FORT DAUPHIN,Z63,=+N63/J63,2
FORT DAUPHIN,Z64,=+N64/J64,2
FORT DAUPHIN,Z65,=+N65/J65,2
FORT DAUPHIN,Z66,=+N66/J66,2
FORT DAUPHIN,Z67,=+N67/J67,2
FORT DAUPHIN,Z68,=+N68/J68,2
FORT DAUPHIN,Z69,=+N69/J69,2
FORT DAUPHIN,Z70,=+N70/J70,2
FORT DAUPHIN,Z71,=+N71/J71,2
FORT DAUPHIN,Z72,=+N72/J72,2
FORT DAUPHIN,Z73,=+N73/J73,2
FORT DAUPHIN,Z74,=+N74/J74,2
FORT DAUPHIN,Z75,=+N75/J75,2
FORT DAUPHIN,Z76,=+N76/J76,2
FORT DAUPHIN,Z77,=+N77/J77,2
FORT DAUPHIN,Z78,=+N78/J78,2
FORT DAUPHIN,A138,"=""""",0
FORT DAUPHIN,B138,"=""""",0
FORT DAUPHIN,C138,"=""""",0
FORT DAUPHIN,D138,"=""""",0
FORT DAUPHIN,F138,"=""""",0
FORT DAUPHIN,G138,=SUM(G7:G135),1
FORT DAUPHIN,H138,=SUM(H7:H135),1
FORT DAUPHIN,I138,=SUM(I7:I135),1
FORT DAUPHIN,J138,=SUM(J7:J135),1
FORT DAUPHIN,K138,=SUM(K7:K135),1
FORT DAUPHIN,L138,=SUM(L7:L135),1
FORT DAUPHIN,M138,=SUM(M7:M135),1
FORT DAUPHIN,N138,=SUM(N7:N135),1
FORT DAUPHIN,O138,=SUM(O7:O135),1
FORT DAUPHIN,P138,=SUM(P7:P135),1
FORT DAUPHIN,Q138,=SUM(Q7:Q135),1
FORT DAUPHIN,R138,=SUM(R7:R135),1
FORT DAUPHIN,S138,=SUM(S7:S135),1
FORT DAUPHIN,T138,=SUM(T7:T135),1
FORT DAUPHIN,U138,=SUM(U7:U135),1
FORT DAUPHIN,V138,"=""""",0
FORT DAUPHIN,W138,"=""""",0
FORT DAUPHIN,X138,"=""""",0
FORT DAUPHIN,Y138,"=""""",0
FORT DAUPHIN,E139,=+E5,1
FORT DAUPHIN,L139,=+L5,1
FORT DAUPHIN,M139,=+M5,1
FORT DAUPHIN,N139,=+N5,1
FORT DAUPHIN,O139,=+O5,1
FORT DAUPHIN,P139,=+P5,1
FORT DAUPHIN,Q139,=+Q5,1
FORT DAUPHIN,R139,=+R5,1
FORT DAUPHIN,S139,=+S5,1
FORT DAUPHIN,T139,=+T5,1
FORT DAUPHIN,U139,=+U5,1
FORT DAUPHIN,G141,=+E141*13,1
FORT DAUPHIN,H141,=+F141*5,1
FORT DAUPHIN,G142,=+E142*13,1
FORT DAUPHIN,H142,=+F142*5,1
FORT DAUPHIN,G143,=+E143*13,1
FORT DAUPHIN,H143,=+F143*5,1
FORT DAUPHIN,G144,=+E144*13,1
FORT DAUPHIN,H144,=+F144*5,1
FORT DAUPHIN,G145,=+E145*13,1
FORT DAUPHIN,H145,=+F145*5,1
FORT DAUPHIN,G146,=+E146*13,1
FORT DAUPHIN,H146,=+F146*5,1
FORT DAUPHIN,G147,"=SUBTOTAL(9,G141:G146)",1
FORT DAUPHIN,H147,"=SUBTOTAL(9,H141:H146)",1
FORT DAUPHIN,G148,=+E148*13,1
FORT DAUPHIN,H148,=+F148*5,1
FORT DAUPHIN,L148,=+J148*K148,2
FORT DAUPHIN,G149,=+E149*13,1
FORT DAUPHIN,H149,=+F149*5,1
FORT DAUPHIN,L149,=+J149*K149,2
FORT DAUPHIN,G150,=+E150*13,1
FORT DAUPHIN,H150,=+F150*5,1
FORT DAUPHIN,L150,=+J150*K150,2
FORT DAUPHIN,G151,=+E151*13,1
FORT DAUPHIN,H151,=+F151*5,1
FORT DAUPHIN,G152,=+E152*13,1
FORT DAUPHIN,H152,=+F152*5,1
FORT DAUPHIN,G153,=+E153*13,1
FORT DAUPHIN,H153,=+F153*5,1
FORT DAUPHIN,G154,=+E154*13,1
FORT DAUPHIN,H154,=+F154*5,1
FORT DAUPHIN,G155,"=SUBTOTAL(9,G148:G154)",1
FORT DAUPHIN,H155,"=SUBTOTAL(9,H148:H154)",1
FORT DAUPHIN,G156,=+E156*13,1
FORT DAUPHIN,H156,=+F156*5,1
FORT DAUPHIN,L156,=+J156*K156,2
FORT DAUPHIN,G157,=+E157*13,1
FORT DAUPHIN,H157,=+F157*5,1
FORT DAUPHIN,L157,=+J157*K157,2
FORT DAUPHIN,G158,=+E158*13,1
FORT DAUPHIN,H158,=+F158*5,1
FORT DAUPHIN,L158,=+J158*K158,2
FORT DAUPHIN,G159,=+E159*13,1
FORT DAUPHIN,H159,=+F159*5,1
FORT DAUPHIN,L159,=+J159*K159,2
FORT DAUPHIN,G160,=+E160*13,1
FORT DAUPHIN,H160,=+F160*5,1
FORT DAUPHIN,L160,=+J160*K160,2
FORT DAUPHIN,G161,=+E161*13,1
FORT DAUPHIN,H161,=+F161*5,1
FORT DAUPHIN,L161,=+J161*K161,2
FORT DAUPHIN,G162,=+E162*13,1
FORT DAUPHIN,H162,=+F162*5,1
FORT DAUPHIN,L162,=+J162*K162,2
FORT DAUPHIN,G163,=+E163*13,1
FORT DAUPHIN,H163,=+F163*5,1
FORT DAUPHIN,L163,=+J163*K163,2
FORT DAUPHIN,G164,=+E164*13,1
FORT DAUPHIN,H164,=+F164*5,1
FORT DAUPHIN,L164,=+J164*K164,2
FORT DAUPHIN,G165,=+E165*13,1
FORT DAUPHIN,H165,=+F165*5,1
FORT DAUPHIN,L165,=+J165*K165,2
FORT DAUPHIN,G166,=+E166*13,1
FORT DAUPHIN,H166,=+F166*5,1
FORT DAUPHIN,L166,=+J166*K166,2
FORT DAUPHIN,G167,=+E167*13,1
FORT DAUPHIN,H167,=+F167*5,1
FORT DAUPHIN,L167,=+J167*K167,2
FORT DAUPHIN,G168,=+E168*13,1
FORT DAUPHIN,H168,=+F168*5,1
FORT DAUPHIN,L168,=+J168*K168,2
FORT DAUPHIN,G169,=+E169*13,1
FORT DAUPHIN,H169,=+F169*5,1
FORT DAUPHIN,L169,=+J169*K169,2
FORT DAUPHIN,G170,=+E170*13,1
FORT DAUPHIN,H170,=+F170*5,1
FORT DAUPHIN,L170,=+J170*K170,2
FORT DAUPHIN,G171,=+E171*13,1
FORT DAUPHIN,H171,=+F171*5,1
FORT DAUPHIN,L171,=+J171*K171,2
FORT DAUPHIN,G172,=+E172*13,1
FORT DAUPHIN,H172,=+F172*5,1
FORT DAUPHIN,L172,=+J172*K172,2
FORT DAUPHIN,G173,=+E173*13,1
FORT DAUPHIN,H173,=+F173*5,1
FORT DAUPHIN,L173,=+J173*K173,2
FORT DAUPHIN,G174,=+E174*13,1
FORT DAUPHIN,H174,=+F174*5,1
FORT DAUPHIN,L174,=+J174*K174,2
FORT DAUPHIN,G175,=+E175*13,1
FORT DAUPHIN,H175,=+F175*5,1
FORT DAUPHIN,L175,=+J175*K175,2
FORT DAUPHIN,G176,=+E176*13,1
FORT DAUPHIN,H176,=+F176*5,1
FORT DAUPHIN,L176,=+J176*K176,2
FORT DAUPHIN,G177,=+E177*13,1
FORT DAUPHIN,H177,=+F177*5,1
FORT DAUPHIN,L177,=+J177*K177,2
FORT DAUPHIN,G178,"=SUBTOTAL(9,G156:G177)",1
FORT DAUPHIN,H178,"=SUBTOTAL(9,H156:H177)",1
FORT DAUPHIN,L178,=+J178*K178,2
FORT DAUPHIN,L179,=+J179*K179,2
FORT DAUPHIN,L180,=+J180*K180,2
FORT DAUPHIN,L181,=+J181*K181,2
FORT DAUPHIN,G182,=+E182*13,1
FORT DAUPHIN,H182,=+F182*5,1
FORT DAUPHIN,G183,=+E183*13,1
FORT DAUPHIN,H183,=+F183*5,1
FORT DAUPHIN,G184,=+E184*13,1
FORT DAUPHIN,H184,=+F184*5,1
FORT DAUPHIN,G185,=+E185*13,1
FORT DAUPHIN,H185,=+F185*5,1
FORT DAUPHIN,G186,=+E186*13,1
FORT DAUPHIN,H186,=+F186*5,1
FORT DAUPHIN,G187,=+E187*13,1
FORT DAUPHIN,H187,=+F187*5,1
FORT DAUPHIN,G188,=+E188*13,1
FORT DAUPHIN,H188,=+F188*5,1
FORT DAUPHIN,G189,"=SUBTOTAL(9,G182:G188)",1
FORT DAUPHIN,H189,"=SUBTOTAL(9,H182:H188)",1
FORT DAUPHIN,G191,=+E191*13,1
FORT DAUPHIN,H191,=+F191*5,1
FORT DAUPHIN,L191,=+J191*K191,2
FORT DAUPHIN,G192,=+E192*13,1
FORT DAUPHIN,H192,=+F192*5,1
FORT DAUPHIN,L192,=+J192*K192,2
FORT DAUPHIN,G193,=+E193*13,1
FORT DAUPHIN,H193,=+F193*5,1
FORT DAUPHIN,L193,=+J193*K193,2
FORT DAUPHIN,G194,=+E194*13,1
FORT DAUPHIN,H194,=+F194*5,1
FORT DAUPHIN,L194,=+J194*K194,2
FORT DAUPHIN,G195,"=SUBTOTAL(9,G191:G194)",1
FORT DAUPHIN,H195,"=SUBTOTAL(9,H191:H194)",1
FORT DAUPHIN,L195,=+J195*K195,2
FORT DAUPHIN,G197,=+E197*13,1
FORT DAUPHIN,H197,=+F197*5,1
FORT DAUPHIN,L197,=+J197*K197,2
FORT DAUPHIN,G198,"=SUBTOTAL(9,G197)",1
FORT DAUPHIN,H198,"=SUBTOTAL(9,H197)",1
FORT DAUPHIN,L198,=+J198*K198,2
FORT DAUPHIN,G199,=+E199*13,1
FORT DAUPHIN,H199,=+F199*5,1
FORT DAUPHIN,G200,=+E200*13,1
FORT DAUPHIN,H200,=+F200*5,1
FORT DAUPHIN,G201,=+E201*13,1
FORT DAUPHIN,H201,=+F201*5,1
FORT DAUPHIN,L201,=+J201*K201,2
FORT DAUPHIN,G202,=+E202*13,1
FORT DAUPHIN,H202,=+F202*5,1
FORT DAUPHIN,L202,=+J202*K202,2
FORT DAUPHIN,G203,"=SUBTOTAL(9,G201:G202)",1
FORT DAUPHIN,H203,"=SUBTOTAL(9,H201:H202)",1
FORT DAUPHIN,L203,=+J203*K203,2
FORT DAUPHIN,L204,=+J204*K204,2
FORT DAUPHIN,L205,=+J205*K205,2
FORT DAUPHIN,L206,=+J206*K206,2
FORT DAUPHIN,L207,=+J207*K207,2
FORT DAUPHIN,L208,=+J208*K208,2
FORT DAUPHIN,G209,=+E209*13,1
FORT DAUPHIN,H209,=+F209*5,1
FORT DAUPHIN,L209,=+J209*K209,2
FORT DAUPHIN,G210,=+E210*13,1
FORT DAUPHIN,H210,=+F210*5,1
FORT DAUPHIN,G211,"=SUBTOTAL(9,G210)",1
FORT DAUPHIN,H211,"=SUBTOTAL(9,H210)",1
FORT DAUPHIN,G212,=+E212*13,1
FORT DAUPHIN,H212,=+F212*5,1
FORT DAUPHIN,G213,=+E213*13,1
FORT DAUPHIN,H213,=+F213*5,1
FORT DAUPHIN,G214,=+E214*13,1
FORT DAUPHIN,H214,=+F214*5,1
FORT DAUPHIN,G215,=+E215*13,1
FORT DAUPHIN,H215,=+F215*5,1
FORT DAUPHIN,G216,"=SUBTOTAL(9,G214:G215)",1
FORT DAUPHIN,H216,"=SUBTOTAL(9,H214:H215)",1
FORT DAUPHIN,G217,=+E217*13,1
FORT DAUPHIN,H217,=+F217*5,1
FORT DAUPHIN,G218,=+E218*13,1
FORT DAUPHIN,H218,=+F218*5,1
FORT DAUPHIN,L218,=+J218*K218,2
FORT DAUPHIN,G219,=+E219*13,1
FORT DAUPHIN,H219,=+F219*5,1
FORT DAUPHIN,L219,=+J219*K219,2
FORT DAUPHIN,G220,=+E220*13,1
FORT DAUPHIN,H220,=+F220*5,1
FORT DAUPHIN,L220,=+J220*K220,2
FORT DAUPHIN,G221,=+E221*13,1
FORT DAUPHIN,H221,=+F221*5,1
FORT DAUPHIN,L221,=+J221*K221,2
FORT DAUPHIN,G222,=+E222*13,1
FORT DAUPHIN,H222,=+F222*5,1
FORT DAUPHIN,L222,=+J222*K222,2
FORT DAUPHIN,G223,=+E223*13,1
FORT DAUPHIN,H223,=+F223*5,1
FORT DAUPHIN,L223,=+J223*K223,2
FORT DAUPHIN,G224,"=SUBTOTAL(9,G217:G223)",1
FORT DAUPHIN,H224,"=SUBTOTAL(9,H217:H223)",1
FORT DAUPHIN,L224,=+J224*K224,2
FORT DAUPHIN,L225,=+J225*K225,2
FORT DAUPHIN,L226,=+J226*K226,2
FORT DAUPHIN,L227,=+J227*K227,2
FORT DAUPHIN,L228,=+J228*K228,2
FORT DAUPHIN,L229,=+J229*K229,2
FORT DAUPHIN,L230,=+J230*K230,2
FORT DAUPHIN,L231,=+J231*K231,2
FORT DAUPHIN,L232,=+J232*K232,2
FORT DAUPHIN,L233,=+J233*K233,2
FORT DAUPHIN,L234,=+J234*K234,2
FORT DAUPHIN,L235,=+J235*K235,2
FORT DAUPHIN,L236,=+J236*K236,2
FORT DAUPHIN,L237,=+J237*K237,2
FORT DAUPHIN,L238,=+J238*K238,2
FORT DAUPHIN,L239,=+J239*K239,2
FORT DAUPHIN,L240,=+J240*K240,2
FORT DAUPHIN,L241,=+J241*K241,2
FORT DAUPHIN,L242,=+J242*K242,2
FORT DAUPHIN,L243,=+J243*K243,2
FORT DAUPHIN,L244,=+J244*K244,2
FORT DAUPHIN,C246,"=SUBTOTAL(9,C140:C245)",1
FORT DAUPHIN,D246,"=SUBTOTAL(9,D140:D245)",1
FORT DAUPHIN,E246,"=SUBTOTAL(9,E140:E245)",1
FORT DAUPHIN,F246,"=SUBTOTAL(9,F140:F245)",1
FORT DAUPHIN,G246,"=SUBTOTAL(9,G141:G245)",1
FORT DAUPHIN,H246,"=SUBTOTAL(9,H141:H245)",1
FORT DAUPHIN,L246,"=SUBTOTAL(9,L140:L245)",1
FORT DAUPHIN,C247,=+C246+L246,2
FORT DAUPHIN,G247,=+G246/2,1
FORT DAUPHIN,H247,=+H246/2,1
FORT DAUPHIN,I247,=COUNTA(I218:I244),1
FORT DAUPHIN,C248,=+'Recap coupeuses FD'!M11,1
FORT DAUPHIN,C249,=+C247+C248,2
BL,H3,"=+SUBTOTAL(9,H5:H201)",1
BL,I3,"=+SUBTOTAL(9,I5:I201)",1
BL,J3,"=+SUBTOTAL(9,J5:J201)",1
BL,K3,"=+SUBTOTAL(9,K5:K201)",1
BL,L3,"=+SUBTOTAL(9,L5:L201)",1
BL,M3,"=+SUBTOTAL(9,M5:M201)",1
BL,N3,"=+SUBTOTAL(9,N5:N201)",1
BL,O3,"=+SUBTOTAL(9,O5:O201)",1
BL,P3,"=+SUBTOTAL(9,P5:P201)",1
BL,Q3,"=+SUBTOTAL(9,Q5:Q201)",1
BL,R3,"=+SUBTOTAL(9,R5:R201)",1
BL,S3,"=+SUBTOTAL(9,S5:S201)",1
BL,T3,"=+SUBTOTAL(9,T5:T201)",1
BL,U3,"=+SUBTOTAL(9,U5:U201)",1
BL,B5,"=+LEFT(A5,1)",1
BL,C5,"=+LEFT(A5,2)",1
BL,D5,"=+LEFT(A5,3)",1
BL,E5,"=+LEFT(A5,4)",1
BL,F5,"=RIGHT(A5,3)",1
BL,U5,=SUM(H5:T5),1
BL,B6,"=+LEFT(A6,1)",1
BL,C6,"=+LEFT(A6,2)",1
BL,D6,"=+LEFT(A6,3)",1
BL,E6,"=+LEFT(A6,4)",1
BL,F6,"=RIGHT(A6,3)",1
BL,U6,=SUM(H6:T6),1
BL,B7,"=+LEFT(A7,1)",1
BL,C7,"=+LEFT(A7,2)",1
BL,D7,"=+LEFT(A7,3)",1
BL,E7,"=+LEFT(A7,4)",1
BL,F7,"=RIGHT(A7,3)",1
BL,U7,=SUM(H7:T7),1
BL,B8,"=+LEFT(A8,1)",1
BL,C8,"=+LEFT(A8,2)",1
BL,D8,"=+LEFT(A8,3)",1
BL,E8,"=+LEFT(A8,4)",1
BL,F8,"=RIGHT(A8,3)",1
BL,U8,=SUM(H8:T8),1
BL,B9,"=+LEFT(A9,1)",1
BL,C9,"=+LEFT(A9,2)",1
BL,D9,"=+LEFT(A9,3)",1
BL,E9,"=+LEFT(A9,4)",1
BL,F9,"=RIGHT(A9,3)",1
BL,U9,=SUM(H9:T9),1
BL,B10,"=+LEFT(A10,1)",1
BL,C10,"=+LEFT(A10,2)",1
BL,D10,"=+LEFT(A10,3)",1
BL,E10,"=+LEFT(A10,4)",1
BL,F10,"=RIGHT(A10,3)",1
BL,U10,=SUM(H10:T10),1
BL,B11,"=+LEFT(A11,1)",1
BL,C11,"=+LEFT(A11,2)",1
BL,D11,"=+LEFT(A11,3)",1
BL,E11,"=+LEFT(A11,4)",1
BL,F11,"=RIGHT(A11,3)",1
BL,U11,=SUM(H11:T11),1
BL,B12,"=+LEFT(A12,1)",1
BL,C12,"=+LEFT(A12,2)",1
BL,D12,"=+LEFT(A12,3)",1
BL,E12,"=+LEFT(A12,4)",1
BL,F12,"=RIGHT(A12,3)",1
BL,U12,=SUM(H12:T12),1
BL,B13,"=+LEFT(A13,1)",1
BL,C13,"=+LEFT(A13,2)",1
BL,D13,"=+LEFT(A13,3)",1
BL,E13,"=+LEFT(A13,4)",1
BL,F13,"=RIGHT(A13,3)",1
BL,U13,=SUM(H13:T13),1
BL,B14,"=+LEFT(A14,1)",1
BL,C14,"=+LEFT(A14,2)",1
BL,D14,"=+LEFT(A14,3)",1
BL,E14,"=+LEFT(A14,4)",1
BL,F14,"=RIGHT(A14,3)",1
BL,U14,=SUM(H14:T14),1
BL,B15,"=+LEFT(A15,1)",1
BL,C15,"=+LEFT(A15,2)",1
BL,D15,"=+LEFT(A15,3)",1
BL,E15,"=+LEFT(A15,4)",1
BL,F15,"=RIGHT(A15,3)",1
BL,U15,=SUM(H15:T15),1
BL,B16,"=+LEFT(A16,1)",1
BL,C16,"=+LEFT(A16,2)",1
BL,D16,"=+LEFT(A16,3)",1
BL,E16,"=+LEFT(A16,4)",1
BL,F16,"=RIGHT(A16,3)",1
BL,U16,=SUM(H16:T16),1
BL,B17,"=+LEFT(A17,1)",1
BL,C17,"=+LEFT(A17,2)",1
BL,D17,"=+LEFT(A17,3)",1
BL,E17,"=+LEFT(A17,4)",1
BL,F17,"=RIGHT(A17,3)",1
BL,U17,=SUM(H17:T17),1
BL,B18,"=+LEFT(A18,1)",1
BL,C18,"=+LEFT(A18,2)",1
BL,D18,"=+LEFT(A18,3)",1
BL,E18,"=+LEFT(A18,4)",1
BL,F18,"=RIGHT(A18,3)",1
BL,U18,=SUM(H18:T18),1
BL,B19,"=+LEFT(A19,1)",1
BL,C19,"=+LEFT(A19,2)",1
BL,D19,"=+LEFT(A19,3)",1
BL,E19,"=+LEFT(A19,4)",1
BL,F19,"=RIGHT(A19,3)",1
BL,U19,=SUM(H19:T19),1
BL,B20,"=+LEFT(A20,1)",1
BL,C20,"=+LEFT(A20,2)",1
BL,D20,"=+LEFT(A20,3)",1
BL,E20,"=+LEFT(A20,4)",1
BL,F20,"=RIGHT(A20,3)",1
BL,U20,=SUM(H20:T20),1
BL,B21,"=+LEFT(A21,1)",1
BL,C21,"=+LEFT(A21,2)",1
BL,D21,"=+LEFT(A21,3)",1
BL,E21,"=+LEFT(A21,4)",1
BL,F21,"=RIGHT(A21,3)",1
BL,U21,=SUM(H21:T21),1
BL,B22,"=+LEFT(A22,1)",1
BL,C22,"=+LEFT(A22,2)",1
BL,D22,"=+LEFT(A22,3)",1
BL,E22,"=+LEFT(A22,4)",1
BL,F22,"=RIGHT(A22,3)",1
BL,U22,=SUM(H22:T22),1
BL,B23,"=+LEFT(A23,1)",1
BL,C23,"=+LEFT(A23,2)",1
BL,D23,"=+LEFT(A23,3)",1
BL,E23,"=+LEFT(A23,4)",1
BL,F23,"=RIGHT(A23,3)",1
BL,U23,=SUM(H23:T23),1
BL,B24,"=+LEFT(A24,1)",1
BL,C24,"=+LEFT(A24,2)",1
BL,D24,"=+LEFT(A24,3)",1
BL,E24,"=+LEFT(A24,4)",1
BL,F24,"=RIGHT(A24,3)",1
BL,U24,=SUM(H24:T24),1
BL,B25,"=+LEFT(A25,1)",1
BL,C25,"=+LEFT(A25,2)",1
BL,D25,"=+LEFT(A25,3)",1
BL,E25,"=+LEFT(A25,4)",1
BL,F25,"=RIGHT(A25,3)",1
BL,U25,=SUM(H25:T25),1
BL,B26,"=+LEFT(A26,1)",1
BL,C26,"=+LEFT(A26,2)",1
BL,D26,"=+LEFT(A26,3)",1
BL,E26,"=+LEFT(A26,4)",1
BL,F26,"=RIGHT(A26,3)",1
BL,U26,=SUM(H26:T26),1
BL,B27,"=+LEFT(A27,1)",1
BL,C27,"=+LEFT(A27,2)",1
BL,D27,"=+LEFT(A27,3)",1
BL,E27,"=+LEFT(A27,4)",1
BL,F27,"=RIGHT(A27,3)",1
BL,U27,=SUM(H27:T27),1
BL,B28,"=+LEFT(A28,1)",1
BL,C28,"=+LEFT(A28,2)",1
BL,D28,"=+LEFT(A28,3)",1
BL,E28,"=+LEFT(A28,4)",1
BL,F28,"=RIGHT(A28,3)",1
BL,U28,=SUM(H28:T28),1
BL,B29,"=+LEFT(A29,1)",1
BL,C29,"=+LEFT(A29,2)",1
BL,D29,"=+LEFT(A29,3)",1
BL,E29,"=+LEFT(A29,4)",1
BL,F29,"=RIGHT(A29,3)",1
BL,U29,=SUM(H29:T29),1
BL,B30,"=+LEFT(A30,1)",1
BL,C30,"=+LEFT(A30,2)",1
BL,D30,"=+LEFT(A30,3)",1
BL,E30,"=+LEFT(A30,4)",1
BL,F30,"=RIGHT(A30,3)",1
BL,U30,=SUM(H30:T30),1
BL,B31,"=+LEFT(A31,1)",1
BL,C31,"=+LEFT(A31,2)",1
BL,D31,"=+LEFT(A31,3)",1
BL,E31,"=+LEFT(A31,4)",1
BL,F31,"=RIGHT(A31,3)",1
BL,U31,=SUM(H31:T31),1
BL,B32,"=+LEFT(A32,1)",1
BL,C32,"=+LEFT(A32,2)",1
BL,D32,"=+LEFT(A32,3)",1
BL,E32,"=+LEFT(A32,4)",1
BL,F32,"=RIGHT(A32,3)",1
BL,U32,=SUM(H32:T32),1
BL,B33,"=+LEFT(A33,1)",1
BL,C33,"=+LEFT(A33,2)",1
BL,D33,"=+LEFT(A33,3)",1
BL,E33,"=+LEFT(A33,4)",1
BL,F33,"=RIGHT(A33,3)",1
BL,U33,=SUM(H33:T33),1
BL,B34,"=+LEFT(A34,1)",1
BL,C34,"=+LEFT(A34,2)",1
BL,D34,"=+LEFT(A34,3)",1
BL,E34,"=+LEFT(A34,4)",1
BL,F34,"=RIGHT(A34,3)",1
BL,U34,=SUM(H34:T34),1
BL,B35,"=+LEFT(A35,1)",1
BL,C35,"=+LEFT(A35,2)",1
BL,D35,"=+LEFT(A35,3)",1
BL,E35,"=+LEFT(A35,4)",1
BL,F35,"=RIGHT(A35,3)",1
BL,U35,=SUM(H35:T35),1
BL,B36,"=+LEFT(A36,1)",1
BL,C36,"=+LEFT(A36,2)",1
BL,D36,"=+LEFT(A36,3)",1
BL,E36,"=+LEFT(A36,4)",1
BL,F36,"=RIGHT(A36,3)",1
BL,U36,=SUM(H36:T36),1
BL,B37,"=+LEFT(A37,1)",1
BL,C37,"=+LEFT(A37,2)",1
BL,D37,"=+LEFT(A37,3)",1
BL,E37,"=+LEFT(A37,4)",1
BL,F37,"=RIGHT(A37,3)",1
BL,U37,=SUM(H37:T37),1
BL,B38,"=+LEFT(A38,1)",1
BL,C38,"=+LEFT(A38,2)",1
BL,D38,"=+LEFT(A38,3)",1
BL,E38,"=+LEFT(A38,4)",1
BL,F38,"=RIGHT(A38,3)",1
BL,U38,=SUM(H38:T38),1
BL,B39,"=+LEFT(A39,1)",1
BL,C39,"=+LEFT(A39,2)",1
BL,D39,"=+LEFT(A39,3)",1
BL,E39,"=+LEFT(A39,4)",1
BL,F39,"=RIGHT(A39,3)",1
BL,U39,=SUM(H39:T39),1
BL,B40,"=+LEFT(A40,1)",1
BL,C40,"=+LEFT(A40,2)",1
BL,D40,"=+LEFT(A40,3)",1
BL,E40,"=+LEFT(A40,4)",1
BL,F40,"=RIGHT(A40,3)",1
BL,U40,=SUM(H40:T40),1
BL,B41,"=+LEFT(A41,1)",1
BL,C41,"=+LEFT(A41,2)",1
BL,D41,"=+LEFT(A41,3)",1
BL,E41,"=+LEFT(A41,4)",1
BL,F41,"=RIGHT(A41,3)",1
BL,U41,=SUM(H41:T41),1
BL,B42,"=+LEFT(A42,1)",1
BL,C42,"=+LEFT(A42,2)",1
BL,D42,"=+LEFT(A42,3)",1
BL,E42,"=+LEFT(A42,4)",1
BL,F42,"=RIGHT(A42,3)",1
BL,U42,=SUM(H42:T42),1
BL,B43,"=+LEFT(A43,1)",1
BL,C43,"=+LEFT(A43,2)",1
BL,D43,"=+LEFT(A43,3)",1
BL,E43,"=+LEFT(A43,4)",1
BL,F43,"=RIGHT(A43,3)",1
BL,U43,=SUM(H43:T43),1
BL,B44,"=+LEFT(A44,1)",1
BL,C44,"=+LEFT(A44,2)",1
BL,D44,"=+LEFT(A44,3)",1
BL,E44,"=+LEFT(A44,4)",1
BL,F44,"=RIGHT(A44,3)",1
BL,U44,=SUM(H44:T44),1
BL,B45,"=+LEFT(A45,1)",1
BL,C45,"=+LEFT(A45,2)",1
BL,D45,"=+LEFT(A45,3)",1
BL,E45,"=+LEFT(A45,4)",1
BL,F45,"=RIGHT(A45,3)",1
BL,U45,=SUM(H45:T45),1
BL,B46,"=+LEFT(A46,1)",1
BL,C46,"=+LEFT(A46,2)",1
BL,D46,"=+LEFT(A46,3)",1
BL,E46,"=+LEFT(A46,4)",1
BL,F46,"=RIGHT(A46,3)",1
BL,U46,=SUM(H46:T46),1
BL,B47,"=+LEFT(A47,1)",1
BL,C47,"=+LEFT(A47,2)",1
BL,D47,"=+LEFT(A47,3)",1
BL,E47,"=+LEFT(A47,4)",1
BL,F47,"=RIGHT(A47,3)",1
BL,U47,=SUM(H47:T47),1
BL,B48,"=+LEFT(A48,1)",1
BL,C48,"=+LEFT(A48,2)",1
BL,D48,"=+LEFT(A48,3)",1
BL,E48,"=+LEFT(A48,4)",1
BL,F48,"=RIGHT(A48,3)",1
BL,U48,=SUM(H48:T48),1
BL,B49,"=+LEFT(A49,1)",1
BL,C49,"=+LEFT(A49,2)",1
BL,D49,"=+LEFT(A49,3)",1
BL,E49,"=+LEFT(A49,4)",1
BL,F49,"=RIGHT(A49,3)",1
BL,U49,=SUM(H49:T49),1
BL,B50,"=+LEFT(A50,1)",1
BL,C50,"=+LEFT(A50,2)",1
BL,D50,"=+LEFT(A50,3)",1
BL,E50,"=+LEFT(A50,4)",1
BL,F50,"=RIGHT(A50,3)",1
BL,U50,=SUM(H50:T50),1
BL,B51,"=+LEFT(A51,1)",1
BL,C51,"=+LEFT(A51,2)",1
BL,D51,"=+LEFT(A51,3)",1
BL,E51,"=+LEFT(A51,4)",1
BL,F51,"=RIGHT(A51,3)",1
BL,U51,=SUM(H51:T51),1
BL,B52,"=+LEFT(A52,1)",1
BL,C52,"=+LEFT(A52,2)",1
BL,D52,"=+LEFT(A52,3)",1
BL,E52,"=+LEFT(A52,4)",1
BL,F52,"=RIGHT(A52,3)",1
BL,U52,=SUM(H52:T52),1
BL,B53,"=+LEFT(A53,1)",1
BL,C53,"=+LEFT(A53,2)",1
BL,D53,"=+LEFT(A53,3)",1
BL,E53,"=+LEFT(A53,4)",1
BL,F53,"=RIGHT(A53,3)",1
BL,U53,=SUM(H53:T53),1
BL,B54,"=+LEFT(A54,1)",1
BL,C54,"=+LEFT(A54,2)",1
BL,D54,"=+LEFT(A54,3)",1
BL,E54,"=+LEFT(A54,4)",1
BL,F54,"=RIGHT(A54,3)",1
BL,U54,=SUM(H54:T54),1
BL,B55,"=+LEFT(A55,1)",1
BL,C55,"=+LEFT(A55,2)",1
BL,D55,"=+LEFT(A55,3)",1
BL,E55,"=+LEFT(A55,4)",1
BL,F55,"=RIGHT(A55,3)",1
BL,U55,=SUM(H55:T55),1
BL,B56,"=+LEFT(A56,1)",1
BL,C56,"=+LEFT(A56,2)",1
BL,D56,"=+LEFT(A56,3)",1
BL,E56,"=+LEFT(A56,4)",1
BL,F56,"=RIGHT(A56,3)",1
BL,U56,=SUM(H56:T56),1
BL,B57,"=+LEFT(A57,1)",1
BL,C57,"=+LEFT(A57,2)",1
BL,D57,"=+LEFT(A57,3)",1
BL,E57,"=+LEFT(A57,4)",1
BL,F57,"=RIGHT(A57,3)",1
BL,U57,=SUM(H57:T57),1
BL,B58,"=+LEFT(A58,1)",1
BL,C58,"=+LEFT(A58,2)",1
BL,D58,"=+LEFT(A58,3)",1
BL,E58,"=+LEFT(A58,4)",1
BL,F58,"=RIGHT(A58,3)",1
BL,U58,=SUM(H58:T58),1
BL,B59,"=+LEFT(A59,1)",1
BL,C59,"=+LEFT(A59,2)",1
BL,D59,"=+LEFT(A59,3)",1
BL,E59,"=+LEFT(A59,4)",1
BL,F59,"=RIGHT(A59,3)",1
BL,U59,=SUM(H59:T59),1
BL,B60,"=+LEFT(A60,1)",1
BL,C60,"=+LEFT(A60,2)",1
BL,D60,"=+LEFT(A60,3)",1
BL,E60,"=+LEFT(A60,4)",1
BL,F60,"=RIGHT(A60,3)",1
BL,U60,=SUM(H60:T60),1
BL,B61,"=+LEFT(A61,1)",1
BL,C61,"=+LEFT(A61,2)",1
BL,D61,"=+LEFT(A61,3)",1
BL,E61,"=+LEFT(A61,4)",1
BL,F61,"=RIGHT(A61,3)",1
BL,U61,=SUM(H61:T61),1
BL,B62,"=+LEFT(A62,1)",1
BL,C62,"=+LEFT(A62,2)",1
BL,D62,"=+LEFT(A62,3)",1
BL,E62,"=+LEFT(A62,4)",1
BL,F62,"=RIGHT(A62,3)",1
BL,U62,=SUM(H62:T62),1
BL,B63,"=+LEFT(A63,1)",1
BL,C63,"=+LEFT(A63,2)",1
BL,D63,"=+LEFT(A63,3)",1
BL,E63,"=+LEFT(A63,4)",1
BL,F63,"=RIGHT(A63,3)",1
BL,U63,=SUM(H63:T63),1
BL,B64,"=+LEFT(A64,1)",1
BL,C64,"=+LEFT(A64,2)",1
BL,D64,"=+LEFT(A64,3)",1
BL,E64,"=+LEFT(A64,4)",1
BL,F64,"=RIGHT(A64,3)",1
BL,U64,=SUM(H64:T64),1
BL,B65,"=+LEFT(A65,1)",1
BL,C65,"=+LEFT(A65,2)",1
BL,D65,"=+LEFT(A65,3)",1
BL,E65,"=+LEFT(A65,4)",1
BL,F65,"=RIGHT(A65,3)",1
BL,U65,=SUM(H65:T65),1
BL,B66,"=+LEFT(A66,1)",1
BL,C66,"=+LEFT(A66,2)",1
BL,D66,"=+LEFT(A66,3)",1
BL,E66,"=+LEFT(A66,4)",1
BL,F66,"=RIGHT(A66,3)",1
BL,U66,=SUM(H66:T66),1
BL,B67,"=+LEFT(A67,1)",1
BL,C67,"=+LEFT(A67,2)",1
BL,D67,"=+LEFT(A67,3)",1
BL,E67,"=+LEFT(A67,4)",1
BL,F67,"=RIGHT(A67,3)",1
BL,U67,=SUM(H67:T67),1
BL,B68,"=+LEFT(A68,1)",1
BL,C68,"=+LEFT(A68,2)",1
BL,D68,"=+LEFT(A68,3)",1
BL,E68,"=+LEFT(A68,4)",1
BL,F68,"=RIGHT(A68,3)",1
BL,U68,=SUM(H68:T68),1
BL,B69,"=+LEFT(A69,1)",1
BL,C69,"=+LEFT(A69,2)",1
BL,D69,"=+LEFT(A69,3)",1
BL,E69,"=+LEFT(A69,4)",1
BL,F69,"=RIGHT(A69,3)",1
BL,U69,=SUM(H69:T69),1
BL,B70,"=+LEFT(A70,1)",1
BL,C70,"=+LEFT(A70,2)",1
BL,D70,"=+LEFT(A70,3)",1
BL,E70,"=+LEFT(A70,4)",1
BL,F70,"=RIGHT(A70,3)",1
BL,U70,=SUM(H70:T70),1
BL,B71,"=+LEFT(A71,1)",1
BL,C71,"=+LEFT(A71,2)",1
BL,D71,"=+LEFT(A71,3)",1
BL,E71,"=+LEFT(A71,4)",1
BL,F71,"=RIGHT(A71,3)",1
BL,U71,=SUM(H71:T71),1
BL,B72,"=+LEFT(A72,1)",1
BL,C72,"=+LEFT(A72,2)",1
BL,D72,"=+LEFT(A72,3)",1
BL,E72,"=+LEFT(A72,4)",1
BL,F72,"=RIGHT(A72,3)",1
BL,U72,=SUM(H72:T72),1
BL,B73,"=+LEFT(A73,1)",1
BL,C73,"=+LEFT(A73,2)",1
BL,D73,"=+LEFT(A73,3)",1
BL,E73,"=+LEFT(A73,4)",1
BL,F73,"=RIGHT(A73,3)",1
BL,U73,=SUM(H73:T73),1
BL,B74,"=+LEFT(A74,1)",1
BL,C74,"=+LEFT(A74,2)",1
BL,D74,"=+LEFT(A74,3)",1
BL,E74,"=+LEFT(A74,4)",1
BL,F74,"=RIGHT(A74,3)",1
BL,U74,=SUM(H74:T74),1
BL,B75,"=+LEFT(A75,1)",1
BL,C75,"=+LEFT(A75,2)",1
BL,D75,"=+LEFT(A75,3)",1
BL,E75,"=+LEFT(A75,4)",1
BL,F75,"=RIGHT(A75,3)",1
BL,U75,=SUM(H75:T75),1
BL,B76,"=+LEFT(A76,1)",1
BL,C76,"=+LEFT(A76,2)",1
BL,D76,"=+LEFT(A76,3)",1
BL,E76,"=+LEFT(A76,4)",1
BL,F76,"=RIGHT(A76,3)",1
BL,U76,=SUM(H76:T76),1
BL,B77,"=+LEFT(A77,1)",1
BL,C77,"=+LEFT(A77,2)",1
BL,D77,"=+LEFT(A77,3)",1
BL,E77,"=+LEFT(A77,4)",1
BL,F77,"=RIGHT(A77,3)",1
BL,U77,=SUM(H77:T77),1
BL,B78,"=+LEFT(A78,1)",1
BL,C78,"=+LEFT(A78,2)",1
BL,D78,"=+LEFT(A78,3)",1
BL,E78,"=+LEFT(A78,4)",1
BL,F78,"=RIGHT(A78,3)",1
BL,U78,=SUM(H78:T78),1
BL,B79,"=+LEFT(A79,1)",1
BL,C79,"=+LEFT(A79,2)",1
BL,D79,"=+LEFT(A79,3)",1
BL,E79,"=+LEFT(A79,4)",1
BL,F79,"=RIGHT(A79,3)",1
BL,U79,=SUM(H79:T79),1
BL,B80,"=+LEFT(A80,1)",1
BL,C80,"=+LEFT(A80,2)",1
BL,D80,"=+LEFT(A80,3)",1
BL,E80,"=+LEFT(A80,4)",1
BL,F80,"=RIGHT(A80,3)",1
BL,U80,=SUM(H80:T80),1
BL,B81,"=+LEFT(A81,1)",1
BL,C81,"=+LEFT(A81,2)",1
BL,D81,"=+LEFT(A81,3)",1
BL,E81,"=+LEFT(A81,4)",1
BL,F81,"=RIGHT(A81,3)",1
BL,U81,=SUM(H81:T81),1
BL,B82,"=+LEFT(A82,1)",1
BL,C82,"=+LEFT(A82,2)",1
BL,D82,"=+LEFT(A82,3)",1
BL,E82,"=+LEFT(A82,4)",1
BL,F82,"=RIGHT(A82,3)",1
BL,U82,=SUM(H82:T82),1
BL,B83,"=+LEFT(A83,1)",1
BL,C83,"=+LEFT(A83,2)",1
BL,D83,"=+LEFT(A83,3)",1
BL,E83,"=+LEFT(A83,4)",1
BL,F83,"=RIGHT(A83,3)",1
BL,U83,=SUM(H83:T83),1
BL,B84,"=+LEFT(A84,1)",1
BL,C84,"=+LEFT(A84,2)",1
BL,D84,"=+LEFT(A84,3)",1
BL,E84,"=+LEFT(A84,4)",1
BL,F84,"=RIGHT(A84,3)",1
BL,U84,=SUM(H84:T84),1
BL,B85,"=+LEFT(A85,1)",1
BL,C85,"=+LEFT(A85,2)",1
BL,D85,"=+LEFT(A85,3)",1
BL,E85,"=+LEFT(A85,4)",1
BL,F85,"=RIGHT(A85,3)",1
BL,U85,=SUM(H85:T85),1
BL,B86,"=+LEFT(A86,1)",1
BL,C86,"=+LEFT(A86,2)",1
BL,D86,"=+LEFT(A86,3)",1
BL,E86,"=+LEFT(A86,4)",1
BL,F86,"=RIGHT(A86,3)",1
BL,U86,=SUM(H86:T86),1
BL,B87,"=+LEFT(A87,1)",1
BL,C87,"=+LEFT(A87,2)",1
BL,D87,"=+LEFT(A87,3)",1
BL,E87,"=+LEFT(A87,4)",1
BL,F87,"=RIGHT(A87,3)",1
BL,U87,=SUM(H87:T87),1
BL,B88,"=+LEFT(A88,1)",1
BL,C88,"=+LEFT(A88,2)",1
BL,D88,"=+LEFT(A88,3)",1
BL,E88,"=+LEFT(A88,4)",1
BL,F88,"=RIGHT(A88,3)",1
BL,U88,=SUM(H88:T88),1
BL,B89,"=+LEFT(A89,1)",1
BL,C89,"=+LEFT(A89,2)",1
BL,D89,"=+LEFT(A89,3)",1
BL,E89,"=+LEFT(A89,4)",1
BL,F89,"=RIGHT(A89,3)",1
BL,U89,=SUM(H89:T89),1
BL,B90,"=+LEFT(A90,1)",1
BL,C90,"=+LEFT(A90,2)",1
BL,D90,"=+LEFT(A90,3)",1
BL,E90,"=+LEFT(A90,4)",1
BL,F90,"=RIGHT(A90,3)",1
BL,U90,=SUM(H90:T90),1
BL,B91,"=+LEFT(A91,1)",1
BL,C91,"=+LEFT(A91,2)",1
BL,D91,"=+LEFT(A91,3)",1
BL,E91,"=+LEFT(A91,4)",1
BL,F91,"=RIGHT(A91,3)",1
BL,U91,=SUM(H91:T91),1
BL,B92,"=+LEFT(A92,1)",1
BL,C92,"=+LEFT(A92,2)",1
BL,D92,"=+LEFT(A92,3)",1
BL,E92,"=+LEFT(A92,4)",1
BL,U92,=SUM(H92:T92),1
BL,B93,"=+LEFT(A93,1)",1
BL,C93,"=+LEFT(A93,2)",1
BL,D93,"=+LEFT(A93,3)",1
BL,E93,"=+LEFT(A93,4)",1
BL,U93,=SUM(H93:T93),1
BL,B94,"=+LEFT(A94,1)",1
BL,C94,"=+LEFT(A94,2)",1
BL,D94,"=+LEFT(A94,3)",1
BL,E94,"=+LEFT(A94,4)",1
BL,U94,=SUM(H94:T94),1
BL,B95,"=+LEFT(A95,1)",1
BL,C95,"=+LEFT(A95,2)",1
BL,D95,"=+LEFT(A95,3)",1
BL,E95,"=+LEFT(A95,4)",1
BL,U95,=SUM(H95:T95),1
BL,B96,"=+LEFT(A96,1)",1
BL,C96,"=+LEFT(A96,2)",1
BL,D96,"=+LEFT(A96,3)",1
BL,E96,"=+LEFT(A96,4)",1
BL,U96,=SUM(H96:T96),1
BL,B97,"=+LEFT(A97,1)",1
BL,C97,"=+LEFT(A97,2)",1
BL,D97,"=+LEFT(A97,3)",1
BL,E97,"=+LEFT(A97,4)",1
BL,U97,=SUM(H97:T97),1
BL,B98,"=+LEFT(A98,1)",1
BL,C98,"=+LEFT(A98,2)",1
BL,D98,"=+LEFT(A98,3)",1
BL,E98,"=+LEFT(A98,4)",1
BL,U98,=SUM(H98:T98),1
BL,B99,"=+LEFT(A99,1)",1
BL,C99,"=+LEFT(A99,2)",1
BL,D99,"=+LEFT(A99,3)",1
BL,E99,"=+LEFT(A99,4)",1
BL,U99,=SUM(H99:T99),1
BL,B100,"=+LEFT(A100,1)",1
BL,C100,"=+LEFT(A100,2)",1
BL,D100,"=+LEFT(A100,3)",1
BL,E100,"=+LEFT(A100,4)",1
BL,U100,=SUM(H100:T100),1
BL,B101,"=+LEFT(A101,1)",1
BL,C101,"=+LEFT(A101,2)",1
BL,D101,"=+LEFT(A101,3)",1
BL,E101,"=+LEFT(A101,4)",1
BL,U101,=SUM(H101:T101),1
BL,B102,"=+LEFT(A102,1)",1
BL,C102,"=+LEFT(A102,2)",1
BL,D102,"=+LEFT(A102,3)",1
BL,E102,"=+LEFT(A102,4)",1
BL,U102,=SUM(H102:T102),1
BL,B103,"=+LEFT(A103,1)",1
BL,C103,"=+LEFT(A103,2)",1
BL,D103,"=+LEFT(A103,3)",1
BL,E103,"=+LEFT(A103,4)",1
BL,U103,=SUM(H103:T103),1
BL,B104,"=+LEFT(A104,1)",1
BL,C104,"=+LEFT(A104,2)",1
BL,D104,"=+LEFT(A104,3)",1
BL,E104,"=+LEFT(A104,4)",1
BL,U104,=SUM(H104:T104),1
BL,B105,"=+LEFT(A105,1)",1
BL,C105,"=+LEFT(A105,2)",1
BL,D105,"=+LEFT(A105,3)",1
BL,E105,"=+LEFT(A105,4)",1
BL,U105,=SUM(H105:T105),1
BL,B106,"=+LEFT(A106,1)",1
BL,C106,"=+LEFT(A106,2)",1
BL,D106,"=+LEFT(A106,3)",1
BL,E106,"=+LEFT(A106,4)",1
BL,U106,=SUM(H106:T106),1
BL,B107,"=+LEFT(A107,1)",1
BL,C107,"=+LEFT(A107,2)",1
BL,D107,"=+LEFT(A107,3)",1
BL,E107,"=+LEFT(A107,4)",1
BL,U107,=SUM(H107:T107),1
BL,B108,"=+LEFT(A108,1)",1
BL,C108,"=+LEFT(A108,2)",1
BL,D108,"=+LEFT(A108,3)",1
BL,E108,"=+LEFT(A108,4)",1
BL,U108,=SUM(H108:T108),1
BL,B109,"=+LEFT(A109,1)",1
BL,C109,"=+LEFT(A109,2)",1
BL,D109,"=+LEFT(A109,3)",1
BL,E109,"=+LEFT(A109,4)",1
BL,U109,=SUM(H109:T109),1
BL,B110,"=+LEFT(A110,1)",1
BL,C110,"=+LEFT(A110,2)",1
BL,D110,"=+LEFT(A110,3)",1
BL,E110,"=+LEFT(A110,4)",1
BL,U110,=SUM(H110:T110),1
BL,B111,"=+LEFT(A111,1)",1
BL,C111,"=+LEFT(A111,2)",1
BL,D111,"=+LEFT(A111,3)",1
BL,E111,"=+LEFT(A111,4)",1
BL,U111,=SUM(H111:T111),1
BL,B112,"=+LEFT(A112,1)",1
BL,C112,"=+LEFT(A112,2)",1
BL,D112,"=+LEFT(A112,3)",1
BL,E112,"=+LEFT(A112,4)",1
BL,U112,=SUM(H112:T112),1
BL,B113,"=+LEFT(A113,1)",1
BL,C113,"=+LEFT(A113,2)",1
BL,D113,"=+LEFT(A113,3)",1
BL,E113,"=+LEFT(A113,4)",1
BL,U113,=SUM(H113:T113),1
BL,B114,"=+LEFT(A114,1)",1
BL,C114,"=+LEFT(A114,2)",1
BL,D114,"=+LEFT(A114,3)",1
BL,E114,"=+LEFT(A114,4)",1
BL,U114,=SUM(H114:T114),1
BL,B115,"=+LEFT(A115,1)",1
BL,C115,"=+LEFT(A115,2)",1
BL,D115,"=+LEFT(A115,3)",1
BL,E115,"=+LEFT(A115,4)",1
BL,U115,=SUM(H115:T115),1
BL,B116,"=+LEFT(A116,1)",1
BL,C116,"=+LEFT(A116,2)",1
BL,D116,"=+LEFT(A116,3)",1
BL,E116,"=+LEFT(A116,4)",1
BL,U116,=SUM(H116:T116),1
BL,B117,"=+LEFT(A117,1)",1
BL,C117,"=+LEFT(A117,2)",1
BL,D117,"=+LEFT(A117,3)",1
BL,E117,"=+LEFT(A117,4)",1
BL,U117,=SUM(H117:T117),1
BL,B118,"=+LEFT(A118,1)",1
BL,C118,"=+LEFT(A118,2)",1
BL,D118,"=+LEFT(A118,3)",1
BL,E118,"=+LEFT(A118,4)",1
BL,U118,=SUM(H118:T118),1
BL,B119,"=+LEFT(A119,1)",1
BL,C119,"=+LEFT(A119,2)",1
BL,D119,"=+LEFT(A119,3)",1
BL,E119,"=+LEFT(A119,4)",1
BL,U119,=SUM(H119:T119),1
BL,B120,"=+LEFT(A120,1)",1
BL,C120,"=+LEFT(A120,2)",1
BL,D120,"=+LEFT(A120,3)",1
BL,E120,"=+LEFT(A120,4)",1
BL,U120,=SUM(H120:T120),1
BL,B121,"=+LEFT(A121,1)",1
BL,C121,"=+LEFT(A121,2)",1
BL,D121,"=+LEFT(A121,3)",1
BL,E121,"=+LEFT(A121,4)",1
BL,U121,=SUM(H121:T121),1
BL,B122,"=+LEFT(A122,1)",1
BL,C122,"=+LEFT(A122,2)",1
BL,D122,"=+LEFT(A122,3)",1
BL,E122,"=+LEFT(A122,4)",1
BL,U122,=SUM(H122:T122),1
BL,B123,"=+LEFT(A123,1)",1
BL,C123,"=+LEFT(A123,2)",1
BL,D123,"=+LEFT(A123,3)",1
BL,E123,"=+LEFT(A123,4)",1
BL,U123,=SUM(H123:T123),1
BL,B124,"=+LEFT(A124,1)",1
BL,C124,"=+LEFT(A124,2)",1
BL,D124,"=+LEFT(A124,3)",1
BL,E124,"=+LEFT(A124,4)",1
BL,U124,=SUM(H124:T124),1
BL,B125,"=+LEFT(A125,1)",1
BL,C125,"=+LEFT(A125,2)",1
BL,D125,"=+LEFT(A125,3)",1
BL,E125,"=+LEFT(A125,4)",1
BL,U125,=SUM(H125:T125),1
BL,B126,"=+LEFT(A126,1)",1
BL,C126,"=+LEFT(A126,2)",1
BL,D126,"=+LEFT(A126,3)",1
BL,E126,"=+LEFT(A126,4)",1
BL,U126,=SUM(H126:T126),1
BL,B127,"=+LEFT(A127,1)",1
BL,C127,"=+LEFT(A127,2)",1
BL,D127,"=+LEFT(A127,3)",1
BL,E127,"=+LEFT(A127,4)",1
BL,U127,=SUM(H127:T127),1
BL,B128,"=+LEFT(A128,1)",1
BL,C128,"=+LEFT(A128,2)",1
BL,D128,"=+LEFT(A128,3)",1
BL,E128,"=+LEFT(A128,4)",1
BL,U128,=SUM(H128:T128),1
BL,B129,"=+LEFT(A129,1)",1
BL,C129,"=+LEFT(A129,2)",1
BL,D129,"=+LEFT(A129,3)",1
BL,E129,"=+LEFT(A129,4)",1
BL,U129,=SUM(H129:T129),1
BL,B130,"=+LEFT(A130,1)",1
BL,C130,"=+LEFT(A130,2)",1
BL,D130,"=+LEFT(A130,3)",1
BL,E130,"=+LEFT(A130,4)",1
BL,U130,=SUM(H130:T130),1
BL,B131,"=+LEFT(A131,1)",1
BL,C131,"=+LEFT(A131,2)",1
BL,D131,"=+LEFT(A131,3)",1
BL,E131,"=+LEFT(A131,4)",1
BL,U131,=SUM(H131:T131),1
BL,B132,"=+LEFT(A132,1)",1
BL,C132,"=+LEFT(A132,2)",1
BL,D132,"=+LEFT(A132,3)",1
BL,E132,"=+LEFT(A132,4)",1
BL,U132,=SUM(H132:T132),1
BL,B133,"=+LEFT(A133,1)",1
BL,C133,"=+LEFT(A133,2)",1
BL,D133,"=+LEFT(A133,3)",1
BL,E133,"=+LEFT(A133,4)",1
BL,U133,=SUM(H133:T133),1
BL,B134,"=+LEFT(A134,1)",1
BL,C134,"=+LEFT(A134,2)",1
BL,D134,"=+LEFT(A134,3)",1
BL,E134,"=+LEFT(A134,4)",1
BL,U134,=SUM(H134:T134),1
BL,B135,"=+LEFT(A135,1)",1
BL,C135,"=+LEFT(A135,2)",1
BL,D135,"=+LEFT(A135,3)",1
BL,E135,"=+LEFT(A135,4)",1
BL,U135,=SUM(H135:T135),1
BL,B136,"=+LEFT(A136,1)",1
BL,C136,"=+LEFT(A136,2)",1
BL,D136,"=+LEFT(A136,3)",1
BL,E136,"=+LEFT(A136,4)",1
BL,U136,=SUM(H136:T136),1
BL,B137,"=+LEFT(A137,1)",1
BL,C137,"=+LEFT(A137,2)",1
BL,D137,"=+LEFT(A137,3)",1
BL,E137,"=+LEFT(A137,4)",1
BL,U137,=SUM(H137:T137),1
BL,B138,"=+LEFT(A138,1)",1
BL,C138,"=+LEFT(A138,2)",1
BL,D138,"=+LEFT(A138,3)",1
BL,E138,"=+LEFT(A138,4)",1
BL,U138,=SUM(H138:T138),1
BL,B139,"=+LEFT(A139,1)",1
BL,C139,"=+LEFT(A139,2)",1
BL,D139,"=+LEFT(A139,3)",1
BL,E139,"=+LEFT(A139,4)",1
BL,U139,=SUM(H139:T139),1
BL,B140,"=+LEFT(A140,1)",1
BL,C140,"=+LEFT(A140,2)",1
BL,D140,"=+LEFT(A140,3)",1
BL,E140,"=+LEFT(A140,4)",1
BL,U140,=SUM(H140:T140),1
BL,B141,"=+LEFT(A141,1)",1
BL,C141,"=+LEFT(A141,2)",1
BL,D141,"=+LEFT(A141,3)",1
BL,E141,"=+LEFT(A141,4)",1
BL,U141,=SUM(H141:T141),1
BL,B142,"=+LEFT(A142,1)",1
BL,C142,"=+LEFT(A142,2)",1
BL,D142,"=+LEFT(A142,3)",1
BL,E142,"=+LEFT(A142,4)",1
BL,U142,=SUM(H142:T142),1
BL,B143,"=+LEFT(A143,1)",1
BL,C143,"=+LEFT(A143,2)",1
BL,D143,"=+LEFT(A143,3)",1
BL,E143,"=+LEFT(A143,4)",1
BL,U143,=SUM(H143:T143),1
BL,B144,"=+LEFT(A144,1)",1
BL,C144,"=+LEFT(A144,2)",1
BL,D144,"=+LEFT(A144,3)",1
BL,E144,"=+LEFT(A144,4)",1
BL,U144,=SUM(H144:T144),1
BL,B145,"=+LEFT(A145,1)",1
BL,C145,"=+LEFT(A145,2)",1
BL,D145,"=+LEFT(A145,3)",1
BL,E145,"=+LEFT(A145,4)",1
BL,U145,=SUM(H145:T145),1
BL,B146,"=+LEFT(A146,1)",1
BL,C146,"=+LEFT(A146,2)",1
BL,D146,"=+LEFT(A146,3)",1
BL,E146,"=+LEFT(A146,4)",1
BL,U146,=SUM(H146:T146),1
BL,B147,"=+LEFT(A147,1)",1
BL,C147,"=+LEFT(A147,2)",1
BL,D147,"=+LEFT(A147,3)",1
BL,E147,"=+LEFT(A147,4)",1
BL,U147,=SUM(H147:T147),1
BL,B148,"=+LEFT(A148,1)",1
BL,C148,"=+LEFT(A148,2)",1
BL,D148,"=+LEFT(A148,3)",1
BL,E148,"=+LEFT(A148,4)",1
BL,U148,=SUM(H148:T148),1
BL,B149,"=+LEFT(A149,1)",1
BL,C149,"=+LEFT(A149,2)",1
BL,D149,"=+LEFT(A149,3)",1
BL,E149,"=+LEFT(A149,4)",1
BL,U149,=SUM(H149:T149),1
BL,B150,"=+LEFT(A150,1)",1
BL,C150,"=+LEFT(A150,2)",1
BL,D150,"=+LEFT(A150,3)",1
BL,E150,"=+LEFT(A150,4)",1
BL,U150,=SUM(H150:T150),1
BL,B151,"=+LEFT(A151,1)",1
BL,C151,"=+LEFT(A151,2)",1
BL,D151,"=+LEFT(A151,3)",1
BL,E151,"=+LEFT(A151,4)",1
BL,U151,=SUM(H151:T151),1
BL,B152,"=+LEFT(A152,1)",1
BL,C152,"=+LEFT(A152,2)",1
BL,D152,"=+LEFT(A152,3)",1
BL,E152,"=+LEFT(A152,4)",1
BL,U152,=SUM(H152:T152),1
BL,B153,"=+LEFT(A153,1)",1
BL,C153,"=+LEFT(A153,2)",1
BL,D153,"=+LEFT(A153,3)",1
BL,E153,"=+LEFT(A153,4)",1
BL,U153,=SUM(H153:T153),1
BL,B154,"=+LEFT(A154,1)",1
BL,C154,"=+LEFT(A154,2)",1
BL,D154,"=+LEFT(A154,3)",1
BL,E154,"=+LEFT(A154,4)",1
BL,U154,=SUM(H154:T154),1
BL,B155,"=+LEFT(A155,1)",1
BL,C155,"=+LEFT(A155,2)",1
BL,D155,"=+LEFT(A155,3)",1
BL,E155,"=+LEFT(A155,4)",1
BL,U155,=SUM(H155:T155),1
BL,B156,"=+LEFT(A156,1)",1
BL,C156,"=+LEFT(A156,2)",1
BL,D156,"=+LEFT(A156,3)",1
BL,E156,"=+LEFT(A156,4)",1
BL,U156,=SUM(H156:T156),1
BL,B157,"=+LEFT(A157,1)",1
BL,C157,"=+LEFT(A157,2)",1
BL,D157,"=+LEFT(A157,3)",1
BL,E157,"=+LEFT(A157,4)",1
BL,U157,=SUM(H157:T157),1
BL,B158,"=+LEFT(A158,1)",1
BL,C158,"=+LEFT(A158,2)",1
BL,D158,"=+LEFT(A158,3)",1
BL,E158,"=+LEFT(A158,4)",1
BL,U158,=SUM(H158:T158),1
BL,B159,"=+LEFT(A159,1)",1
BL,C159,"=+LEFT(A159,2)",1
BL,D159,"=+LEFT(A159,3)",1
BL,E159,"=+LEFT(A159,4)",1
BL,U159,=SUM(H159:T159),1
BL,B160,"=+LEFT(A160,1)",1
BL,C160,"=+LEFT(A160,2)",1
BL,D160,"=+LEFT(A160,3)",1
BL,E160,"=+LEFT(A160,4)",1
BL,U160,=SUM(H160:T160),1
BL,B161,"=+LEFT(A161,1)",1
BL,C161,"=+LEFT(A161,2)",1
BL,D161,"=+LEFT(A161,3)",1
BL,E161,"=+LEFT(A161,4)",1
BL,U161,=SUM(H161:T161),1
BL,B162,"=+LEFT(A162,1)",1
BL,C162,"=+LEFT(A162,2)",1
BL,D162,"=+LEFT(A162,3)",1
BL,E162,"=+LEFT(A162,4)",1
BL,U162,=SUM(H162:T162),1
BL,B163,"=+LEFT(A163,1)",1
BL,C163,"=+LEFT(A163,2)",1
BL,D163,"=+LEFT(A163,3)",1
BL,E163,"=+LEFT(A163,4)",1
BL,U163,=SUM(H163:T163),1
BL,B164,"=+LEFT(A164,1)",1
BL,C164,"=+LEFT(A164,2)",1
BL,D164,"=+LEFT(A164,3)",1
BL,E164,"=+LEFT(A164,4)",1
BL,U164,=SUM(H164:T164),1
BL,B165,"=+LEFT(A165,1)",1
BL,C165,"=+LEFT(A165,2)",1
BL,D165,"=+LEFT(A165,3)",1
BL,E165,"=+LEFT(A165,4)",1
BL,U165,=SUM(H165:T165),1
BL,B166,"=+LEFT(A166,1)",1
BL,C166,"=+LEFT(A166,2)",1
BL,D166,"=+LEFT(A166,3)",1
BL,E166,"=+LEFT(A166,4)",1
BL,U166,=SUM(H166:T166),1
BL,B167,"=+LEFT(A167,1)",1
BL,C167,"=+LEFT(A167,2)",1
BL,D167,"=+LEFT(A167,3)",1
BL,E167,"=+LEFT(A167,4)",1
BL,U167,=SUM(H167:T167),1
BL,B168,"=+LEFT(A168,1)",1
BL,C168,"=+LEFT(A168,2)",1
BL,D168,"=+LEFT(A168,3)",1
BL,E168,"=+LEFT(A168,4)",1
BL,U168,=SUM(H168:T168),1
BL,B169,"=+LEFT(A169,1)",1
BL,C169,"=+LEFT(A169,2)",1
BL,D169,"=+LEFT(A169,3)",1
BL,E169,"=+LEFT(A169,4)",1
BL,U169,=SUM(H169:T169),1
BL,B170,"=+LEFT(A170,1)",1
BL,C170,"=+LEFT(A170,2)",1
BL,D170,"=+LEFT(A170,3)",1
BL,E170,"=+LEFT(A170,4)",1
BL,U170,=SUM(H170:T170),1
BL,B171,"=+LEFT(A171,1)",1
BL,C171,"=+LEFT(A171,2)",1
BL,D171,"=+LEFT(A171,3)",1
BL,E171,"=+LEFT(A171,4)",1
BL,U171,=SUM(H171:T171),1
BL,B172,"=+LEFT(A172,1)",1
BL,C172,"=+LEFT(A172,2)",1
BL,D172,"=+LEFT(A172,3)",1
BL,E172,"=+LEFT(A172,4)",1
BL,U172,=SUM(H172:T172),1
BL,B173,"=+LEFT(A173,1)",1
BL,C173,"=+LEFT(A173,2)",1
BL,D173,"=+LEFT(A173,3)",1
BL,E173,"=+LEFT(A173,4)",1
BL,U173,=SUM(H173:T173),1
BL,B174,"=+LEFT(A174,1)",1
BL,C174,"=+LEFT(A174,2)",1
BL,D174,"=+LEFT(A174,3)",1
BL,E174,"=+LEFT(A174,4)",1
BL,U174,=SUM(H174:T174),1
BL,B175,"=+LEFT(A175,1)",1
BL,C175,"=+LEFT(A175,2)",1
BL,D175,"=+LEFT(A175,3)",1
BL,E175,"=+LEFT(A175,4)",1
BL,U175,=SUM(H175:T175),1
BL,B176,"=+LEFT(A176,1)",1
BL,C176,"=+LEFT(A176,2)",1
BL,D176,"=+LEFT(A176,3)",1
BL,E176,"=+LEFT(A176,4)",1
BL,U176,=SUM(H176:T176),1
BL,B177,"=+LEFT(A177,1)",1
BL,C177,"=+LEFT(A177,2)",1
BL,D177,"=+LEFT(A177,3)",1
BL,E177,"=+LEFT(A177,4)",1
BL,U177,=SUM(H177:T177),1
BL,B178,"=+LEFT(A178,1)",1
BL,C178,"=+LEFT(A178,2)",1
BL,D178,"=+LEFT(A178,3)",1
BL,E178,"=+LEFT(A178,4)",1
BL,U178,=SUM(H178:T178),1
BL,B179,"=+LEFT(A179,1)",1
BL,C179,"=+LEFT(A179,2)",1
BL,D179,"=+LEFT(A179,3)",1
BL,E179,"=+LEFT(A179,4)",1
BL,U179,=SUM(H179:T179),1
BL,B180,"=+LEFT(A180,1)",1
BL,C180,"=+LEFT(A180,2)",1
BL,D180,"=+LEFT(A180,3)",1
BL,E180,"=+LEFT(A180,4)",1
BL,U180,=SUM(H180:T180),1
BL,B181,"=+LEFT(A181,1)",1
BL,C181,"=+LEFT(A181,2)",1
BL,D181,"=+LEFT(A181,3)",1
BL,E181,"=+LEFT(A181,4)",1
BL,U181,=SUM(H181:T181),1
BL,B182,"=+LEFT(A182,1)",1
BL,C182,"=+LEFT(A182,2)",1
BL,D182,"=+LEFT(A182,3)",1
BL,E182,"=+LEFT(A182,4)",1
BL,U182,=SUM(H182:T182),1
BL,B183,"=+LEFT(A183,1)",1
BL,C183,"=+LEFT(A183,2)",1
BL,D183,"=+LEFT(A183,3)",1
BL,E183,"=+LEFT(A183,4)",1
BL,U183,=SUM(H183:T183),1
BL,B184,"=+LEFT(A184,1)",1
BL,C184,"=+LEFT(A184,2)",1
BL,D184,"=+LEFT(A184,3)",1
BL,E184,"=+LEFT(A184,4)",1
BL,U184,=SUM(H184:T184),1
BL,B185,"=+LEFT(A185,1)",1
BL,C185,"=+LEFT(A185,2)",1
BL,D185,"=+LEFT(A185,3)",1
BL,E185,"=+LEFT(A185,4)",1
BL,U185,=SUM(H185:T185),1
BL,B186,"=+LEFT(A186,1)",1
BL,C186,"=+LEFT(A186,2)",1
BL,D186,"=+LEFT(A186,3)",1
BL,E186,"=+LEFT(A186,4)",1
BL,U186,=SUM(H186:T186),1
BL,B187,"=+LEFT(A187,1)",1
BL,C187,"=+LEFT(A187,2)",1
BL,D187,"=+LEFT(A187,3)",1
BL,E187,"=+LEFT(A187,4)",1
BL,U187,=SUM(H187:T187),1
BL,B188,"=+LEFT(A188,1)",1
BL,C188,"=+LEFT(A188,2)",1
BL,D188,"=+LEFT(A188,3)",1
BL,E188,"=+LEFT(A188,4)",1
BL,U188,=SUM(H188:T188),1
BL,B189,"=+LEFT(A189,1)",1
BL,C189,"=+LEFT(A189,2)",1
BL,D189,"=+LEFT(A189,3)",1
BL,E189,"=+LEFT(A189,4)",1
BL,U189,=SUM(H189:T189),1
BL,B190,"=+LEFT(A190,1)",1
BL,C190,"=+LEFT(A190,2)",1
BL,D190,"=+LEFT(A190,3)",1
BL,E190,"=+LEFT(A190,4)",1
BL,U190,=SUM(H190:T190),1
BL,B191,"=+LEFT(A191,1)",1
BL,C191,"=+LEFT(A191,2)",1
BL,D191,"=+LEFT(A191,3)",1
BL,E191,"=+LEFT(A191,4)",1
BL,U191,=SUM(H191:T191),1
BL,B192,"=+LEFT(A192,1)",1
BL,C192,"=+LEFT(A192,2)",1
BL,D192,"=+LEFT(A192,3)",1
BL,E192,"=+LEFT(A192,4)",1
BL,U192,=SUM(H192:T192),1
BL,B193,"=+LEFT(A193,1)",1
BL,C193,"=+LEFT(A193,2)",1
BL,D193,"=+LEFT(A193,3)",1
BL,E193,"=+LEFT(A193,4)",1
BL,U193,=SUM(H193:T193),1
BL,B194,"=+LEFT(A194,1)",1
BL,C194,"=+LEFT(A194,2)",1
BL,D194,"=+LEFT(A194,3)",1
BL,E194,"=+LEFT(A194,4)",1
BL,U194,=SUM(H194:T194),1
BL,B195,"=+LEFT(A195,1)",1
BL,C195,"=+LEFT(A195,2)",1
BL,D195,"=+LEFT(A195,3)",1
BL,E195,"=+LEFT(A195,4)",1
BL,U195,=SUM(H195:T195),1
BL,B196,"=+LEFT(A196,1)",1
BL,C196,"=+LEFT(A196,2)",1
BL,D196,"=+LEFT(A196,3)",1
BL,E196,"=+LEFT(A196,4)",1
BL,U196,=SUM(H196:T196),1
BL,B197,"=+LEFT(A197,1)",1
BL,C197,"=+LEFT(A197,2)",1
BL,D197,"=+LEFT(A197,3)",1
BL,E197,"=+LEFT(A197,4)",1
BL,U197,=SUM(H197:T197),1
BL,B198,"=+LEFT(A198,1)",1
BL,C198,"=+LEFT(A198,2)",1
BL,D198,"=+LEFT(A198,3)",1
BL,E198,"=+LEFT(A198,4)",1
BL,U198,=SUM(H198:T198),1
BL,B199,"=+LEFT(A199,1)",1
BL,C199,"=+LEFT(A199,2)",1
BL,D199,"=+LEFT(A199,3)",1
BL,E199,"=+LEFT(A199,4)",1
BL,U199,=SUM(H199:T199),1
BL,B200,"=+LEFT(A200,1)",1
BL,C200,"=+LEFT(A200,2)",1
BL,D200,"=+LEFT(A200,3)",1
BL,E200,"=+LEFT(A200,4)",1
BL,U200,=SUM(H200:T200),1
BL,U202,=SUM(H202:T202),1
Données SOMIDA,E11,=+E5,1
Données SOMIDA,F11,=+$E$11*(1+$D$10)^F10,3
Données SOMIDA,G11,=+$E$11*(1+$D$10)^G10,3
Données SOMIDA,H11,=+$E$11*(1+$D$10)^H10,3
Données SOMIDA,I11,=+$E$11*(1+$D$10)^I10,3
Données SOMIDA,J11,=+$E$11*(1+$D$10)^J10,3
Données SOMIDA,K11,=+$E$11*(1+$D$10)^K10,3
Données SOMIDA,L11,=+$E$11*(1+$D$10)^L10,3
Données SOMIDA,M11,=+$E$11*(1+$D$10)^M10,3
Données SOMIDA,E12,=+E6,1
Données SOMIDA,F12,=+$E$12*(1+$D$10)^F10,3
Données SOMIDA,G12,=+$E$12*(1+$D$10)^G10,3
Données SOMIDA,H12,=+$E$12*(1+$D$10)^H10,3
Données SOMIDA,I12,=+$E$12*(1+$D$10)^I10,3
Données SOMIDA,J12,=+$E$12*(1+$D$10)^J10,3
Données SOMIDA,K12,=+$E$12*(1+$D$10)^K10,3
Données SOMIDA,L12,=+$E$12*(1+$D$10)^L10,3
Données SOMIDA,M12,=+$E$12*(1+$D$10)^M10,3
Données SOMIDA,J15,=+D15,1
Données SOMIDA,K15,=+E15,1
Données SOMIDA,L15,=+F15,1
Données SOMIDA,D18,=+E18*12,1
Données SOMIDA,E18,=+F18*25,1
Données SOMIDA,F18,"=ROUND(+G18*F48,1)",2
Données SOMIDA,J18,=+K18*12,1
Données SOMIDA,K18,=+L18*25,1
Données SOMIDA,L18,"=ROUND(+L48*G18,0)",2
Données SOMIDA,M18,=+K18/28,1
Données SOMIDA,D19,=+E19*12,1
Données SOMIDA,E19,=+F19*25,1
Données SOMIDA,F19,=+F48-F18,2
Données SOMIDA,J19,=+K19*12,1
Données SOMIDA,K19,=+L19*25,1
Données SOMIDA,L19,=+L48-L18,2
Données SOMIDA,M19,=+K19/28,1
Données SOMIDA,D20,=+E20*12,1
Données SOMIDA,F20,=+E20/25,1
Données SOMIDA,J20,=+K20*12,1
Données SOMIDA,K20,=+L20*25,1
Données SOMIDA,L20,"=+ROUND(L60*D59,1)",2
Données SOMIDA,D27,=+E27*12,1
Données SOMIDA,D28,=+E28*12,1
Données SOMIDA,C41,=+'Détails Achats direct'!C18,1
Données SOMIDA,C42,=+'Détails Achats direct'!C19,1
Données SOMIDA,D48,=+E48*12,1
Données SOMIDA,E48,=+F48*25,1
Données SOMIDA,J48,=+K48*12,1
Données SOMIDA,K48,=+L48*25,1
Données SOMIDA,L48,=+L53*L54,2
Données SOMIDA,C49,=+C18,1
Données SOMIDA,D49,=+E49*12,1
Données SOMIDA,E49,=+F49*25,1
Données SOMIDA,F49,"=ROUND(+G49*F48,1)",2
Données SOMIDA,G49,=+Production!R23,1
Données SOMIDA,C50,=+C19,1
Données SOMIDA,D50,=+E50*12,1
Données SOMIDA,E50,=+F50*25,1
Données SOMIDA,F50,=+F48-F49,2
Données SOMIDA,G50,=+Production!R30,1
Données SOMIDA,C51,=+C20,1
Données SOMIDA,D51,=+E51*12,1
Données SOMIDA,F51,=+E20/25,1
Données SOMIDA,G51,=+G20,1
Données SOMIDA,D53,=+E53*12,1
Données SOMIDA,E53,=+F53*25,1
Données SOMIDA,J53,=+K53*12,1
Données SOMIDA,K53,=+L53*25,1
Données SOMIDA,D54,=+E54*12,1
Données SOMIDA,E54,=+F54*25,1
Données SOMIDA,F54,=+F48/F53,2
Données SOMIDA,J54,=+K54*12,1
Données SOMIDA,K54,=+L54*25,1
Données SOMIDA,E56,=+D15,1
Données SOMIDA,F56,=+E15,1
Données SOMIDA,G56,=+F15,1
Données SOMIDA,J56,=+J15,1
Données SOMIDA,K56,=+K15,1
Données SOMIDA,L56,=+L15,1
Données SOMIDA,E60,=+D48/$D$58,2
Données SOMIDA,F60,=+E48/$D$58,2
Données SOMIDA,G60,=+F48/$D$58,2
Données SOMIDA,J60,=+K60*25,1
Données SOMIDA,K60,=+L60*25,1
Données SOMIDA,L60,"=ROUND(+L48/$D$58,1)",2
Données SOMIDA,E62,=+D62*$E$60,2
Données SOMIDA,F62,=+$F$60*D62,2
Données SOMIDA,G62,=+$G$60*D62,2
Données SOMIDA,J62,=+K62*12,1
Données SOMIDA,K62,=+L62*25,1
Données SOMIDA,L62,"=ROUND(+$L$60*M62,0)",2
Données SOMIDA,E63,=+D63*$E$60,2
Données SOMIDA,F63,=+$F$60*D63,2
Données SOMIDA,G63,=+$G$60*D63,2
Données SOMIDA,J63,=+K63*12,1
Données SOMIDA,K63,=+L63*25,1
Données SOMIDA,L63,"=ROUND(+$L$60*M63,0)",2
Données SOMIDA,E64,=+D64*$E$60,2
Données SOMIDA,F64,=+$F$60*D64,2
Données SOMIDA,G64,=+$G$60*D64,2
Données SOMIDA,J64,=+K64*12,1
Données SOMIDA,K64,=+L64*25,1
Données SOMIDA,L64,"=ROUND(+$L$60*M64,0)",2
Données SOMIDA,D65,=100%-D62-D63-D64,3
Données SOMIDA,E65,=+D65*$E$60,2
Données SOMIDA,F65,=+$F$60*D65,2
Données SOMIDA,G65,=+$G$60*D65,2
Données SOMIDA,J65,=+K65*12,1
Données SOMIDA,K65,=+L65*25,1
Données SOMIDA,L65,=+L60-L62-L63-L64,4
Données SOMIDA,E67,=SUM(E62:E65),1
Données SOMIDA,F67,=SUM(F62:F65),1
Données SOMIDA,G67,=SUM(G62:G65),1
Données SOMIDA,J67,=SUM(J62:J65),1
Données SOMIDA,K67,=SUM(K62:K65),1
Données SOMIDA,L67,=SUM(L62:L65),1
Données SOMIDA,C71,=+C62,1
Données SOMIDA,N71,=+E71+G71,2
Données SOMIDA,C72,=+C63,1
Données SOMIDA,N72,=+E72+G72,2
Données SOMIDA,N73,=+E73+G73,2
Données SOMIDA,C74,=+C64,1
Données SOMIDA,I74,=+C79,1
Données SOMIDA,J74,=+K74*12,1
Données SOMIDA,K74,=+L74*25,1
Données SOMIDA,N74,=+E74+G74,2
Données SOMIDA,C75,=+C65,1
Données SOMIDA,I75,=+C80,1
Données SOMIDA,J75,=+K75*12,1
Données SOMIDA,N75,=+E75+G75,2
Données SOMIDA,C76,=+C66,1
Données SOMIDA,N76,=+E76+G76,2
Données SOMIDA,I77,=+C81,1
Données SOMIDA,J77,=+K77*12,1
Données SOMIDA,K77,=12*28,0
Données SOMIDA,L77,=+K77/28,1
Données SOMIDA,I78,=+C82,1
Données SOMIDA,J78,=+K78*12,1
Données SOMIDA,K78,=10*25,0
Données SOMIDA,C79,=+Commandes!B28,1
Données SOMIDA,G79,"=+IF(E79=""EUR"",$E$6,$E$5)*D79",4
Données SOMIDA,C80,=+Commandes!B29,1
Données SOMIDA,G80,"=+IF(E80=""EUR"",$E$6,$E$5)*D80",4
Données SOMIDA,I80,=+I74,1
Données SOMIDA,J80,=+K80*12,1
Données SOMIDA,L80,=+K80/25,1
Données SOMIDA,G81,"=+IF(E81=""EUR"",$E$6,$E$5)*D81",4
Données SOMIDA,I81,=+I75,1
Données SOMIDA,J81,=+K81*12,1
Données SOMIDA,L81,=+K81/25,1
Données SOMIDA,G82,"=+IF(E82=""EUR"",$E$6,$E$5)*D82",4
Données SOMIDA,I82,=+I77,1
Données SOMIDA,J82,=+K82*12,1
Données SOMIDA,K82,=+K77,1
Données SOMIDA,L82,=+L77,1
Données SOMIDA,G83,"=+IF(E83=""EUR"",$E$6,$E$5)*D83",4
Données SOMIDA,I83,=+I78,1
Données SOMIDA,J83,=+K83*12,1
Données SOMIDA,K83,=+K78,1
Données SOMIDA,L83,=+L78,1
Données SOMIDA,G85,"=+IF(E85=""EUR"",$E$6,$E$5)*D85",4
Données SOMIDA,J85,=+K85*12,1
Données SOMIDA,K85,=+L85*25,1
Données SOMIDA,L85,=+L67*0.1,1
Données SOMIDA,J86,=SUM(J74:J85),1
Données SOMIDA,K86,=SUM(K74:K85),1
Données SOMIDA,L86,=SUM(L74:L85),1
Données SOMIDA,R89,=+P89+P90,2
Données SOMIDA,C90,=+I79,1
Données SOMIDA,C91,=+C83,1
Données SOMIDA,D92,=SUM(D89:D91),1
Données SOMIDA,E92,=SUM(E89:E91),1
Données SOMIDA,F92,=SUM(F89:F91),1
Données SOMIDA,G92,=SUM(G89:G91),1
Données SOMIDA,H92,=SUM(H89:H91),1
Données SOMIDA,I92,=SUM(I89:I91),1
Données SOMIDA,J92,=SUM(J89:J91),1
Données SOMIDA,K92,=+J92,1
Données SOMIDA,L92,=+K92,1
Données SOMIDA,M92,=SUM(M89:M91),1
Données SOMIDA,D94,=+D88,1
Données SOMIDA,E94,=+E88,1
Données SOMIDA,F94,=+F88,1
Données SOMIDA,G94,=+G88,1
Données SOMIDA,H94,=+H88,1
Données SOMIDA,I94,=+I88,1
Données SOMIDA,J94,=+J88,1
Données SOMIDA,K94,=+K88,1
Données SOMIDA,L94,=+L88,1
Données SOMIDA,M94,=+M88,1
Données SOMIDA,R96,=+SUM(P96:P99),1
Données SOMIDA,C98,=+C81,1
Données SOMIDA,C99,=+C82,1
Données SOMIDA,C100,=+C90,1
Données SOMIDA,C101,=+C96,1
Données SOMIDA,R101,=+SUM(P101:P104),1
Données SOMIDA,C102,=+C97,1
Données SOMIDA,C103,=+C98,1
Données SOMIDA,C104,=+C99,1
Données SOMIDA,D108,=+D88,1
Données SOMIDA,E108,=+E88,1
Données SOMIDA,F108,=+F88,1
Données SOMIDA,G108,=+G88,1
Données SOMIDA,H108,=+H88,1
Données SOMIDA,I108,=+I88,1
Données SOMIDA,J108,=+J88,1
Données SOMIDA,K108,=+K88,1
Données SOMIDA,L108,=+L88,1
Données SOMIDA,M108,=+M88,1
Données SOMIDA,D109,=+(D89+D90)/$D$58,3
Données SOMIDA,E109,=+(E89+E90)/$D$58,3
Données SOMIDA,F109,=+(F89+F90)/$D$58,3
Données SOMIDA,G109,=+(G89+G90)/$D$58,3
Données SOMIDA,H109,=+(H89+H90)/$D$58,3
Données SOMIDA,I109,=+(I89+I90)/$D$58,3
Données SOMIDA,J109,=+(J89+J90)/$D$58,3
Données SOMIDA,K109,=+(K89+K90)/$D$58,3
Données SOMIDA,L109,=+(L89+L90)/$D$58,3
Données SOMIDA,M109,=+(M89+M90)/$D$58,3
Données SOMIDA,J113,=+J106/28,1
Données SOMIDA,J114,=4*28,0
Stat,N3,=+B3,1
Stat,O3,=+C3,1
Stat,P3,=+D3,1
Stat,Q3,=+F3,1
Stat,R3,=+G3,1
Stat,S3,=+H3,1
Stat,T3,=+J3,1
Stat,U3,=+K3,1
Stat,V3,=+L3,1
Stat,X3,=+P3,1
Stat,Y3,=+Q3,1
Stat,Z3,=+R3,1
Stat,AA3,=+S3,1
Stat,AB3,=+T3,1
Stat,AC3,=+U3,1
Stat,AD3,=+V3,1
Stat,B4,"=_xlfn.XLOOKUP(C4,O:O,N:N)",3
Stat,C4,='Besoins en micas'!#REF!,1
Stat,D4,='Besoins en micas'!#REF!,1
Stat,E4,='Besoins en micas'!#REF!,1
Stat,F4,='Besoins en micas'!#REF!,1
Stat,G4,"=IF(C4=""FP1"",'Données SOMIDA'!$G$73,VLOOKUP(E4,'Données SOMIDA'!$C$71:$G$75,5,FALSE))",4
Stat,H4,=+F4*G4,2
Stat,I4,"=+VLOOKUP(E4,'Données SOMIDA'!$C$71:$E$75,3,FALSE)",2
Stat,J4,=+F4*I4,2
Stat,K4,=+J4+H4,2
Stat,L4,"=IFERROR(+K4/F4,0)",2
Stat,O4,=+$C$4,1
Stat,P4,=+$D$4,1
Stat,Q4,"=SUMIF($C$4:$F$12,$C$4,$F$4:$F$12)",3
Stat,R4,"=+VLOOKUP(O4,#REF!,4,FALSE)",1
Stat,S4,=+Q4*R4,2
Stat,T4,"=SUMIF($C$4:$J$12,O4,$J$4:$J$12)",3
Stat,U4,=+S4+T4,2
Stat,V4,"=IFERROR(+U4/Q4,0)",2
Stat,Y4,<openpyxl.worksheet.formula.ArrayFormula object at 0x0000026CDD5AF9D0>,0
Stat,Z4,<openpyxl.worksheet.formula.ArrayFormula object at 0x0000026CDC065BD0>,0
Stat,AA4,=+Y4*Z4,2
Stat,AB4,"=+SUMIF(P4:T39,X4,T4:T39)",3
Stat,AC4,=+AA4+AB4,2
Stat,AD4,=+AC4/Y4,2
Stat,B5,"=_xlfn.XLOOKUP(C5,O:O,N:N)",3
Stat,C5,='Besoins en micas'!#REF!,1
Stat,D5,='Besoins en micas'!#REF!,1
Stat,E5,='Besoins en micas'!#REF!,1
Stat,F5,='Besoins en micas'!#REF!,1
Stat,G5,"=IF(C5=""FP1"",'Données SOMIDA'!$G$73,VLOOKUP(E5,'Données SOMIDA'!$C$71:$G$75,5,FALSE))",4
Stat,H5,=+F5*G5,2
Stat,I5,"=+VLOOKUP(E5,'Données SOMIDA'!$C$71:$E$75,3,FALSE)",2
Stat,J5,=+F5*I5,2
Stat,K5,=+J5+H5,2
Stat,L5,"=IFERROR(+K5/F5,0)",2
Stat,O5,=+$C$8,1
Stat,P5,=+$D$4,1
Stat,Q5,"=SUMIF($C$4:$F$12,$C$8,$F$4:$F$12)",3
Stat,R5,"=+VLOOKUP(O5,#REF!,4,FALSE)",1
Stat,S5,=+Q5*R5,2
Stat,T5,"=SUMIF($C$4:$J$12,O5,$J$4:$J$12)",3
Stat,U5,=+S5+T5,2
Stat,V5,"=IFERROR(+U5/Q5,0)",2
Stat,AA5,=+Y5*Z5,2
Stat,AB5,"=+SUMIF(P5:T40,X5,T5:T40)",3
Stat,AC5,=+AA5+AB5,2
Stat,AD5,=+AC5/Y5,2
Stat,B6,"=_xlfn.XLOOKUP(C6,O:O,N:N)",3
Stat,C6,='Besoins en micas'!#REF!,1
Stat,D6,='Besoins en micas'!#REF!,1
Stat,E6,='Besoins en micas'!#REF!,1
Stat,F6,='Besoins en micas'!#REF!,1
Stat,G6,"=IF(C6=""FP1"",'Données SOMIDA'!$G$73,VLOOKUP(E6,'Données SOMIDA'!$C$71:$G$75,5,FALSE))",4
Stat,H6,=+F6*G6,2
Stat,I6,"=+VLOOKUP(E6,'Données SOMIDA'!$C$71:$E$75,3,FALSE)",2
Stat,J6,=+F6*I6,2
Stat,K6,=+J6+H6,2
Stat,L6,"=IFERROR(+K6/F6,0)",2
Stat,O6,=+$C$12,1
Stat,P6,=+$D$4,1
Stat,Q6,"=SUMIF($C$4:$F$12,$C$12,$F$4:$F$12)",3
Stat,R6,"=+VLOOKUP(O6,#REF!,4,FALSE)",1
Stat,S6,=+Q6*R6,2
Stat,T6,"=SUMIF($C$4:$J$12,O6,$J$4:$J$12)",3
Stat,U6,=+S6+T6,2
Stat,V6,"=IFERROR(+U6/Q6,0)",2
Stat,AA6,=+Y6*Z6,2
Stat,AB6,"=+SUMIF(P6:T41,X6,T6:T41)",3
Stat,AC6,=+AA6+AB6,2
Stat,AD6,=+AC6/Y6,2
Stat,B7,"=_xlfn.XLOOKUP(C7,O:O,N:N)",3
Stat,C7,='Besoins en micas'!#REF!,1
Stat,D7,='Besoins en micas'!#REF!,1
Stat,E7,='Besoins en micas'!#REF!,1
Stat,F7,='Besoins en micas'!#REF!,1
Stat,G7,"=IF(C7=""FP1"",'Données SOMIDA'!$G$73,VLOOKUP(E7,'Données SOMIDA'!$C$71:$G$75,5,FALSE))",4
Stat,H7,=+F7*G7,2
Stat,I7,"=+VLOOKUP(E7,'Données SOMIDA'!$C$71:$E$75,3,FALSE)",2
Stat,J7,=+F7*I7,2
Stat,K7,=+J7+H7,2
Stat,L7,"=IFERROR(+K7/F7,0)",2
Stat,O7,=+$C$4,1
Stat,P7,=+$D$13,1
Stat,Q7,"=SUMIF($C$13:$F$21,$C$13,$F$13:$F$21)",3
Stat,R7,"=+VLOOKUP(O7,#REF!,4,FALSE)",1
Stat,S7,=+Q7*R7,2
Stat,T7,"=SUMIF($C$13:$J$21,O7,$J$13:$J$21)",3
Stat,U7,=+S7+T7,2
Stat,V7,"=IFERROR(+U7/Q7,0)",2
Stat,AA7,=+Y7*Z7,2
Stat,AB7,"=+SUMIF(P7:T42,X7,T7:T42)",3
Stat,AC7,=+AA7+AB7,2
Stat,AD7,=+AC7/Y7,2
Stat,B8,"=_xlfn.XLOOKUP(C8,O:O,N:N)",3
Stat,C8,='Besoins en micas'!#REF!,1
Stat,D8,='Besoins en micas'!#REF!,1
Stat,E8,='Besoins en micas'!#REF!,1
Stat,F8,='Besoins en micas'!#REF!,1
Stat,G8,"=IF(C8=""FP1"",'Données SOMIDA'!$G$73,VLOOKUP(E8,'Données SOMIDA'!$C$71:$G$75,5,FALSE))",4
Stat,H8,=+F8*G8,2
Stat,I8,"=+VLOOKUP(E8,'Données SOMIDA'!$C$71:$E$75,3,FALSE)",2
Stat,J8,=+F8*I8,2
Stat,K8,=+J8+H8,2
Stat,L8,"=IFERROR(+K8/F8,0)",2
Stat,O8,=+$C$8,1
Stat,P8,=+$D$13,1
Stat,Q8,"=SUMIF($C$13:$F$21,$C$17,$F$13:$F$21)",3
Stat,R8,"=+VLOOKUP(O8,#REF!,4,FALSE)",1
Stat,S8,=+Q8*R8,2
Stat,T8,"=SUMIF($C$13:$J$21,O8,$J$13:$J$21)",3
Stat,U8,=+S8+T8,2
Stat,V8,"=IFERROR(+U8/Q8,0)",2
Stat,AA8,=+Y8*Z8,2
Stat,AB8,"=+SUMIF(P8:T43,X8,T8:T43)",3
Stat,AC8,=+AA8+AB8,2
Stat,AD8,=+AC8/Y8,2
Stat,B9,"=_xlfn.XLOOKUP(C9,O:O,N:N)",3
Stat,C9,='Besoins en micas'!#REF!,1
Stat,D9,='Besoins en micas'!#REF!,1
Stat,E9,='Besoins en micas'!#REF!,1
Stat,F9,='Besoins en micas'!#REF!,1
Stat,G9,"=IF(C9=""FP1"",'Données SOMIDA'!$G$73,VLOOKUP(E9,'Données SOMIDA'!$C$71:$G$75,5,FALSE))",4
Stat,H9,=+F9*G9,2
Stat,I9,"=+VLOOKUP(E9,'Données SOMIDA'!$C$71:$E$75,3,FALSE)",2
Stat,J9,=+F9*I9,2
Stat,K9,=+J9+H9,2
Stat,L9,"=IFERROR(+K9/F9,0)",2
Stat,O9,=+$C$12,1
Stat,P9,=+$D$13,1
Stat,Q9,"=SUMIF($C$13:$F$21,$C$21,$F$13:$F$21)",3
Stat,R9,"=+VLOOKUP(O9,#REF!,4,FALSE)",1
Stat,S9,=+Q9*R9,2
Stat,T9,"=SUMIF($C$13:$J$21,O9,$J$13:$J$21)",3
Stat,U9,=+S9+T9,2
Stat,V9,"=IFERROR(+U9/Q9,0)",2
Stat,AA9,=+Y9*Z9,2
Stat,AB9,"=+SUMIF(P9:T44,X9,T9:T44)",3
Stat,AC9,=+AA9+AB9,2
Stat,AD9,=+AC9/Y9,2
Stat,B10,"=_xlfn.XLOOKUP(C10,O:O,N:N)",3
Stat,C10,='Besoins en micas'!#REF!,1
Stat,D10,='Besoins en micas'!#REF!,1
Stat,E10,='Besoins en micas'!#REF!,1
Stat,F10,='Besoins en micas'!#REF!,1
Stat,G10,"=IF(C10=""FP1"",'Données SOMIDA'!$G$73,VLOOKUP(E10,'Données SOMIDA'!$C$71:$G$75,5,FALSE))",4
Stat,H10,=+F10*G10,2
Stat,I10,"=+VLOOKUP(E10,'Données SOMIDA'!$C$71:$E$75,3,FALSE)",2
Stat,J10,=+F10*I10,2
Stat,K10,=+J10+H10,2
Stat,L10,"=IFERROR(+K10/F10,0)",2
Stat,O10,=+$C$4,1
Stat,P10,=+$D$22,1
Stat,Q10,"=SUMIF($C$22:$F$30,$C$22,$F$22:$F$30)",3
Stat,R10,"=+VLOOKUP(O10,#REF!,4,FALSE)",1
Stat,S10,=+Q10*R10,2
Stat,T10,"=SUMIF($C$22:$J$30,O10,$J$22:$J$30)",3
Stat,U10,=+S10+T10,2
Stat,V10,=+U10/Q10,2
Stat,AA10,=+Y10*Z10,2
Stat,AB10,"=+SUMIF(P10:T45,X10,T10:T45)",3
Stat,AC10,=+AA10+AB10,2
Stat,AD10,=+AC10/Y10,2
Stat,B11,"=_xlfn.XLOOKUP(C11,O:O,N:N)",3
Stat,C11,='Besoins en micas'!#REF!,1
Stat,D11,='Besoins en micas'!#REF!,1
Stat,E11,='Besoins en micas'!#REF!,1
Stat,F11,='Besoins en micas'!#REF!,1
Stat,G11,"=IF(C11=""FP1"",'Données SOMIDA'!$G$73,VLOOKUP(E11,'Données SOMIDA'!$C$71:$G$75,5,FALSE))",4
Stat,H11,=+F11*G11,2
Stat,I11,"=+VLOOKUP(E11,'Données SOMIDA'!$C$71:$E$75,3,FALSE)",2
Stat,J11,=+F11*I11,2
Stat,K11,=+J11+H11,2
Stat,L11,"=IFERROR(+K11/F11,0)",2
Stat,O11,=+$C$8,1
Stat,P11,=+$D$22,1
Stat,Q11,"=SUMIF($C$22:$F$30,$C$26,$F$22:$F$30)",3
Stat,R11,"=+VLOOKUP(O11,#REF!,4,FALSE)",1
Stat,S11,=+Q11*R11,2
Stat,T11,"=SUMIF($C$22:$J$30,O11,$J$22:$J$30)",3
Stat,U11,=+S11+T11,2
Stat,V11,"=IFERROR(+U11/Q11,0)",2
Stat,AA11,=+Y11*Z11,2
Stat,AB11,"=+SUMIF(P11:T46,X11,T11:T46)",3
Stat,AC11,=+AA11+AB11,2
Stat,AD11,=+AC11/Y11,2
Stat,B12,"=_xlfn.XLOOKUP(C12,O:O,N:N)",3
Stat,C12,='Besoins en micas'!#REF!,1
Stat,D12,='Besoins en micas'!#REF!,1
Stat,E12,='Besoins en micas'!#REF!,1
Stat,F12,='Besoins en micas'!#REF!,1
Stat,G12,"=IF(C12=""FP1"",'Données SOMIDA'!$G$73,VLOOKUP(E12,'Données SOMIDA'!$C$71:$G$75,5,FALSE))",4
Stat,H12,=+F12*G12,2
Stat,I12,"=+VLOOKUP(E12,'Données SOMIDA'!$C$71:$E$75,3,FALSE)",2
Stat,J12,=+F12*I12,2
Stat,K12,=+J12+H12,2
Stat,L12,"=IFERROR(+K12/F12,0)",2
Stat,O12,=+$C$12,1
Stat,P12,=+$D$22,1
Stat,Q12,"=SUMIF($C$22:$F$30,$C$30,$F$22:$F$30)",3
Stat,R12,"=+VLOOKUP(O12,#REF!,4,FALSE)",1
Stat,S12,=+Q12*R12,2
Stat,T12,"=SUMIF($C$22:$J$30,O12,$J$22:$J$30)",3
Stat,U12,=+S12+T12,2
Stat,V12,"=IFERROR(+U12/Q12,0)",2
Stat,AA12,=+Y12*Z12,2
Stat,AB12,"=+SUMIF(P12:T47,X12,T12:T47)",3
Stat,AC12,=+AA12+AB12,2
Stat,AD12,=+AC12/Y12,2
Stat,B13,"=_xlfn.XLOOKUP(C13,O:O,N:N)",3
Stat,C13,='Besoins en micas'!#REF!,1
Stat,D13,='Besoins en micas'!#REF!,1
Stat,E13,='Besoins en micas'!#REF!,1
Stat,F13,='Besoins en micas'!#REF!,1
Stat,G13,"=IF(C13=""FP1"",'Données SOMIDA'!$G$73,VLOOKUP(E13,'Données SOMIDA'!$C$71:$G$75,5,FALSE))",4
Stat,H13,=+F13*G13,2
Stat,I13,"=+VLOOKUP(E13,'Données SOMIDA'!$C$71:$E$75,3,FALSE)",2
Stat,J13,=+F13*I13,2
Stat,K13,=+J13+H13,2
Stat,L13,"=IFERROR(+K13/F13,0)",2
Stat,O13,=+$C$4,1
Stat,P13,=+$D$31,1
Stat,Q13,"=SUMIF($C$31:$F$39,$C$22,$F$31:$F$39)",3
Stat,R13,"=+VLOOKUP(O13,#REF!,4,FALSE)",1
Stat,S13,=+Q13*R13,2
Stat,T13,"=SUMIF($C$31:$J$39,O13,$J$31:$J$39)",3
Stat,U13,=+S13+T13,2
Stat,V13,"=IFERROR(+U13/Q13,0)",2
Stat,AA13,=+Y13*Z13,2
Stat,AB13,"=+SUMIF(P13:T48,X13,T13:T48)",3
Stat,AC13,=+AA13+AB13,2
Stat,AD13,=+AC13/Y13,2
Stat,B14,"=_xlfn.XLOOKUP(C14,O:O,N:N)",3
Stat,C14,='Besoins en micas'!#REF!,1
Stat,D14,='Besoins en micas'!#REF!,1
Stat,E14,='Besoins en micas'!#REF!,1
Stat,F14,='Besoins en micas'!#REF!,1
Stat,G14,"=IF(C14=""FP1"",'Données SOMIDA'!$G$73,VLOOKUP(E14,'Données SOMIDA'!$C$71:$G$75,5,FALSE))",4
Stat,H14,=+F14*G14,2
Stat,I14,"=+VLOOKUP(E14,'Données SOMIDA'!$C$71:$E$75,3,FALSE)",2
Stat,J14,=+F14*I14,2
Stat,K14,=+J14+H14,2
Stat,L14,"=IFERROR(+K14/F14,0)",2
Stat,O14,=+$C$8,1
Stat,P14,=+$D$31,1
Stat,Q14,"=SUMIF($C$31:$F$39,$C$26,$F$31:$F$39)",3
Stat,R14,"=+VLOOKUP(O14,#REF!,4,FALSE)",1
Stat,S14,=+Q14*R14,2
Stat,T14,"=SUMIF($C$31:$J$39,O14,$J$31:$J$39)",3
Stat,U14,=+S14+T14,2
Stat,V14,"=IFERROR(+U14/Q14,0)",2
Stat,AA14,=+Y14*Z14,2
Stat,AB14,"=+SUMIF(P14:T49,X14,T14:T49)",3
Stat,AC14,=+AA14+AB14,2
Stat,AD14,=+AC14/Y14,2
Stat,B15,"=_xlfn.XLOOKUP(C15,O:O,N:N)",3
Stat,C15,='Besoins en micas'!#REF!,1
Stat,D15,='Besoins en micas'!#REF!,1
Stat,E15,='Besoins en micas'!#REF!,1
Stat,F15,='Besoins en micas'!#REF!,1
Stat,G15,"=IF(C15=""FP1"",'Données SOMIDA'!$G$73,VLOOKUP(E15,'Données SOMIDA'!$C$71:$G$75,5,FALSE))",4
Stat,H15,=+F15*G15,2
Stat,I15,"=+VLOOKUP(E15,'Données SOMIDA'!$C$71:$E$75,3,FALSE)",2
Stat,J15,=+F15*I15,2
Stat,K15,=+J15+H15,2
Stat,L15,"=IFERROR(+K15/F15,0)",2
Stat,O15,=+$C$12,1
Stat,P15,=+$D$31,1
Stat,Q15,"=SUMIF($C$31:$F$39,$C$30,$F$31:$F$39)",3
Stat,R15,"=+VLOOKUP(O15,#REF!,4,FALSE)",1
Stat,S15,=+Q15*R15,2
Stat,T15,"=SUMIF($C$31:$J$39,O15,$J$31:$J$39)",3
Stat,U15,=+S15+T15,2
Stat,V15,"=IFERROR(+U15/Q15,0)",2
Stat,AA15,=+Y15*Z15,2
Stat,AB15,"=+SUMIF(P15:T50,X15,T15:T50)",3
Stat,AC15,=+AA15+AB15,2
Stat,AD15,=+AC15/Y15,2
Stat,B16,"=_xlfn.XLOOKUP(C16,O:O,N:N)",3
Stat,C16,='Besoins en micas'!#REF!,1
Stat,D16,='Besoins en micas'!#REF!,1
Stat,E16,='Besoins en micas'!#REF!,1
Stat,F16,='Besoins en micas'!#REF!,1
Stat,G16,"=IF(C16=""FP1"",'Données SOMIDA'!$G$73,VLOOKUP(E16,'Données SOMIDA'!$C$71:$G$75,5,FALSE))",4
Stat,H16,=+F16*G16,2
Stat,I16,"=+VLOOKUP(E16,'Données SOMIDA'!$C$71:$E$75,3,FALSE)",2
Stat,J16,=+F16*I16,2
Stat,K16,=+J16+H16,2
Stat,L16,"=IFERROR(+K16/F16,0)",2
Stat,O16,=+$C$4,1
Stat,P16,=+$D$40,1
Stat,Q16,"=SUMIF($C$40:$F$48,$C$22,$F$40:$F$48)",3
Stat,R16,"=+VLOOKUP(O16,#REF!,4,FALSE)",1
Stat,S16,=+Q16*R16,2
Stat,T16,"=SUMIF($C$40:$J$48,O16,$J$40:$J$48)",3
Stat,U16,=+S16+T16,2
Stat,V16,"=IFERROR(+U16/Q16,0)",2
Stat,Y16,=SUM(Y4:Y15),1
Stat,AA16,=SUM(AA4:AA15),1
Stat,AB16,=SUM(AB4:AB15),1
Stat,AC16,=+AA16+AB16,2
Stat,AD16,=+AC16/Y16,2
Stat,B17,"=_xlfn.XLOOKUP(C17,O:O,N:N)",3
Stat,C17,='Besoins en micas'!#REF!,1
Stat,D17,='Besoins en micas'!#REF!,1
Stat,E17,='Besoins en micas'!#REF!,1
Stat,F17,='Besoins en micas'!#REF!,1
Stat,G17,"=IF(C17=""FP1"",'Données SOMIDA'!$G$73,VLOOKUP(E17,'Données SOMIDA'!$C$71:$G$75,5,FALSE))",4
Stat,H17,=+F17*G17,2
Stat,I17,"=+VLOOKUP(E17,'Données SOMIDA'!$C$71:$E$75,3,FALSE)",2
Stat,J17,=+F17*I17,2
Stat,K17,=+J17+H17,2
Stat,L17,"=IFERROR(+K17/F17,0)",2
Stat,O17,=+$C$8,1
Stat,P17,=+$D$40,1
Stat,Q17,"=SUMIF($C$40:$F$48,$C$26,$F$40:$F$48)",3
Stat,R17,"=+VLOOKUP(O17,#REF!,4,FALSE)",1
Stat,S17,=+Q17*R17,2
Stat,T17,"=SUMIF($C$40:$J$48,O17,$J$40:$J$48)",3
Stat,U17,=+S17+T17,2
Stat,V17,"=IFERROR(+U17/Q17,0)",2
Stat,B18,"=_xlfn.XLOOKUP(C18,O:O,N:N)",3
Stat,C18,='Besoins en micas'!#REF!,1
Stat,D18,='Besoins en micas'!#REF!,1
Stat,E18,='Besoins en micas'!#REF!,1
Stat,F18,='Besoins en micas'!#REF!,1
Stat,G18,"=IF(C18=""FP1"",'Données SOMIDA'!$G$73,VLOOKUP(E18,'Données SOMIDA'!$C$71:$G$75,5,FALSE))",4
Stat,H18,=+F18*G18,2
Stat,I18,"=+VLOOKUP(E18,'Données SOMIDA'!$C$71:$E$75,3,FALSE)",2
Stat,J18,=+F18*I18,2
Stat,K18,=+J18+H18,2
Stat,L18,"=IFERROR(+K18/F18,0)",2
Stat,O18,=+$C$12,1
Stat,P18,=+$D$40,1
Stat,Q18,"=SUMIF($C$40:$F$48,$C$30,$F$40:$F$48)",3
Stat,R18,"=+VLOOKUP(O18,#REF!,4,FALSE)",1
Stat,S18,=+Q18*R18,2
Stat,T18,"=SUMIF($C$40:$J$48,O18,$J$40:$J$48)",3
Stat,U18,=+S18+T18,2
Stat,V18,"=IFERROR(+U18/Q18,0)",2
Stat,Y18,"=Y16&"""" &""Kg""",1
Stat,B19,"=_xlfn.XLOOKUP(C19,O:O,N:N)",3
Stat,C19,='Besoins en micas'!#REF!,1
Stat,D19,='Besoins en micas'!#REF!,1
Stat,E19,='Besoins en micas'!#REF!,1
Stat,F19,='Besoins en micas'!#REF!,1
Stat,G19,"=IF(C19=""FP1"",'Données SOMIDA'!$G$73,VLOOKUP(E19,'Données SOMIDA'!$C$71:$G$75,5,FALSE))",4
Stat,H19,=+F19*G19,2
Stat,I19,"=+VLOOKUP(E19,'Données SOMIDA'!$C$71:$E$75,3,FALSE)",2
Stat,J19,=+F19*I19,2
Stat,K19,=+J19+H19,2
Stat,L19,"=IFERROR(+K19/F19,0)",2
Stat,O19,=+$C$4,1
Stat,P19,=+$D$49,1
Stat,Q19,"=SUMIF($C$49:$F$57,$C$22,$F$49:$F$57)",3
Stat,R19,"=+VLOOKUP(O19,#REF!,4,FALSE)",1
Stat,S19,=+Q19*R19,2
Stat,T19,"=SUMIF($C$49:$J$57,O19,$J$49:$J$57)",3
Stat,U19,=+S19+T19,2
Stat,V19,"=IFERROR(+U19/Q19,0)",2
Stat,B20,"=_xlfn.XLOOKUP(C20,O:O,N:N)",3
Stat,C20,='Besoins en micas'!#REF!,1
Stat,D20,='Besoins en micas'!#REF!,1
Stat,E20,='Besoins en micas'!#REF!,1
Stat,F20,='Besoins en micas'!#REF!,1
Stat,G20,"=IF(C20=""FP1"",'Données SOMIDA'!$G$73,VLOOKUP(E20,'Données SOMIDA'!$C$71:$G$75,5,FALSE))",4
Stat,H20,=+F20*G20,2
Stat,I20,"=+VLOOKUP(E20,'Données SOMIDA'!$C$71:$E$75,3,FALSE)",2
Stat,J20,=+F20*I20,2
Stat,K20,=+J20+H20,2
Stat,L20,"=IFERROR(+K20/F20,0)",2
Stat,O20,=+$C$8,1
Stat,P20,=+$D$49,1
Stat,Q20,"=SUMIF($C$49:$F$57,$C$26,$F$49:$F$57)",3
Stat,R20,"=+VLOOKUP(O20,#REF!,4,FALSE)",1
Stat,S20,=+Q20*R20,2
Stat,T20,"=SUMIF($C$49:$J$57,O20,$J$49:$J$57)",3
Stat,U20,=+S20+T20,2
Stat,V20,"=IFERROR(+U20/Q20,0)",2
Stat,B21,"=_xlfn.XLOOKUP(C21,O:O,N:N)",3
Stat,C21,='Besoins en micas'!#REF!,1
Stat,D21,='Besoins en micas'!#REF!,1
Stat,E21,='Besoins en micas'!#REF!,1
Stat,F21,='Besoins en micas'!#REF!,1
Stat,G21,"=IF(C21=""FP1"",'Données SOMIDA'!$G$73,VLOOKUP(E21,'Données SOMIDA'!$C$71:$G$75,5,FALSE))",4
Stat,H21,=+F21*G21,2
Stat,I21,"=+VLOOKUP(E21,'Données SOMIDA'!$C$71:$E$75,3,FALSE)",2
Stat,J21,=+F21*I21,2
Stat,K21,=+J21+H21,2
Stat,L21,"=IFERROR(+K21/F21,0)",2
Stat,O21,=+$C$12,1
Stat,P21,=+$D$49,1
Stat,Q21,"=SUMIF($C$49:$F$57,$C$30,$F$49:$F$57)",3
Stat,R21,"=+VLOOKUP(O21,#REF!,4,FALSE)",1
Stat,S21,=+Q21*R21,2
Stat,T21,"=SUMIF($C$49:$J$57,O21,$J$49:$J$57)",3
Stat,U21,=+S21+T21,2
Stat,V21,"=IFERROR(+U21/Q21,0)",2
Stat,B22,"=_xlfn.XLOOKUP(C22,O:O,N:N)",3
Stat,C22,='Besoins en micas'!#REF!,1
Stat,D22,='Besoins en micas'!#REF!,1
Stat,E22,='Besoins en micas'!#REF!,1
Stat,F22,='Besoins en micas'!#REF!,1
Stat,G22,"=IF(C22=""FP1"",'Données SOMIDA'!$G$73,VLOOKUP(E22,'Données SOMIDA'!$C$71:$G$75,5,FALSE))",4
Stat,H22,=+F22*G22,2
Stat,I22,"=+VLOOKUP(E22,'Données SOMIDA'!$C$71:$E$75,3,FALSE)",2
Stat,J22,=+F22*I22,2
Stat,K22,=+J22+H22,2
Stat,L22,"=IFERROR(+K22/F22,0)",2
Stat,O22,=+$C$4,1
Stat,P22,=+$D$58,1
Stat,Q22,"=SUMIF($C$58:$F$66,$C$22,$F$58:$F$66)",3
Stat,R22,"=+VLOOKUP(O22,#REF!,4,FALSE)",1
Stat,S22,=+Q22*R22,2
Stat,T22,"=SUMIF($C$58:$J$66,O22,$J$58:$J$66)",3
Stat,U22,=+S22+T22,2
Stat,V22,"=IFERROR(+U22/Q22,0)",2
Stat,B23,"=_xlfn.XLOOKUP(C23,O:O,N:N)",3
Stat,C23,='Besoins en micas'!#REF!,1
Stat,D23,='Besoins en micas'!#REF!,1
Stat,E23,='Besoins en micas'!#REF!,1
Stat,F23,='Besoins en micas'!#REF!,1
Stat,G23,"=IF(C23=""FP1"",'Données SOMIDA'!$G$73,VLOOKUP(E23,'Données SOMIDA'!$C$71:$G$75,5,FALSE))",4
Stat,H23,=+F23*G23,2
Stat,I23,"=+VLOOKUP(E23,'Données SOMIDA'!$C$71:$E$75,3,FALSE)",2
Stat,J23,=+F23*I23,2
Stat,K23,=+J23+H23,2
Stat,L23,"=IFERROR(+K23/F23,0)",2
Stat,O23,=+$C$8,1
Stat,P23,=+$D$58,1
Stat,Q23,"=SUMIF($C$58:$F$66,$C$26,$F$58:$F$66)",3
Stat,R23,"=+VLOOKUP(O23,#REF!,4,FALSE)",1
Stat,S23,=+Q23*R23,2
Stat,T23,"=SUMIF($C$58:$J$66,O23,$J$58:$J$66)",3
Stat,U23,=+S23+T23,2
Stat,V23,"=IFERROR(+U23/Q23,0)",2
Stat,B24,"=_xlfn.XLOOKUP(C24,O:O,N:N)",3
Stat,C24,='Besoins en micas'!#REF!,1
Stat,D24,='Besoins en micas'!#REF!,1
Stat,E24,='Besoins en micas'!#REF!,1
Stat,F24,='Besoins en micas'!#REF!,1
Stat,G24,"=IF(C24=""FP1"",'Données SOMIDA'!$G$73,VLOOKUP(E24,'Données SOMIDA'!$C$71:$G$75,5,FALSE))",4
Stat,H24,=+F24*G24,2
Stat,I24,"=+VLOOKUP(E24,'Données SOMIDA'!$C$71:$E$75,3,FALSE)",2
Stat,J24,=+F24*I24,2
Stat,K24,=+J24+H24,2
Stat,L24,"=IFERROR(+K24/F24,0)",2
Stat,O24,=+$C$12,1
Stat,P24,=+$D$58,1
Stat,Q24,"=SUMIF($C$58:$F$66,$C$30,$F$58:$F$66)",3
Stat,R24,"=+VLOOKUP(O24,#REF!,4,FALSE)",1
Stat,S24,=+Q24*R24,2
Stat,T24,"=SUMIF($C$58:$J$66,O24,$J$58:$J$66)",3
Stat,U24,=+S24+T24,2
Stat,V24,"=IFERROR(+U24/Q24,0)",2
Stat,B25,"=_xlfn.XLOOKUP(C25,O:O,N:N)",3
Stat,C25,='Besoins en micas'!#REF!,1
Stat,D25,='Besoins en micas'!#REF!,1
Stat,E25,='Besoins en micas'!#REF!,1
Stat,F25,='Besoins en micas'!#REF!,1
Stat,G25,"=IF(C25=""FP1"",'Données SOMIDA'!$G$73,VLOOKUP(E25,'Données SOMIDA'!$C$71:$G$75,5,FALSE))",4
Stat,H25,=+F25*G25,2
Stat,I25,"=+VLOOKUP(E25,'Données SOMIDA'!$C$71:$E$75,3,FALSE)",2
Stat,J25,=+F25*I25,2
Stat,K25,=+J25+H25,2
Stat,L25,"=IFERROR(+K25/F25,0)",2
Stat,O25,=+$C$4,1
Stat,P25,=+$D$67,1
Stat,Q25,"=SUMIF($C$67:$F$75,$C$22,$F$67:$F$75)",3
Stat,R25,"=+VLOOKUP(O25,#REF!,4,FALSE)",1
Stat,S25,=+Q25*R25,2
Stat,T25,"=SUMIF($C$67:$J$75,O25,$J$67:$J$75)",3
Stat,U25,=+S25+T25,2
Stat,V25,"=IFERROR(+U25/Q25,0)",2
Stat,B26,"=_xlfn.XLOOKUP(C26,O:O,N:N)",3
Stat,C26,='Besoins en micas'!#REF!,1
Stat,D26,='Besoins en micas'!#REF!,1
Stat,E26,='Besoins en micas'!#REF!,1
Stat,F26,='Besoins en micas'!#REF!,1
Stat,G26,"=IF(C26=""FP1"",'Données SOMIDA'!$G$73,VLOOKUP(E26,'Données SOMIDA'!$C$71:$G$75,5,FALSE))",4
Stat,H26,=+F26*G26,2
Stat,I26,"=+VLOOKUP(E26,'Données SOMIDA'!$C$71:$E$75,3,FALSE)",2
Stat,J26,=+F26*I26,2
Stat,K26,=+J26+H26,2
Stat,L26,"=IFERROR(+K26/F26,0)",2
Stat,O26,=+$C$8,1
Stat,P26,=+$D$67,1
Stat,Q26,"=SUMIF($C$67:$F$75,$C$26,$F$67:$F$75)",3
Stat,R26,"=+VLOOKUP(O26,#REF!,4,FALSE)",1
Stat,S26,=+Q26*R26,2
Stat,T26,"=SUMIF($C$67:$J$75,O26,$J$67:$J$75)",3
Stat,U26,=+S26+T26,2
Stat,V26,"=IFERROR(+U26/Q26,0)",2
Stat,B27,"=_xlfn.XLOOKUP(C27,O:O,N:N)",3
Stat,C27,='Besoins en micas'!#REF!,1
Stat,D27,='Besoins en micas'!#REF!,1
Stat,E27,='Besoins en micas'!#REF!,1
Stat,F27,='Besoins en micas'!#REF!,1
Stat,G27,"=IF(C27=""FP1"",'Données SOMIDA'!$G$73,VLOOKUP(E27,'Données SOMIDA'!$C$71:$G$75,5,FALSE))",4
Stat,H27,=+F27*G27,2
Stat,I27,"=+VLOOKUP(E27,'Données SOMIDA'!$C$71:$E$75,3,FALSE)",2
Stat,J27,=+F27*I27,2
Stat,K27,=+J27+H27,2
Stat,L27,"=IFERROR(+K27/F27,0)",2
Stat,O27,=+$C$12,1
Stat,P27,=+$D$67,1
Stat,Q27,"=SUMIF($C$67:$F$75,$C$30,$F$67:$F$75)",3
Stat,R27,"=+VLOOKUP(O27,#REF!,4,FALSE)",1
Stat,S27,=+Q27*R27,2
Stat,T27,"=SUMIF($C$67:$J$75,O27,$J$67:$J$75)",3
Stat,U27,=+S27+T27,2
Stat,V27,"=IFERROR(+U27/Q27,0)",2
Stat,B28,"=_xlfn.XLOOKUP(C28,O:O,N:N)",3
Stat,C28,='Besoins en micas'!#REF!,1
Stat,D28,='Besoins en micas'!#REF!,1
Stat,E28,='Besoins en micas'!#REF!,1
Stat,F28,='Besoins en micas'!#REF!,1
Stat,G28,"=IF(C28=""FP1"",'Données SOMIDA'!$G$73,VLOOKUP(E28,'Données SOMIDA'!$C$71:$G$75,5,FALSE))",4
Stat,H28,=+F28*G28,2
Stat,I28,"=+VLOOKUP(E28,'Données SOMIDA'!$C$71:$E$75,3,FALSE)",2
Stat,J28,=+F28*I28,2
Stat,K28,=+J28+H28,2
Stat,L28,"=IFERROR(+K28/F28,0)",2
Stat,O28,=+$C$4,1
Stat,P28,=+$D$76,1
Stat,Q28,"=SUMIF($C$76:$F$84,$C$22,$F$76:$F$84)",3
Stat,R28,"=+VLOOKUP(O28,#REF!,4,FALSE)",1
Stat,S28,=+Q28*R28,2
Stat,T28,"=SUMIF($C$76:$J$84,O28,$J$76:$J$84)",3
Stat,U28,=+S28+T28,2
Stat,V28,"=IFERROR(+U28/Q28,0)",2
Stat,B29,"=_xlfn.XLOOKUP(C29,O:O,N:N)",3
Stat,C29,='Besoins en micas'!#REF!,1
Stat,D29,='Besoins en micas'!#REF!,1
Stat,E29,='Besoins en micas'!#REF!,1
Stat,F29,='Besoins en micas'!#REF!,1
Stat,G29,"=IF(C29=""FP1"",'Données SOMIDA'!$G$73,VLOOKUP(E29,'Données SOMIDA'!$C$71:$G$75,5,FALSE))",4
Stat,H29,=+F29*G29,2
Stat,I29,"=+VLOOKUP(E29,'Données SOMIDA'!$C$71:$E$75,3,FALSE)",2
Stat,J29,=+F29*I29,2
Stat,K29,=+J29+H29,2
Stat,L29,"=IFERROR(+K29/F29,0)",2
Stat,O29,=+$C$8,1
Stat,P29,=+$D$76,1
Stat,Q29,"=SUMIF($C$76:$F$84,$C$26,$F$76:$F$84)",3
Stat,R29,"=+VLOOKUP(O29,#REF!,4,FALSE)",1
Stat,S29,=+Q29*R29,2
Stat,T29,"=SUMIF($C$76:$J$84,O29,$J$76:$J$84)",3
Stat,U29,=+S29+T29,2
Stat,V29,"=IFERROR(+U29/Q29,0)",2
Stat,B30,"=_xlfn.XLOOKUP(C30,O:O,N:N)",3
Stat,C30,='Besoins en micas'!#REF!,1
Stat,D30,='Besoins en micas'!#REF!,1
Stat,E30,='Besoins en micas'!#REF!,1
Stat,F30,='Besoins en micas'!#REF!,1
Stat,G30,"=IF(C30=""FP1"",'Données SOMIDA'!$G$73,VLOOKUP(E30,'Données SOMIDA'!$C$71:$G$75,5,FALSE))",4
Stat,H30,=+F30*G30,2
Stat,I30,"=+VLOOKUP(E30,'Données SOMIDA'!$C$71:$E$75,3,FALSE)",2
Stat,J30,=+F30*I30,2
Stat,K30,=+J30+H30,2
Stat,L30,"=IFERROR(+K30/F30,0)",2
Stat,O30,=+$C$12,1
Stat,P30,=+$D$76,1
Stat,Q30,"=SUMIF($C$76:$F$84,$C$30,$F$76:$F$84)",3
Stat,R30,"=+VLOOKUP(O30,#REF!,4,FALSE)",1
Stat,S30,=+Q30*R30,2
Stat,T30,"=SUMIF($C$76:$J$84,O30,$J$76:$J$84)",3
Stat,U30,=+S30+T30,2
Stat,V30,"=IFERROR(+U30/Q30,0)",2
Stat,B31,"=_xlfn.XLOOKUP(C31,O:O,N:N)",3
Stat,C31,='Besoins en micas'!#REF!,1
Stat,D31,='Besoins en micas'!#REF!,1
Stat,E31,='Besoins en micas'!#REF!,1
Stat,F31,='Besoins en micas'!#REF!,1
Stat,G31,"=IF(C31=""FP1"",'Données SOMIDA'!$G$73,VLOOKUP(E31,'Données SOMIDA'!$C$71:$G$75,5,FALSE))",4
Stat,H31,=+F31*G31,2
Stat,I31,"=+VLOOKUP(E31,'Données SOMIDA'!$C$71:$E$75,3,FALSE)",2
Stat,J31,=+F31*I31,2
Stat,K31,=+J31+H31,2
Stat,L31,"=IFERROR(+K31/F31,0)",2
Stat,O31,=+$C$4,1
Stat,P31,=+$D$85,1
Stat,Q31,"=SUMIF($C$85:$F$93,$C$22,$F$85:$F$93)",3
Stat,R31,"=+VLOOKUP(O31,#REF!,4,FALSE)",1
Stat,S31,=+Q31*R31,2
Stat,T31,"=SUMIF($C$85:$J$93,O31,$J$85:$J$93)",3
Stat,U31,=+S31+T31,2
Stat,V31,"=IFERROR(+U31/Q31,0)",2
Stat,B32,"=_xlfn.XLOOKUP(C32,O:O,N:N)",3
Stat,C32,='Besoins en micas'!#REF!,1
Stat,D32,='Besoins en micas'!#REF!,1
Stat,E32,='Besoins en micas'!#REF!,1
Stat,F32,='Besoins en micas'!#REF!,1
Stat,G32,"=IF(C32=""FP1"",'Données SOMIDA'!$G$73,VLOOKUP(E32,'Données SOMIDA'!$C$71:$G$75,5,FALSE))",4
Stat,H32,=+F32*G32,2
Stat,I32,"=+VLOOKUP(E32,'Données SOMIDA'!$C$71:$E$75,3,FALSE)",2
Stat,J32,=+F32*I32,2
Stat,K32,=+J32+H32,2
Stat,L32,"=IFERROR(+K32/F32,0)",2
Stat,O32,=+$C$8,1
Stat,P32,=+$D$85,1
Stat,Q32,"=SUMIF($C$85:$F$93,$C$26,$F$85:$F$93)",3
Stat,R32,"=+VLOOKUP(O32,#REF!,4,FALSE)",1
Stat,S32,=+Q32*R32,2
Stat,T32,"=SUMIF($C$85:$J$93,O32,$J$85:$J$93)",3
Stat,U32,=+S32+T32,2
Stat,V32,"=IFERROR(+U32/Q32,0)",2
Stat,B33,"=_xlfn.XLOOKUP(C33,O:O,N:N)",3
Stat,C33,='Besoins en micas'!#REF!,1
Stat,D33,='Besoins en micas'!#REF!,1
Stat,E33,='Besoins en micas'!#REF!,1
Stat,F33,='Besoins en micas'!#REF!,1
Stat,G33,"=IF(C33=""FP1"",'Données SOMIDA'!$G$73,VLOOKUP(E33,'Données SOMIDA'!$C$71:$G$75,5,FALSE))",4
Stat,H33,=+F33*G33,2
Stat,I33,"=+VLOOKUP(E33,'Données SOMIDA'!$C$71:$E$75,3,FALSE)",2
Stat,J33,=+F33*I33,2
Stat,K33,=+J33+H33,2
Stat,L33,"=IFERROR(+K33/F33,0)",2
Stat,O33,=+$C$12,1
Stat,P33,=+$D$85,1
Stat,Q33,"=SUMIF($C$85:$F$93,$C$30,$F$85:$F$93)",3
Stat,R33,"=+VLOOKUP(O33,#REF!,4,FALSE)",1
Stat,S33,=+Q33*R33,2
Stat,T33,"=SUMIF($C$85:$J$93,O33,$J$85:$J$93)",3
Stat,U33,=+S33+T33,2
Stat,V33,"=IFERROR(+U33/Q33,0)",2
Stat,B34,"=_xlfn.XLOOKUP(C34,O:O,N:N)",3
Stat,C34,='Besoins en micas'!#REF!,1
Stat,D34,='Besoins en micas'!#REF!,1
Stat,E34,='Besoins en micas'!#REF!,1
Stat,F34,='Besoins en micas'!#REF!,1
Stat,G34,"=IF(C34=""FP1"",'Données SOMIDA'!$G$73,VLOOKUP(E34,'Données SOMIDA'!$C$71:$G$75,5,FALSE))",4
Stat,H34,=+F34*G34,2
Stat,I34,"=+VLOOKUP(E34,'Données SOMIDA'!$C$71:$E$75,3,FALSE)",2
Stat,J34,=+F34*I34,2
Stat,K34,=+J34+H34,2
Stat,L34,"=IFERROR(+K34/F34,0)",2
Stat,O34,=+$C$4,1
Stat,P34,=+$D$94,1
Stat,Q34,"=SUMIF($C$94:$F$102,$C$22,$F$94:$F$102)",3
Stat,R34,"=+VLOOKUP(O34,#REF!,4,FALSE)",1
Stat,S34,=+Q34*R34,2
Stat,T34,"=SUMIF($C$94:$J$102,O34,$J$94:$J$102)",3
Stat,U34,=+S34+T34,2
Stat,V34,"=IFERROR(+U34/Q34,0)",2
Stat,B35,"=_xlfn.XLOOKUP(C35,O:O,N:N)",3
Stat,C35,='Besoins en micas'!#REF!,1
Stat,D35,='Besoins en micas'!#REF!,1
Stat,E35,='Besoins en micas'!#REF!,1
Stat,F35,='Besoins en micas'!#REF!,1
Stat,G35,"=IF(C35=""FP1"",'Données SOMIDA'!$G$73,VLOOKUP(E35,'Données SOMIDA'!$C$71:$G$75,5,FALSE))",4
Stat,H35,=+F35*G35,2
Stat,I35,"=+VLOOKUP(E35,'Données SOMIDA'!$C$71:$E$75,3,FALSE)",2
Stat,J35,=+F35*I35,2
Stat,K35,=+J35+H35,2
Stat,L35,"=IFERROR(+K35/F35,0)",2
Stat,O35,=+$C$8,1
Stat,P35,=+$D$94,1
Stat,Q35,"=SUMIF($C$94:$F$102,$C$26,$F$94:$F$102)",3
Stat,R35,"=+VLOOKUP(O35,#REF!,4,FALSE)",1
Stat,S35,=+Q35*R35,2
Stat,T35,"=SUMIF($C$94:$J$102,O35,$J$94:$J$102)",3
Stat,U35,=+S35+T35,2
Stat,V35,"=IFERROR(+U35/Q35,0)",2
Stat,B36,"=_xlfn.XLOOKUP(C36,O:O,N:N)",3
Stat,C36,='Besoins en micas'!#REF!,1
Stat,D36,='Besoins en micas'!#REF!,1
Stat,E36,='Besoins en micas'!#REF!,1
Stat,F36,='Besoins en micas'!#REF!,1
Stat,G36,"=IF(C36=""FP1"",'Données SOMIDA'!$G$73,VLOOKUP(E36,'Données SOMIDA'!$C$71:$G$75,5,FALSE))",4
Stat,H36,=+F36*G36,2
Stat,I36,"=+VLOOKUP(E36,'Données SOMIDA'!$C$71:$E$75,3,FALSE)",2
Stat,J36,=+F36*I36,2
Stat,K36,=+J36+H36,2
Stat,L36,"=IFERROR(+K36/F36,0)",2
Stat,O36,=+$C$12,1
Stat,P36,=+$D$94,1
Stat,Q36,"=SUMIF($C$94:$F$102,$C$30,$F$94:$F$102)",3
Stat,R36,"=+VLOOKUP(O36,#REF!,4,FALSE)",1
Stat,S36,=+Q36*R36,2
Stat,T36,"=SUMIF($C$94:$J$102,O36,$J$94:$J$102)",3
Stat,U36,=+S36+T36,2
Stat,V36,"=IFERROR(+U36/Q36,0)",2
Stat,B37,"=_xlfn.XLOOKUP(C37,O:O,N:N)",3
Stat,C37,='Besoins en micas'!#REF!,1
Stat,D37,='Besoins en micas'!#REF!,1
Stat,E37,='Besoins en micas'!#REF!,1
Stat,F37,='Besoins en micas'!#REF!,1
Stat,G37,"=IF(C37=""FP1"",'Données SOMIDA'!$G$73,VLOOKUP(E37,'Données SOMIDA'!$C$71:$G$75,5,FALSE))",4
Stat,H37,=+F37*G37,2
Stat,I37,"=+VLOOKUP(E37,'Données SOMIDA'!$C$71:$E$75,3,FALSE)",2
Stat,J37,=+F37*I37,2
Stat,K37,=+J37+H37,2
Stat,L37,"=IFERROR(+K37/F37,0)",2
Stat,O37,=+$C$4,1
Stat,P37,=+$D$103,1
Stat,Q37,"=SUMIF($C$103:$F$111,$C$22,$F$103:$F$111)",3
Stat,R37,"=+VLOOKUP(O37,#REF!,4,FALSE)",1
Stat,S37,=+Q37*R37,2
Stat,T37,"=SUMIF($C$103:$J$111,O37,$J$103:$J$111)",3
Stat,U37,=+S37+T37,2
Stat,V37,"=IFERROR(+U37/Q37,0)",2
Stat,B38,"=_xlfn.XLOOKUP(C38,O:O,N:N)",3
Stat,C38,='Besoins en micas'!#REF!,1
Stat,D38,='Besoins en micas'!#REF!,1
Stat,E38,='Besoins en micas'!#REF!,1
Stat,F38,='Besoins en micas'!#REF!,1
Stat,G38,"=IF(C38=""FP1"",'Données SOMIDA'!$G$73,VLOOKUP(E38,'Données SOMIDA'!$C$71:$G$75,5,FALSE))",4
Stat,H38,=+F38*G38,2
Stat,I38,"=+VLOOKUP(E38,'Données SOMIDA'!$C$71:$E$75,3,FALSE)",2
Stat,J38,=+F38*I38,2
Stat,K38,=+J38+H38,2
Stat,L38,"=IFERROR(+K38/F38,0)",2
Stat,O38,=+$C$8,1
Stat,P38,=+$D$103,1
Stat,Q38,"=SUMIF($C$103:$F$111,$C$26,$F$103:$F$111)",3
Stat,R38,"=+VLOOKUP(O38,#REF!,4,FALSE)",1
Stat,S38,=+Q38*R38,2
Stat,T38,"=SUMIF($C$103:$J$111,O38,$J$103:$J$111)",3
Stat,U38,=+S38+T38,2
Stat,V38,"=IFERROR(+U38/Q38,0)",2
Stat,B39,"=_xlfn.XLOOKUP(C39,O:O,N:N)",3
Stat,C39,='Besoins en micas'!#REF!,1
Stat,D39,='Besoins en micas'!#REF!,1
Stat,E39,='Besoins en micas'!#REF!,1
Stat,F39,='Besoins en micas'!#REF!,1
Stat,G39,"=IF(C39=""FP1"",'Données SOMIDA'!$G$73,VLOOKUP(E39,'Données SOMIDA'!$C$71:$G$75,5,FALSE))",4
Stat,H39,=+F39*G39,2
Stat,I39,"=+VLOOKUP(E39,'Données SOMIDA'!$C$71:$E$75,3,FALSE)",2
Stat,J39,=+F39*I39,2
Stat,K39,=+J39+H39,2
Stat,L39,"=IFERROR(+K39/F39,0)",2
Stat,O39,=+$C$12,1
Stat,P39,=+$D$103,1
Stat,Q39,"=SUMIF($C$103:$F$111,$C$30,$F$103:$F$111)",3
Stat,R39,"=+VLOOKUP(O39,#REF!,4,FALSE)",1
Stat,S39,=+Q39*R39,2
Stat,T39,"=SUMIF($C$103:$J$111,O39,$J$103:$J$111)",3
Stat,U39,=+S39+T39,2
Stat,V39,"=IFERROR(+U39/Q39,0)",2
Stat,B40,"=_xlfn.XLOOKUP(C40,O:O,N:N)",3
Stat,C40,='Besoins en micas'!#REF!,1
Stat,D40,='Besoins en micas'!#REF!,1
Stat,E40,='Besoins en micas'!#REF!,1
Stat,F40,='Besoins en micas'!#REF!,1
Stat,G40,"=IF(C40=""FP1"",'Données SOMIDA'!$G$73,VLOOKUP(E40,'Données SOMIDA'!$C$71:$G$75,5,FALSE))",4
Stat,H40,=+F40*G40,2
Stat,I40,"=+VLOOKUP(E40,'Données SOMIDA'!$C$71:$E$75,3,FALSE)",2
Stat,J40,=+F40*I40,2
Stat,K40,=+J40+H40,2
Stat,L40,"=IFERROR(+K40/F40,0)",2
Stat,Q40,=SUM(Q4:Q39),1
Stat,S40,=SUM(S4:S39),1
Stat,T40,=SUM(T4:T39),1
Stat,U40,=SUM(U4:U39),1
Stat,V40,"=IFERROR(+U40/Q40,0)",2
Stat,B41,"=_xlfn.XLOOKUP(C41,O:O,N:N)",3
Stat,C41,='Besoins en micas'!#REF!,1
Stat,D41,='Besoins en micas'!#REF!,1
Stat,E41,='Besoins en micas'!#REF!,1
Stat,F41,='Besoins en micas'!#REF!,1
Stat,G41,"=IF(C41=""FP1"",'Données SOMIDA'!$G$73,VLOOKUP(E41,'Données SOMIDA'!$C$71:$G$75,5,FALSE))",4
Stat,H41,=+F41*G41,2
Stat,I41,"=+VLOOKUP(E41,'Données SOMIDA'!$C$71:$E$75,3,FALSE)",2
Stat,J41,=+F41*I41,2
Stat,K41,=+J41+H41,2
Stat,L41,"=IFERROR(+K41/F41,0)",2
Stat,B42,"=_xlfn.XLOOKUP(C42,O:O,N:N)",3
Stat,C42,='Besoins en micas'!#REF!,1
Stat,D42,='Besoins en micas'!#REF!,1
Stat,E42,='Besoins en micas'!#REF!,1
Stat,F42,='Besoins en micas'!#REF!,1
Stat,G42,"=IF(C42=""FP1"",'Données SOMIDA'!$G$73,VLOOKUP(E42,'Données SOMIDA'!$C$71:$G$75,5,FALSE))",4
Stat,H42,=+F42*G42,2
Stat,I42,"=+VLOOKUP(E42,'Données SOMIDA'!$C$71:$E$75,3,FALSE)",2
Stat,J42,=+F42*I42,2
Stat,K42,=+J42+H42,2
Stat,L42,"=IFERROR(+K42/F42,0)",2
Stat,B43,"=_xlfn.XLOOKUP(C43,O:O,N:N)",3
Stat,C43,='Besoins en micas'!#REF!,1
Stat,D43,='Besoins en micas'!#REF!,1
Stat,E43,='Besoins en micas'!#REF!,1
Stat,F43,='Besoins en micas'!#REF!,1
Stat,G43,"=IF(C43=""FP1"",'Données SOMIDA'!$G$73,VLOOKUP(E43,'Données SOMIDA'!$C$71:$G$75,5,FALSE))",4
Stat,H43,=+F43*G43,2
Stat,I43,"=+VLOOKUP(E43,'Données SOMIDA'!$C$71:$E$75,3,FALSE)",2
Stat,J43,=+F43*I43,2
Stat,K43,=+J43+H43,2
Stat,L43,"=IFERROR(+K43/F43,0)",2
Stat,B44,"=_xlfn.XLOOKUP(C44,O:O,N:N)",3
Stat,C44,='Besoins en micas'!#REF!,1
Stat,D44,='Besoins en micas'!#REF!,1
Stat,E44,='Besoins en micas'!#REF!,1
Stat,F44,='Besoins en micas'!#REF!,1
Stat,G44,"=IF(C44=""FP1"",'Données SOMIDA'!$G$73,VLOOKUP(E44,'Données SOMIDA'!$C$71:$G$75,5,FALSE))",4
Stat,H44,=+F44*G44,2
Stat,I44,"=+VLOOKUP(E44,'Données SOMIDA'!$C$71:$E$75,3,FALSE)",2
Stat,J44,=+F44*I44,2
Stat,K44,=+J44+H44,2
Stat,L44,"=IFERROR(+K44/F44,0)",2
Stat,B45,"=_xlfn.XLOOKUP(C45,O:O,N:N)",3
Stat,C45,='Besoins en micas'!#REF!,1
Stat,D45,='Besoins en micas'!#REF!,1
Stat,E45,='Besoins en micas'!#REF!,1
Stat,F45,='Besoins en micas'!#REF!,1
Stat,G45,"=IF(C45=""FP1"",'Données SOMIDA'!$G$73,VLOOKUP(E45,'Données SOMIDA'!$C$71:$G$75,5,FALSE))",4
Stat,H45,=+F45*G45,2
Stat,I45,"=+VLOOKUP(E45,'Données SOMIDA'!$C$71:$E$75,3,FALSE)",2
Stat,J45,=+F45*I45,2
Stat,K45,=+J45+H45,2
Stat,L45,"=IFERROR(+K45/F45,0)",2
Stat,B46,"=_xlfn.XLOOKUP(C46,O:O,N:N)",3
Stat,C46,='Besoins en micas'!#REF!,1
Stat,D46,='Besoins en micas'!#REF!,1
Stat,E46,='Besoins en micas'!#REF!,1
Stat,F46,='Besoins en micas'!#REF!,1
Stat,G46,"=IF(C46=""FP1"",'Données SOMIDA'!$G$73,VLOOKUP(E46,'Données SOMIDA'!$C$71:$G$75,5,FALSE))",4
Stat,H46,=+F46*G46,2
Stat,I46,"=+VLOOKUP(E46,'Données SOMIDA'!$C$71:$E$75,3,FALSE)",2
Stat,J46,=+F46*I46,2
Stat,K46,=+J46+H46,2
Stat,L46,"=IFERROR(+K46/F46,0)",2
Stat,B47,"=_xlfn.XLOOKUP(C47,O:O,N:N)",3
Stat,C47,='Besoins en micas'!#REF!,1
Stat,D47,='Besoins en micas'!#REF!,1
Stat,E47,='Besoins en micas'!#REF!,1
Stat,F47,='Besoins en micas'!#REF!,1
Stat,G47,"=IF(C47=""FP1"",'Données SOMIDA'!$G$73,VLOOKUP(E47,'Données SOMIDA'!$C$71:$G$75,5,FALSE))",4
Stat,H47,=+F47*G47,2
Stat,I47,"=+VLOOKUP(E47,'Données SOMIDA'!$C$71:$E$75,3,FALSE)",2
Stat,J47,=+F47*I47,2
Stat,K47,=+J47+H47,2
Stat,L47,"=IFERROR(+K47/F47,0)",2
Stat,B48,"=_xlfn.XLOOKUP(C48,O:O,N:N)",3
Stat,C48,='Besoins en micas'!#REF!,1
Stat,D48,='Besoins en micas'!#REF!,1
Stat,E48,='Besoins en micas'!#REF!,1
Stat,F48,='Besoins en micas'!#REF!,1
Stat,G48,"=IF(C48=""FP1"",'Données SOMIDA'!$G$73,VLOOKUP(E48,'Données SOMIDA'!$C$71:$G$75,5,FALSE))",4
Stat,H48,=+F48*G48,2
Stat,I48,"=+VLOOKUP(E48,'Données SOMIDA'!$C$71:$E$75,3,FALSE)",2
Stat,J48,=+F48*I48,2
Stat,K48,=+J48+H48,2
Stat,L48,"=IFERROR(+K48/F48,0)",2
Stat,B49,"=_xlfn.XLOOKUP(C49,O:O,N:N)",3
Stat,C49,='Besoins en micas'!#REF!,1
Stat,D49,='Besoins en micas'!#REF!,1
Stat,E49,='Besoins en micas'!#REF!,1
Stat,F49,='Besoins en micas'!#REF!,1
Stat,G49,"=IF(C49=""FP1"",'Données SOMIDA'!$G$73,VLOOKUP(E49,'Données SOMIDA'!$C$71:$G$75,5,FALSE))",4
Stat,H49,=+F49*G49,2
Stat,I49,"=+VLOOKUP(E49,'Données SOMIDA'!$C$71:$E$75,3,FALSE)",2
Stat,J49,=+F49*I49,2
Stat,K49,=+J49+H49,2
Stat,L49,"=IFERROR(+K49/F49,0)",2
Stat,B50,"=_xlfn.XLOOKUP(C50,O:O,N:N)",3
Stat,C50,='Besoins en micas'!#REF!,1
Stat,D50,='Besoins en micas'!#REF!,1
Stat,E50,='Besoins en micas'!#REF!,1
Stat,F50,='Besoins en micas'!#REF!,1
Stat,G50,"=IF(C50=""FP1"",'Données SOMIDA'!$G$73,VLOOKUP(E50,'Données SOMIDA'!$C$71:$G$75,5,FALSE))",4
Stat,H50,=+F50*G50,2
Stat,I50,"=+VLOOKUP(E50,'Données SOMIDA'!$C$71:$E$75,3,FALSE)",2
Stat,J50,=+F50*I50,2
Stat,K50,=+J50+H50,2
Stat,L50,"=IFERROR(+K50/F50,0)",2
Stat,B51,"=_xlfn.XLOOKUP(C51,O:O,N:N)",3
Stat,C51,='Besoins en micas'!#REF!,1
Stat,D51,='Besoins en micas'!#REF!,1
Stat,E51,='Besoins en micas'!#REF!,1
Stat,F51,='Besoins en micas'!#REF!,1
Stat,G51,"=IF(C51=""FP1"",'Données SOMIDA'!$G$73,VLOOKUP(E51,'Données SOMIDA'!$C$71:$G$75,5,FALSE))",4
Stat,H51,=+F51*G51,2
Stat,I51,"=+VLOOKUP(E51,'Données SOMIDA'!$C$71:$E$75,3,FALSE)",2
Stat,J51,=+F51*I51,2
Stat,K51,=+J51+H51,2
Stat,L51,"=IFERROR(+K51/F51,0)",2
Stat,B52,"=_xlfn.XLOOKUP(C52,O:O,N:N)",3
Stat,C52,='Besoins en micas'!#REF!,1
Stat,D52,='Besoins en micas'!#REF!,1
Stat,E52,='Besoins en micas'!#REF!,1
Stat,F52,='Besoins en micas'!#REF!,1
Stat,G52,"=IF(C52=""FP1"",'Données SOMIDA'!$G$73,VLOOKUP(E52,'Données SOMIDA'!$C$71:$G$75,5,FALSE))",4
Stat,H52,=+F52*G52,2
Stat,I52,"=+VLOOKUP(E52,'Données SOMIDA'!$C$71:$E$75,3,FALSE)",2
Stat,J52,=+F52*I52,2
Stat,K52,=+J52+H52,2
Stat,L52,"=IFERROR(+K52/F52,0)",2
Stat,B53,"=_xlfn.XLOOKUP(C53,O:O,N:N)",3
Stat,C53,='Besoins en micas'!#REF!,1
Stat,D53,='Besoins en micas'!#REF!,1
Stat,E53,='Besoins en micas'!#REF!,1
Stat,F53,='Besoins en micas'!#REF!,1
Stat,G53,"=IF(C53=""FP1"",'Données SOMIDA'!$G$73,VLOOKUP(E53,'Données SOMIDA'!$C$71:$G$75,5,FALSE))",4
Stat,H53,=+F53*G53,2
Stat,I53,"=+VLOOKUP(E53,'Données SOMIDA'!$C$71:$E$75,3,FALSE)",2
Stat,J53,=+F53*I53,2
Stat,K53,=+J53+H53,2
Stat,L53,"=IFERROR(+K53/F53,0)",2
Stat,B54,"=_xlfn.XLOOKUP(C54,O:O,N:N)",3
Stat,C54,='Besoins en micas'!#REF!,1
Stat,D54,='Besoins en micas'!#REF!,1
Stat,E54,='Besoins en micas'!#REF!,1
Stat,F54,='Besoins en micas'!#REF!,1
Stat,G54,"=IF(C54=""FP1"",'Données SOMIDA'!$G$73,VLOOKUP(E54,'Données SOMIDA'!$C$71:$G$75,5,FALSE))",4
Stat,H54,=+F54*G54,2
Stat,I54,"=+VLOOKUP(E54,'Données SOMIDA'!$C$71:$E$75,3,FALSE)",2
Stat,J54,=+F54*I54,2
Stat,K54,=+J54+H54,2
Stat,L54,"=IFERROR(+K54/F54,0)",2
Stat,B55,"=_xlfn.XLOOKUP(C55,O:O,N:N)",3
Stat,C55,='Besoins en micas'!#REF!,1
Stat,D55,='Besoins en micas'!#REF!,1
Stat,E55,='Besoins en micas'!#REF!,1
Stat,F55,='Besoins en micas'!#REF!,1
Stat,G55,"=IF(C55=""FP1"",'Données SOMIDA'!$G$73,VLOOKUP(E55,'Données SOMIDA'!$C$71:$G$75,5,FALSE))",4
Stat,H55,=+F55*G55,2
Stat,I55,"=+VLOOKUP(E55,'Données SOMIDA'!$C$71:$E$75,3,FALSE)",2
Stat,J55,=+F55*I55,2
Stat,K55,=+J55+H55,2
Stat,L55,"=IFERROR(+K55/F55,0)",2
Stat,B56,"=_xlfn.XLOOKUP(C56,O:O,N:N)",3
Stat,C56,='Besoins en micas'!#REF!,1
Stat,D56,='Besoins en micas'!#REF!,1
Stat,E56,='Besoins en micas'!#REF!,1
Stat,F56,='Besoins en micas'!#REF!,1
Stat,G56,"=IF(C56=""FP1"",'Données SOMIDA'!$G$73,VLOOKUP(E56,'Données SOMIDA'!$C$71:$G$75,5,FALSE))",4
Stat,H56,=+F56*G56,2
Stat,I56,"=+VLOOKUP(E56,'Données SOMIDA'!$C$71:$E$75,3,FALSE)",2
Stat,J56,=+F56*I56,2
Stat,K56,=+J56+H56,2
Stat,L56,"=IFERROR(+K56/F56,0)",2
Stat,B57,"=_xlfn.XLOOKUP(C57,O:O,N:N)",3
Stat,C57,='Besoins en micas'!#REF!,1
Stat,D57,='Besoins en micas'!#REF!,1
Stat,E57,='Besoins en micas'!#REF!,1
Stat,F57,='Besoins en micas'!#REF!,1
Stat,G57,"=IF(C57=""FP1"",'Données SOMIDA'!$G$73,VLOOKUP(E57,'Données SOMIDA'!$C$71:$G$75,5,FALSE))",4
Stat,H57,=+F57*G57,2
Stat,I57,"=+VLOOKUP(E57,'Données SOMIDA'!$C$71:$E$75,3,FALSE)",2
Stat,J57,=+F57*I57,2
Stat,K57,=+J57+H57,2
Stat,L57,"=IFERROR(+K57/F57,0)",2
Stat,B58,"=_xlfn.XLOOKUP(C58,O:O,N:N)",3
Stat,C58,='Besoins en micas'!#REF!,1
Stat,D58,='Besoins en micas'!#REF!,1
Stat,E58,='Besoins en micas'!#REF!,1
Stat,F58,='Besoins en micas'!#REF!,1
Stat,G58,"=IF(C58=""FP1"",'Données SOMIDA'!$G$73,VLOOKUP(E58,'Données SOMIDA'!$C$71:$G$75,5,FALSE))",4
Stat,H58,=+F58*G58,2
Stat,I58,"=+VLOOKUP(E58,'Données SOMIDA'!$C$71:$E$75,3,FALSE)",2
Stat,J58,=+F58*I58,2
Stat,K58,=+J58+H58,2
Stat,L58,"=IFERROR(+K58/F58,0)",2
Stat,B59,"=_xlfn.XLOOKUP(C59,O:O,N:N)",3
Stat,C59,='Besoins en micas'!#REF!,1
Stat,D59,='Besoins en micas'!#REF!,1
Stat,E59,='Besoins en micas'!#REF!,1
Stat,F59,='Besoins en micas'!#REF!,1
Stat,G59,"=IF(C59=""FP1"",'Données SOMIDA'!$G$73,VLOOKUP(E59,'Données SOMIDA'!$C$71:$G$75,5,FALSE))",4
Stat,H59,=+F59*G59,2
Stat,I59,"=+VLOOKUP(E59,'Données SOMIDA'!$C$71:$E$75,3,FALSE)",2
Stat,J59,=+F59*I59,2
Stat,K59,=+J59+H59,2
Stat,L59,"=IFERROR(+K59/F59,0)",2
Stat,B60,"=_xlfn.XLOOKUP(C60,O:O,N:N)",3
Stat,C60,='Besoins en micas'!#REF!,1
Stat,D60,='Besoins en micas'!#REF!,1
Stat,E60,='Besoins en micas'!#REF!,1
Stat,F60,='Besoins en micas'!#REF!,1
Stat,G60,"=IF(C60=""FP1"",'Données SOMIDA'!$G$73,VLOOKUP(E60,'Données SOMIDA'!$C$71:$G$75,5,FALSE))",4
Stat,H60,=+F60*G60,2
Stat,I60,"=+VLOOKUP(E60,'Données SOMIDA'!$C$71:$E$75,3,FALSE)",2
Stat,J60,=+F60*I60,2
Stat,K60,=+J60+H60,2
Stat,L60,"=IFERROR(+K60/F60,0)",2
Stat,B61,"=_xlfn.XLOOKUP(C61,O:O,N:N)",3
Stat,C61,='Besoins en micas'!#REF!,1
Stat,D61,='Besoins en micas'!#REF!,1
Stat,E61,='Besoins en micas'!#REF!,1
Stat,F61,='Besoins en micas'!#REF!,1
Stat,G61,"=IF(C61=""FP1"",'Données SOMIDA'!$G$73,VLOOKUP(E61,'Données SOMIDA'!$C$71:$G$75,5,FALSE))",4
Stat,H61,=+F61*G61,2
Stat,I61,"=+VLOOKUP(E61,'Données SOMIDA'!$C$71:$E$75,3,FALSE)",2
Stat,J61,=+F61*I61,2
Stat,K61,=+J61+H61,2
Stat,L61,"=IFERROR(+K61/F61,0)",2
Stat,B62,"=_xlfn.XLOOKUP(C62,O:O,N:N)",3
Stat,C62,='Besoins en micas'!#REF!,1
Stat,D62,='Besoins en micas'!#REF!,1
Stat,E62,='Besoins en micas'!#REF!,1
Stat,F62,='Besoins en micas'!#REF!,1
Stat,G62,"=IF(C62=""FP1"",'Données SOMIDA'!$G$73,VLOOKUP(E62,'Données SOMIDA'!$C$71:$G$75,5,FALSE))",4
Stat,H62,=+F62*G62,2
Stat,I62,"=+VLOOKUP(E62,'Données SOMIDA'!$C$71:$E$75,3,FALSE)",2
Stat,J62,=+F62*I62,2
Stat,K62,=+J62+H62,2
Stat,L62,"=IFERROR(+K62/F62,0)",2
Stat,B63,"=_xlfn.XLOOKUP(C63,O:O,N:N)",3
Stat,C63,='Besoins en micas'!#REF!,1
Stat,D63,='Besoins en micas'!#REF!,1
Stat,E63,='Besoins en micas'!#REF!,1
Stat,F63,='Besoins en micas'!#REF!,1
Stat,G63,"=IF(C63=""FP1"",'Données SOMIDA'!$G$73,VLOOKUP(E63,'Données SOMIDA'!$C$71:$G$75,5,FALSE))",4
Stat,H63,=+F63*G63,2
Stat,I63,"=+VLOOKUP(E63,'Données SOMIDA'!$C$71:$E$75,3,FALSE)",2
Stat,J63,=+F63*I63,2
Stat,K63,=+J63+H63,2
Stat,L63,"=IFERROR(+K63/F63,0)",2
Stat,B64,"=_xlfn.XLOOKUP(C64,O:O,N:N)",3
Stat,C64,='Besoins en micas'!#REF!,1
Stat,D64,='Besoins en micas'!#REF!,1
Stat,E64,='Besoins en micas'!#REF!,1
Stat,F64,='Besoins en micas'!#REF!,1
Stat,G64,"=IF(C64=""FP1"",'Données SOMIDA'!$G$73,VLOOKUP(E64,'Données SOMIDA'!$C$71:$G$75,5,FALSE))",4
Stat,H64,=+F64*G64,2
Stat,I64,"=+VLOOKUP(E64,'Données SOMIDA'!$C$71:$E$75,3,FALSE)",2
Stat,J64,=+F64*I64,2
Stat,K64,=+J64+H64,2
Stat,L64,"=IFERROR(+K64/F64,0)",2
Stat,B65,"=_xlfn.XLOOKUP(C65,O:O,N:N)",3
Stat,C65,='Besoins en micas'!#REF!,1
Stat,D65,='Besoins en micas'!#REF!,1
Stat,E65,='Besoins en micas'!#REF!,1
Stat,F65,='Besoins en micas'!#REF!,1
Stat,G65,"=IF(C65=""FP1"",'Données SOMIDA'!$G$73,VLOOKUP(E65,'Données SOMIDA'!$C$71:$G$75,5,FALSE))",4
Stat,H65,=+F65*G65,2
Stat,I65,"=+VLOOKUP(E65,'Données SOMIDA'!$C$71:$E$75,3,FALSE)",2
Stat,J65,=+F65*I65,2
Stat,K65,=+J65+H65,2
Stat,L65,"=IFERROR(+K65/F65,0)",2
Stat,B66,"=_xlfn.XLOOKUP(C66,O:O,N:N)",3
Stat,C66,='Besoins en micas'!#REF!,1
Stat,D66,='Besoins en micas'!#REF!,1
Stat,E66,='Besoins en micas'!#REF!,1
Stat,F66,='Besoins en micas'!#REF!,1
Stat,G66,"=IF(C66=""FP1"",'Données SOMIDA'!$G$73,VLOOKUP(E66,'Données SOMIDA'!$C$71:$G$75,5,FALSE))",4
Stat,H66,=+F66*G66,2
Stat,I66,"=+VLOOKUP(E66,'Données SOMIDA'!$C$71:$E$75,3,FALSE)",2
Stat,J66,=+F66*I66,2
Stat,K66,=+J66+H66,2
Stat,L66,"=IFERROR(+K66/F66,0)",2
Stat,B67,"=_xlfn.XLOOKUP(C67,O:O,N:N)",3
Stat,C67,='Besoins en micas'!#REF!,1
Stat,D67,='Besoins en micas'!#REF!,1
Stat,E67,='Besoins en micas'!#REF!,1
Stat,F67,='Besoins en micas'!#REF!,1
Stat,G67,"=IF(C67=""FP1"",'Données SOMIDA'!$G$73,VLOOKUP(E67,'Données SOMIDA'!$C$71:$G$75,5,FALSE))",4
Stat,H67,=+F67*G67,2
Stat,I67,"=+VLOOKUP(E67,'Données SOMIDA'!$C$71:$E$75,3,FALSE)",2
Stat,J67,=+F67*I67,2
Stat,K67,=+J67+H67,2
Stat,L67,"=IFERROR(+K67/F67,0)",2
Stat,B68,"=_xlfn.XLOOKUP(C68,O:O,N:N)",3
Stat,C68,='Besoins en micas'!#REF!,1
Stat,D68,='Besoins en micas'!#REF!,1
Stat,E68,='Besoins en micas'!#REF!,1
Stat,F68,='Besoins en micas'!#REF!,1
Stat,G68,"=IF(C68=""FP1"",'Données SOMIDA'!$G$73,VLOOKUP(E68,'Données SOMIDA'!$C$71:$G$75,5,FALSE))",4
Stat,H68,=+F68*G68,2
Stat,I68,"=+VLOOKUP(E68,'Données SOMIDA'!$C$71:$E$75,3,FALSE)",2
Stat,J68,=+F68*I68,2
Stat,K68,=+J68+H68,2
Stat,L68,"=IFERROR(+K68/F68,0)",2
Stat,B69,"=_xlfn.XLOOKUP(C69,O:O,N:N)",3
Stat,C69,='Besoins en micas'!#REF!,1
Stat,D69,='Besoins en micas'!#REF!,1
Stat,E69,='Besoins en micas'!#REF!,1
Stat,F69,='Besoins en micas'!#REF!,1
Stat,G69,"=IF(C69=""FP1"",'Données SOMIDA'!$G$73,VLOOKUP(E69,'Données SOMIDA'!$C$71:$G$75,5,FALSE))",4
Stat,H69,=+F69*G69,2
Stat,I69,"=+VLOOKUP(E69,'Données SOMIDA'!$C$71:$E$75,3,FALSE)",2
Stat,J69,=+F69*I69,2
Stat,K69,=+J69+H69,2
Stat,L69,"=IFERROR(+K69/F69,0)",2
Stat,B70,"=_xlfn.XLOOKUP(C70,O:O,N:N)",3
Stat,C70,='Besoins en micas'!#REF!,1
Stat,D70,='Besoins en micas'!#REF!,1
Stat,E70,='Besoins en micas'!#REF!,1
Stat,F70,='Besoins en micas'!#REF!,1
Stat,G70,"=IF(C70=""FP1"",'Données SOMIDA'!$G$73,VLOOKUP(E70,'Données SOMIDA'!$C$71:$G$75,5,FALSE))",4
Stat,H70,=+F70*G70,2
Stat,I70,"=+VLOOKUP(E70,'Données SOMIDA'!$C$71:$E$75,3,FALSE)",2
Stat,J70,=+F70*I70,2
Stat,K70,=+J70+H70,2
Stat,L70,"=IFERROR(+K70/F70,0)",2
Stat,B71,"=_xlfn.XLOOKUP(C71,O:O,N:N)",3
Stat,C71,='Besoins en micas'!#REF!,1
Stat,D71,='Besoins en micas'!#REF!,1
Stat,E71,='Besoins en micas'!#REF!,1
Stat,F71,='Besoins en micas'!#REF!,1
Stat,G71,"=IF(C71=""FP1"",'Données SOMIDA'!$G$73,VLOOKUP(E71,'Données SOMIDA'!$C$71:$G$75,5,FALSE))",4
Stat,H71,=+F71*G71,2
Stat,I71,"=+VLOOKUP(E71,'Données SOMIDA'!$C$71:$E$75,3,FALSE)",2
Stat,J71,=+F71*I71,2
Stat,K71,=+J71+H71,2
Stat,L71,"=IFERROR(+K71/F71,0)",2
Stat,B72,"=_xlfn.XLOOKUP(C72,O:O,N:N)",3
Stat,C72,='Besoins en micas'!#REF!,1
Stat,D72,='Besoins en micas'!#REF!,1
Stat,E72,='Besoins en micas'!#REF!,1
Stat,F72,='Besoins en micas'!#REF!,1
Stat,G72,"=IF(C72=""FP1"",'Données SOMIDA'!$G$73,VLOOKUP(E72,'Données SOMIDA'!$C$71:$G$75,5,FALSE))",4
Stat,H72,=+F72*G72,2
Stat,I72,"=+VLOOKUP(E72,'Données SOMIDA'!$C$71:$E$75,3,FALSE)",2
Stat,J72,=+F72*I72,2
Stat,K72,=+J72+H72,2
Stat,L72,"=IFERROR(+K72/F72,0)",2
Stat,B73,"=_xlfn.XLOOKUP(C73,O:O,N:N)",3
Stat,C73,='Besoins en micas'!#REF!,1
Stat,D73,='Besoins en micas'!#REF!,1
Stat,E73,='Besoins en micas'!#REF!,1
Stat,F73,='Besoins en micas'!#REF!,1
Stat,G73,"=IF(C73=""FP1"",'Données SOMIDA'!$G$73,VLOOKUP(E73,'Données SOMIDA'!$C$71:$G$75,5,FALSE))",4
Stat,H73,=+F73*G73,2
Stat,I73,"=+VLOOKUP(E73,'Données SOMIDA'!$C$71:$E$75,3,FALSE)",2
Stat,J73,=+F73*I73,2
Stat,K73,=+J73+H73,2
Stat,L73,"=IFERROR(+K73/F73,0)",2
Stat,B74,"=_xlfn.XLOOKUP(C74,O:O,N:N)",3
Stat,C74,='Besoins en micas'!#REF!,1
Stat,D74,='Besoins en micas'!#REF!,1
Stat,E74,='Besoins en micas'!#REF!,1
Stat,F74,='Besoins en micas'!#REF!,1
Stat,G74,"=IF(C74=""FP1"",'Données SOMIDA'!$G$73,VLOOKUP(E74,'Données SOMIDA'!$C$71:$G$75,5,FALSE))",4
Stat,H74,=+F74*G74,2
Stat,I74,"=+VLOOKUP(E74,'Données SOMIDA'!$C$71:$E$75,3,FALSE)",2
Stat,J74,=+F74*I74,2
Stat,K74,=+J74+H74,2
Stat,L74,"=IFERROR(+K74/F74,0)",2
Stat,B75,"=_xlfn.XLOOKUP(C75,O:O,N:N)",3
Stat,C75,='Besoins en micas'!#REF!,1
Stat,D75,='Besoins en micas'!#REF!,1
Stat,E75,='Besoins en micas'!#REF!,1
Stat,F75,='Besoins en micas'!#REF!,1
Stat,G75,"=IF(C75=""FP1"",'Données SOMIDA'!$G$73,VLOOKUP(E75,'Données SOMIDA'!$C$71:$G$75,5,FALSE))",4
Stat,H75,=+F75*G75,2
Stat,I75,"=+VLOOKUP(E75,'Données SOMIDA'!$C$71:$E$75,3,FALSE)",2
Stat,J75,=+F75*I75,2
Stat,K75,=+J75+H75,2
Stat,L75,"=IFERROR(+K75/F75,0)",2
Stat,B76,"=_xlfn.XLOOKUP(C76,O:O,N:N)",3
Stat,C76,='Besoins en micas'!#REF!,1
Stat,D76,='Besoins en micas'!#REF!,1
Stat,E76,='Besoins en micas'!#REF!,1
Stat,F76,='Besoins en micas'!#REF!,1
Stat,G76,"=IF(C76=""FP1"",'Données SOMIDA'!$G$73,VLOOKUP(E76,'Données SOMIDA'!$C$71:$G$75,5,FALSE))",4
Stat,H76,=+F76*G76,2
Stat,I76,"=+VLOOKUP(E76,'Données SOMIDA'!$C$71:$E$75,3,FALSE)",2
Stat,J76,=+F76*I76,2
Stat,K76,=+J76+H76,2
Stat,L76,"=IFERROR(+K76/F76,0)",2
Stat,B77,"=_xlfn.XLOOKUP(C77,O:O,N:N)",3
Stat,C77,='Besoins en micas'!#REF!,1
Stat,D77,='Besoins en micas'!#REF!,1
Stat,E77,='Besoins en micas'!#REF!,1
Stat,F77,='Besoins en micas'!#REF!,1
Stat,G77,"=IF(C77=""FP1"",'Données SOMIDA'!$G$73,VLOOKUP(E77,'Données SOMIDA'!$C$71:$G$75,5,FALSE))",4
Stat,H77,=+F77*G77,2
Stat,I77,"=+VLOOKUP(E77,'Données SOMIDA'!$C$71:$E$75,3,FALSE)",2
Stat,J77,=+F77*I77,2
Stat,K77,=+J77+H77,2
Stat,L77,"=IFERROR(+K77/F77,0)",2
Stat,B78,"=_xlfn.XLOOKUP(C78,O:O,N:N)",3
Stat,C78,='Besoins en micas'!#REF!,1
Stat,D78,='Besoins en micas'!#REF!,1
Stat,E78,='Besoins en micas'!#REF!,1
Stat,F78,='Besoins en micas'!#REF!,1
Stat,G78,"=IF(C78=""FP1"",'Données SOMIDA'!$G$73,VLOOKUP(E78,'Données SOMIDA'!$C$71:$G$75,5,FALSE))",4
Stat,H78,=+F78*G78,2
Stat,I78,"=+VLOOKUP(E78,'Données SOMIDA'!$C$71:$E$75,3,FALSE)",2
Stat,J78,=+F78*I78,2
Stat,K78,=+J78+H78,2
Stat,L78,"=IFERROR(+K78/F78,0)",2
Stat,B79,"=_xlfn.XLOOKUP(C79,O:O,N:N)",3
Stat,C79,='Besoins en micas'!#REF!,1
Stat,D79,='Besoins en micas'!#REF!,1
Stat,E79,='Besoins en micas'!#REF!,1
Stat,F79,='Besoins en micas'!#REF!,1
Stat,G79,"=IF(C79=""FP1"",'Données SOMIDA'!$G$73,VLOOKUP(E79,'Données SOMIDA'!$C$71:$G$75,5,FALSE))",4
Stat,H79,=+F79*G79,2
Stat,I79,"=+VLOOKUP(E79,'Données SOMIDA'!$C$71:$E$75,3,FALSE)",2
Stat,J79,=+F79*I79,2
Stat,K79,=+J79+H79,2
Stat,L79,"=IFERROR(+K79/F79,0)",2
Stat,B80,"=_xlfn.XLOOKUP(C80,O:O,N:N)",3
Stat,C80,='Besoins en micas'!#REF!,1
Stat,D80,='Besoins en micas'!#REF!,1
Stat,E80,='Besoins en micas'!#REF!,1
Stat,F80,='Besoins en micas'!#REF!,1
Stat,G80,"=IF(C80=""FP1"",'Données SOMIDA'!$G$73,VLOOKUP(E80,'Données SOMIDA'!$C$71:$G$75,5,FALSE))",4
Stat,H80,=+F80*G80,2
Stat,I80,"=+VLOOKUP(E80,'Données SOMIDA'!$C$71:$E$75,3,FALSE)",2
Stat,J80,=+F80*I80,2
Stat,K80,=+J80+H80,2
Stat,L80,"=IFERROR(+K80/F80,0)",2
Stat,B81,"=_xlfn.XLOOKUP(C81,O:O,N:N)",3
Stat,C81,='Besoins en micas'!#REF!,1
Stat,D81,='Besoins en micas'!#REF!,1
Stat,E81,='Besoins en micas'!#REF!,1
Stat,F81,='Besoins en micas'!#REF!,1
Stat,G81,"=IF(C81=""FP1"",'Données SOMIDA'!$G$73,VLOOKUP(E81,'Données SOMIDA'!$C$71:$G$75,5,FALSE))",4
Stat,H81,=+F81*G81,2
Stat,I81,"=+VLOOKUP(E81,'Données SOMIDA'!$C$71:$E$75,3,FALSE)",2
Stat,J81,=+F81*I81,2
Stat,K81,=+J81+H81,2
Stat,L81,"=IFERROR(+K81/F81,0)",2
Stat,B82,"=_xlfn.XLOOKUP(C82,O:O,N:N)",3
Stat,C82,='Besoins en micas'!#REF!,1
Stat,D82,='Besoins en micas'!#REF!,1
Stat,E82,='Besoins en micas'!#REF!,1
Stat,F82,='Besoins en micas'!#REF!,1
Stat,G82,"=IF(C82=""FP1"",'Données SOMIDA'!$G$73,VLOOKUP(E82,'Données SOMIDA'!$C$71:$G$75,5,FALSE))",4
Stat,H82,=+F82*G82,2
Stat,I82,"=+VLOOKUP(E82,'Données SOMIDA'!$C$71:$E$75,3,FALSE)",2
Stat,J82,=+F82*I82,2
Stat,K82,=+J82+H82,2
Stat,L82,"=IFERROR(+K82/F82,0)",2
Stat,B83,"=_xlfn.XLOOKUP(C83,O:O,N:N)",3
Stat,C83,='Besoins en micas'!#REF!,1
Stat,D83,='Besoins en micas'!#REF!,1
Stat,E83,='Besoins en micas'!#REF!,1
Stat,F83,='Besoins en micas'!#REF!,1
Stat,G83,"=IF(C83=""FP1"",'Données SOMIDA'!$G$73,VLOOKUP(E83,'Données SOMIDA'!$C$71:$G$75,5,FALSE))",4
Stat,H83,=+F83*G83,2
Stat,I83,"=+VLOOKUP(E83,'Données SOMIDA'!$C$71:$E$75,3,FALSE)",2
Stat,J83,=+F83*I83,2
Stat,K83,=+J83+H83,2
Stat,L83,"=IFERROR(+K83/F83,0)",2
Stat,B84,"=_xlfn.XLOOKUP(C84,O:O,N:N)",3
Stat,C84,='Besoins en micas'!#REF!,1
Stat,D84,='Besoins en micas'!#REF!,1
Stat,E84,='Besoins en micas'!#REF!,1
Stat,F84,='Besoins en micas'!#REF!,1
Stat,G84,"=IF(C84=""FP1"",'Données SOMIDA'!$G$73,VLOOKUP(E84,'Données SOMIDA'!$C$71:$G$75,5,FALSE))",4
Stat,H84,=+F84*G84,2
Stat,I84,"=+VLOOKUP(E84,'Données SOMIDA'!$C$71:$E$75,3,FALSE)",2
Stat,J84,=+F84*I84,2
Stat,K84,=+J84+H84,2
Stat,L84,"=IFERROR(+K84/F84,0)",2
Stat,B85,"=_xlfn.XLOOKUP(C85,O:O,N:N)",3
Stat,C85,='Besoins en micas'!#REF!,1
Stat,D85,='Besoins en micas'!#REF!,1
Stat,E85,='Besoins en micas'!#REF!,1
Stat,F85,='Besoins en micas'!#REF!,1
Stat,G85,"=IF(C85=""FP1"",'Données SOMIDA'!$G$73,VLOOKUP(E85,'Données SOMIDA'!$C$71:$G$75,5,FALSE))",4
Stat,H85,=+F85*G85,2
Stat,I85,"=+VLOOKUP(E85,'Données SOMIDA'!$C$71:$E$75,3,FALSE)",2
Stat,J85,=+F85*I85,2
Stat,K85,=+J85+H85,2
Stat,L85,"=IFERROR(+K85/F85,0)",2
Stat,B86,"=_xlfn.XLOOKUP(C86,O:O,N:N)",3
Stat,C86,='Besoins en micas'!#REF!,1
Stat,D86,='Besoins en micas'!#REF!,1
Stat,E86,='Besoins en micas'!#REF!,1
Stat,F86,='Besoins en micas'!#REF!,1
Stat,G86,"=IF(C86=""FP1"",'Données SOMIDA'!$G$73,VLOOKUP(E86,'Données SOMIDA'!$C$71:$G$75,5,FALSE))",4
Stat,H86,=+F86*G86,2
Stat,I86,"=+VLOOKUP(E86,'Données SOMIDA'!$C$71:$E$75,3,FALSE)",2
Stat,J86,=+F86*I86,2
Stat,K86,=+J86+H86,2
Stat,L86,"=IFERROR(+K86/F86,0)",2
Stat,B87,"=_xlfn.XLOOKUP(C87,O:O,N:N)",3
Stat,C87,='Besoins en micas'!#REF!,1
Stat,D87,='Besoins en micas'!#REF!,1
Stat,E87,='Besoins en micas'!#REF!,1
Stat,F87,='Besoins en micas'!#REF!,1
Stat,G87,"=IF(C87=""FP1"",'Données SOMIDA'!$G$73,VLOOKUP(E87,'Données SOMIDA'!$C$71:$G$75,5,FALSE))",4
Stat,H87,=+F87*G87,2
Stat,I87,"=+VLOOKUP(E87,'Données SOMIDA'!$C$71:$E$75,3,FALSE)",2
Stat,J87,=+F87*I87,2
Stat,K87,=+J87+H87,2
Stat,L87,"=IFERROR(+K87/F87,0)",2
Stat,B88,"=_xlfn.XLOOKUP(C88,O:O,N:N)",3
Stat,C88,='Besoins en micas'!#REF!,1
Stat,D88,='Besoins en micas'!#REF!,1
Stat,E88,='Besoins en micas'!#REF!,1
Stat,F88,='Besoins en micas'!#REF!,1
Stat,G88,"=IF(C88=""FP1"",'Données SOMIDA'!$G$73,VLOOKUP(E88,'Données SOMIDA'!$C$71:$G$75,5,FALSE))",4
Stat,H88,=+F88*G88,2
Stat,I88,"=+VLOOKUP(E88,'Données SOMIDA'!$C$71:$E$75,3,FALSE)",2
Stat,J88,=+F88*I88,2
Stat,K88,=+J88+H88,2
Stat,L88,"=IFERROR(+K88/F88,0)",2
Stat,B89,"=_xlfn.XLOOKUP(C89,O:O,N:N)",3
Stat,C89,='Besoins en micas'!#REF!,1
Stat,D89,='Besoins en micas'!#REF!,1
Stat,E89,='Besoins en micas'!#REF!,1
Stat,F89,='Besoins en micas'!#REF!,1
Stat,G89,"=IF(C89=""FP1"",'Données SOMIDA'!$G$73,VLOOKUP(E89,'Données SOMIDA'!$C$71:$G$75,5,FALSE))",4
Stat,H89,=+F89*G89,2
Stat,I89,"=+VLOOKUP(E89,'Données SOMIDA'!$C$71:$E$75,3,FALSE)",2
Stat,J89,=+F89*I89,2
Stat,K89,=+J89+H89,2
Stat,L89,"=IFERROR(+K89/F89,0)",2
Stat,B90,"=_xlfn.XLOOKUP(C90,O:O,N:N)",3
Stat,C90,='Besoins en micas'!#REF!,1
Stat,D90,='Besoins en micas'!#REF!,1
Stat,E90,='Besoins en micas'!#REF!,1
Stat,F90,='Besoins en micas'!#REF!,1
Stat,G90,"=IF(C90=""FP1"",'Données SOMIDA'!$G$73,VLOOKUP(E90,'Données SOMIDA'!$C$71:$G$75,5,FALSE))",4
Stat,H90,=+F90*G90,2
Stat,I90,"=+VLOOKUP(E90,'Données SOMIDA'!$C$71:$E$75,3,FALSE)",2
Stat,J90,=+F90*I90,2
Stat,K90,=+J90+H90,2
Stat,L90,"=IFERROR(+K90/F90,0)",2
Stat,B91,"=_xlfn.XLOOKUP(C91,O:O,N:N)",3
Stat,C91,='Besoins en micas'!#REF!,1
Stat,D91,='Besoins en micas'!#REF!,1
Stat,E91,='Besoins en micas'!#REF!,1
Stat,F91,='Besoins en micas'!#REF!,1
Stat,G91,"=IF(C91=""FP1"",'Données SOMIDA'!$G$73,VLOOKUP(E91,'Données SOMIDA'!$C$71:$G$75,5,FALSE))",4
Stat,H91,=+F91*G91,2
Stat,I91,"=+VLOOKUP(E91,'Données SOMIDA'!$C$71:$E$75,3,FALSE)",2
Stat,J91,=+F91*I91,2
Stat,K91,=+J91+H91,2
Stat,L91,"=IFERROR(+K91/F91,0)",2
Stat,B92,"=_xlfn.XLOOKUP(C92,O:O,N:N)",3
Stat,C92,='Besoins en micas'!#REF!,1
Stat,D92,='Besoins en micas'!#REF!,1
Stat,E92,='Besoins en micas'!#REF!,1
Stat,F92,='Besoins en micas'!#REF!,1
Stat,G92,"=IF(C92=""FP1"",'Données SOMIDA'!$G$73,VLOOKUP(E92,'Données SOMIDA'!$C$71:$G$75,5,FALSE))",4
Stat,H92,=+F92*G92,2
Stat,I92,"=+VLOOKUP(E92,'Données SOMIDA'!$C$71:$E$75,3,FALSE)",2
Stat,J92,=+F92*I92,2
Stat,K92,=+J92+H92,2
Stat,L92,"=IFERROR(+K92/F92,0)",2
Stat,B93,"=_xlfn.XLOOKUP(C93,O:O,N:N)",3
Stat,C93,='Besoins en micas'!#REF!,1
Stat,D93,='Besoins en micas'!#REF!,1
Stat,E93,='Besoins en micas'!#REF!,1
Stat,F93,='Besoins en micas'!#REF!,1
Stat,G93,"=IF(C93=""FP1"",'Données SOMIDA'!$G$73,VLOOKUP(E93,'Données SOMIDA'!$C$71:$G$75,5,FALSE))",4
Stat,H93,=+F93*G93,2
Stat,I93,"=+VLOOKUP(E93,'Données SOMIDA'!$C$71:$E$75,3,FALSE)",2
Stat,J93,=+F93*I93,2
Stat,K93,=+J93+H93,2
Stat,L93,"=IFERROR(+K93/F93,0)",2
Stat,B94,"=_xlfn.XLOOKUP(C94,O:O,N:N)",3
Stat,C94,='Besoins en micas'!#REF!,1
Stat,D94,='Besoins en micas'!#REF!,1
Stat,E94,='Besoins en micas'!#REF!,1
Stat,F94,='Besoins en micas'!#REF!,1
Stat,G94,"=IF(C94=""FP1"",'Données SOMIDA'!$G$73,VLOOKUP(E94,'Données SOMIDA'!$C$71:$G$75,5,FALSE))",4
Stat,H94,=+F94*G94,2
Stat,I94,"=+VLOOKUP(E94,'Données SOMIDA'!$C$71:$E$75,3,FALSE)",2
Stat,J94,=+F94*I94,2
Stat,K94,=+J94+H94,2
Stat,L94,"=IFERROR(+K94/F94,0)",2
Stat,B95,"=_xlfn.XLOOKUP(C95,O:O,N:N)",3
Stat,C95,='Besoins en micas'!#REF!,1
Stat,D95,='Besoins en micas'!#REF!,1
Stat,E95,='Besoins en micas'!#REF!,1
Stat,F95,='Besoins en micas'!#REF!,1
Stat,G95,"=IF(C95=""FP1"",'Données SOMIDA'!$G$73,VLOOKUP(E95,'Données SOMIDA'!$C$71:$G$75,5,FALSE))",4
Stat,H95,=+F95*G95,2
Stat,I95,"=+VLOOKUP(E95,'Données SOMIDA'!$C$71:$E$75,3,FALSE)",2
Stat,J95,=+F95*I95,2
Stat,K95,=+J95+H95,2
Stat,L95,"=IFERROR(+K95/F95,0)",2
Stat,B96,"=_xlfn.XLOOKUP(C96,O:O,N:N)",3
Stat,C96,='Besoins en micas'!#REF!,1
Stat,D96,='Besoins en micas'!#REF!,1
Stat,E96,='Besoins en micas'!#REF!,1
Stat,F96,='Besoins en micas'!#REF!,1
Stat,G96,"=IF(C96=""FP1"",'Données SOMIDA'!$G$73,VLOOKUP(E96,'Données SOMIDA'!$C$71:$G$75,5,FALSE))",4
Stat,H96,=+F96*G96,2
Stat,I96,"=+VLOOKUP(E96,'Données SOMIDA'!$C$71:$E$75,3,FALSE)",2
Stat,J96,=+F96*I96,2
Stat,K96,=+J96+H96,2
Stat,L96,"=IFERROR(+K96/F96,0)",2
Stat,B97,"=_xlfn.XLOOKUP(C97,O:O,N:N)",3
Stat,C97,='Besoins en micas'!#REF!,1
Stat,D97,='Besoins en micas'!#REF!,1
Stat,E97,='Besoins en micas'!#REF!,1
Stat,F97,='Besoins en micas'!#REF!,1
Stat,G97,"=IF(C97=""FP1"",'Données SOMIDA'!$G$73,VLOOKUP(E97,'Données SOMIDA'!$C$71:$G$75,5,FALSE))",4
Stat,H97,=+F97*G97,2
Stat,I97,"=+VLOOKUP(E97,'Données SOMIDA'!$C$71:$E$75,3,FALSE)",2
Stat,J97,=+F97*I97,2
Stat,K97,=+J97+H97,2
Stat,L97,"=IFERROR(+K97/F97,0)",2
Stat,B98,"=_xlfn.XLOOKUP(C98,O:O,N:N)",3
Stat,C98,='Besoins en micas'!#REF!,1
Stat,D98,='Besoins en micas'!#REF!,1
Stat,E98,='Besoins en micas'!#REF!,1
Stat,F98,='Besoins en micas'!#REF!,1
Stat,G98,"=IF(C98=""FP1"",'Données SOMIDA'!$G$73,VLOOKUP(E98,'Données SOMIDA'!$C$71:$G$75,5,FALSE))",4
Stat,H98,=+F98*G98,2
Stat,I98,"=+VLOOKUP(E98,'Données SOMIDA'!$C$71:$E$75,3,FALSE)",2
Stat,J98,=+F98*I98,2
Stat,K98,=+J98+H98,2
Stat,L98,"=IFERROR(+K98/F98,0)",2
Stat,B99,"=_xlfn.XLOOKUP(C99,O:O,N:N)",3
Stat,C99,='Besoins en micas'!#REF!,1
Stat,D99,='Besoins en micas'!#REF!,1
Stat,E99,='Besoins en micas'!#REF!,1
Stat,F99,='Besoins en micas'!#REF!,1
Stat,G99,"=IF(C99=""FP1"",'Données SOMIDA'!$G$73,VLOOKUP(E99,'Données SOMIDA'!$C$71:$G$75,5,FALSE))",4
Stat,H99,=+F99*G99,2
Stat,I99,"=+VLOOKUP(E99,'Données SOMIDA'!$C$71:$E$75,3,FALSE)",2
Stat,J99,=+F99*I99,2
Stat,K99,=+J99+H99,2
Stat,L99,"=IFERROR(+K99/F99,0)",2
Stat,B100,"=_xlfn.XLOOKUP(C100,O:O,N:N)",3
Stat,C100,='Besoins en micas'!#REF!,1
Stat,D100,='Besoins en micas'!#REF!,1
Stat,E100,='Besoins en micas'!#REF!,1
Stat,F100,='Besoins en micas'!#REF!,1
Stat,G100,"=IF(C100=""FP1"",'Données SOMIDA'!$G$73,VLOOKUP(E100,'Données SOMIDA'!$C$71:$G$75,5,FALSE))",4
Stat,H100,=+F100*G100,2
Stat,I100,"=+VLOOKUP(E100,'Données SOMIDA'!$C$71:$E$75,3,FALSE)",2
Stat,J100,=+F100*I100,2
Stat,K100,=+J100+H100,2
Stat,L100,"=IFERROR(+K100/F100,0)",2
Stat,B101,"=_xlfn.XLOOKUP(C101,O:O,N:N)",3
Stat,C101,='Besoins en micas'!#REF!,1
Stat,D101,='Besoins en micas'!#REF!,1
Stat,E101,='Besoins en micas'!#REF!,1
Stat,F101,='Besoins en micas'!#REF!,1
Stat,G101,"=IF(C101=""FP1"",'Données SOMIDA'!$G$73,VLOOKUP(E101,'Données SOMIDA'!$C$71:$G$75,5,FALSE))",4
Stat,H101,=+F101*G101,2
Stat,I101,"=+VLOOKUP(E101,'Données SOMIDA'!$C$71:$E$75,3,FALSE)",2
Stat,J101,=+F101*I101,2
Stat,K101,=+J101+H101,2
Stat,L101,"=IFERROR(+K101/F101,0)",2
Stat,B102,"=_xlfn.XLOOKUP(C102,O:O,N:N)",3
Stat,C102,='Besoins en micas'!#REF!,1
Stat,D102,='Besoins en micas'!#REF!,1
Stat,E102,='Besoins en micas'!#REF!,1
Stat,F102,='Besoins en micas'!#REF!,1
Stat,G102,"=IF(C102=""FP1"",'Données SOMIDA'!$G$73,VLOOKUP(E102,'Données SOMIDA'!$C$71:$G$75,5,FALSE))",4
Stat,H102,=+F102*G102,2
Stat,I102,"=+VLOOKUP(E102,'Données SOMIDA'!$C$71:$E$75,3,FALSE)",2
Stat,J102,=+F102*I102,2
Stat,K102,=+J102+H102,2
Stat,L102,"=IFERROR(+K102/F102,0)",2
Stat,B103,"=_xlfn.XLOOKUP(C103,O:O,N:N)",3
Stat,C103,='Besoins en micas'!#REF!,1
Stat,D103,='Besoins en micas'!#REF!,1
Stat,E103,='Besoins en micas'!#REF!,1
Stat,F103,='Besoins en micas'!#REF!,1
Stat,G103,"=IF(C103=""FP1"",'Données SOMIDA'!$G$73,VLOOKUP(E103,'Données SOMIDA'!$C$71:$G$75,5,FALSE))",4
Stat,H103,=+F103*G103,2
Stat,I103,"=+VLOOKUP(E103,'Données SOMIDA'!$C$71:$E$75,3,FALSE)",2
Stat,J103,=+F103*I103,2
Stat,K103,=+J103+H103,2
Stat,L103,"=IFERROR(+K103/F103,0)",2
Stat,B104,"=_xlfn.XLOOKUP(C104,O:O,N:N)",3
Stat,C104,='Besoins en micas'!#REF!,1
Stat,D104,='Besoins en micas'!#REF!,1
Stat,E104,='Besoins en micas'!#REF!,1
Stat,F104,='Besoins en micas'!#REF!,1
Stat,G104,"=IF(C104=""FP1"",'Données SOMIDA'!$G$73,VLOOKUP(E104,'Données SOMIDA'!$C$71:$G$75,5,FALSE))",4
Stat,H104,=+F104*G104,2
Stat,I104,"=+VLOOKUP(E104,'Données SOMIDA'!$C$71:$E$75,3,FALSE)",2
Stat,J104,=+F104*I104,2
Stat,K104,=+J104+H104,2
Stat,L104,"=IFERROR(+K104/F104,0)",2
Stat,B105,"=_xlfn.XLOOKUP(C105,O:O,N:N)",3
Stat,C105,='Besoins en micas'!#REF!,1
Stat,D105,='Besoins en micas'!#REF!,1
Stat,E105,='Besoins en micas'!#REF!,1
Stat,F105,='Besoins en micas'!#REF!,1
Stat,G105,"=IF(C105=""FP1"",'Données SOMIDA'!$G$73,VLOOKUP(E105,'Données SOMIDA'!$C$71:$G$75,5,FALSE))",4
Stat,H105,=+F105*G105,2
Stat,I105,"=+VLOOKUP(E105,'Données SOMIDA'!$C$71:$E$75,3,FALSE)",2
Stat,J105,=+F105*I105,2
Stat,K105,=+J105+H105,2
Stat,L105,"=IFERROR(+K105/F105,0)",2
Stat,B106,"=_xlfn.XLOOKUP(C106,O:O,N:N)",3
Stat,C106,='Besoins en micas'!#REF!,1
Stat,D106,='Besoins en micas'!#REF!,1
Stat,E106,='Besoins en micas'!#REF!,1
Stat,F106,='Besoins en micas'!#REF!,1
Stat,G106,"=IF(C106=""FP1"",'Données SOMIDA'!$G$73,VLOOKUP(E106,'Données SOMIDA'!$C$71:$G$75,5,FALSE))",4
Stat,H106,=+F106*G106,2
Stat,I106,"=+VLOOKUP(E106,'Données SOMIDA'!$C$71:$E$75,3,FALSE)",2
Stat,J106,=+F106*I106,2
Stat,K106,=+J106+H106,2
Stat,L106,"=IFERROR(+K106/F106,0)",2
Stat,B107,"=_xlfn.XLOOKUP(C107,O:O,N:N)",3
Stat,C107,='Besoins en micas'!#REF!,1
Stat,D107,='Besoins en micas'!#REF!,1
Stat,E107,='Besoins en micas'!#REF!,1
Stat,F107,='Besoins en micas'!#REF!,1
Stat,G107,"=IF(C107=""FP1"",'Données SOMIDA'!$G$73,VLOOKUP(E107,'Données SOMIDA'!$C$71:$G$75,5,FALSE))",4
Stat,H107,=+F107*G107,2
Stat,I107,"=+VLOOKUP(E107,'Données SOMIDA'!$C$71:$E$75,3,FALSE)",2
Stat,J107,=+F107*I107,2
Stat,K107,=+J107+H107,2
Stat,L107,"=IFERROR(+K107/F107,0)",2
Stat,B108,"=_xlfn.XLOOKUP(C108,O:O,N:N)",3
Stat,C108,='Besoins en micas'!#REF!,1
Stat,D108,='Besoins en micas'!#REF!,1
Stat,E108,='Besoins en micas'!#REF!,1
Stat,F108,='Besoins en micas'!#REF!,1
Stat,G108,"=IF(C108=""FP1"",'Données SOMIDA'!$G$73,VLOOKUP(E108,'Données SOMIDA'!$C$71:$G$75,5,FALSE))",4
Stat,H108,=+F108*G108,2
Stat,I108,"=+VLOOKUP(E108,'Données SOMIDA'!$C$71:$E$75,3,FALSE)",2
Stat,J108,=+F108*I108,2
Stat,K108,=+J108+H108,2
Stat,L108,"=IFERROR(+K108/F108,0)",2
Stat,B109,"=_xlfn.XLOOKUP(C109,O:O,N:N)",3
Stat,C109,='Besoins en micas'!#REF!,1
Stat,D109,='Besoins en micas'!#REF!,1
Stat,E109,='Besoins en micas'!#REF!,1
Stat,F109,='Besoins en micas'!#REF!,1
Stat,G109,"=IF(C109=""FP1"",'Données SOMIDA'!$G$73,VLOOKUP(E109,'Données SOMIDA'!$C$71:$G$75,5,FALSE))",4
Stat,H109,=+F109*G109,2
Stat,I109,"=+VLOOKUP(E109,'Données SOMIDA'!$C$71:$E$75,3,FALSE)",2
Stat,J109,=+F109*I109,2
Stat,K109,=+J109+H109,2
Stat,L109,"=IFERROR(+K109/F109,0)",2
Stat,B110,"=_xlfn.XLOOKUP(C110,O:O,N:N)",3
Stat,C110,='Besoins en micas'!#REF!,1
Stat,D110,='Besoins en micas'!#REF!,1
Stat,E110,='Besoins en micas'!#REF!,1
Stat,F110,='Besoins en micas'!#REF!,1
Stat,G110,"=IF(C110=""FP1"",'Données SOMIDA'!$G$73,VLOOKUP(E110,'Données SOMIDA'!$C$71:$G$75,5,FALSE))",4
Stat,H110,=+F110*G110,2
Stat,I110,"=+VLOOKUP(E110,'Données SOMIDA'!$C$71:$E$75,3,FALSE)",2
Stat,J110,=+F110*I110,2
Stat,K110,=+J110+H110,2
Stat,L110,"=IFERROR(+K110/F110,0)",2
Stat,B111,"=_xlfn.XLOOKUP(C111,O:O,N:N)",3
Stat,C111,='Besoins en micas'!#REF!,1
Stat,D111,='Besoins en micas'!#REF!,1
Stat,E111,='Besoins en micas'!#REF!,1
Stat,F111,='Besoins en micas'!#REF!,1
Stat,G111,"=IF(C111=""FP1"",'Données SOMIDA'!$G$73,VLOOKUP(E111,'Données SOMIDA'!$C$71:$G$75,5,FALSE))",4
Stat,H111,=+F111*G111,2
Stat,I111,"=+VLOOKUP(E111,'Données SOMIDA'!$C$71:$E$75,3,FALSE)",2
Stat,J111,=+F111*I111,2
Stat,K111,=+J111+H111,2
Stat,L111,"=IFERROR(+K111/F111,0)",2
Stat,F112,=SUM(F4:F111),1
Stat,H112,=SUM(H4:H111),1
Stat,J112,=SUM(J4:J111),1
Stat,K112,=SUM(K4:K111),1
Stat,L112,"=IFERROR(+K112/F112,0)",2
Stat,F113,=+F112-Q40,2
Stat,H113,=+H112-S40,2
Stat,F116,=+F112-F115,2
Stat,H116,=+H112-H115,2
Stat,J116,=+J112-J115,2
Stat,K116,=+K112-K115,2
Stat,L116,=+L112-L115,2
Org,AM14,=+AG14*AL14,2
Org,AU14,"=+IF(AB14=""FO"",""Prime de rendement"",""Base 1 mois salaire"")",1
Org,BB14,=+AM14*13%,1
Org,BE14,=+AM14+BB14,2
Org,S15,=+N15*13%,1
Org,V15,=+N15+S15,2
Org,AM15,=+AG15*AL15,2
Org,AU15,"=+IF(AB15=""FO"",""Prime de rendement"",""Base 1 mois salaire"")",1
Org,BB15,=+AM15*13%,1
Org,BE15,=+AM15+BB15,2
Org,S16,=+N16*13%,1
Org,V16,=+N16+S16,2
Org,AM16,=+AG16*AL16,2
Org,AU16,"=+IF(AB16=""FO"",""Prime de rendement"",""Base 1 mois salaire"")",1
Org,BB16,=+AM16*13%,1
Org,BE16,=+AM16+BB16,2
Org,S17,=+N17*13%,1
Org,V17,=+N17+S17,2
Org,AM17,=+AG17*AL17,2
Org,AU17,"=+IF(AB17=""FO"",""Prime de rendement"",""Base 1 mois salaire"")",1
Org,BB17,=+AM17*13%,1
Org,BE17,=+AM17+BB17,2
Org,S18,=+N18*13%,1
Org,V18,=+N18+S18,2
Org,AM18,=+AG18*AL18,2
Org,AU18,"=+IF(AB18=""FO"",""Prime de rendement"",""Base 1 mois salaire"")",1
Org,BB18,=+AM18*13%,1
Org,BE18,=+AM18+BB18,2
Org,N19,=SUM(N15:R18),1
Org,S19,=SUM(S15:U18),1
Org,V19,=SUM(V15:Z18),1
Org,AM19,=+AG19*AL19,2
Org,AU19,"=+IF(AB19=""FO"",""Prime de rendement"",""Base 1 mois salaire"")",1
Org,BB19,=+AM19*13%,1
Org,BE19,=+AM19+BB19,2
Org,AM20,=+AG20*AL20,2
Org,AU20,"=+IF(AB20=""FO"",""Prime de rendement"",""Base 1 mois salaire"")",1
Org,BB20,=+AM20*13%,1
Org,BE20,=+AM20+BB20,2
Org,AG21,=SUM(AG14:AJ20),1
Org,AL21,=SUM(AL14:AL20),1
Org,AM21,=SUM(AM14:AQ20),1
Org,BB21,=SUM(BB14:BD20),1
Org,BE21,=SUM(BE14:BI20),1
Org,AN31,=+AC14,1
Org,AW31,=+AR31*AV31,2
Org,BA31,=+AW31*0.13,1
Org,BD31,=+AW31*0.5,1
Org,BG31,=+AW31+BA31+BD31,3
Org,AW32,=+AR32*AV32,2
Org,BA32,=+AW32*0.13,1
Org,BD32,=+AW32*0.5,1
Org,BG32,=+AW32+BA32+BD32,3
Org,N33,=+F33*M33,2
Org,W33,"=+IF(A33=""FO"",""Prime de rendement"",""Base 1 mois salaire"")",1
Org,AE33,=+N33*13%,1
Org,AH33,=+N33+AB33+AE33,3
Org,AR33,=+AR32+AR31,2
Org,AW33,=+AW32+AW31,2
Org,BA33,=+AW33*0.13,1
Org,BD33,=+AW33*0.5,1
Org,BG33,=+AW33+BA33+BD33,3
Org,N34,=+F34*M34,2
Org,W34,"=+IF(A34=""FO"",""Prime de rendement"",""Base 1 mois salaire"")",1
Org,AE34,=+N34*13%,1
Org,AH34,=+N34+AB34+AE34,3
Org,N35,=+F35*M35,2
Org,W35,"=+IF(A35=""FO"",""Prime de rendement"",""Base 1 mois salaire"")",1
Org,AE35,=+N35*13%,1
Org,AH35,=+N35+AB35+AE35,3
Org,N36,=+F36*M36,2
Org,W36,"=+IF(A36=""FO"",""Prime de rendement"",""Base 1 mois salaire"")",1
Org,AE36,=+N36*13%,1
Org,AH36,=+N36+AB36+AE36,3
Org,N37,=SUM(N33:R36),1
Org,AB37,=SUM(AB33:AD36),1
Org,AE37,=SUM(AE33:AG36),1
Org,AH37,=SUM(AH33:AJ36),1
Org,AD38,=+AD36,1
Org,N63,=+F63*M63,2
Org,W63,"=+IF(A63=""FO"",""Prime de rendement"",""Base 1 mois salaire"")",1
Org,AB63,=+N63*5%,1
Org,AE63,=+N63*13%,1
Org,AH63,=+N63+AB63+AE63,3
Org,N64,=+F64*M64,2
Org,W64,"=+IF(A64=""FO"",""Prime de rendement"",""Base 1 mois salaire"")",1
Org,AB64,=+N64*5%,1
Org,AE64,=+N64*13%,1
Org,AH64,=+N64+AB64+AE64,3
Org,N65,=+F65*M65,2
Org,W65,"=+IF(A65=""FO"",""Prime de rendement"",""Base 1 mois salaire"")",1
Org,AB65,=+N65*5%,1
Org,AE65,=+N65*13%,1
Org,AH65,=+N65+AB65+AE65,3
Org,N66,=+F66*M66,2
Org,W66,"=+IF(A66=""FO"",""Prime de rendement"",""Base 1 mois salaire"")",1
Org,AB66,=+N66*5%,1
Org,AE66,=+N66*13%,1
Org,AH66,=+N66+AB66+AE66,3
Org,N67,=+F67*M67,2
Org,W67,"=+IF(A67=""FO"",""Prime de rendement"",""Base 1 mois salaire"")",1
Org,AB67,=+N67*5%,1
Org,AE67,=+N67*13%,1
Org,AH67,=+N67+AB67+AE67,3
Org,N68,=+F68*M68,2
Org,W68,"=+IF(A68=""FO"",""Prime de rendement"",""Base 1 mois salaire"")",1
Org,AB68,=+N68*5%,1
Org,AE68,=+N68*13%,1
Org,AH68,=+N68+AB68+AE68,3
Org,M69,=1*0,0
Org,N69,=+F69*M69,2
Org,W69,"=+IF(A69=""FO"",""Prime de rendement"",""Base 1 mois salaire"")",1
Org,AB69,=+N69*5%,1
Org,AE69,=+N69*13%,1
Org,AH69,=+N69+AB69+AE69,3
Org,N70,=+F70*M70,2
Org,W70,"=+IF(A70=""FO"",""Prime de rendement"",""Base 1 mois salaire"")",1
Org,AB70,=+N70*5%,1
Org,AE70,=+N70*13%,1
Org,AH70,=+N70+AB70+AE70,3
Org,N71,=+F71*M71,2
Org,W71,"=+IF(A71=""FO"",""Prime de rendement"",""Base 1 mois salaire"")",1
Org,AB71,=+N71*5%,1
Org,AE71,=+N71*13%,1
Org,AH71,=+N71+AB71+AE71,3
Org,M72,=1*0,0
Org,N72,=+F72*M72,2
Org,W72,"=+IF(A72=""FO"",""Prime de rendement"",""Base 1 mois salaire"")",1
Org,AB72,=+N72*5%,1
Org,AE72,=+N72*13%,1
Org,AH72,=+N72+AB72+AE72,3
Org,N73,=+F73*M73,2
Org,W73,"=+IF(A73=""FO"",""Prime de rendement"",""Base 1 mois salaire"")",1
Org,AB73,=+N73*5%,1
Org,AE73,=+N73*13%,1
Org,AH73,=+N73+AB73+AE73,3
Org,N74,=+F74*M74,2
Org,W74,"=+IF(A74=""FO"",""Prime de rendement"",""Base 1 mois salaire"")",1
Org,AB74,=+N74*5%,1
Org,AE74,=+N74*13%,1
Org,AH74,=+N74+AB74+AE74,3
Org,N75,=+F75*M75,2
Org,W75,"=+IF(A75=""FO"",""Prime de rendement"",""Base 1 mois salaire"")",1
Org,AB75,=+N75*5%,1
Org,AE75,=+N75*13%,1
Org,AH75,=+N75+AB75+AE75,3
Org,N76,=+F76*M76,2
Org,W76,"=+IF(A76=""FO"",""Prime de rendement"",""Base 1 mois salaire"")",1
Org,AB76,=+N76*5%,1
Org,AE76,=+N76*13%,1
Org,AH76,=+N76+AB76+AE76,3
Org,N77,=+F77*M77,2
Org,W77,"=+IF(A77=""FO"",""Prime de rendement"",""Base 1 mois salaire"")",1
Org,AB77,=+N77*5%,1
Org,AE77,=+N77*13%,1
Org,AH77,=+N77+AB77+AE77,3
Org,N78,=+F78*M78,2
Org,W78,"=+IF(A78=""FO"",""Prime de rendement"",""Base 1 mois salaire"")",1
Org,AB78,=+N78*5%,1
Org,AE78,=+N78*13%,1
Org,AH78,=+N78+AB78+AE78,3
Org,M79,=SUM(M63:M78),1
Org,N79,=SUM(N63:R78),1
Org,AB79,=+N79*5%,1
Org,AE79,=+N79*13%,1
Org,AH79,=+N79+AB79+AE79,3
Org,F81,"=+SUMIF(W63:W78,W66,F63:I78)",3
Org,M81,"=+SUMIF(W63:W78,W69,M63:M78)",3
Org,N81,"=+SUMIF(W63:W78,W70,N63:R78)",3
Org,AB81,=+N81*5%,1
Org,AE81,=+N81*13%,1
Org,AH81,=+N81+AB81+AE81,3
Org,F86,=+N19,1
Org,K86,=+S19,1
Org,Q86,=+F86+K86+N86,3
Org,F87,=+AM21,1
Org,K87,=+BB21,1
Org,Q87,=+F87+K87+N87,3
Org,F88,=+N37,1
Org,K88,=+AE37,1
Org,Q88,=+F88+K88+N88,3
Org,B89,=+AI24,1
Org,F89,=+AW33,1
Org,K89,=+BA33,1
Org,N89,=+BD33,1
Org,Q89,=+F89+K89+N89,3
Org,F90,=+N79,1
Org,K90,=+AE79,1
Org,N90,=+AB79,1
Org,Q90,=+F90+K90+N90,3
Org,AA100,=+N100*25,1
Org,AA101,=+N101*25,1
Org,AA102,=SUM(AA100:AA101),1
Org,AA103,=+N103*25,1
Org,AA104,=+AA103+AA102,2
Org,N109,=+N107*25,1
Org,O109,=+O107*25,1
Org,P109,=+P107*25,1
Org,Q109,=+Q107*25,1
Org,R109,=+R107*25,1
Org,S109,=+S107*25,1
Org,T109,=+T107*25,1
Org,J124,=+F64,1
Org,L124,=+J124,1
Org,N124,=+L124,1
Org,P124,=+N124,1
Org,R124,=+P124,1
Org,T124,=+R124,1
Org,V124,=+T124,1
Org,J125,=+J118,1
Org,L125,=+L118,1
Org,N125,=+N118,1
Org,P125,=+P118,1
Org,R125,=+R118,1
Org,T125,=+T118,1
Org,V125,=+V118,1
Org,J128,=+F65,1
Org,L128,=+J128,1
Org,N128,=+L128,1
Org,P128,=+N128,1
Org,R128,=+P128,1
Org,T128,=+R128,1
Org,V128,=+T128,1
Org,J129,=+J119,1
Org,L129,=+L119,1
Org,N129,=+N119,1
Org,P129,=+P119,1
Org,R129,=+R119,1
Org,T129,=+T119,1
Org,V129,=+V119,1
Org,L133,=+$K$133*(1+L122),2
Org,N133,=+$K$133*(1+N122),2
Org,P133,=+$K$133*(1+P122),2
Org,R133,=+$K$133*(1+R122),2
Org,T133,=+$K$133*(1+T122),2
Org,V133,=+$K$133*(1+V122),2
Org,K134,=+K133*2.5,1
Org,K135,=+K133*1.5,1
Org,K136,=+K133*15,1
Org,K137,=+K133*10,1
 OKB TRA ABR,B2,=(100*B3)/80,1
 OKB TRA ABR,D3,=(B3*1000)/50,1
 OKB TRA ABR,B4,=B3/20,1
 OKB TRA ABR,B9,=B6*B7*B8,3
 OKB TRA ABR,C15,=($B$2*1000)-45000,1
 OKB TRA ABR,E15,=B15*C15,2
 OKB TRA ABR,C16,=$B$3*1000,1
 OKB TRA ABR,E16,=B16*C16,2
 OKB TRA ABR,E17,=SUM(E15:E16),1
 OKB TRA ABR,B21,=$B$9,1
 OKB TRA ABR,E21,=B21*C21,2
 OKB TRA ABR,C22,=$B$4,1
 OKB TRA ABR,E22,=B22*C22,2
 OKB TRA ABR,C23,=$C$22,1
 OKB TRA ABR,E23,=B23*C23,2
 OKB TRA ABR,E24,=B24*C24,2
 OKB TRA ABR,B25,=70000*2,0
 OKB TRA ABR,E25,=B25*C25,2
 OKB TRA ABR,C26,=$C$23,1
 OKB TRA ABR,E26,=B26*C26,2
 OKB TRA ABR,C27,=$B$6*3,1
 OKB TRA ABR,E27,=B27*C27,2
 OKB TRA ABR,C28,=13*8,0
 OKB TRA ABR,E28,=B28*C28,2
 OKB TRA ABR,C29,=$C$25,1
 OKB TRA ABR,E29,=B29*C29,2
 OKB TRA ABR,C30,=$C$25,1
 OKB TRA ABR,E30,=B30*C30,2
 OKB TRA ABR,E31,=SUM(E21:E30),1
 OKB TRA ABR,C35,=(C16/50)+(C16/50)*5%,2
 OKB TRA ABR,E35,=B35*C35,2
 OKB TRA ABR,C36,=$C$35,1
 OKB TRA ABR,E36,=B36*C36,2
 OKB TRA ABR,E37,=B37*C37,2
 OKB TRA ABR,E38,=SUM(E35:E37),1
 OKB TRA ABR,E39,=B39*C39,2
 OKB TRA ABR,E40,=B40*C40,2
 OKB TRA ABR,B41,=E17+E38+E31+E39+E40,5
 OKB TRA ABR,E41,=B41*C41,2
 OKB TRA ABR,E42,=SUM(E39:E41),1
 OKB TRA ABR,E44,=E17+E31,2
 OKB TRA ABR,E45,=E38+E42,2
 OKB TRA ABR,E46,=SUM(E44:E45),1
OKB FP1,B2,=(100*B3)/80,1
OKB FP1,D3,=(B3*1000)/50,1
OKB FP1,B4,=B3/20,1
OKB FP1,B7,=$B$3,1
OKB FP1,B10,=B7*B8*B9,3
OKB FP1,C16,=($B$2*1000),1
OKB FP1,E16,=B16*C16,2
OKB FP1,C17,=$B$3*1000,1
OKB FP1,E17,=B17*C17,2
OKB FP1,C18,=340*6,0
OKB FP1,E18,=B18*C18,2
OKB FP1,E19,=SUM(E16:E18),1
OKB FP1,B23,=$B$10,1
OKB FP1,E23,=B23*C23,2
OKB FP1,C24,=$B$4,1
OKB FP1,E24,=B24*C24,2
OKB FP1,C25,=$C$24,1
OKB FP1,E25,=B25*C25,2
OKB FP1,E26,=B26*C26,2
OKB FP1,B27,=70000*2,0
OKB FP1,E27,=B27*C27,2
OKB FP1,C28,=$C$25,1
OKB FP1,E28,=B28*C28,2
OKB FP1,C29,=$B$7*3,1
OKB FP1,E29,=B29*C29,2
OKB FP1,C30,=13*3,0
OKB FP1,E30,=B30*C30,2
OKB FP1,C31,=$C$27,1
OKB FP1,E31,=B31*C31,2
OKB FP1,C32,=$C$27,1
OKB FP1,E32,=B32*C32,2
OKB FP1,E33,=SUM(E23:E32),1
OKB FP1,C37,=(C17/50)+(C17/50)*5%,2
OKB FP1,E37,=B37*C37,2
OKB FP1,C38,=$C$37,1
OKB FP1,E38,=B38*C38,2
OKB FP1,E39,=B39*C39,2
OKB FP1,E40,=SUM(E37:E39),1
OKB FP1,C41,=$B$4,1
OKB FP1,E41,=B41*C41,2
OKB FP1,C42,=$C$41,1
OKB FP1,E42,=B42*C42,2
OKB FP1,B43,=E19+E40+E33+E41+E42,5
OKB FP1,E43,=B43*C43,2
OKB FP1,E44,=SUM(E41:E43),1
OKB FP1,B46,=+B37/1.2,1
OKB FP1,E46,=E19+E33,2
OKB FP1,B47,=+B38/1.2,1
OKB FP1,E47,=E40+E44,2
OKB FP1,E48,=SUM(E46:E47),1
Goodeis,B2,=(100*B3)/80,1
Goodeis,B6,=28*3,0
Goodeis,D7,=B7-C7,2
Goodeis,B8,=B6*B7,2
Goodeis,B12,=B8*B11,2
Goodeis,B15,=B8-B14,2
Goodeis,C19,=$B$2*1000,1
Goodeis,E19,=B19*C19,2
Goodeis,C20,=$B$3*1000,1
Goodeis,E20,=B20*C20,2
Goodeis,E21,=B21*C21,2
Goodeis,E22,=B22*C22,2
Goodeis,E23,=SUM(E19:E22),1
Goodeis,C29,=$B$6,1
Goodeis,E29,=B29*C29,2
Goodeis,I29,=$B$12,1
Goodeis,C30,=$B$6,1
Goodeis,E30,=B30*C30,2
Goodeis,L30,=I30*J30,2
Goodeis,E31,=B31*C31,2
Goodeis,L31,=I31*J31,2
Goodeis,E32,=B32*C32,2
Goodeis,L32,=I32*J32,2
Goodeis,E33,=B33*C33,2
Goodeis,I33,=70000*2,0
Goodeis,L33,=I33*J33,2
Goodeis,E34,=B34*C34,2
Goodeis,L34,=I34*J34,2
Goodeis,E35,=B35*C35,2
Goodeis,J35,=B3*3,1
Goodeis,L35,=I35*J35,2
Goodeis,E36,=B36*C36,2
Goodeis,L36,=I36*J36,2
Goodeis,C37,=$B$6,1
Goodeis,E37,=B37*C37,2
Goodeis,L37,=I37*J37,2
Goodeis,E38,=B38*C38,2
Goodeis,L38,=I38*J38,2
Goodeis,C39,=$B$6,1
Goodeis,E39,=B39*C39,2
Goodeis,I39,=L30+L31+L32+L33+L34+L35+L36+L37+L38,9
Goodeis,L39,=I39*J39,2
Goodeis,C40,=$B$6,1
Goodeis,E40,=B40*C40,2
Goodeis,L40,=SUM(L29:L39),1
Goodeis,E41,=B41*C41,2
Goodeis,B42,=$B$12,1
Goodeis,E42,=B42*C42,2
Goodeis,E43,=B43*C43,2
Goodeis,E44,=B44*C44,2
Goodeis,L44,=I44*J44,2
Goodeis,E45,=B45*C45,2
Goodeis,I45,=(3239*B11)+120000,1
Goodeis,L45,=I45*J45,2
Goodeis,E46,=B46*C46,2
Goodeis,L46,=SUM(L44:L45),1
Goodeis,E47,=B47*C47,2
Goodeis,E48,=B48*C48,2
Goodeis,E50,=SUM(E29:E49),1
Goodeis,L51,=E23+L40,2
Goodeis,B52,=5500000-2100000,0
Goodeis,E52,=B52*C52,2
Goodeis,L52,=L44+L45,2
Goodeis,B53,=989*4250,0
Goodeis,E53,=B53*C53,2
Goodeis,L53,=L51+L52,2
Goodeis,E54,=SUM(E52:E53),1
Goodeis,I56,=L40+L46,2
Goodeis,E57,=E50/3,1
Goodeis,I57,=I56+E23,2
Goodeis,E58,=E38/3,1
Goodeis,F58,=E58/4500,1
Goodeis,B60,=E50+E23,2
Goodeis,B64,=E50+E54,2
Goodeis,B65,=B64+E23,2
Org (2),AM14,=+AG14*AL14,2
Org (2),BB14,=+AM14*13%,1
Org (2),BE14,=+AM14+BB14,2
Org (2),S15,=+N15*13%,1
Org (2),V15,=+N15+S15,2
Org (2),AM15,=+AG15*AL15,2
Org (2),BB15,=+AM15*13%,1
Org (2),BE15,=+AM15+BB15,2
Org (2),S16,=+N16*13%,1
Org (2),V16,=+N16+S16,2
Org (2),AM16,=+AG16*AL16,2
Org (2),BB16,=+AM16*13%,1
Org (2),BE16,=+AM16+BB16,2
Org (2),S17,=+N17*13%,1
Org (2),V17,=+N17+S17,2
Org (2),AM17,=+AG17*AL17,2
Org (2),BB17,=+AM17*13%,1
Org (2),BE17,=+AM17+BB17,2
Org (2),S18,=+N18*13%,1
Org (2),V18,=+N18+S18,2
Org (2),AM18,=+AG18*AL18,2
Org (2),BB18,=+AM18*13%,1
Org (2),BE18,=+AM18+BB18,2
Org (2),N19,=SUM(N15:R18),1
Org (2),S19,=SUM(S15:U18),1
Org (2),V19,=SUM(V15:Z18),1
Org (2),AM19,=+AG19*AL19,2
Org (2),BB19,=+AM19*13%,1
Org (2),BE19,=+AM19+BB19,2
Org (2),AM20,=+AG20*AL20,2
Org (2),BB20,=+AM20*13%,1
Org (2),BE20,=+AM20+BB20,2
Org (2),N21,=+N19,1
Org (2),S21,=+S19,1
Org (2),V21,=+N21+S21,2
Org (2),BB21,=SUM(BB14:BD20),1
Org (2),BE21,=SUM(BE14:BI20),1
Org (2),AM23,"=+SUMIF($AU$14:$AU$20,$AU$17,AM14:AQ20)",3
Org (2),BB23,"=+SUMIF($AU$14:$AU$20,$AU$17,BB14:BD20)",3
Org (2),BE23,=+BB23+AM23,2
Org (2),AT26,=+AO26*13%,1
Org (2),AW26,=+AO26+AT26,2
Org (2),AT27,=+AO27*13%,1
Org (2),AW27,=+AO27+AT27,2
Org (2),AT28,=+AO28*13%,1
Org (2),AW28,=+AO28+AT28,2
Org (2),AT29,=+AO29*13%,1
Org (2),AW29,=+AO29+AT29,2
Org (2),AO30,=SUM(AO26:AS29),1
Org (2),AT30,=SUM(AT26:AV29),1
Org (2),AW30,=SUM(AW26:BA29),1
Org (2),BF34,=+AO34*13%,1
Org (2),BI34,=+AO34+BC34+BF34,3
Org (2),BF35,=+AO35*13%,1
Org (2),BI35,=+AO35+BC35+BF35,3
Org (2),BF36,=+AO36*13%,1
Org (2),BI36,=+AO36+BC36+BF36,3
Org (2),BF37,=+AO37*13%,1
Org (2),BI37,=+AO37+BC37+BF37,3
Org (2),AO38,=SUM(AO34:AS37),1
Org (2),BC38,=SUM(BC34:BE37),1
Org (2),BF38,=SUM(BF34:BH37),1
Org (2),BI38,=SUM(BI34:BK37),1
Org (2),AC41,=+AC34,1
Org (2),AG43,=+AG42+AG41,2
Org (2),AM43,=+AN42+AN41,2
Org (2),AQ43,=+AM43*0.13,1
Org (2),AT43,=+AM43*0.5,1
Org (2),AW43,=+AM43+AQ43+AT43,3
Org (2),AN137,=+AM130,1
Org (2),AW137,=+AR137*AV137,2
Org (2),BA137,=+AW137*0.13,1
Org (2),BD137,=+AW137*0.5,1
Org (2),BG137,=+AW137+BA137+BD137,3
Org (2),AN138,=+AM133,1
Org (2),AW138,=+AR138*AV138,2
Org (2),BA138,=+AW138*0.13,1
Org (2),BD138,=+AW138*0.5,1
Org (2),BG138,=+AW138+BA138+BD138,3
Org (2),AE139,=+N139*13%,1
Org (2),AH139,=+N139+AB139+AE139,3
Org (2),AR139,=+AR138+AR137,2
Org (2),AW139,=+AW138+AW137,2
Org (2),BA139,=+AW139*0.13,1
Org (2),BD139,=+AW139*0.5,1
Org (2),BG139,=+AW139+BA139+BD139,3
Org (2),AE140,=+N140*13%,1
Org (2),AH140,=+N140+AB140+AE140,3
Org (2),AE141,=+N141*13%,1
Org (2),AH141,=+N141+AB141+AE141,3
Org (2),AE142,=+N142*13%,1
Org (2),AH142,=+N142+AB142+AE142,3
Org (2),N143,=SUM(N139:R142),1
Org (2),AB143,=SUM(AB139:AD142),1
Org (2),AE143,=SUM(AE139:AG142),1
Org (2),AH143,=SUM(AH139:AJ142),1
Org (2),AD144,=+AD142,1
Org (2),N169,=+F169*M169,2
Org (2),AB169,=+N169*5%,1
Org (2),AE169,=+N169*13%,1
Org (2),AH169,=+N169+AB169+AE169,3
Org (2),N170,=+F170*M170,2
Org (2),AB170,=+N170*5%,1
Org (2),AE170,=+N170*13%,1
Org (2),AH170,=+N170+AB170+AE170,3
Org (2),N171,=+F171*M171,2
Org (2),AB171,=+N171*5%,1
Org (2),AE171,=+N171*13%,1
Org (2),AH171,=+N171+AB171+AE171,3
Org (2),N172,=+F172*M172,2
Org (2),AB172,=+N172*5%,1
Org (2),AE172,=+N172*13%,1
Org (2),AH172,=+N172+AB172+AE172,3
Org (2),N173,=+F173*M173,2
Org (2),AB173,=+N173*5%,1
Org (2),AE173,=+N173*13%,1
Org (2),AH173,=+N173+AB173+AE173,3
Org (2),N174,=+F174*M174,2
Org (2),AB174,=+N174*5%,1
Org (2),AE174,=+N174*13%,1
Org (2),AH174,=+N174+AB174+AE174,3
Org (2),N175,=+F175*M175,2
Org (2),AB175,=+N175*5%,1
Org (2),AE175,=+N175*13%,1
Org (2),AH175,=+N175+AB175+AE175,3
Org (2),N176,=+F176*M176,2
Org (2),AB176,=+N176*5%,1
Org (2),AE176,=+N176*13%,1
Org (2),AH176,=+N176+AB176+AE176,3
Org (2),N177,=+F177*M177,2
Org (2),AB177,=+N177*5%,1
Org (2),AE177,=+N177*13%,1
Org (2),AH177,=+N177+AB177+AE177,3
Org (2),N178,=+F178*M178,2
Org (2),AB178,=+N178*5%,1
Org (2),AE178,=+N178*13%,1
Org (2),AH178,=+N178+AB178+AE178,3
Org (2),N179,=+F179*M179,2
Org (2),AB179,=+N179*5%,1
Org (2),AE179,=+N179*13%,1
Org (2),AH179,=+N179+AB179+AE179,3
Org (2),N180,=+F180*M180,2
Org (2),AB180,=+N180*5%,1
Org (2),AE180,=+N180*13%,1
Org (2),AH180,=+N180+AB180+AE180,3
Org (2),N181,=+F181*M181,2
Org (2),AB181,=+N181*5%,1
Org (2),AE181,=+N181*13%,1
Org (2),AH181,=+N181+AB181+AE181,3
Org (2),N182,=+F182*M182,2
Org (2),AB182,=+N182*5%,1
Org (2),AE182,=+N182*13%,1
Org (2),AH182,=+N182+AB182+AE182,3
Org (2),N183,=+F183*M183,2
Org (2),AB183,=+N183*5%,1
Org (2),AE183,=+N183*13%,1
Org (2),AH183,=+N183+AB183+AE183,3
Org (2),N184,=+F184*M184,2
Org (2),AB184,=+N184*5%,1
Org (2),AE184,=+N184*13%,1
Org (2),AH184,=+N184+AB184+AE184,3
Org (2),N185,=+F185*M185,2
Org (2),AB185,=+N185*5%,1
Org (2),AE185,=+N185*13%,1
Org (2),AH185,=+N185+AB185+AE185,3
Org (2),N186,=+F186*M186,2
Org (2),AB186,=+N186*5%,1
Org (2),AE186,=+N186*13%,1
Org (2),AH186,=+N186+AB186+AE186,3
Org (2),M187,=SUM(M169:M186),1
Org (2),N187,=SUM(N169:R186),1
Org (2),AB187,=+N187*5%,1
Org (2),AE187,=+N187*13%,1
Org (2),AH187,=+N187+AB187+AE187,3
Org (2),F189,"=+SUMIF(W169:W186,W172,F169:I186)",3
Org (2),M189,"=+SUMIF(W169:W186,W175,M169:M186)",3
Org (2),N189,"=+SUMIF(W169:W186,W176,N169:R186)",3
Org (2),AB189,=+N189*5%,1
Org (2),AE189,=+N189*13%,1
Org (2),AH189,=+N189+AB189+AE189,3
Org (2),F194,=+N19,1
Org (2),K194,=+S19,1
Org (2),Q194,=+F194+K194+N194,3
Org (2),F195,=+AM21,1
Org (2),K195,=+BB21,1
Org (2),Q195,=+F195+K195+N195,3
Org (2),F196,=+N143,1
Org (2),K196,=+AE143,1
Org (2),Q196,=+F196+K196+N196,3
Org (2),B197,=+AI130,1
Org (2),F197,=+AW139,1
Org (2),K197,=+BA139,1
Org (2),N197,=+BD139,1
Org (2),Q197,=+F197+K197+N197,3
Org (2),F198,=+N187,1
Org (2),K198,=+AE187,1
Org (2),N198,=+AB187,1
Org (2),Q198,=+F198+K198+N198,3
Org (2),N217,=+N215*25,1
Org (2),O217,=+O215*25,1
Org (2),P217,=+P215*25,1
Org (2),Q217,=+Q215*25,1
Org (2),R217,=+R215*25,1
Org (2),S217,=+S215*25,1
Org (2),T217,=+T215*25,1
Org (2),X220,=+J220*2,1
Org (2),X221,=+J221*2,1
Org (2),X222,=+J222*2,1
Org (2),X223,=+J223*2,1
Org (2),X226,=+J226*2,1
Org (2),X227,=+J227*2,1
Org (2),X228,=+J228*2,1
Org (2),J232,=+F170,1
Org (2),L232,=+J232,1
Org (2),N232,=+L232,1
Org (2),P232,=+N232,1
Org (2),R232,=+P232,1
Org (2),T232,=+R232,1
Org (2),V232,=+T232,1
Org (2),X232,=+J232*2,1
Org (2),J233,=+J226,1
Org (2),L233,=+L226,1
Org (2),N233,=+N226,1
Org (2),P233,=+P226,1
Org (2),R233,=+R226,1
Org (2),T233,=+T226,1
Org (2),V233,=+V226,1
Org (2),X233,=+J233*2,1
Org (2),X234,=+J234*2,1
Org (2),J236,=+F171,1
Org (2),L236,=+J236,1
Org (2),N236,=+L236,1
Org (2),P236,=+N236,1
Org (2),R236,=+P236,1
Org (2),T236,=+R236,1
Org (2),V236,=+T236,1
Org (2),X236,=+J236*2,1
Org (2),J237,=+J227,1
Org (2),L237,=+L227,1
Org (2),N237,=+N227,1
Org (2),P237,=+P227,1
Org (2),R237,=+R227,1
Org (2),T237,=+T227,1
Org (2),V237,=+V227,1
Org (2),X237,=+J237*2,1
Org (2),AC237,=+AC226*2,1
Org (2),AD237,=+AD226*2,1
Org (2),AE237,=+AE226*2,1
Org (2),AF237,=+AF226*2,1
Org (2),X238,=+J238*2,1
Org (2),L241,=+$K$241*(1+L230),2
Org (2),N241,=+$K$241*(1+N230),2
Org (2),P241,=+$K$241*(1+P230),2
Org (2),R241,=+$K$241*(1+R230),2
Org (2),T241,=+$K$241*(1+T230),2
Org (2),V241,=+$K$241*(1+V230),2
Org (2),K242,=+K241*2.5,1
Org (2),K243,=+K241*1.5,1
Org (2),K244,=+K241*15,1
Org (2),K245,=+K241*10,1
Organigramme,H7,=+'FORT DAUPHIN'!B108,1
Organigramme,H19,"=+'FORT DAUPHIN'!B109&"" ""&'FORT DAUPHIN'!C109",2
Recap coupeuses FD,O3,=TODAY(),0
Recap coupeuses FD,M8,='Recap coupeuses FD'!D8+F8,2
Recap coupeuses FD,N8,=B8*2000,1
Recap coupeuses FD,O8,=M8-N8,2
Recap coupeuses FD,M9,='Recap coupeuses FD'!D9,1
Recap coupeuses FD,N9,=B9*2000,1
Recap coupeuses FD,O9,=M9-N9,2
Recap coupeuses FD,M10,='Recap coupeuses FD'!D10,1
Recap coupeuses FD,N10,=B10*2000,1
Recap coupeuses FD,O10,=M10-N10,2
Recap coupeuses FD,B11,=SUM(B8:B10),1
Recap coupeuses FD,C11,=SUM(C8:C10),1
Recap coupeuses FD,D11,=SUM(D8:D10),1
Recap coupeuses FD,E11,=SUM(E8:E10),1
Recap coupeuses FD,F11,=SUM(F8:F10),1
Recap coupeuses FD,G11,=SUM(G8:G10),1
Recap coupeuses FD,H11,=SUM(H8:H10),1
Recap coupeuses FD,I11,=SUM(I8:I10),1
Recap coupeuses FD,J11,=SUM(J8:J10),1
Recap coupeuses FD,K11,=SUM(K8:K10),1
Recap coupeuses FD,L11,=SUM(L8:L10),1
Recap coupeuses FD,M11,=SUM(M8:M10),1
Recap coupeuses FD,N11,=SUM(N8:N10),1
Recap coupeuses FD,O11,=SUM(O8:O10),1
AMPANDRANDAVA,A1,"=""Matricule""",0
AMPANDRANDAVA,B1,"=""NOM""",0
AMPANDRANDAVA,C1,"=""PRENOMS""",0
AMPANDRANDAVA,D1,"=""FONCTION""",0
AMPANDRANDAVA,E1,"=""entree""",0
AMPANDRANDAVA,F1,"=""CAT""",0
AMPANDRANDAVA,G1,"=""Base""",0
AMPANDRANDAVA,H1,"=""ALLOCATION DE CONGES""",0
AMPANDRANDAVA,I1,"=""HEURES SUPP""",0
AMPANDRANDAVA,J1,"=""NBRES""",0
AMPANDRANDAVA,K1,"=""ABSENCE""",0
AMPANDRANDAVA,L1,"=""INDEMNITE""",0
AMPANDRANDAVA,M1,"=""RAPPEL SUR SALAIRE""",0
AMPANDRANDAVA,N1,"=""BRUT""",0
AMPANDRANDAVA,O1,"=""IRSA""",0
AMPANDRANDAVA,P1,"=""RET CNAPS""",0
AMPANDRANDAVA,Q1,"=""PAIEMENT ESP""",0
AMPANDRANDAVA,R1,"=""ANC ARR""",0
AMPANDRANDAVA,S1,"=""NOUV ARR""",0
AMPANDRANDAVA,T1,"=""NET A PAYER""",0
AMPANDRANDAVA,U1,"=""UNITE""",0
AMPANDRANDAVA,V1,"=""Intitulé établissement""",0
AMPANDRANDAVA,W1,"=""MODE DE PAIEMENT""",0
AMPANDRANDAVA,A2,"="" 0760""",0
AMPANDRANDAVA,B2,"=""REFILA""",0
AMPANDRANDAVA,C2,"=""Mosa""",0
AMPANDRANDAVA,D2,"=""TEMP CENTRALE""",0
AMPANDRANDAVA,F2,"=""M1""",0
AMPANDRANDAVA,U2,"=""TEMPORAIRE""",0
AMPANDRANDAVA,V2,"=""SOCIETE DES MINES D'AMPANDRANDAVA""",0
AMPANDRANDAVA,W2,"=""Espèces""",0
AMPANDRANDAVA,A3,"=""01096""",0
AMPANDRANDAVA,B3,"=""TOLISOA""",0
AMPANDRANDAVA,C3,"=""""",0
AMPANDRANDAVA,D3,"=""AGENT DE SECURITE""",0
AMPANDRANDAVA,F3,"=""4A""",0
AMPANDRANDAVA,U3,"=""PERMANENT""",0
AMPANDRANDAVA,V3,"=""SOCIETE DES MINES D'AMPANDRANDAVA""",0
AMPANDRANDAVA,W3,"=""Espèces""",0
AMPANDRANDAVA,A4,"=""01120""",0
AMPANDRANDAVA,B4,"=""JEAN BAPTISTE""",0
AMPANDRANDAVA,C4,"=""""",0
AMPANDRANDAVA,D4,"=""MECANICIEN""",0
AMPANDRANDAVA,F4,"=""OP3""",0
AMPANDRANDAVA,U4,"=""PERMANENT""",0
AMPANDRANDAVA,V4,"=""SOCIETE DES MINES D'AMPANDRANDAVA""",0
AMPANDRANDAVA,W4,"=""Espèces""",0
AMPANDRANDAVA,A5,"=""01196""",0
AMPANDRANDAVA,B5,"=""BRUNO""",0
AMPANDRANDAVA,C5,"=""""",0
AMPANDRANDAVA,D5,"=""AGENT DE SECURITE""",0
AMPANDRANDAVA,F5,"=""5A""",0
AMPANDRANDAVA,U5,"=""PERMANENT""",0
AMPANDRANDAVA,V5,"=""SOCIETE DES MINES D'AMPANDRANDAVA""",0
AMPANDRANDAVA,W5,"=""Espèces""",0
AMPANDRANDAVA,A6,"=""01227""",0
AMPANDRANDAVA,B6,"=""RAYMOND NOEL""",0
AMPANDRANDAVA,C6,"=""""",0
AMPANDRANDAVA,D6,"=""AGENT DE SECURITE""",0
AMPANDRANDAVA,F6,"=""3B""",0
AMPANDRANDAVA,U6,"=""PERMANENT""",0
AMPANDRANDAVA,V6,"=""SOCIETE DES MINES D'AMPANDRANDAVA""",0
AMPANDRANDAVA,W6,"=""Espèces""",0
AMPANDRANDAVA,A7,"=""01276""",0
AMPANDRANDAVA,B7,"=""ANDRIANJAKASOA""",0
AMPANDRANDAVA,C7,"=""Lala""",0
AMPANDRANDAVA,D7,"=""CHEF D'EXPLOITATION""",0
AMPANDRANDAVA,F7,"=""HC""",0
AMPANDRANDAVA,U7,"=""TEMPORAIRE""",0
AMPANDRANDAVA,V7,"=""SOCIETE DES MINES D'AMPANDRANDAVA""",0
AMPANDRANDAVA,W7,"=""Espèces""",0
AMPANDRANDAVA,A8,"=""01319""",0
AMPANDRANDAVA,B8,"=""FAHAMARO""",0
AMPANDRANDAVA,C8,"=""Olivier""",0
AMPANDRANDAVA,D8,"=""AGENT DE SECURITE""",0
AMPANDRANDAVA,F8,"=""4A""",0
AMPANDRANDAVA,U8,"=""PERMANENT""",0
AMPANDRANDAVA,V8,"=""SOCIETE DES MINES D'AMPANDRANDAVA""",0
AMPANDRANDAVA,W8,"=""Espèces""",0
AMPANDRANDAVA,A9,"=""01322""",0
AMPANDRANDAVA,B9,"=""RAZAFINDRALAMBO""",0
AMPANDRANDAVA,C9,"=""Odilon""",0
AMPANDRANDAVA,D9,"=""MACON""",0
AMPANDRANDAVA,F9,"=""OP1B""",0
AMPANDRANDAVA,U9,"=""PERMANENT""",0
AMPANDRANDAVA,V9,"=""SOCIETE DES MINES D'AMPANDRANDAVA""",0
AMPANDRANDAVA,W9,"=""Espèces""",0
AMPANDRANDAVA,A10,"=""01325""",0
AMPANDRANDAVA,B10,"=""RAHERINIAINA""",0
AMPANDRANDAVA,C10,"=""Elie Charl""",0
AMPANDRANDAVA,D10,"=""CHEF DE POSTE""",0
AMPANDRANDAVA,F10,"=""3A""",0
AMPANDRANDAVA,U10,"=""PERMANENT""",0
AMPANDRANDAVA,V10,"=""SOCIETE DES MINES D'AMPANDRANDAVA""",0
AMPANDRANDAVA,W10,"=""Virement""",0
AMPANDRANDAVA,A11,"=""01326""",0
AMPANDRANDAVA,B11,"=""LAHA""",0
AMPANDRANDAVA,C11,"=""Claude Fra""",0
AMPANDRANDAVA,D11,"=""AGENT DE SECURITE""",0
AMPANDRANDAVA,F11,"=""3A""",0
AMPANDRANDAVA,U11,"=""PERMANENT""",0
AMPANDRANDAVA,V11,"=""SOCIETE DES MINES D'AMPANDRANDAVA""",0
AMPANDRANDAVA,W11,"=""Espèces""",0
AMPANDRANDAVA,A12,"=""01327""",0
AMPANDRANDAVA,B12,"=""MAKA""",0
AMPANDRANDAVA,C12,"=""Gilbert""",0
AMPANDRANDAVA,D12,"=""AIDE MECANICIEN""",0
AMPANDRANDAVA,F12,"=""M2""",0
AMPANDRANDAVA,U12,"=""TEMPORAIRE""",0
AMPANDRANDAVA,V12,"=""SOCIETE DES MINES D'AMPANDRANDAVA""",0
AMPANDRANDAVA,W12,"=""Espèces""",0
AMPANDRANDAVA,A13,"=""01331""",0
AMPANDRANDAVA,B13,"=""FANAHIA""",0
AMPANDRANDAVA,C13,"=""Bertrand G""",0
AMPANDRANDAVA,D13,"=""AGENT DE SECURITE""",0
AMPANDRANDAVA,F13,"=""2B""",0
AMPANDRANDAVA,U13,"=""PERMANENT""",0
AMPANDRANDAVA,V13,"=""SOCIETE DES MINES D'AMPANDRANDAVA""",0
AMPANDRANDAVA,W13,"=""Espèces""",0
AMPANDRANDAVA,A14,"=""01334""",0
AMPANDRANDAVA,B14,"=""HOVA""",0
AMPANDRANDAVA,C14,"=""Claudine""",0
AMPANDRANDAVA,D14,"=""FEMME DE MENAGE""",0
AMPANDRANDAVA,F14,"=""M1""",0
AMPANDRANDAVA,U14,"=""PERMANENT""",0
AMPANDRANDAVA,V14,"=""SOCIETE DES MINES D'AMPANDRANDAVA""",0
AMPANDRANDAVA,W14,"=""Espèces""",0
AMPANDRANDAVA,A15,"=""10027""",0
AMPANDRANDAVA,B15,"=""MILASOA""",0
AMPANDRANDAVA,C15,"=""Gaetan""",0
AMPANDRANDAVA,D15,"=""MAGASINIER""",0
AMPANDRANDAVA,F15,"=""OP2A""",0
AMPANDRANDAVA,U15,"=""PERMANENT""",0
AMPANDRANDAVA,V15,"=""SOCIETE DES MINES D'AMPANDRANDAVA""",0
AMPANDRANDAVA,W15,"=""Espèces""",0
AMPANDRANDAVA,A16,"=""10072""",0
AMPANDRANDAVA,B16,"=""RAZANAMAHEFA""",0
AMPANDRANDAVA,C16,"=""Monique""",0
AMPANDRANDAVA,D16,"=""RESP MICA""",0
AMPANDRANDAVA,F16,"=""OP1A""",0
AMPANDRANDAVA,U16,"=""PERMANENT""",0
AMPANDRANDAVA,V16,"=""SOCIETE DES MINES D'AMPANDRANDAVA""",0
AMPANDRANDAVA,W16,"=""Espèces""",0
AMPANDRANDAVA,A17,"=""10100""",0
AMPANDRANDAVA,B17,"=""RASOAMAMPIONONA""",0
AMPANDRANDAVA,C17,"=""Alice""",0
AMPANDRANDAVA,D17,"=""LINGERIE""",0
AMPANDRANDAVA,F17,"=""M2""",0
AMPANDRANDAVA,U17,"=""PERMANENT""",0
AMPANDRANDAVA,V17,"=""SOCIETE DES MINES D'AMPANDRANDAVA""",0
AMPANDRANDAVA,W17,"=""Espèces""",0
AMPANDRANDAVA,A18,"=""10101""",0
AMPANDRANDAVA,B18,"=""RALAIVAO""",0
AMPANDRANDAVA,C18,"=""Seth Norbe""",0
AMPANDRANDAVA,D18,"=""RECEPTIONNISTE""",0
AMPANDRANDAVA,F18,"=""HC""",0
AMPANDRANDAVA,U18,"=""TEMPORAIRE""",0
AMPANDRANDAVA,V18,"=""SOCIETE DES MINES D'AMPANDRANDAVA""",0
AMPANDRANDAVA,W18,"=""Espèces""",0
AMPANDRANDAVA,A19,"=""11339""",0
AMPANDRANDAVA,B19,"=""MANOLOSOA""",0
AMPANDRANDAVA,C19,"=""Tsify""",0
AMPANDRANDAVA,D19,"=""MACHINISTE""",0
AMPANDRANDAVA,F19,"=""OS2""",0
AMPANDRANDAVA,U19,"=""PERMANENT""",0
AMPANDRANDAVA,V19,"=""SOCIETE DES MINES D'AMPANDRANDAVA""",0
AMPANDRANDAVA,W19,"=""Espèces""",0
AMPANDRANDAVA,A20,"=""11340""",0
AMPANDRANDAVA,B20,"=""TSIVERY""",0
AMPANDRANDAVA,C20,"=""Leonce""",0
AMPANDRANDAVA,D20,"=""AIDE MACHINISTE""",0
AMPANDRANDAVA,F20,"=""M2""",0
AMPANDRANDAVA,U20,"=""PERMANENT""",0
AMPANDRANDAVA,V20,"=""SOCIETE DES MINES D'AMPANDRANDAVA""",0
AMPANDRANDAVA,W20,"=""Espèces""",0
AMPANDRANDAVA,A21,"=""11341""",0
AMPANDRANDAVA,B21,"=""RASOLO""",0
AMPANDRANDAVA,C21,"=""Louis Sera""",0
AMPANDRANDAVA,D21,"=""AIDE MACHINISTE""",0
AMPANDRANDAVA,F21,"=""M2""",0
AMPANDRANDAVA,U21,"=""PERMANENT""",0
AMPANDRANDAVA,V21,"=""SOCIETE DES MINES D'AMPANDRANDAVA""",0
AMPANDRANDAVA,W21,"=""Espèces""",0
AMPANDRANDAVA,A22,"=""11342""",0
AMPANDRANDAVA,B22,"=""ZAFINDRAZA""",0
AMPANDRANDAVA,C22,"=""""",0
AMPANDRANDAVA,D22,"=""GARDIEN""",0
AMPANDRANDAVA,F22,"=""M1""",0
AMPANDRANDAVA,U22,"=""PERMANENT""",0
AMPANDRANDAVA,V22,"=""SOCIETE DES MINES D'AMPANDRANDAVA""",0
AMPANDRANDAVA,W22,"=""Espèces""",0
AMPANDRANDAVA,A23,"=""11343""",0
AMPANDRANDAVA,B23,"=""TSANGANAVELO""",0
AMPANDRANDAVA,C23,"=""""",0
AMPANDRANDAVA,D23,"=""GARDIEN""",0
AMPANDRANDAVA,F23,"=""M1""",0
AMPANDRANDAVA,U23,"=""PERMANENT""",0
AMPANDRANDAVA,V23,"=""SOCIETE DES MINES D'AMPANDRANDAVA""",0
AMPANDRANDAVA,W23,"=""Espèces""",0
AMPANDRANDAVA,A24,"=""11346""",0
AMPANDRANDAVA,B24,"=""AVISOA""",0
AMPANDRANDAVA,C24,"=""Mahonjo""",0
AMPANDRANDAVA,D24,"=""AIDE MECANICIEN""",0
AMPANDRANDAVA,F24,"=""M2""",0
AMPANDRANDAVA,U24,"=""PERMANENT""",0
AMPANDRANDAVA,V24,"=""SOCIETE DES MINES D'AMPANDRANDAVA""",0
AMPANDRANDAVA,W24,"=""Espèces""",0
AMPANDRANDAVA,A25,"=""11348""",0
AMPANDRANDAVA,B25,"=""MANJOSOA""",0
AMPANDRANDAVA,C25,"=""""",0
AMPANDRANDAVA,D25,"=""TREUILLISTE""",0
AMPANDRANDAVA,F25,"=""OS1""",0
AMPANDRANDAVA,U25,"=""JOURNALIER""",0
AMPANDRANDAVA,V25,"=""SOCIETE DES MINES D'AMPANDRANDAVA""",0
AMPANDRANDAVA,W25,"=""Espèces""",0
AMPANDRANDAVA,A26,"=""11349""",0
AMPANDRANDAVA,B26,"=""MANAFOKO""",0
AMPANDRANDAVA,C26,"=""""",0
AMPANDRANDAVA,D26,"=""MACHINISTE""",0
AMPANDRANDAVA,F26,"=""""",0
AMPANDRANDAVA,U26,"=""JOURNALIER""",0
AMPANDRANDAVA,V26,"=""SOCIETE DES MINES D'AMPANDRANDAVA""",0
AMPANDRANDAVA,W26,"=""Espèces""",0
AMPANDRANDAVA,A27,"=""11350""",0
AMPANDRANDAVA,B27,"=""SOAZARA""",0
AMPANDRANDAVA,C27,"=""Jean Paul""",0
AMPANDRANDAVA,D27,"=""TREUILLISTE""",0
AMPANDRANDAVA,F27,"=""OS1""",0
AMPANDRANDAVA,U27,"=""JOURNALIER""",0
AMPANDRANDAVA,V27,"=""SOCIETE DES MINES D'AMPANDRANDAVA""",0
AMPANDRANDAVA,W27,"=""Espèces""",0
AMPANDRANDAVA,A28,"=""11351""",0
AMPANDRANDAVA,B28,"=""SAMBOMANA""",0
AMPANDRANDAVA,C28,"=""""",0
AMPANDRANDAVA,D28,"=""TREUILLISTE""",0
AMPANDRANDAVA,F28,"=""M1""",0
AMPANDRANDAVA,U28,"=""PERMANENT""",0
AMPANDRANDAVA,V28,"=""SOCIETE DES MINES D'AMPANDRANDAVA""",0
AMPANDRANDAVA,W28,"=""Espèces""",0
AMPANDRANDAVA,A29,"=""11352""",0
AMPANDRANDAVA,B29,"=""RANDRIAMANDAMINA""",0
AMPANDRANDAVA,C29,"=""Bernardin""",0
AMPANDRANDAVA,D29,"=""BOUTE FEUX""",0
AMPANDRANDAVA,F29,"=""OS1""",0
AMPANDRANDAVA,U29,"=""JOURNALIER""",0
AMPANDRANDAVA,V29,"=""SOCIETE DES MINES D'AMPANDRANDAVA""",0
AMPANDRANDAVA,W29,"=""Espèces""",0
AMPANDRANDAVA,A30,"=""11353""",0
AMPANDRANDAVA,B30,"=""IERI""",0
AMPANDRANDAVA,C30,"=""Santé Galo""",0
AMPANDRANDAVA,D30,"=""CONDUCTEUR/SOUDEUR""",0
AMPANDRANDAVA,F30,"=""OS1""",0
AMPANDRANDAVA,U30,"=""PERMANENT""",0
AMPANDRANDAVA,V30,"=""SOCIETE DES MINES D'AMPANDRANDAVA""",0
AMPANDRANDAVA,W30,"=""Espèces""",0
AMPANDRANDAVA,A31,"=""11354""",0
AMPANDRANDAVA,B31,"=""SILIVERA""",0
AMPANDRANDAVA,C31,"=""""",0
AMPANDRANDAVA,D31,"=""AIDE PLOMBIER""",0
AMPANDRANDAVA,F31,"=""""",0
AMPANDRANDAVA,U31,"=""JOURNALIER""",0
AMPANDRANDAVA,V31,"=""SOCIETE DES MINES D'AMPANDRANDAVA""",0
AMPANDRANDAVA,W31,"=""Espèces""",0
AMPANDRANDAVA,A32,"=""11355""",0
AMPANDRANDAVA,B32,"=""ROBITIANA""",0
AMPANDRANDAVA,C32,"=""Reine""",0
AMPANDRANDAVA,D32,"=""RESPONSABLE PESEURS""",0
AMPANDRANDAVA,F32,"=""""",0
AMPANDRANDAVA,U32,"=""PERMANENT""",0
AMPANDRANDAVA,V32,"=""SOCIETE DES MINES D'AMPANDRANDAVA""",0
AMPANDRANDAVA,W32,"=""Espèces""",0
AMPANDRANDAVA,A33,"=""11361""",0
AMPANDRANDAVA,B33,"=""RAVELOMANANTSOA NIRINA""",0
AMPANDRANDAVA,C33,"=""Edmond""",0
AMPANDRANDAVA,D33,"=""RESPONSABLE MINES  AMPANDRANDA""",0
AMPANDRANDAVA,F33,"=""HC""",0
AMPANDRANDAVA,U33,"=""PERMANENT""",0
AMPANDRANDAVA,V33,"=""SOCIETE DES MINES D'AMPANDRANDAVA""",0
AMPANDRANDAVA,W33,"=""Virement""",0
AMPANDRANDAVA,A34,"=""21018""",0
AMPANDRANDAVA,B34,"=""SOARAZA""",0
AMPANDRANDAVA,C34,"=""Gerard""",0
AMPANDRANDAVA,D34,"=""MANUTENTIONNAIRE""",0
AMPANDRANDAVA,F34,"=""""",0
AMPANDRANDAVA,U34,"=""JOURNALIER""",0
AMPANDRANDAVA,V34,"=""SOCIETE DES MINES D'AMPANDRANDAVA""",0
AMPANDRANDAVA,W34,"=""Espèces""",0
AMPANDRANDAVA,A35,"=""21019""",0
AMPANDRANDAVA,B35,"=""RAZAFIMANDROSO""",0
AMPANDRANDAVA,C35,"=""Nantenaina""",0
AMPANDRANDAVA,D35,"=""MANUTENTIONNAIRE""",0
AMPANDRANDAVA,F35,"=""""",0
AMPANDRANDAVA,U35,"=""JOURNALIER""",0
AMPANDRANDAVA,V35,"=""SOCIETE DES MINES D'AMPANDRANDAVA""",0
AMPANDRANDAVA,W35,"=""Espèces""",0
AMPANDRANDAVA,A36,"=""21032""",0
AMPANDRANDAVA,B36,"=""TANANTSOA""",0
AMPANDRANDAVA,C36,"=""""",0
AMPANDRANDAVA,D36,"=""T05""",0
AMPANDRANDAVA,F36,"=""""",0
AMPANDRANDAVA,U36,"=""JOURNALIER""",0
AMPANDRANDAVA,V36,"=""SOCIETE DES MINES D'AMPANDRANDAVA""",0
AMPANDRANDAVA,W36,"=""Espèces""",0
AMPANDRANDAVA,A37,"=""21033""",0
AMPANDRANDAVA,B37,"=""FERNAND""",0
AMPANDRANDAVA,C37,"=""Fiarena""",0
AMPANDRANDAVA,D37,"=""T05""",0
AMPANDRANDAVA,F37,"=""""",0
AMPANDRANDAVA,U37,"=""JOURNALIER""",0
AMPANDRANDAVA,V37,"=""SOCIETE DES MINES D'AMPANDRANDAVA""",0
AMPANDRANDAVA,W37,"=""Espèces""",0
AMPANDRANDAVA,A38,"=""21034""",0
AMPANDRANDAVA,B38,"=""MAKA""",0
AMPANDRANDAVA,C38,"=""Olivier""",0
AMPANDRANDAVA,D38,"=""CHEF DE POSTE""",0
AMPANDRANDAVA,F38,"=""OS1""",0
AMPANDRANDAVA,U38,"=""PERMANENT""",0
AMPANDRANDAVA,V38,"=""SOCIETE DES MINES D'AMPANDRANDAVA""",0
AMPANDRANDAVA,W38,"=""Espèces""",0
AMPANDRANDAVA,A39,"=""21036""",0
AMPANDRANDAVA,B39,"=""MALANGISOA""",0
AMPANDRANDAVA,C39,"=""""",0
AMPANDRANDAVA,D39,"=""TREUILLISTE""",0
AMPANDRANDAVA,F39,"=""""",0
AMPANDRANDAVA,U39,"=""JOURNALIER""",0
AMPANDRANDAVA,V39,"=""SOCIETE DES MINES D'AMPANDRANDAVA""",0
AMPANDRANDAVA,W39,"=""Espèces""",0
AMPANDRANDAVA,A40,"=""21050""",0
AMPANDRANDAVA,B40,"=""MONJA""",0
AMPANDRANDAVA,C40,"=""Augustin""",0
AMPANDRANDAVA,D40,"=""PESEUR MICA BRUT""",0
AMPANDRANDAVA,F40,"=""""",0
AMPANDRANDAVA,U40,"=""JOURNALIER""",0
AMPANDRANDAVA,V40,"=""SOCIETE DES MINES D'AMPANDRANDAVA""",0
AMPANDRANDAVA,W40,"=""Espèces""",0
AMPANDRANDAVA,A41,"=""21053""",0
AMPANDRANDAVA,B41,"=""MIANDRISOA T.""",0
AMPANDRANDAVA,C41,"=""Narcisse""",0
AMPANDRANDAVA,D41,"=""TOJ""",0
AMPANDRANDAVA,F41,"=""""",0
AMPANDRANDAVA,U41,"=""JOURNALIER""",0
AMPANDRANDAVA,V41,"=""SOCIETE DES MINES D'AMPANDRANDAVA""",0
AMPANDRANDAVA,W41,"=""Espèces""",0
AMPANDRANDAVA,A42,"=""21057""",0
AMPANDRANDAVA,B42,"=""SOAFANOROA""",0
AMPANDRANDAVA,C42,"=""""",0
AMPANDRANDAVA,D42,"=""MINEUR""",0
AMPANDRANDAVA,F42,"=""""",0
AMPANDRANDAVA,U42,"=""JOURNALIER""",0
AMPANDRANDAVA,V42,"=""SOCIETE DES MINES D'AMPANDRANDAVA""",0
AMPANDRANDAVA,W42,"=""Espèces""",0
AMPANDRANDAVA,A43,"=""21059""",0
AMPANDRANDAVA,B43,"=""MAKA""",0
AMPANDRANDAVA,C43,"=""""",0
AMPANDRANDAVA,D43,"=""GARDIEN""",0
AMPANDRANDAVA,F43,"=""""",0
AMPANDRANDAVA,U43,"=""JOURNALIER""",0
AMPANDRANDAVA,V43,"=""SOCIETE DES MINES D'AMPANDRANDAVA""",0
AMPANDRANDAVA,W43,"=""Espèces""",0
AMPANDRANDAVA,A44,"=""21061""",0
AMPANDRANDAVA,B44,"=""RAZAFINDRAKOTONIAINA""",0
AMPANDRANDAVA,C44,"=""Patrick""",0
AMPANDRANDAVA,D44,"=""AGENT DE SECURITE""",0
AMPANDRANDAVA,F44,"=""""",0
AMPANDRANDAVA,U44,"=""JOURNALIER""",0
AMPANDRANDAVA,V44,"=""SOCIETE DES MINES D'AMPANDRANDAVA""",0
AMPANDRANDAVA,W44,"=""Espèces""",0
AMPANDRANDAVA,A45,"=""21062""",0
AMPANDRANDAVA,B45,"=""RAMANAHIRANA""",0
AMPANDRANDAVA,C45,"=""Vorisoa Re""",0
AMPANDRANDAVA,D45,"=""AGENT DE SECURITE""",0
AMPANDRANDAVA,F45,"=""""",0
AMPANDRANDAVA,U45,"=""JOURNALIER""",0
AMPANDRANDAVA,V45,"=""SOCIETE DES MINES D'AMPANDRANDAVA""",0
AMPANDRANDAVA,W45,"=""Espèces""",0
AMPANDRANDAVA,A46,"=""21210""",0
AMPANDRANDAVA,B46,"=""SOJA CECILIA""",0
AMPANDRANDAVA,C46,"=""""",0
AMPANDRANDAVA,D46,"=""GARDIEN""",0
AMPANDRANDAVA,F46,"=""""",0
AMPANDRANDAVA,U46,"=""JOURNALIER""",0
AMPANDRANDAVA,V46,"=""SOCIETE DES MINES D'AMPANDRANDAVA""",0
AMPANDRANDAVA,W46,"=""Espèces""",0
AMPANDRANDAVA,A47,"=""21251""",0
AMPANDRANDAVA,B47,"=""RAKOTOMALALA""",0
AMPANDRANDAVA,C47,"=""Soja""",0
AMPANDRANDAVA,D47,"=""Ouvrier IRF1""",0
AMPANDRANDAVA,F47,"=""""",0
AMPANDRANDAVA,U47,"=""JOURNALIER""",0
AMPANDRANDAVA,V47,"=""SOCIETE DES MINES D'AMPANDRANDAVA""",0
AMPANDRANDAVA,W47,"=""Espèces""",0
AMPANDRANDAVA,A48,"=""21277""",0
AMPANDRANDAVA,B48,"=""LAMBO""",0
AMPANDRANDAVA,C48,"=""""",0
AMPANDRANDAVA,D48,"=""Ouvrier IRF1""",0
AMPANDRANDAVA,F48,"=""""",0
AMPANDRANDAVA,U48,"=""JOURNALIER""",0
AMPANDRANDAVA,V48,"=""SOCIETE DES MINES D'AMPANDRANDAVA""",0
AMPANDRANDAVA,W48,"=""Espèces""",0
AMPANDRANDAVA,A49,"=""21296""",0
AMPANDRANDAVA,B49,"=""RANOMENJANAHARY""",0
AMPANDRANDAVA,C49,"=""Donald Rem""",0
AMPANDRANDAVA,D49,"=""Ouvrier Benne""",0
AMPANDRANDAVA,F49,"=""""",0
AMPANDRANDAVA,U49,"=""JOURNALIER""",0
AMPANDRANDAVA,V49,"=""SOCIETE DES MINES D'AMPANDRANDAVA""",0
AMPANDRANDAVA,W49,"=""Espèces""",0
AMPANDRANDAVA,A50,"=""21322""",0
AMPANDRANDAVA,B50,"=""RAZAFIMAHATRATRA""",0
AMPANDRANDAVA,C50,"=""Gaston""",0
AMPANDRANDAVA,D50,"=""MANUTENTIONNAIRE""",0
AMPANDRANDAVA,F50,"=""""",0
AMPANDRANDAVA,U50,"=""JOURNALIER""",0
AMPANDRANDAVA,V50,"=""SOCIETE DES MINES D'AMPANDRANDAVA""",0
AMPANDRANDAVA,W50,"=""Espèces""",0
AMPANDRANDAVA,A51,"=""21335""",0
AMPANDRANDAVA,B51,"=""TIRINDRAY""",0
AMPANDRANDAVA,C51,"=""Maherisoa""",0
AMPANDRANDAVA,D51,"=""MANUTENTIONNAIRE""",0
AMPANDRANDAVA,F51,"=""""",0
AMPANDRANDAVA,U51,"=""JOURNALIER""",0
AMPANDRANDAVA,V51,"=""SOCIETE DES MINES D'AMPANDRANDAVA""",0
AMPANDRANDAVA,W51,"=""Espèces""",0
AMPANDRANDAVA,A52,"=""21364""",0
AMPANDRANDAVA,B52,"=""MOSA""",0
AMPANDRANDAVA,C52,"=""Jean""",0
AMPANDRANDAVA,D52,"=""MANUTENTIONNAIRE""",0
AMPANDRANDAVA,F52,"=""""",0
AMPANDRANDAVA,U52,"=""JOURNALIER""",0
AMPANDRANDAVA,V52,"=""SOCIETE DES MINES D'AMPANDRANDAVA""",0
AMPANDRANDAVA,W52,"=""Espèces""",0
AMPANDRANDAVA,A53,"=""21473""",0
AMPANDRANDAVA,B53,"=""MANOLOSOA""",0
AMPANDRANDAVA,C53,"=""Gilbert""",0
AMPANDRANDAVA,D53,"=""GARDIEN""",0
AMPANDRANDAVA,F53,"=""""",0
AMPANDRANDAVA,U53,"=""JOURNALIER""",0
AMPANDRANDAVA,V53,"=""SOCIETE DES MINES D'AMPANDRANDAVA""",0
AMPANDRANDAVA,W53,"=""Espèces""",0
AMPANDRANDAVA,A54,"=""21478""",0
AMPANDRANDAVA,B54,"=""DAMY""",0
AMPANDRANDAVA,C54,"=""Sylvin""",0
AMPANDRANDAVA,D54,"=""MANUTENTIONNAIRE""",0
AMPANDRANDAVA,F54,"=""""",0
AMPANDRANDAVA,U54,"=""JOURNALIER""",0
AMPANDRANDAVA,V54,"=""SOCIETE DES MINES D'AMPANDRANDAVA""",0
AMPANDRANDAVA,W54,"=""Espèces""",0
AMPANDRANDAVA,A55,"=""21479""",0
AMPANDRANDAVA,B55,"=""FANOMEZA""",0
AMPANDRANDAVA,C55,"=""Alson""",0
AMPANDRANDAVA,D55,"=""BOUTE FEU""",0
AMPANDRANDAVA,F55,"=""""",0
AMPANDRANDAVA,U55,"=""JOURNALIER""",0
AMPANDRANDAVA,V55,"=""SOCIETE DES MINES D'AMPANDRANDAVA""",0
AMPANDRANDAVA,W55,"=""Espèces""",0
AMPANDRANDAVA,A56,"=""21543""",0
AMPANDRANDAVA,B56,"=""MIHA""",0
AMPANDRANDAVA,C56,"=""Tahintsoa""",0
AMPANDRANDAVA,D56,"=""MANUTENTIONNAIRE""",0
AMPANDRANDAVA,F56,"=""""",0
AMPANDRANDAVA,U56,"=""JOURNALIER""",0
AMPANDRANDAVA,V56,"=""SOCIETE DES MINES D'AMPANDRANDAVA""",0
AMPANDRANDAVA,W56,"=""Espèces""",0
AMPANDRANDAVA,A57,"=""21607""",0
AMPANDRANDAVA,B57,"=""MANADILY""",0
AMPANDRANDAVA,C57,"=""""",0
AMPANDRANDAVA,D57,"=""CHEF DE POSTE""",0
AMPANDRANDAVA,F57,"=""M2""",0
AMPANDRANDAVA,U57,"=""TEMPORAIRE""",0
AMPANDRANDAVA,V57,"=""SOCIETE DES MINES D'AMPANDRANDAVA""",0
AMPANDRANDAVA,W57,"=""Espèces""",0
AMPANDRANDAVA,A58,"=""21656""",0
AMPANDRANDAVA,B58,"=""HERINIAINA""",0
AMPANDRANDAVA,C58,"=""Therry Gal""",0
AMPANDRANDAVA,D58,"=""MANUTENTIONNAIRE""",0
AMPANDRANDAVA,F58,"=""""",0
AMPANDRANDAVA,U58,"=""JOURNALIER""",0
AMPANDRANDAVA,V58,"=""SOCIETE DES MINES D'AMPANDRANDAVA""",0
AMPANDRANDAVA,W58,"=""Espèces""",0
AMPANDRANDAVA,A59,"=""21675""",0
AMPANDRANDAVA,B59,"=""RAZAFINDRAGABY""",0
AMPANDRANDAVA,C59,"=""Olivier""",0
AMPANDRANDAVA,D59,"=""GARDIEN""",0
AMPANDRANDAVA,F59,"=""""",0
AMPANDRANDAVA,U59,"=""JOURNALIER""",0
AMPANDRANDAVA,V59,"=""SOCIETE DES MINES D'AMPANDRANDAVA""",0
AMPANDRANDAVA,W59,"=""Espèces""",0
AMPANDRANDAVA,A60,"=""21714""",0
AMPANDRANDAVA,B60,"=""RATOVONIAINA""",0
AMPANDRANDAVA,C60,"=""Soja Obin""",0
AMPANDRANDAVA,D60,"=""MANUTENTIONNAIRE""",0
AMPANDRANDAVA,F60,"=""""",0
AMPANDRANDAVA,U60,"=""JOURNALIER""",0
AMPANDRANDAVA,V60,"=""SOCIETE DES MINES D'AMPANDRANDAVA""",0
AMPANDRANDAVA,W60,"=""Espèces""",0
AMPANDRANDAVA,A61,"=""21737""",0
AMPANDRANDAVA,B61,"=""REMY""",0
AMPANDRANDAVA,C61,"=""Eljhone""",0
AMPANDRANDAVA,D61,"=""GARDIEN""",0
AMPANDRANDAVA,F61,"=""""",0
AMPANDRANDAVA,U61,"=""JOURNALIER""",0
AMPANDRANDAVA,V61,"=""SOCIETE DES MINES D'AMPANDRANDAVA""",0
AMPANDRANDAVA,W61,"=""Espèces""",0
AMPANDRANDAVA,A62,"=""21844""",0
AMPANDRANDAVA,B62,"=""KARENA""",0
AMPANDRANDAVA,C62,"=""Violette""",0
AMPANDRANDAVA,D62,"=""TAMISEUSE""",0
AMPANDRANDAVA,F62,"=""""",0
AMPANDRANDAVA,U62,"=""JOURNALIER""",0
AMPANDRANDAVA,V62,"=""SOCIETE DES MINES D'AMPANDRANDAVA""",0
AMPANDRANDAVA,W62,"=""Espèces""",0
AMPANDRANDAVA,A63,"=""21970""",0
AMPANDRANDAVA,B63,"=""TONGARIVO""",0
AMPANDRANDAVA,C63,"=""Jack""",0
AMPANDRANDAVA,D63,"=""CONTROLEUSE MICA BRUT""",0
AMPANDRANDAVA,F63,"=""""",0
AMPANDRANDAVA,U63,"=""JOURNALIER""",0
AMPANDRANDAVA,V63,"=""SOCIETE DES MINES D'AMPANDRANDAVA""",0
AMPANDRANDAVA,W63,"=""Espèces""",0
AMPANDRANDAVA,A64,"=""22011""",0
AMPANDRANDAVA,B64,"=""TOVO""",0
AMPANDRANDAVA,C64,"=""José Anacl""",0
AMPANDRANDAVA,D64,"=""MANUTENTIONNAIRE""",0
AMPANDRANDAVA,F64,"=""""",0
AMPANDRANDAVA,U64,"=""JOURNALIER""",0
AMPANDRANDAVA,V64,"=""SOCIETE DES MINES D'AMPANDRANDAVA""",0
AMPANDRANDAVA,W64,"=""Espèces""",0
AMPANDRANDAVA,A65,"=""22012""",0
AMPANDRANDAVA,B65,"=""SOLOBERA""",0
AMPANDRANDAVA,C65,"=""""",0
AMPANDRANDAVA,D65,"=""GARDIEN""",0
AMPANDRANDAVA,F65,"=""""",0
AMPANDRANDAVA,U65,"=""JOURNALIER""",0
AMPANDRANDAVA,V65,"=""SOCIETE DES MINES D'AMPANDRANDAVA""",0
AMPANDRANDAVA,W65,"=""Espèces""",0
AMPANDRANDAVA,A66,"=""22013""",0
AMPANDRANDAVA,B66,"=""KOTO""",0
AMPANDRANDAVA,C66,"=""Florent""",0
AMPANDRANDAVA,D66,"=""GARDIEN""",0
AMPANDRANDAVA,F66,"=""""",0
AMPANDRANDAVA,U66,"=""JOURNALIER""",0
AMPANDRANDAVA,V66,"=""SOCIETE DES MINES D'AMPANDRANDAVA""",0
AMPANDRANDAVA,W66,"=""Espèces""",0
AMPANDRANDAVA,A67,"=""22014""",0
AMPANDRANDAVA,B67,"=""MOLY""",0
AMPANDRANDAVA,C67,"=""Justin""",0
AMPANDRANDAVA,D67,"=""GARDIEN""",0
AMPANDRANDAVA,F67,"=""""",0
AMPANDRANDAVA,U67,"=""JOURNALIER""",0
AMPANDRANDAVA,V67,"=""SOCIETE DES MINES D'AMPANDRANDAVA""",0
AMPANDRANDAVA,W67,"=""Espèces""",0
AMPANDRANDAVA,A68,"=""22265""",0
AMPANDRANDAVA,B68,"=""NOMENJANAHARY RALAINANDRASANA""",0
AMPANDRANDAVA,C68,"=""Jean Ladis""",0
AMPANDRANDAVA,D68,"=""Ouvrier IRF1""",0
AMPANDRANDAVA,F68,"=""""",0
AMPANDRANDAVA,U68,"=""JOURNALIER""",0
AMPANDRANDAVA,V68,"=""SOCIETE DES MINES D'AMPANDRANDAVA""",0
AMPANDRANDAVA,W68,"=""Espèces""",0
AMPANDRANDAVA,A69,"=""22313""",0
AMPANDRANDAVA,B69,"=""SOALITSY""",0
AMPANDRANDAVA,C69,"=""Joentoly""",0
AMPANDRANDAVA,D69,"=""MANUTENTIONNAIRE""",0
AMPANDRANDAVA,F69,"=""""",0
AMPANDRANDAVA,U69,"=""JOURNALIER""",0
AMPANDRANDAVA,V69,"=""SOCIETE DES MINES D'AMPANDRANDAVA""",0
AMPANDRANDAVA,W69,"=""Espèces""",0
AMPANDRANDAVA,A70,"=""22314""",0
AMPANDRANDAVA,B70,"=""RAZAFIMAHALEO""",0
AMPANDRANDAVA,C70,"=""Herizo""",0
AMPANDRANDAVA,D70,"=""MANUTENTIONNAIRE""",0
AMPANDRANDAVA,F70,"=""""",0
AMPANDRANDAVA,U70,"=""JOURNALIER""",0
AMPANDRANDAVA,V70,"=""SOCIETE DES MINES D'AMPANDRANDAVA""",0
AMPANDRANDAVA,W70,"=""Espèces""",0
AMPANDRANDAVA,A71,"=""22315""",0
AMPANDRANDAVA,B71,"=""SAMBOVELO R.""",0
AMPANDRANDAVA,C71,"=""""",0
AMPANDRANDAVA,D71,"=""MANUTENTIONNAIRE""",0
AMPANDRANDAVA,F71,"=""""",0
AMPANDRANDAVA,U71,"=""JOURNALIER""",0
AMPANDRANDAVA,V71,"=""SOCIETE DES MINES D'AMPANDRANDAVA""",0
AMPANDRANDAVA,W71,"=""Espèces""",0
AMPANDRANDAVA,A72,"=""23001""",0
AMPANDRANDAVA,B72,"=""LAHA""",0
AMPANDRANDAVA,C72,"=""Tognendray""",0
AMPANDRANDAVA,D72,"=""MANUTENTIONNAIRE""",0
AMPANDRANDAVA,F72,"=""""",0
AMPANDRANDAVA,U72,"=""JOURNALIER""",0
AMPANDRANDAVA,V72,"=""SOCIETE DES MINES D'AMPANDRANDAVA""",0
AMPANDRANDAVA,W72,"=""Espèces""",0
AMPANDRANDAVA,A73,"=""23004""",0
AMPANDRANDAVA,B73,"=""MANDIGNISOA""",0
AMPANDRANDAVA,C73,"=""""",0
AMPANDRANDAVA,D73,"=""Ouvrier Benne""",0
AMPANDRANDAVA,F73,"=""""",0
AMPANDRANDAVA,U73,"=""JOURNALIER""",0
AMPANDRANDAVA,V73,"=""SOCIETE DES MINES D'AMPANDRANDAVA""",0
AMPANDRANDAVA,W73,"=""Espèces""",0
AMPANDRANDAVA,A74,"=""23006""",0
AMPANDRANDAVA,B74,"=""ZAFIARIVO""",0
AMPANDRANDAVA,C74,"=""Odon""",0
AMPANDRANDAVA,D74,"=""Ouvrier Benne""",0
AMPANDRANDAVA,F74,"=""""",0
AMPANDRANDAVA,U74,"=""JOURNALIER""",0
AMPANDRANDAVA,V74,"=""SOCIETE DES MINES D'AMPANDRANDAVA""",0
AMPANDRANDAVA,W74,"=""Espèces""",0
AMPANDRANDAVA,A75,"=""23009""",0
AMPANDRANDAVA,B75,"=""MONJA""",0
AMPANDRANDAVA,C75,"=""Laza""",0
AMPANDRANDAVA,D75,"=""MANUTENTIONNAIRE""",0
AMPANDRANDAVA,F75,"=""""",0
AMPANDRANDAVA,U75,"=""JOURNALIER""",0
AMPANDRANDAVA,V75,"=""SOCIETE DES MINES D'AMPANDRANDAVA""",0
AMPANDRANDAVA,W75,"=""Espèces""",0
AMPANDRANDAVA,A76,"=""23010""",0
AMPANDRANDAVA,B76,"=""REFISORA""",0
AMPANDRANDAVA,C76,"=""Andrianamb""",0
AMPANDRANDAVA,D76,"=""MANUTENTIONNAIRE""",0
AMPANDRANDAVA,F76,"=""""",0
AMPANDRANDAVA,U76,"=""JOURNALIER""",0
AMPANDRANDAVA,V76,"=""SOCIETE DES MINES D'AMPANDRANDAVA""",0
AMPANDRANDAVA,W76,"=""Espèces""",0
AMPANDRANDAVA,A77,"=""23011""",0
AMPANDRANDAVA,B77,"=""VELONTSARA""",0
AMPANDRANDAVA,C77,"=""""",0
AMPANDRANDAVA,D77,"=""TEMP CENTRALE""",0
AMPANDRANDAVA,F77,"=""""",0
AMPANDRANDAVA,U77,"=""JOURNALIER""",0
AMPANDRANDAVA,V77,"=""SOCIETE DES MINES D'AMPANDRANDAVA""",0
AMPANDRANDAVA,W77,"=""Espèces""",0
AMPANDRANDAVA,A78,"=""""",0
AMPANDRANDAVA,B78,"=""""",0
AMPANDRANDAVA,C78,"=""""",0
AMPANDRANDAVA,D78,"=""""",0
AMPANDRANDAVA,F78,"=""""",0
AMPANDRANDAVA,G78,=SUM(G2:G77),1
AMPANDRANDAVA,H78,=SUM(H2:H77),1
AMPANDRANDAVA,I78,=SUM(I2:I77),1
AMPANDRANDAVA,J78,=SUM(J2:J77),1
AMPANDRANDAVA,K78,=SUM(K2:K77),1
AMPANDRANDAVA,L78,=SUM(L2:L77),1
AMPANDRANDAVA,M78,=SUM(M2:M77),1
AMPANDRANDAVA,N78,=SUM(N2:N77),1
AMPANDRANDAVA,O78,=SUM(O2:O77),1
AMPANDRANDAVA,P78,=SUM(P2:P77),1
AMPANDRANDAVA,Q78,=SUM(Q2:Q77),1
AMPANDRANDAVA,R78,=SUM(R2:R77),1
AMPANDRANDAVA,S78,=SUM(S2:S77),1
AMPANDRANDAVA,T78,=SUM(T2:T77),1
AMPANDRANDAVA,U78,"=""""",0
AMPANDRANDAVA,V78,"=""""",0
AMPANDRANDAVA,W78,"=""""",0
Recap coupeuses Ampandra,N6,=+J6/A6,2
Recap coupeuses Ampandra,N7,=+J7/A7,2
Recap coupeuses Ampandra,N8,=+J8/A8,2
Commande à honorer,I5,=73*24000,0
Commande à honorer,I7,=2*17500,0
Commande à honorer,I14,=2*17.5,0
Commande à honorer,E17,=SUM(E3:E16),1
Commande à honorer,F17,=SUM(F3:F16),1
Commande à honorer,E19,"=SUMIF(D3:D16,""TRA"",E3:E16)",2
Commande à honorer,F19,"=SUMIF(D4:D17,""TRA"",F3:F16)",2
Commande à honorer,E20,"=SUMIF(D3:D16,""ABR"",E3:E16)",2
Commande à honorer,F20,"=SUMIF(D3:D16,""ABR"",F3:F16)",2
Commande à honorer,G20,=+E20/24000,1
Commande à honorer,E21,"=SUMIF(D3:D16,""FP1"",E3:E16)",2
Commande à honorer,F21,"=SUMIF(D3:D16,""FP1"",F3:F16)",2
Commande à honorer,E22,"=SUMIF(D3:D16,""S FP"",E3:E16)",2
Commande à honorer,F22,"=SUMIF(D4:D17,""S FP"",F3:F16)",2
Commande à honorer,E23,=SUM(E19:E22),1
Commande à honorer,F23,=SUM(F19:F22),1
Commande à honorer,G23,=+E23-Production!#REF!/1000-E21-E22,4
Commande à honorer,E26,=+E4+E6,2
Commande à honorer,E27,=+E26/24,1
Détails,E3,=33*24000,0
Détails,I3,=18/20,0
Détails,C6,=+C4+C5,2
Détails,D6,=+D4+D5,2
Détails,E6,=+E4+E5,2
Détails,F6,=+F4+F5,2
Détails,G6,=+G4+G5,2
Détails,H6,=+H4+H5,2
Détails,I6,=+I4+I5,2
Détails,J6,=+J4+J5,2
Détails,K6,=+K4+K5,2
Détails,L6,=+L4+L5,2
Détails,M6,=+M4+M5,2
Détails,N6,=+N4+N5,2
Détails,O6,=+O4+O5,2
Détails,C8,=+$B$8*C4,2
Détails,D8,=+$B$8*D4,2
Détails,E8,=+$B$8*E4,2
Détails,F8,=+$B$8*F4,2
Détails,G8,=+$B$8*G4,2
Détails,H8,=+$B$8*H4,2
Détails,I8,=+$B$8*I4,2
Détails,J8,=+$B$8*J4,2
Détails,K8,=+$B$8*K4,2
Détails,L8,=+$B$8*L4,2
Détails,M8,=+$B$8*M4,2
Détails,N8,=+$B$8*N4,2
Détails,C9,=+$B$9*C5,2
Détails,D9,=+$B$9*D5,2
Détails,E9,=+$B$9*E5,2
Détails,F9,=+$B$9*F5,2
Détails,G9,=+$B$9*G5,2
Détails,H9,=+$B$9*H5,2
Détails,I9,=+$B$9*I5,2
Détails,J9,=+$B$9*J5,2
Détails,K9,=+$B$9*K5,2
Détails,L9,=+$B$9*L5,2
Détails,M9,=+$B$9*M5,2
Détails,N9,=+$B$9*N5,2
Détails,C10,=+C8+C9,2
Détails,D10,=+D8+D9,2
Détails,E10,=+E8+E9,2
Détails,F10,=+F8+F9,2
Détails,G10,=+G8+G9,2
Détails,H10,=+H8+H9,2
Détails,I10,=+I8+I9,2
Détails,J10,=+J8+J9,2
Détails,K10,=+K8+K9,2
Détails,L10,=+L8+L9,2
Détails,M10,=+M8+M9,2
Détails,N10,=+N8+N9,2
Détails,O10,=+O8+O9,2
Détails,C25,=+B25*5,1
Détails,D25,=+C25*4,1
Détails,C26,=+B26*5,1
Détails,D26,=+C26*4,1
Détails,C27,=+B27*5,1
Détails,D27,=+C27*4,1
Détails,B28,=SUM(B25:B27),1
Détails,C28,=SUM(C25:C27),1
Détails,D28,=SUM(D25:D27),1
Détails,C30,=+B30*5,1
Détails,D30,=+C30*4,1
Détails,G30,=25*50,0
Détails,C31,=+B31*5,1
Détails,D31,=+C31*4,1
Détails,C32,=+B32*5,1
Détails,D32,=+C32*4,1
Détails,D33,=+C33*4,1
Détails,D34,=+C34*4,1
Détails,J36,=+I36*2,1
Détails,C37,=SUM(C30:C36),1
Détails,D37,=SUM(D30:D36),1
Détails,J39,=18*24,0
Détails,K39,=+J39*10,1
Détails,D41,=SUM(D39:D40),1
Détails,C44,"=SUM(D41,D37,D28)",3
Détails,D44,=+C44*0.7,1
Détails,F44,=C44*12,1
Détails,G44,=+F44*0.7,1
Détails,C47,=3750*5,0
Détails,D47,=+C47*4,1
Détails,G47,=100+80,0
Détails,C48,=1875*5,0
Détails,D48,=+C48*4,1
Détails,C49,=18750*5,0
Détails,D49,=+C49*4,1
Détails,F62,=+E62*6,1
Détails,G62,=+C25,1
Détails,F63,=+E63*6,1
Détails,G63,=+C26,1
Détails,F64,=+E64*6,1
Détails,G64,=+C27,1
Détails,F66,=15*2,0
Détails,G66,=+SUM(G62:G64),1
Détails,F67,=+E67*5,1
Détails,G67,=+C28,1
Détails,G68,=SUM(G66:G67),1
Détails,G77,=0.5*6*4,0
Détails,C81,=80*2,0
Détails,E81,=+C81*4,1
Détails,G81,=12*6,0
Détails,E82,=+C82*4,1
Détails,C83,=239*2,0
Détails,E83,=+C83*4,1
Détails,E84,=+C84*4,1
Détails,C85,=SUM(C81:C84),1
Détails,E85,=SUM(E81:E84),1
Détails,C86,=+C85*0.45,1
Détails,E86,=+E85*0.45,1
Détails,E87,=+E86*4000,1
Détails,D88,=+B88*C88,2
Détails,D89,=+B89*C89,2
Détails,D90,=+B90*C90,2
Détails,D91,=SUM(D88:D90),1
Détails,E91,=+D91*2,1
Détails,C97,=+B97*0.25,1
Détails,C98,=+B98*0.25,1
Détails,B99,=+B98,1
Détails,C99,=+B99*0.25,1
Détails,F99,=+B99*1.2,1
Détails,G99,=+F99/3,1
Détails,I99,=250000000/3750,0
Détails,B100,=SUM(B97:B99),1
Détails,C100,=SUM(C97:C99),1
Détails,D100,=+C100/12,1
Détails,B101,=+B100*0.1,1
Détails,D101,=+B101/12,1
Détails,B108,=SUM(B106:B107),1
Commandes,C2,=+C45,1
Commandes,D2,=+D45,1
Commandes,E2,=+E45,1
Commandes,F2,=+F45,1
Commandes,G2,=+G45,1
Commandes,H2,=+H45,1
Commandes,I2,=+I45,1
Commandes,J2,=+J45,1
Commandes,K2,=+K45,1
Commandes,L2,=+L45,1
Commandes,M2,=+M45,1
Commandes,N2,=+N45,1
Commandes,B4,=+B28,1
Commandes,E4,=+C4*1000/50,1
Commandes,B5,=+B29,1
Commandes,E5,=+C5*1000/50,1
Commandes,B6,=+B30,1
Commandes,E6,=+C6*1000/50,1
Commandes,G6,=500/C6,1
Commandes,B7,=+B31,1
Commandes,E7,=+C7*1000/50,1
Commandes,B9,=+'Données SOMIDA'!C31,1
Commandes,C9,=+'Besoins en micas'!C2,1
Commandes,D9,=+'Besoins en micas'!D2,1
Commandes,E9,=+'Besoins en micas'!E2,1
Commandes,F9,=+'Besoins en micas'!F2,1
Commandes,G9,=+'Besoins en micas'!G2,1
Commandes,H9,=+'Besoins en micas'!H2,1
Commandes,I9,=+'Besoins en micas'!I2,1
Commandes,J9,=+'Besoins en micas'!J2,1
Commandes,K9,=+'Besoins en micas'!K2,1
Commandes,L9,=+'Besoins en micas'!L2,1
Commandes,M9,=+'Besoins en micas'!M2,1
Commandes,N9,=+'Besoins en micas'!N2,1
Commandes,B10,=+B28,1
Commandes,O10,=SUM(C10:N10),1
Commandes,B11,=+B29,1
Commandes,O11,=SUM(C11:N11),1
Commandes,B12,=+B30,1
Commandes,O12,=SUM(C12:N12),1
Commandes,B13,=+B31,1
Commandes,O13,=SUM(C13:N13),1
Commandes,Q13,=1600/12,0
Commandes,R13,=+Q13/20,1
Commandes,B14,=+B32,1
Commandes,C14,=SUM(C10:C13),1
Commandes,D14,=SUM(D10:D13),1
Commandes,E14,=SUM(E10:E13),1
Commandes,F14,=SUM(F10:F13),1
Commandes,G14,=SUM(G10:G13),1
Commandes,H14,=SUM(H10:H13),1
Commandes,I14,=SUM(I10:I13),1
Commandes,J14,=SUM(J10:J13),1
Commandes,K14,=SUM(K10:K13),1
Commandes,L14,=SUM(L10:L13),1
Commandes,M14,=SUM(M10:M13),1
Commandes,N14,=SUM(N10:N13),1
Commandes,O14,=SUM(O10:O13),1
Commandes,B16,=+'Données SOMIDA'!C32,1
Commandes,C16,=+C9,1
Commandes,D16,=+D9,1
Commandes,E16,=+E9,1
Commandes,F16,=+F9,1
Commandes,G16,=+G9,1
Commandes,H16,=+H9,1
Commandes,I16,=+I9,1
Commandes,J16,=+J9,1
Commandes,K16,=+K9,1
Commandes,L16,=+L9,1
Commandes,M16,=+M9,1
Commandes,N16,=+N9,1
Commandes,O16,=+O9,1
Commandes,B17,=+B35,1
Commandes,O17,=SUM(C17:N17),1
Commandes,B18,=+B36,1
Commandes,O18,=SUM(C18:N18),1
Commandes,B19,=+B37,1
Commandes,O19,=SUM(C19:N19),1
Commandes,B20,=+B38,1
Commandes,O20,=SUM(C20:N20),1
Commandes,C21,=SUM(C17:C20),1
Commandes,D21,=SUM(D17:D20),1
Commandes,E21,=SUM(E17:E20),1
Commandes,F21,=SUM(F17:F20),1
Commandes,G21,=SUM(G17:G20),1
Commandes,H21,=SUM(H17:H20),1
Commandes,I21,=SUM(I17:I20),1
Commandes,J21,=SUM(J17:J20),1
Commandes,K21,=SUM(K17:K20),1
Commandes,L21,=SUM(L17:L20),1
Commandes,M21,=SUM(M17:M20),1
Commandes,N21,=SUM(N17:N20),1
Commandes,O21,=SUM(O17:O20),1
Commandes,B23,=+'Données SOMIDA'!C33,1
Commandes,C23,=+C16,1
Commandes,D23,=+D16,1
Commandes,E23,=+E16,1
Commandes,F23,=+F16,1
Commandes,G23,=+G16,1
Commandes,H23,=+H16,1
Commandes,I23,=+I16,1
Commandes,J23,=+J16,1
Commandes,K23,=+K16,1
Commandes,L23,=+L16,1
Commandes,M23,=+M16,1
Commandes,N23,=+N16,1
Commandes,O24,=SUM(C24:N24),1
Commandes,C25,=SUM(C24),1
Commandes,D25,=SUM(D24),1
Commandes,E25,=SUM(E24),1
Commandes,F25,=SUM(F24),1
Commandes,G25,=SUM(G24),1
Commandes,H25,=SUM(H24),1
Commandes,I25,=SUM(I24),1
Commandes,J25,=SUM(J24),1
Commandes,K25,=SUM(K24),1
Commandes,L25,=SUM(L24),1
Commandes,M25,=SUM(M24),1
Commandes,N25,=SUM(N24),1
Commandes,O25,=SUM(O24),1
Commandes,B27,=+B9,1
Commandes,C27,=+C23,1
Commandes,D27,=+D23,1
Commandes,E27,=+E23,1
Commandes,F27,=+F23,1
Commandes,G27,=+G23,1
Commandes,H27,=+H23,1
Commandes,I27,=+I23,1
Commandes,J27,=+J23,1
Commandes,K27,=+K23,1
Commandes,L27,=+L23,1
Commandes,M27,=+M23,1
Commandes,N27,=+N23,1
Commandes,B28,=+'Données SOMIDA'!C96,1
Commandes,C28,=+C10*$C$4,2
Commandes,D28,=+D10*$C$4,2
Commandes,E28,=+E10*$C$4,2
Commandes,F28,=+F10*$C$4,2
Commandes,G28,=+G10*$C$4,2
Commandes,H28,=+H10*$C$4,2
Commandes,I28,=+I10*$C$4,2
Commandes,J28,=+J10*$C$4,2
Commandes,K28,=+K10*$C$4,2
Commandes,L28,=+L10*$C$4,2
Commandes,M28,=+M10*$C$4,2
Commandes,N28,=+N10*$C$4,2
Commandes,O28,=SUM(C28:N28),1
Commandes,B29,=+'Données SOMIDA'!C97,1
Commandes,C29,=+C11*$C$5,2
Commandes,D29,=+D11*$C$5,2
Commandes,E29,=+E11*$C$5,2
Commandes,F29,=+F11*$C$5,2
Commandes,G29,=+G11*$C$5,2
Commandes,H29,=+H11*$C$5,2
Commandes,I29,=+I11*$C$5,2
Commandes,J29,=+J11*$C$5,2
Commandes,K29,=+K11*$C$5,2
Commandes,L29,=+L11*$C$5,2
Commandes,M29,=+M11*$C$5,2
Commandes,N29,=+N11*$C$5,2
Commandes,O29,=SUM(C29:N29),1
Commandes,B30,=+'Données SOMIDA'!C98,1
Commandes,C30,=+C12*$C$6,2
Commandes,D30,=+D12*$C$6,2
Commandes,E30,=+E12*$C$6,2
Commandes,F30,=+F12*$C$6,2
Commandes,G30,=+G12*$C$6,2
Commandes,H30,=+H12*$C$6,2
Commandes,I30,=+I12*$C$6,2
Commandes,J30,=+J12*$C$6,2
Commandes,K30,=+K12*$C$6,2
Commandes,L30,=+L12*$C$6,2
Commandes,M30,=+M12*$C$6,2
Commandes,N30,=+N12*$C$6,2
Commandes,O30,=SUM(C30:N30),1
Commandes,B31,=+'Données SOMIDA'!C99,1
Commandes,C31,=+C13*$C$7,2
Commandes,D31,=+D13*$C$7,2
Commandes,E31,=+E13*$C$7,2
Commandes,F31,=+F13*$C$7,2
Commandes,G31,=+G13*$C$7,2
Commandes,H31,=+H13*$C$7,2
Commandes,I31,=+I13*$C$7,2
Commandes,J31,=+J13*$C$7,2
Commandes,K31,=+K13*$C$7,2
Commandes,L31,=+L13*$C$7,2
Commandes,M31,=+M13*$C$7,2
Commandes,N31,=+N13*$C$7,2
Commandes,O31,=SUM(C31:N31),1
Commandes,C32,=SUM(C28:C31),1
Commandes,D32,=SUM(D28:D31),1
Commandes,E32,=SUM(E28:E31),1
Commandes,F32,=SUM(F28:F31),1
Commandes,G32,=SUM(G28:G31),1
Commandes,H32,=SUM(H28:H31),1
Commandes,I32,=SUM(I28:I31),1
Commandes,J32,=SUM(J28:J31),1
Commandes,K32,=SUM(K28:K31),1
Commandes,L32,=SUM(L28:L31),1
Commandes,M32,=SUM(M28:M31),1
Commandes,N32,=SUM(N28:N31),1
Commandes,O32,=SUM(O28:O31),1
Commandes,B34,=+B16,1
Commandes,C34,=+C27,1
Commandes,D34,=+D27,1
Commandes,E34,=+E27,1
Commandes,F34,=+F27,1
Commandes,G34,=+G27,1
Commandes,H34,=+H27,1
Commandes,I34,=+I27,1
Commandes,J34,=+J27,1
Commandes,K34,=+K27,1
Commandes,L34,=+L27,1
Commandes,M34,=+M27,1
Commandes,N34,=+N27,1
Commandes,B35,=+'Données SOMIDA'!C101,1
Commandes,C35,=+C17*$C$4,2
Commandes,D35,=+D17*$C$4,2
Commandes,E35,=+E17*$C$4,2
Commandes,F35,=+F17*$C$4,2
Commandes,G35,=+G17*$C$4,2
Commandes,H35,=+H17*$C$4,2
Commandes,I35,=+I17*$C$4,2
Commandes,J35,=+J17*$C$4,2
Commandes,K35,=+K17*$C$4,2
Commandes,L35,=+L17*$C$4,2
Commandes,M35,=+M17*$C$4,2
Commandes,N35,=+N17*$C$4,2
Commandes,O35,=SUM(C35:N35),1
Commandes,B36,=+'Données SOMIDA'!C102,1
Commandes,C36,=+C18*$C$5,2
Commandes,D36,=+D18*$C$5,2
Commandes,E36,=+E18*$C$5,2
Commandes,F36,=+F18*$C$5,2
Commandes,G36,=+G18*$C$5,2
Commandes,H36,=+H18*$C$5,2
Commandes,I36,=+I18*$C$5,2
Commandes,J36,=+J18*$C$5,2
Commandes,K36,=+K18*$C$5,2
Commandes,L36,=+L18*$C$5,2
Commandes,M36,=+M18*$C$5,2
Commandes,N36,=+N18*$C$5,2
Commandes,O36,=SUM(C36:N36),1
Commandes,B37,=+'Données SOMIDA'!C103,1
Commandes,C37,=+C19*$C$6,2
Commandes,D37,=+D19*$C$6,2
Commandes,E37,=+E19*$C$6,2
Commandes,F37,=+F19*$C$6,2
Commandes,G37,=+G19*$C$6,2
Commandes,H37,=+H19*$C$6,2
Commandes,I37,=+I19*$C$6,2
Commandes,J37,=+J19*$C$6,2
Commandes,K37,=+K19*$C$6,2
Commandes,L37,=+L19*$C$6,2
Commandes,M37,=+M19*$C$6,2
Commandes,N37,=+N19*$C$6,2
Commandes,O37,=SUM(C37:N37),1
Commandes,B38,=+'Données SOMIDA'!C104,1
Commandes,C38,=+C20*$C$7,2
Commandes,D38,=+D20*$C$7,2
Commandes,E38,=+E20*$C$7,2
Commandes,F38,=+F20*$C$7,2
Commandes,G38,=+G20*$C$7,2
Commandes,H38,=+H20*$C$7,2
Commandes,I38,=+I20*$C$7,2
Commandes,J38,=+J20*$C$7,2
Commandes,K38,=+K20*$C$7,2
Commandes,L38,=+L20*$C$7,2
Commandes,M38,=+M20*$C$7,2
Commandes,N38,=+N20*$C$7,2
Commandes,O38,=SUM(C38:N38),1
Commandes,C39,=SUM(C35:C38),1
Commandes,D39,=SUM(D35:D38),1
Commandes,E39,=SUM(E35:E38),1
Commandes,F39,=SUM(F35:F38),1
Commandes,G39,=SUM(G35:G38),1
Commandes,H39,=SUM(H35:H38),1
Commandes,I39,=SUM(I35:I38),1
Commandes,J39,=SUM(J35:J38),1
Commandes,K39,=SUM(K35:K38),1
Commandes,L39,=SUM(L35:L38),1
Commandes,M39,=SUM(M35:M38),1
Commandes,N39,=SUM(N35:N38),1
Commandes,O39,=SUM(O35:O38),1
Commandes,O40,=SUM(C40:N40),1
Commandes,B41,=+B23,1
Commandes,C41,=+C34,1
Commandes,D41,=+D34,1
Commandes,E41,=+E34,1
Commandes,F41,=+F34,1
Commandes,G41,=+G34,1
Commandes,H41,=+H34,1
Commandes,I41,=+I34,1
Commandes,J41,=+J34,1
Commandes,K41,=+K34,1
Commandes,L41,=+L34,1
Commandes,M41,=+M34,1
Commandes,N41,=+N34,1
Commandes,C42,=+C24*$C$4,2
Commandes,D42,=+D24*$C$4,2
Commandes,E42,=+E24*$C$4,2
Commandes,F42,=+F24*$C$4,2
Commandes,G42,=+G24*$C$4,2
Commandes,H42,=+H24*$C$4,2
Commandes,I42,=+I24*$C$4,2
Commandes,J42,=+J24*$C$4,2
Commandes,K42,=+K24*$C$4,2
Commandes,L42,=+L24*$C$4,2
Commandes,M42,=+M24*$C$4,2
Commandes,N42,=+N24*$C$4,2
Commandes,O42,=SUM(C42:N42),1
Commandes,C43,=SUM(C42:C42),1
Commandes,D43,=SUM(D42:D42),1
Commandes,E43,=SUM(E42:E42),1
Commandes,F43,=SUM(F42:F42),1
Commandes,G43,=SUM(G42:G42),1
Commandes,H43,=SUM(H42:H42),1
Commandes,I43,=SUM(I42:I42),1
Commandes,J43,=SUM(J42:J42),1
Commandes,K43,=SUM(K42:K42),1
Commandes,L43,=SUM(L42:L42),1
Commandes,M43,=SUM(M42:M42),1
Commandes,N43,=SUM(N42:N42),1
Commandes,O43,=SUM(O42:O42),1
Commandes,C45,=+C32+C39+C43,3
Commandes,D45,=+D32+D39+D43,3
Commandes,E45,=+E32+E39+E43,3
Commandes,F45,=+F32+F39+F43,3
Commandes,G45,=+G32+G39+G43,3
Commandes,H45,=+H32+H39+H43,3
Commandes,I45,=+I32+I39+I43,3
Commandes,J45,=+J32+J39+J43,3
Commandes,K45,=+K32+K39+K43,3
Commandes,L45,=+L32+L39+L43,3
Commandes,M45,=+M32+M39+M43,3
Commandes,N45,=+N32+N39+N43,3
Commandes,O45,=+O32+O39+O43,3
Commandes,C49,=+C41,1
Commandes,D49,=+D41,1
Commandes,E49,=+E41,1
Commandes,F49,=+F41,1
Commandes,G49,=+G41,1
Commandes,H49,=+H41,1
Commandes,I49,=+I41,1
Commandes,J49,=+J41,1
Commandes,K49,=+K41,1
Commandes,L49,=+L41,1
Commandes,M49,=+M41,1
Commandes,N49,=+N41,1
Commandes,O49,=+O41,1
Commandes,B50,=+B27,1
Commandes,B51,=+B28,1
Commandes,C51,"=ROUND((+C28)*(1+$C$47),0)*1000",2
Commandes,D51,"=ROUND((+D28)*(1+$C$47),0)*1000",2
Commandes,E51,"=ROUND((+E28)*(1+$C$47),0)*1000",2
Commandes,F51,"=ROUND((+F28)*(1+$C$47),0)*1000",2
Commandes,G51,"=ROUND((+G28)*(1+$C$47),0)*1000",2
Commandes,H51,"=ROUND((+H28)*(1+$C$47),0)*1000",2
Commandes,I51,"=ROUND((+I28)*(1+$C$47),0)*1000",2
Commandes,J51,"=ROUND((+J28)*(1+$C$47),0)*1000",2
Commandes,K51,"=ROUND((+K28)*(1-$C$47),0)*1000",2
Commandes,L51,"=ROUND((+L28)*(1-$C$47),0)*1000",2
Commandes,M51,"=ROUND((+M28)*(1-$C$47),0)*1000",2
Commandes,N51,"=ROUND((+N28)*(1-$C$47),0)*1000",2
Commandes,O51,=SUM(C51:N51),1
Commandes,B52,=+B29,1
Commandes,C52,"=ROUND((+C29)*(1+$C$47),0)*1000",2
Commandes,D52,"=ROUND((+D29)*(1+$C$47),0)*1000",2
Commandes,E52,"=ROUND((+E29)*(1+$C$47),0)*1000",2
Commandes,F52,"=ROUND((+F29)*(1+$C$47),0)*1000",2
Commandes,G52,"=ROUND((+G29)*(1+$C$47),0)*1000",2
Commandes,H52,"=ROUND((+H29)*(1+$C$47),0)*1000",2
Commandes,I52,"=ROUND((+I29)*(1+$C$47),0)*1000",2
Commandes,J52,"=ROUND((+J29)*(1+$C$47),0)*1000",2
Commandes,K52,"=ROUND((+K29)*(1-$C$47),0)*1000",2
Commandes,L52,"=ROUND((+L29)*(1-$C$47),0)*1000",2
Commandes,M52,"=ROUND((+M29)*(1-$C$47),0)*1000",2
Commandes,N52,"=ROUND((+N29)*(1-$C$47),0)*1000",2
Commandes,O52,=SUM(C52:N52),1
Commandes,B53,=+B30,1
Commandes,C53,"=ROUND((+C30)*(1+$C$47),0)*1000",2
Commandes,D53,"=ROUND((+D30)*(1+$C$47),0)*1000",2
Commandes,E53,"=ROUND((+E30)*(1+$C$47),0)*1000",2
Commandes,F53,"=ROUND((+F30)*(1+$C$47),0)*1000",2
Commandes,G53,"=ROUND((+G30)*(1+$C$47),0)*1000",2
Commandes,H53,"=ROUND((+H30)*(1+$C$47),0)*1000",2
Commandes,I53,"=ROUND((+I30)*(1+$C$47),0)*1000",2
Commandes,J53,"=ROUND((+J30)*(1+$C$47),0)*1000",2
Commandes,K53,"=ROUND((+K30)*(1-$C$47),0)*1000",2
Commandes,L53,"=ROUND((+L30)*(1-$C$47),0)*1000",2
Commandes,M53,"=ROUND((+M30)*(1-$C$47),0)*1000",2
Commandes,N53,"=ROUND((+N30)*(1-$C$47),0)*1000",2
Commandes,O53,=SUM(C53:N53),1
Commandes,B54,=+B31,1
Commandes,C54,"=ROUND((+C31)*(1+$C$47),0)*1000",2
Commandes,D54,"=ROUND((+D31)*(1+$C$47),0)*1000",2
Commandes,E54,"=ROUND((+E31)*(1+$C$47),0)*1000",2
Commandes,F54,"=ROUND((+F31)*(1+$C$47),0)*1000",2
Commandes,G54,"=ROUND((+G31)*(1+$C$47),0)*1000",2
Commandes,H54,"=ROUND((+H31)*(1+$C$47),0)*1000",2
Commandes,I54,"=ROUND((+I31)*(1+$C$47),0)*1000",2
Commandes,J54,"=ROUND((+J31)*(1+$C$47),0)*1000",2
Commandes,K54,"=ROUND((+K31)*(1-$C$47),0)*1000",2
Commandes,L54,"=ROUND((+L31)*(1-$C$47),0)*1000",2
Commandes,M54,"=ROUND((+M31)*(1-$C$47),0)*1000",2
Commandes,N54,"=ROUND((+N31)*(1-$C$47),0)*1000",2
Commandes,O54,=SUM(C54:N54),1
Commandes,B55,=+B34,1
Commandes,B56,=+B35,1
Commandes,C56,"=ROUND((+C35)*(1+$C$47),0)*1000",2
Commandes,D56,"=ROUND((+D35)*(1+$C$47),0)*1000",2
Commandes,E56,"=ROUND((+E35)*(1+$C$47),0)*1000",2
Commandes,F56,"=ROUND((+F35)*(1+$C$47),0)*1000",2
Commandes,G56,"=ROUND((+G35)*(1+$C$47),0)*1000",2
Commandes,H56,"=ROUND((+H35)*(1+$C$47),0)*1000",2
Commandes,I56,"=ROUND((+I35)*(1+$C$47),0)*1000",2
Commandes,J56,"=ROUND((+J35)*(1+$C$47),0)*1000",2
Commandes,K56,"=ROUND((+K35)*(1-$C$47),0)*1000",2
Commandes,L56,"=ROUND((+L35)*(1-$C$47),0)*1000",2
Commandes,M56,"=ROUND((+M35)*(1-$C$47),0)*1000",2
Commandes,N56,"=ROUND((+N35)*(1-$C$47),0)*1000",2
Commandes,O56,=SUM(C56:N56),1
Commandes,B57,=+B36,1
Commandes,C57,"=ROUND((+C36)*(1+$C$47),0)*1000",2
Commandes,D57,"=ROUND((+D36)*(1+$C$47),0)*1000",2
Commandes,E57,"=ROUND((+E36)*(1+$C$47),0)*1000",2
Commandes,F57,"=ROUND((+F36)*(1+$C$47),0)*1000",2
Commandes,G57,"=ROUND((+G36)*(1+$C$47),0)*1000",2
Commandes,H57,"=ROUND((+H36)*(1+$C$47),0)*1000",2
Commandes,I57,"=ROUND((+I36)*(1+$C$47),0)*1000",2
Commandes,J57,"=ROUND((+J36)*(1+$C$47),0)*1000",2
Commandes,K57,"=ROUND((+K36)*(1-$C$47),0)*1000",2
Commandes,L57,"=ROUND((+L36)*(1-$C$47),0)*1000",2
Commandes,M57,"=ROUND((+M36)*(1-$C$47),0)*1000",2
Commandes,N57,"=ROUND((+N36)*(1-$C$47),0)*1000",2
Commandes,O57,=SUM(C57:N57),1
Commandes,B58,=+B37,1
Commandes,C58,"=ROUND((+C37)*(1+$C$47),0)*1000",2
Commandes,D58,"=ROUND((+D37)*(1+$C$47),0)*1000",2
Commandes,E58,"=ROUND((+E37)*(1+$C$47),0)*1000",2
Commandes,F58,"=ROUND((+F37)*(1+$C$47),0)*1000",2
Commandes,G58,"=ROUND((+G37)*(1+$C$47),0)*1000",2
Commandes,H58,"=ROUND((+H37)*(1+$C$47),0)*1000",2
Commandes,I58,"=ROUND((+I37)*(1+$C$47),0)*1000",2
Commandes,J58,"=ROUND((+J37)*(1+$C$47),0)*1000",2
Commandes,K58,"=ROUND((+K37)*(1-$C$47),0)*1000",2
Commandes,L58,"=ROUND((+L37)*(1-$C$47),0)*1000",2
Commandes,M58,"=ROUND((+M37)*(1-$C$47),0)*1000",2
Commandes,N58,"=ROUND((+N37)*(1-$C$47),0)*1000",2
Commandes,O58,=SUM(C58:N58),1
Commandes,B59,=+B38,1
Commandes,C59,"=ROUND((+C38)*(1+$C$47),0)*1000",2
Commandes,D59,"=ROUND((+D38)*(1+$C$47),0)*1000",2
Commandes,E59,"=ROUND((+E38)*(1+$C$47),0)*1000",2
Commandes,F59,"=ROUND((+F38)*(1+$C$47),0)*1000",2
Commandes,G59,"=ROUND((+G38)*(1+$C$47),0)*1000",2
Commandes,H59,"=ROUND((+H38)*(1+$C$47),0)*1000",2
Commandes,I59,"=ROUND((+I38)*(1+$C$47),0)*1000",2
Commandes,J59,"=ROUND((+J38)*(1+$C$47),0)*1000",2
Commandes,K59,"=ROUND((+K38)*(1-$C$47),0)*1000",2
Commandes,L59,"=ROUND((+L38)*(1-$C$47),0)*1000",2
Commandes,M59,"=ROUND((+M38)*(1-$C$47),0)*1000",2
Commandes,N59,"=ROUND((+N38)*(1-$C$47),0)*1000",2
Commandes,O59,=SUM(C59:N59),1
Commandes,B60,=+B41,1
Commandes,B61,=+B42,1
Commandes,C61,"=ROUND((+C42)*(1+$C$47),0)*1000",2
Commandes,D61,"=ROUND((+D42)*(1+$C$47),0)*1000",2
Commandes,E61,"=ROUND((+E42)*(1+$C$47),0)*1000",2
Commandes,F61,"=ROUND((+F42)*(1+$C$47),0)*1000",2
Commandes,G61,"=ROUND((+G42)*(1+$C$47),0)*1000",2
Commandes,H61,"=ROUND((+H42)*(1+$C$47),0)*1000",2
Commandes,I61,"=ROUND((+I42)*(1+$C$47),0)*1000",2
Commandes,J61,"=ROUND((+J42)*(1+$C$47),0)*1000",2
Commandes,K61,"=ROUND((+K42)*(1-$C$47),0)*1000",2
Commandes,L61,"=ROUND((+L42)*(1-$C$47),0)*1000",2
Commandes,M61,"=ROUND((+M42)*(1-$C$47),0)*1000",2
Commandes,N61,"=ROUND((+N42)*(1-$C$47),0)*1000",2
Commandes,O61,=SUM(C61:N61),1
Commandes,C62,=SUM(C51:C59),1
Commandes,D62,=SUM(D51:D59),1
Commandes,E62,=SUM(E51:E59),1
Commandes,F62,=SUM(F51:F59),1
Commandes,G62,=SUM(G51:G59),1
Commandes,H62,=SUM(H51:H59),1
Commandes,I62,=SUM(I51:I59),1
Commandes,J62,=SUM(J51:J59),1
Commandes,K62,=SUM(K51:K59),1
Commandes,L62,=SUM(L51:L59),1
Commandes,M62,=SUM(M51:M59),1
Commandes,N62,=SUM(N51:N59),1
Commandes,O62,=SUM(O51:O59),1
Production,D1,=+(D9+D10)*1000,2
Production,E1,=+(E9+E10)*1000,2
Production,F1,=+(F9+F10)*1000,2
Production,G1,=+(G9+G10)*1000,2
Production,H1,=+(H9+H10)*1000,2
Production,I1,=+(I9+I10)*1000,2
Production,J1,=+(J9+J10)*1000,2
Production,K1,=+(K9+K10)*1000,2
Production,L1,=+(L9+L10)*1000,2
Production,M1,=+(M9+M10)*1000,2
Production,N1,=+(N9+N10)*1000,2
Production,O1,=+(O9+O10)*1000,2
Production,D2,=+Commandes!C27,1
Production,E2,=+Commandes!D27,1
Production,F2,=+Commandes!E27,1
Production,G2,=+Commandes!F27,1
Production,H2,=+Commandes!G27,1
Production,I2,=+Commandes!H27,1
Production,J2,=+Commandes!I27,1
Production,K2,=+Commandes!J27,1
Production,L2,=+Commandes!K27,1
Production,M2,=+Commandes!L27,1
Production,N2,=+Commandes!M27,1
Production,O2,=+Commandes!N27,1
Production,P2,=+Commandes!O27,1
Production,B3,=+'Données SOMIDA'!C18,1
Production,D3,=+'Données SOMIDA'!$E$18*1000,1
Production,E3,=+'Données SOMIDA'!$E$18*1000,1
Production,F3,=+'Données SOMIDA'!$E$18*1000,1
Production,G3,=+'Données SOMIDA'!$E$18*1000,1
Production,H3,=+'Données SOMIDA'!$E$18*1000,1
Production,I3,=+'Données SOMIDA'!$E$18*1000,1
Production,J3,=+'Données SOMIDA'!$E$18*1000,1
Production,K3,=+'Données SOMIDA'!$E$18*1000,1
Production,L3,=+'Données SOMIDA'!$E$18*1000,1
Production,M3,=+'Données SOMIDA'!$E$18*1000,1
Production,N3,=+'Données SOMIDA'!$E$18*1000,1
Production,O3,=+'Données SOMIDA'!$E$18*1000,1
Production,P3,=SUM(D3:O3),1
Production,R3,=+P3/$P$6,2
Production,B4,=+'Données SOMIDA'!C19,1
Production,D4,=+'Données SOMIDA'!$E$19*1000,1
Production,E4,=+'Données SOMIDA'!$E$19*1000,1
Production,F4,=+'Données SOMIDA'!$E$19*1000,1
Production,G4,=+'Données SOMIDA'!$E$19*1000,1
Production,H4,=+'Données SOMIDA'!$E$19*1000,1
Production,I4,=+'Données SOMIDA'!$E$19*1000,1
Production,J4,=+'Données SOMIDA'!$E$19*1000,1
Production,K4,=+'Données SOMIDA'!$E$19*1000,1
Production,L4,=+'Données SOMIDA'!$E$19*1000,1
Production,M4,=+'Données SOMIDA'!$E$19*1000,1
Production,N4,=+'Données SOMIDA'!$E$19*1000,1
Production,O4,=+'Données SOMIDA'!$E$19*1000,1
Production,P4,=SUM(D4:O4),1
Production,R4,=+P4/$P$6,2
Production,B5,=+'Données SOMIDA'!C20,1
Production,D5,=+'Données SOMIDA'!$E$20*1000,1
Production,E5,=+'Données SOMIDA'!$E$20*1000,1
Production,F5,=+'Données SOMIDA'!$E$20*1000,1
Production,G5,=+'Données SOMIDA'!$E$20*1000,1
Production,H5,=+'Données SOMIDA'!$E$20*1000,1
Production,I5,=+'Données SOMIDA'!$E$20*1000,1
Production,J5,=+'Données SOMIDA'!$E$20*1000,1
Production,K5,=+'Données SOMIDA'!$E$20*1000,1
Production,L5,=+'Données SOMIDA'!$E$20*1000,1
Production,M5,=+'Données SOMIDA'!$E$20*1000,1
Production,N5,=+'Données SOMIDA'!$E$20*1000,1
Production,O5,=+'Données SOMIDA'!$E$20*1000,1
Production,P5,=SUM(D5:O5),1
Production,R5,=+P5/$P$6,2
Production,D6,=SUM(D3:D5),1
Production,E6,=SUM(E3:E5),1
Production,F6,=SUM(F3:F5),1
Production,G6,=SUM(G3:G5),1
Production,H6,=SUM(H3:H5),1
Production,I6,=SUM(I3:I5),1
Production,J6,=SUM(J3:J5),1
Production,K6,=SUM(K3:K5),1
Production,L6,=SUM(L3:L5),1
Production,M6,=SUM(M3:M5),1
Production,N6,=SUM(N3:N5),1
Production,O6,=SUM(O3:O5),1
Production,P6,=SUM(P3:P5),1
Production,R6,=SUM(R3:R5),1
Production,D8,=+Commandes!C27,1
Production,E8,=+Commandes!D27,1
Production,F8,=+Commandes!E27,1
Production,G8,=+Commandes!F27,1
Production,H8,=+Commandes!G27,1
Production,I8,=+Commandes!H27,1
Production,J8,=+Commandes!I27,1
Production,K8,=+Commandes!J27,1
Production,L8,=+Commandes!K27,1
Production,M8,=+Commandes!L27,1
Production,N8,=+Commandes!M27,1
Production,O8,=+Commandes!N27,1
Production,P8,=+Commandes!O27,1
Production,B9,=+B3,1
Production,D9,=+D23,1
Production,E9,=+E23,1
Production,F9,=+F23,1
Production,G9,=+G23,1
Production,H9,=+H23,1
Production,I9,=+I23,1
Production,J9,=+J23,1
Production,K9,=+K23,1
Production,L9,=+L23,1
Production,M9,=+M23,1
Production,N9,=+N23,1
Production,O9,=+O23,1
Production,P9,=SUM(D9:O9),1
Production,B10,=+B4,1
Production,D10,=+D30,1
Production,E10,=+E30,1
Production,F10,=+F30,1
Production,G10,=+G30,1
Production,H10,=+H30,1
Production,I10,=+I30,1
Production,J10,=+J30,1
Production,K10,=+K30,1
Production,L10,=+L30,1
Production,M10,=+M30,1
Production,N10,=+N30,1
Production,O10,=+O30,1
Production,P10,=SUM(D10:O10),1
Production,B11,=+B5,1
Production,D11,=+D33,1
Production,E11,=+E33,1
Production,F11,=+F33,1
Production,G11,=+G33,1
Production,H11,=+H33,1
Production,I11,=+I33,1
Production,J11,=+J33,1
Production,K11,=+K33,1
Production,L11,=+L33,1
Production,M11,=+M33,1
Production,N11,=+N33,1
Production,O11,=+O33,1
Production,P11,=SUM(D11:O11),1
Production,D12,=SUM(D9:D11),1
Production,E12,=SUM(E9:E11),1
Production,F12,=SUM(F9:F11),1
Production,G12,=SUM(G9:G11),1
Production,H12,=SUM(H9:H11),1
Production,I12,=SUM(I9:I11),1
Production,J12,=SUM(J9:J11),1
Production,K12,=SUM(K9:K11),1
Production,L12,=SUM(L9:L11),1
Production,M12,=SUM(M9:M11),1
Production,N12,=SUM(N9:N11),1
Production,O12,=SUM(O9:O11),1
Production,P12,=SUM(P9:P11),1
Production,B14,"=IF(P12>P6,""Sur activité"",""Sous activité"")",2
Production,D14,=+D6-D12,2
Production,E14,=+E6-E12,2
Production,F14,=+F6-F12,2
Production,G14,=+G6-G12,2
Production,H14,=+H6-H12,2
Production,I14,=+I6-I12,2
Production,J14,=+J6-J12,2
Production,K14,=+K6-K12,2
Production,L14,=+L6-L12,2
Production,M14,=+M6-M12,2
Production,N14,=+N6-N12,2
Production,O14,=+O6-O12,2
Production,P14,=+P6-P12,2
Production,B15,"=""%""&"" ""&B12",1
Production,D15,=(1-+D14/D6),2
Production,E15,=(1-+E14/E6),2
Production,F15,=(1-+F14/F6),2
Production,G15,=(1-+G14/G6),2
Production,H15,=(1-+H14/H6),2
Production,I15,=(1-+I14/I6),2
Production,J15,=(1-+J14/J6),2
Production,K15,=(1-+K14/K6),2
Production,L15,=(1-+L14/L6),2
Production,M15,=(1-+M14/M6),2
Production,N15,=(1-+N14/N6),2
Production,O15,=(1-+O14/O6),2
Production,P15,=(1-+P14/P6),2
Production,B18,=+B3,1
Production,D18,=+D8,1
Production,E18,=+E8,1
Production,F18,=+F8,1
Production,G18,=+G8,1
Production,H18,=+H8,1
Production,I18,=+I8,1
Production,J18,=+J8,1
Production,K18,=+K8,1
Production,L18,=+L8,1
Production,M18,=+M8,1
Production,N18,=+N8,1
Production,O18,=+O8,1
Production,B19,=+Commandes!B28,1
Production,D19,=+Commandes!C51,1
Production,E19,=+Commandes!D51,1
Production,F19,=+Commandes!E51,1
Production,G19,=+Commandes!F51,1
Production,H19,=+Commandes!G51,1
Production,I19,=+Commandes!H51,1
Production,J19,=+Commandes!I51,1
Production,K19,=+Commandes!J51,1
Production,L19,=+Commandes!K51,1
Production,M19,=+Commandes!L51,1
Production,N19,=+Commandes!M51,1
Production,O19,=+Commandes!N51,1
Production,P19,=SUM(D19:O19),1
Production,B20,=+Commandes!B29,1
Production,D20,=+Commandes!C52,1
Production,E20,=+Commandes!D52,1
Production,F20,=+Commandes!E52,1
Production,G20,=+Commandes!F52,1
Production,H20,=+Commandes!G52,1
Production,I20,=+Commandes!H52,1
Production,J20,=+Commandes!I52,1
Production,K20,=+Commandes!J52,1
Production,L20,=+Commandes!K52,1
Production,M20,=+Commandes!L52,1
Production,N20,=+Commandes!M52,1
Production,O20,=+Commandes!N52,1
Production,P20,=SUM(D20:O20),1
Production,B21,=+Commandes!B30,1
Production,D21,=+Commandes!C53,1
Production,E21,=+Commandes!D53,1
Production,F21,=+Commandes!E53,1
Production,G21,=+Commandes!F53,1
Production,H21,=+Commandes!G53,1
Production,I21,=+Commandes!H53,1
Production,J21,=+Commandes!I53,1
Production,K21,=+Commandes!J53,1
Production,L21,=+Commandes!K53,1
Production,M21,=+Commandes!L53,1
Production,N21,=+Commandes!M53,1
Production,O21,=+Commandes!N53,1
Production,P21,=SUM(D21:O21),1
Production,B22,=+Commandes!B31,1
Production,D22,=+Commandes!C54,1
Production,E22,=+Commandes!D54,1
Production,F22,=+Commandes!E54,1
Production,G22,=+Commandes!F54,1
Production,H22,=+Commandes!G54,1
Production,I22,=+Commandes!H54,1
Production,J22,=+Commandes!I54,1
Production,K22,=+Commandes!J54,1
Production,L22,=+Commandes!K54,1
Production,M22,=+Commandes!L54,1
Production,N22,=+Commandes!M54,1
Production,O22,=+Commandes!N54,1
Production,P22,=SUM(D22:O22),1
Production,D23,=SUM(D19:D22),1
Production,E23,=SUM(E19:E22),1
Production,F23,=SUM(F19:F22),1
Production,G23,=SUM(G19:G22),1
Production,H23,=SUM(H19:H22),1
Production,I23,=SUM(I19:I22),1
Production,J23,=SUM(J19:J22),1
Production,K23,=SUM(K19:K22),1
Production,L23,=SUM(L19:L22),1
Production,M23,=SUM(M19:M22),1
Production,N23,=SUM(N19:N22),1
Production,O23,=SUM(O19:O22),1
Production,P23,=SUM(P19:P22),1
Production,R23,=+P23/(P23+P30),3
Production,B25,=+B10,1
Production,D25,=+D18,1
Production,E25,=+E18,1
Production,F25,=+F18,1
Production,G25,=+G18,1
Production,H25,=+H18,1
Production,I25,=+I18,1
Production,J25,=+J18,1
Production,K25,=+K18,1
Production,L25,=+L18,1
Production,M25,=+M18,1
Production,N25,=+N18,1
Production,O25,=+O18,1
Production,P25,=+P18,1
Production,B26,=+B19,1
Production,D26,=+Commandes!C56,1
Production,E26,=+Commandes!D56,1
Production,F26,=+Commandes!E56,1
Production,G26,=+Commandes!F56,1
Production,H26,=+Commandes!G56,1
Production,I26,=+Commandes!H56,1
Production,J26,=+Commandes!I56,1
Production,K26,=+Commandes!J56,1
Production,L26,=+Commandes!K56,1
Production,M26,=+Commandes!L56,1
Production,N26,=+Commandes!M56,1
Production,O26,=+Commandes!N56,1
Production,P26,=SUM(D26:O26),1
Production,B27,=+B20,1
Production,D27,=+Commandes!C57,1
Production,E27,=+Commandes!D57,1
Production,F27,=+Commandes!E57,1
Production,G27,=+Commandes!F57,1
Production,H27,=+Commandes!G57,1
Production,I27,=+Commandes!H57,1
Production,J27,=+Commandes!I57,1
Production,K27,=+Commandes!J57,1
Production,L27,=+Commandes!K57,1
Production,M27,=+Commandes!L57,1
Production,N27,=+Commandes!M57,1
Production,O27,=+Commandes!N57,1
Production,P27,=SUM(D27:O27),1
Production,B28,=+B21,1
Production,D28,=+Commandes!C58,1
Production,E28,=+Commandes!D58,1
Production,F28,=+Commandes!E58,1
Production,G28,=+Commandes!F58,1
Production,H28,=+Commandes!G58,1
Production,I28,=+Commandes!H58,1
Production,J28,=+Commandes!I58,1
Production,K28,=+Commandes!J58,1
Production,L28,=+Commandes!K58,1
Production,M28,=+Commandes!L58,1
Production,N28,=+Commandes!M58,1
Production,O28,=+Commandes!N58,1
Production,P28,=SUM(D28:O28),1
Production,B29,=+B22,1
Production,D29,=+Commandes!C59,1
Production,E29,=+Commandes!D59,1
Production,F29,=+Commandes!E59,1
Production,G29,=+Commandes!F59,1
Production,H29,=+Commandes!G59,1
Production,I29,=+Commandes!H59,1
Production,J29,=+Commandes!I59,1
Production,K29,=+Commandes!J59,1
Production,L29,=+Commandes!K59,1
Production,M29,=+Commandes!L59,1
Production,N29,=+Commandes!M59,1
Production,O29,=+Commandes!N59,1
Production,P29,=SUM(D29:O29),1
Production,D30,=SUM(D26:D29),1
Production,E30,=SUM(E26:E29),1
Production,F30,=SUM(F26:F29),1
Production,G30,=SUM(G26:G29),1
Production,H30,=SUM(H26:H29),1
Production,I30,=SUM(I26:I29),1
Production,J30,=SUM(J26:J29),1
Production,K30,=SUM(K26:K29),1
Production,L30,=SUM(L26:L29),1
Production,M30,=SUM(M26:M29),1
Production,N30,=SUM(N26:N29),1
Production,O30,=SUM(O26:O29),1
Production,P30,=SUM(P26:P29),1
Production,R30,=+P30/(P23+P30),3
Production,B32,=+B5,1
Production,D32,=+D25,1
Production,E32,=+E25,1
Production,F32,=+F25,1
Production,G32,=+G25,1
Production,H32,=+H25,1
Production,I32,=+I25,1
Production,J32,=+J25,1
Production,K32,=+K25,1
Production,L32,=+L25,1
Production,M32,=+M25,1
Production,N32,=+N25,1
Production,O32,=+O25,1
Production,P32,=+P25,1
Production,B33,=+B26,1
Production,D33,=+Commandes!C61,1
Production,E33,=+Commandes!D61,1
Production,F33,=+Commandes!E61,1
Production,G33,=+Commandes!F61,1
Production,H33,=+Commandes!G61,1
Production,I33,=+Commandes!H61,1
Production,J33,=+Commandes!I61,1
Production,K33,=+Commandes!J61,1
Production,L33,=+Commandes!K61,1
Production,M33,=+Commandes!L61,1
Production,N33,=+Commandes!M61,1
Production,O33,=+Commandes!N61,1
Production,P33,=SUM(D33:O33),1
Production,D34,=+D33,1
Production,E34,=+E33,1
Production,F34,=+F33,1
Production,G34,=+G33,1
Production,H34,=+H33,1
Production,I34,=+I33,1
Production,J34,=+J33,1
Production,K34,=+K33,1
Production,L34,=+L33,1
Production,M34,=+M33,1
Production,N34,=+N33,1
Production,O34,=+O33,1
Production,P34,=+P33,1
Production,R34,=+P34/(P27+P34),3
Production,D37,=+#REF!,0
Production,E37,=+#REF!,0
Production,F37,=+#REF!,0
Production,G37,=+#REF!,0
Production,H37,=+#REF!,0
Production,I37,=+#REF!,0
Production,J37,=+#REF!,0
Production,K37,=+#REF!,0
Production,L37,=+#REF!,0
Production,M37,=+#REF!,0
Production,N37,=+#REF!,0
Production,O37,=+#REF!,0
Production,P37,=+#REF!,0
Production,B38,=+#REF!,0
Production,D39,=+C39*25,1
Production,E39,=+D39,1
Production,F39,=+E39,1
Production,G39,=+F39,1
Production,H39,=+G39,1
Production,I39,=+H39,1
Production,J39,=+I39,1
Production,K39,=+J39,1
Production,L39,=+K39,1
Production,M39,=+L39,1
Production,N39,=+#REF!,0
Production,O39,=+#REF!,0
Production,P39,=SUM(D39:O39),1
Production,W39,=0.05*4000,0
Production,D40,=+C40*25,1
Production,E40,=+D40,1
Production,F40,=+E40,1
Production,G40,=+F40,1
Production,H40,=+G40,1
Production,I40,=+H40,1
Production,J40,=+I40,1
Production,K40,=+J40,1
Production,L40,=+K40,1
Production,M40,=+L40,1
Production,P40,=SUM(D40:O40),1
Production,R40,=+P40+P41,2
Production,D41,=+C41*25,1
Production,E41,=+D41,1
Production,F41,=+E41,1
Production,G41,=+F41,1
Production,H41,=+G41,1
Production,I41,=+H41,1
Production,J41,=+I41,1
Production,K41,=+J41,1
Production,L41,=+K41,1
Production,M41,=(+L41)-45600,1
Production,P41,=SUM(D41:O41),1
Production,R41,=+R40-#REF!,1
Production,B42,=+#REF!,0
Production,T42,=+S42/CA!#REF!,2
Production,U42,"=+IF((CA!#REF!-Production!T42)>0,ROUNDUP((CA!#REF!-Production!T42),2)&"" ""&""Bénéf"",ROUNDUP((CA!#REF!-Production!T42),2)&"" ""&""Pertes"")",6
Production,D43,=+#REF!,0
Production,E43,=+#REF!,0
Production,F43,=+#REF!,0
Production,G43,=+#REF!,0
Production,H43,=+#REF!,0
Production,I43,=+#REF!,0
Production,J43,=+#REF!,0
Production,K43,=+#REF!,0
Production,L43,=+#REF!,0
Production,M43,=+#REF!,0
Production,N43,=+#REF!,0
Production,O43,=+#REF!,0
Production,P43,=SUM(D43:O43),1
Production,W43,=0.05*4000,0
Production,D44,=SUM(D39:D43),1
Production,E44,=SUM(E39:E43),1
Production,F44,=SUM(F39:F43),1
Production,G44,=SUM(G39:G43),1
Production,H44,=SUM(H39:H43),1
Production,I44,=SUM(I39:I43),1
Production,J44,=SUM(J39:J43),1
Production,K44,=SUM(K39:K43),1
Production,L44,=SUM(L39:L43),1
Production,M44,=SUM(M39:M43),1
Production,N44,=SUM(N39:N43),1
Production,O44,=SUM(O39:O43),1
Production,P44,=SUM(P39:P43),1
Production,S44,=(+P43/P44*P68)/P43,4
Production,U44,"=+IF((CA!#REF!-Production!T44)>0,ROUNDUP((CA!#REF!-Production!T44),2)&"" ""&""Bénéf"",ROUNDUP((CA!#REF!-Production!T44),2)&"" ""&""Pertes"")",6
Production,D46,=+D25,1
Production,E46,=+E25,1
Production,F46,=+F25,1
Production,G46,=+G25,1
Production,H46,=+H25,1
Production,I46,=+I25,1
Production,J46,=+J25,1
Production,K46,=+K25,1
Production,L46,=+L25,1
Production,M46,=+M25,1
Production,N46,=+N25,1
Production,O46,=+O25,1
Production,P46,=+P25,1
Production,C47,=+B3,1
Production,E47,=+D59,1
Production,F47,=+E59,1
Production,G47,=+F59,1
Production,H47,=+G59,1
Production,I47,=+H59,1
Production,J47,=+I59,1
Production,K47,=+J59,1
Production,L47,=+K59,1
Production,M47,=+L59,1
Production,N47,=+M59,1
Production,O47,=+N59,1
Production,P47,=+D47,1
Production,C48,=+B4,1
Production,E48,=+D60,1
Production,F48,=+E60,1
Production,G48,=+F60,1
Production,H48,=+G60,1
Production,I48,=+H60,1
Production,J48,=+I60,1
Production,K48,=+J60,1
Production,L48,=+K60,1
Production,M48,=+L60,1
Production,N48,=+M60,1
Production,O48,=+N60,1
Production,P48,=+D48,1
Production,C49,=+B5,1
Production,E49,=+D61,1
Production,F49,=+E61,1
Production,G49,=+F61,1
Production,H49,=+G61,1
Production,I49,=+H61,1
Production,J49,=+I61,1
Production,K49,=+J61,1
Production,L49,=+K61,1
Production,M49,=+L61,1
Production,N49,=+M61,1
Production,O49,=+N61,1
Production,D50,=SUM(D47:D49),1
Production,E50,=SUM(E47:E49),1
Production,F50,=SUM(F47:F49),1
Production,G50,=SUM(G47:G49),1
Production,H50,=SUM(H47:H49),1
Production,I50,=SUM(I47:I49),1
Production,J50,=SUM(J47:J49),1
Production,K50,=SUM(K47:K49),1
Production,L50,=SUM(L47:L49),1
Production,M50,=SUM(M47:M49),1
Production,N50,=SUM(N47:N49),1
Production,O50,=SUM(O47:O49),1
Production,P50,=SUM(P47:P49),1
Production,C51,=+C47,1
Production,D51,=+D9,1
Production,E51,=+E9,1
Production,F51,=+F9,1
Production,G51,=+G9,1
Production,H51,=+H9,1
Production,I51,=+I9,1
Production,J51,=+J9,1
Production,K51,=+K9,1
Production,L51,=+L9,1
Production,M51,=+M9,1
Production,N51,=+N9,1
Production,O51,=+O9,1
Production,P51,=SUM(D51:O51),1
Production,C52,=+C48,1
Production,D52,=+D10,1
Production,E52,=+E10,1
Production,F52,=+F10,1
Production,G52,=+G10,1
Production,H52,=+H10,1
Production,I52,=+I10,1
Production,J52,=+J10,1
Production,K52,=+K10,1
Production,L52,=+L10,1
Production,M52,=+M10,1
Production,N52,=+N10,1
Production,O52,=+O10,1
Production,P52,=SUM(D52:O52),1
Production,C53,=+C49,1
Production,D53,=+D33,1
Production,E53,=+E11,1
Production,F53,=+F11,1
Production,G53,=+G11,1
Production,H53,=+H11,1
Production,I53,=+I11,1
Production,J53,=+J11,1
Production,K53,=+K11,1
Production,L53,=+L11,1
Production,M53,=+M11,1
Production,N53,=+N11,1
Production,O53,=+O11,1
Production,P53,=SUM(D53:O53),1
Production,D54,=SUM(D51:D53),1
Production,E54,=SUM(E51:E53),1
Production,F54,=SUM(F51:F53),1
Production,G54,=SUM(G51:G53),1
Production,H54,=SUM(H51:H53),1
Production,I54,=SUM(I51:I53),1
Production,J54,=SUM(J51:J53),1
Production,K54,=SUM(K51:K53),1
Production,L54,=SUM(L51:L53),1
Production,M54,=SUM(M51:M53),1
Production,N54,=SUM(N51:N53),1
Production,O54,=SUM(O51:O53),1
Production,P54,=SUM(P51:P53),1
Production,C55,=+C51,1
Production,D55,=+SUM(CA!C4:C7)*1000,1
Production,E55,=+SUM(CA!D4:D7)*1000,1
Production,F55,=+SUM(CA!E4:E7)*1000,1
Production,G55,=+SUM(CA!F4:F7)*1000,1
Production,H55,=+SUM(CA!G4:G7)*1000,1
Production,I55,=+SUM(CA!H4:H7)*1000,1
Production,J55,=+SUM(CA!I4:I7)*1000,1
Production,K55,=+SUM(CA!J4:J7)*1000,1
Production,L55,=+SUM(CA!K4:K7)*1000,1
Production,M55,=+SUM(CA!L4:L7)*1000,1
Production,N55,=+SUM(CA!M4:M7)*1000,1
Production,O55,=+SUM(CA!N4:N7)*1000,1
Production,P55,=SUM(D55:O55),1
Production,C56,=+C52,1
Production,D56,=+SUM(CA!C9:C12)*1000,1
Production,E56,=+SUM(CA!D9:D12)*1000,1
Production,F56,=+SUM(CA!E9:E12)*1000,1
Production,G56,=+SUM(CA!F9:F12)*1000,1
Production,H56,=+SUM(CA!G9:G12)*1000,1
Production,I56,=+SUM(CA!H9:H12)*1000,1
Production,J56,=+SUM(CA!I9:I12)*1000,1
Production,K56,=+SUM(CA!J9:J12)*1000,1
Production,L56,=+SUM(CA!K9:K12)*1000,1
Production,M56,=+SUM(CA!L9:L12)*1000,1
Production,N56,=+SUM(CA!M9:M12)*1000,1
Production,O56,=+SUM(CA!N9:N12)*1000,1
Production,P56,=SUM(D56:O56),1
Production,C57,=+C53,1
Production,D57,=+CA!C14*1000,1
Production,E57,=+CA!D14*1000,1
Production,F57,=+CA!E14*1000,1
Production,G57,=+CA!F14*1000,1
Production,H57,=+CA!G14*1000,1
Production,I57,=+CA!H14*1000,1
Production,J57,=+CA!I14*1000,1
Production,K57,=+CA!J14*1000,1
Production,L57,=+CA!K14*1000,1
Production,M57,=+CA!L14*1000,1
Production,N57,=+CA!M14*1000,1
Production,O57,=+CA!N14*1000,1
Production,P57,=SUM(D57:O57),1
Production,D58,=SUM(D55:D57),1
Production,E58,=SUM(E55:E57),1
Production,F58,=SUM(F55:F57),1
Production,G58,=SUM(G55:G57),1
Production,H58,=SUM(H55:H57),1
Production,I58,=SUM(I55:I57),1
Production,J58,=SUM(J55:J57),1
Production,K58,=SUM(K55:K57),1
Production,L58,=SUM(L55:L57),1
Production,M58,=SUM(M55:M57),1
Production,N58,=SUM(N55:N57),1
Production,O58,=SUM(O55:O57),1
Production,P58,=SUM(P55:P57),1
Production,C59,=+C55,1
Production,D59,=+D47+D51-D55,3
Production,E59,=+E47+E51-E55,3
Production,F59,=+F47+F51-F55,3
Production,G59,=+G47+G51-G55,3
Production,H59,=+H47+H51-H55,3
Production,I59,=+I47+I51-I55,3
Production,J59,=+J47+J51-J55,3
Production,K59,=+K47+K51-K55,3
Production,L59,=+L47+L51-L55,3
Production,M59,=+M47+M51-M55,3
Production,N59,=+N47+N51-N55,3
Production,O59,=+O47+O51-O55,3
Production,P59,=+P47+P51-P55,3
Production,C60,=+C56,1
Production,D60,=+D48+D52-D56,3
Production,E60,=+E48+E52-E56,3
Production,F60,=+F48+F52-F56,3
Production,G60,=+G48+G52-G56,3
Production,H60,=+H48+H52-H56,3
Production,I60,=+I48+I52-I56,3
Production,J60,=+J48+J52-J56,3
Production,K60,=+K48+K52-K56,3
Production,L60,=+L48+L52-L56,3
Production,M60,=+M48+M52-M56,3
Production,N60,=+N48+N52-N56,3
Production,O60,=+O48+O52-O56,3
Production,P60,=+P48+P52-P56,3
Production,C61,=+C57,1
Production,D61,=+D49+D53-D57,3
Production,E61,=+E49+E53-E57,3
Production,F61,=+F49+F53-F57,3
Production,G61,=+G49+G53-G57,3
Production,H61,=+H49+H53-H57,3
Production,I61,=+I49+I53-I57,3
Production,J61,=+J49+J53-J57,3
Production,K61,=+K49+K53-K57,3
Production,L61,=+L49+L53-L57,3
Production,M61,=+M49+M53-M57,3
Production,N61,=+N49+N53-N57,3
Production,O61,=+O49+O53-O57,3
Production,P61,=+P49+P53-P57,3
Production,D62,=SUM(D59:D61),1
Production,E62,=SUM(E59:E61),1
Production,F62,=SUM(F59:F61),1
Production,G62,=SUM(G59:G61),1
Production,H62,=SUM(H59:H61),1
Production,I62,=SUM(I59:I61),1
Production,J62,=SUM(J59:J61),1
Production,K62,=SUM(K59:K61),1
Production,L62,=SUM(L59:L61),1
Production,M62,=SUM(M59:M61),1
Production,N62,=SUM(N59:N61),1
Production,O62,=SUM(O59:O61),1
Production,P62,=SUM(P59:P61),1
Production,C64,=+C62*$P$71,2
Production,D64,=+D62*$P$71,2
Production,E64,=+E62*$P$71,2
Production,F64,=+F62*$P$71,2
Production,G64,=+G62*$P$71,2
Production,H64,=+H62*$P$71,2
Production,I64,=+I62*$P$71,2
Production,J64,=+J62*$P$71,2
Production,K64,=+K62*$P$71,2
Production,L64,=+L62*$P$71,2
Production,M64,=+M62*$P$71,2
Production,N64,=+N62*$P$71,2
Production,O64,=+O62*$P$71,2
Production,P64,=+SUM(P59:P61)*P71,2
Production,D65,=+D64-C64,2
Production,E65,=+E64-D64,2
Production,F65,=+F64-E64,2
Production,G65,=+G64-F64,2
Production,H65,=+H64-G64,2
Production,I65,=+I64-H64,2
Production,J65,=+J64-I64,2
Production,K65,=+K64-J64,2
Production,L65,=+L64-K64,2
Production,M65,=+M64-L64,2
Production,N65,=+N64-M64,2
Production,O65,=+O64-N64,2
Production,P65,=+SUM(C65:O65),1
Production,D67,=+D46,1
Production,E67,=+E46,1
Production,F67,=+F46,1
Production,G67,=+G46,1
Production,H67,=+H46,1
Production,I67,=+I46,1
Production,J67,=+J46,1
Production,K67,=+K46,1
Production,L67,=+L46,1
Production,M67,=+M46,1
Production,N67,=+N46,1
Production,O67,=+O46,1
Production,P67,=+P46,1
Production,D68,=+'CR Nature FD'!C41+'CR Nature FD'!C50,2
Production,E68,=+'CR Nature FD'!D41+'CR Nature FD'!D50,2
Production,F68,=+'CR Nature FD'!E41+'CR Nature FD'!E50,2
Production,G68,=+'CR Nature FD'!F41+'CR Nature FD'!F50,2
Production,H68,=+'CR Nature FD'!G41+'CR Nature FD'!G50,2
Production,I68,=+'CR Nature FD'!H41+'CR Nature FD'!H50,2
Production,J68,=+'CR Nature FD'!I41+'CR Nature FD'!I50,2
Production,K68,=+'CR Nature FD'!J41+'CR Nature FD'!J50,2
Production,L68,=+'CR Nature FD'!K41+'CR Nature FD'!K50,2
Production,M68,=+'CR Nature FD'!L41+'CR Nature FD'!L50,2
Production,N68,=+'CR Nature FD'!M41+'CR Nature FD'!M50,2
Production,O68,=+'CR Nature FD'!N41+'CR Nature FD'!N50,2
Production,P68,=SUM(D68:O68),1
Production,D69,=+D54,1
Production,E69,=+E54,1
Production,F69,=+F54,1
Production,G69,=+G54,1
Production,H69,=+H54,1
Production,I69,=+I54,1
Production,J69,=+J54,1
Production,K69,=+K54,1
Production,L69,=+L54,1
Production,M69,=+M54,1
Production,N69,=+N54,1
Production,O69,=+O54,1
Production,P69,=SUM(D69:O69),1
Production,D71,"=IFERROR(+D68/D69,0)",2
Production,E71,"=IFERROR(+E68/E69,0)",2
Production,F71,"=IFERROR(+F68/F69,0)",2
Production,G71,"=IFERROR(+G68/G69,0)",2
Production,H71,"=IFERROR(+H68/H69,0)",2
Production,I71,"=IFERROR(+I68/I69,0)",2
Production,J71,"=IFERROR(+J68/J69,0)",2
Production,K71,"=IFERROR(+K68/K69,0)",2
Production,L71,"=IFERROR(+L68/L69,0)",2
Production,M71,"=IFERROR(+M68/M69,0)",2
Production,N71,"=IFERROR(+N68/N69,0)",2
Production,O71,"=IFERROR(+O68/O69,0)",2
Production,P71,=+P68/P69,2
Production,R71,=AVERAGE(D71:O71),1
Production,D72,=+D71/'Données SOMIDA'!$E$12,2
Production,E72,=+E71/'Données SOMIDA'!$E$12,2
Production,F72,=+F71/'Données SOMIDA'!$E$12,2
Production,G72,=+G71/'Données SOMIDA'!$E$12,2
Production,H72,=+H71/'Données SOMIDA'!$E$12,2
Production,I72,=+I71/'Données SOMIDA'!$E$12,2
Production,J72,=+J71/'Données SOMIDA'!$E$12,2
Production,K72,=+K71/'Données SOMIDA'!$E$12,2
Production,L72,=+L71/'Données SOMIDA'!$E$12,2
Production,M72,=+M71/'Données SOMIDA'!$E$12,2
Production,N72,=+N71/'Données SOMIDA'!$E$12,2
Production,O72,=+O71/'Données SOMIDA'!$E$12,2
Production,P72,=+P71/'Données SOMIDA'!$E$12,2
Production,R72,=+R71/'Données SOMIDA'!$E$12,2
Production,D73,=+D71/'Données SOMIDA'!$E$11,2
Production,E73,=+E71/'Données SOMIDA'!$E$11,2
Production,F73,=+F71/'Données SOMIDA'!$E$11,2
Production,G73,=+G71/'Données SOMIDA'!$E$11,2
Production,H73,=+H71/'Données SOMIDA'!$E$11,2
Production,I73,=+I71/'Données SOMIDA'!$E$11,2
Production,J73,=+J71/'Données SOMIDA'!$E$11,2
Production,K73,=+K71/'Données SOMIDA'!$E$11,2
Production,L73,=+L71/'Données SOMIDA'!$E$11,2
Production,M73,=+M71/'Données SOMIDA'!$E$11,2
Production,N73,=+N71/'Données SOMIDA'!$E$11,2
Production,O73,=+O71/'Données SOMIDA'!$E$11,2
Production,P73,=+P71/'Données SOMIDA'!$E$11,2
Production,R73,=+R71/'Données SOMIDA'!$E$11,2
Production,D76,=+D68,1
Production,E76,=+E68,1
Production,F76,=+F68,1
Production,G76,=+G68,1
Production,H76,=+H68,1
Production,I76,=+I68,1
Production,J76,=+J68,1
Production,K76,=+K68,1
Production,L76,=+L68,1
Production,M76,=+M68,1
Production,N76,=+N68,1
Production,O76,=+O68,1
Production,P76,=+P68,1
Production,B77,=+'Besoins en micas'!B113,1
Production,D77,=-+'Besoins en micas'!C113,1
Production,E77,=-+'Besoins en micas'!D113,1
Production,F77,=-+'Besoins en micas'!E113,1
Production,G77,=-+'Besoins en micas'!F113,1
Production,H77,=-+'Besoins en micas'!G113,1
Production,I77,=-+'Besoins en micas'!H113,1
Production,J77,=-+'Besoins en micas'!I113,1
Production,K77,=-+'Besoins en micas'!J113,1
Production,L77,=-+'Besoins en micas'!K113,1
Production,M77,=-+'Besoins en micas'!L113,1
Production,N77,=-+'Besoins en micas'!M113,1
Production,O77,=-+'Besoins en micas'!N113,1
Production,P77,=-+'Besoins en micas'!O113,1
Production,B78,=+'Besoins en micas'!B114,1
Production,D78,=-+'Besoins en micas'!C114,1
Production,E78,=-+'Besoins en micas'!D114,1
Production,F78,=-+'Besoins en micas'!E114,1
Production,G78,=-+'Besoins en micas'!F114,1
Production,H78,=-+'Besoins en micas'!G114,1
Production,I78,=-+'Besoins en micas'!H114,1
Production,J78,=-+'Besoins en micas'!I114,1
Production,K78,=-+'Besoins en micas'!J114,1
Production,L78,=-+'Besoins en micas'!K114,1
Production,M78,=-+'Besoins en micas'!L114,1
Production,N78,=-+'Besoins en micas'!M114,1
Production,O78,=-+'Besoins en micas'!N114,1
Production,P78,=-+'Besoins en micas'!O114,1
Production,B79,=+'Besoins en micas'!B115,1
Production,D79,=-+'Besoins en micas'!C115,1
Production,E79,=-+'Besoins en micas'!D115,1
Production,F79,=-+'Besoins en micas'!E115,1
Production,G79,=-+'Besoins en micas'!F115,1
Production,H79,=-+'Besoins en micas'!G115,1
Production,I79,=-+'Besoins en micas'!H115,1
Production,J79,=-+'Besoins en micas'!I115,1
Production,K79,=-+'Besoins en micas'!J115,1
Production,L79,=-+'Besoins en micas'!K115,1
Production,M79,=-+'Besoins en micas'!L115,1
Production,N79,=-+'Besoins en micas'!M115,1
Production,O79,=-+'Besoins en micas'!N115,1
Production,P79,=-+'Besoins en micas'!O115,1
Production,B80,=+'Besoins en micas'!B116,1
Production,D80,=-+'Besoins en micas'!C116,1
Production,E80,=-+'Besoins en micas'!D116,1
Production,F80,=-+'Besoins en micas'!E116,1
Production,G80,=-+'Besoins en micas'!F116,1
Production,H80,=-+'Besoins en micas'!G116,1
Production,I80,=-+'Besoins en micas'!H116,1
Production,J80,=-+'Besoins en micas'!I116,1
Production,K80,=-+'Besoins en micas'!J116,1
Production,L80,=-+'Besoins en micas'!K116,1
Production,M80,=-+'Besoins en micas'!L116,1
Production,N80,=-+'Besoins en micas'!M116,1
Production,O80,=-+'Besoins en micas'!N116,1
Production,P80,=-+'Besoins en micas'!O116,1
Production,Y80,=+P73*1000,1
Production,B81,=+'Besoins en micas'!B117,1
Production,D81,=-+'Besoins en micas'!C118,1
Production,E81,=-+'Besoins en micas'!D118,1
Production,F81,=-+'Besoins en micas'!E118,1
Production,G81,=-+'Besoins en micas'!F118,1
Production,H81,=-+'Besoins en micas'!G118,1
Production,I81,=-+'Besoins en micas'!H118,1
Production,J81,=-+'Besoins en micas'!I118,1
Production,K81,=-+'Besoins en micas'!J118,1
Production,L81,=-+'Besoins en micas'!K118,1
Production,M81,=-+'Besoins en micas'!L118,1
Production,N81,=-+'Besoins en micas'!M118,1
Production,O81,=-+'Besoins en micas'!N118,1
Production,P81,=-+'Besoins en micas'!O118,1
Production,B82,=+B77,1
Production,D82,=-SUM(D76:D81)*'Besoins en micas'!$P$113,2
Production,E82,=-SUM(E76:E81)*'Besoins en micas'!$P$113,2
Production,F82,=-SUM(F76:F81)*'Besoins en micas'!$P$113,2
Production,G82,=-SUM(G76:G81)*'Besoins en micas'!$P$113,2
Production,H82,=-SUM(H76:H81)*'Besoins en micas'!$P$113,2
Production,I82,=-SUM(I76:I81)*'Besoins en micas'!$P$113,2
Production,J82,=-SUM(J76:J81)*'Besoins en micas'!$P$113,2
Production,K82,=-SUM(K76:K81)*'Besoins en micas'!$P$113,2
Production,L82,=-SUM(L76:L81)*'Besoins en micas'!$P$113,2
Production,M82,=-SUM(M76:M81)*'Besoins en micas'!$P$113,2
Production,N82,=-SUM(N76:N81)*'Besoins en micas'!$P$113,2
Production,O82,=-SUM(O76:O81)*'Besoins en micas'!$P$113,2
Production,P82,=-SUM(P76:P81)*'Besoins en micas'!$P$113,2
Production,B83,=+B78,1
Production,D83,=-SUM(D76:D81)*'Besoins en micas'!$P$114,2
Production,E83,=-SUM(E76:E81)*'Besoins en micas'!$P$114,2
Production,F83,=-SUM(F76:F81)*'Besoins en micas'!$P$114,2
Production,G83,=-SUM(G76:G81)*'Besoins en micas'!$P$114,2
Production,H83,=-SUM(H76:H81)*'Besoins en micas'!$P$114,2
Production,I83,=-SUM(I76:I81)*'Besoins en micas'!$P$114,2
Production,J83,=-SUM(J76:J81)*'Besoins en micas'!$P$114,2
Production,K83,=-SUM(K76:K81)*'Besoins en micas'!$P$114,2
Production,L83,=-SUM(L76:L81)*'Besoins en micas'!$P$114,2
Production,M83,=-SUM(M76:M81)*'Besoins en micas'!$P$114,2
Production,N83,=-SUM(N76:N81)*'Besoins en micas'!$P$114,2
Production,O83,=-SUM(O76:O81)*'Besoins en micas'!$P$114,2
Production,P83,=-SUM(P76:P81)*'Besoins en micas'!$P$114,2
Production,B84,=+B79,1
Production,D84,=-SUM(D76:D81)*'Besoins en micas'!$P$115,2
Production,E84,=-SUM(E76:E81)*'Besoins en micas'!$P$115,2
Production,F84,=-SUM(F76:F81)*'Besoins en micas'!$P$115,2
Production,G84,=-SUM(G76:G81)*'Besoins en micas'!$P$115,2
Production,H84,=-SUM(H76:H81)*'Besoins en micas'!$P$115,2
Production,I84,=-SUM(I76:I81)*'Besoins en micas'!$P$115,2
Production,J84,=-SUM(J76:J81)*'Besoins en micas'!$P$115,2
Production,K84,=-SUM(K76:K81)*'Besoins en micas'!$P$115,2
Production,L84,=-SUM(L76:L81)*'Besoins en micas'!$P$115,2
Production,M84,=-SUM(M76:M81)*'Besoins en micas'!$P$115,2
Production,N84,=-SUM(N76:N81)*'Besoins en micas'!$P$115,2
Production,O84,=-SUM(O76:O81)*'Besoins en micas'!$P$115,2
Production,P84,=-SUM(P76:P81)*'Besoins en micas'!$P$115,2
Production,B85,=+B80,1
Production,D85,=-SUM(D76:D81)*'Besoins en micas'!$P$116,2
Production,E85,=-SUM(E76:E81)*'Besoins en micas'!$P$116,2
Production,F85,=-SUM(F76:F81)*'Besoins en micas'!$P$116,2
Production,G85,=-SUM(G76:G81)*'Besoins en micas'!$P$116,2
Production,H85,=-SUM(H76:H81)*'Besoins en micas'!$P$116,2
Production,I85,=-SUM(I76:I81)*'Besoins en micas'!$P$116,2
Production,J85,=-SUM(J76:J81)*'Besoins en micas'!$P$116,2
Production,K85,=-SUM(K76:K81)*'Besoins en micas'!$P$116,2
Production,L85,=-SUM(L76:L81)*'Besoins en micas'!$P$116,2
Production,M85,=-SUM(M76:M81)*'Besoins en micas'!$P$116,2
Production,N85,=-SUM(N76:N81)*'Besoins en micas'!$P$116,2
Production,O85,=-SUM(O76:O81)*'Besoins en micas'!$P$116,2
Production,P85,=-SUM(P76:P81)*'Besoins en micas'!$P$116,2
Production,B86,=+B81,1
Production,D86,=-SUM(D76:D81)*'Besoins en micas'!$P$118,2
Production,E86,=-SUM(E76:E81)*'Besoins en micas'!$P$118,2
Production,F86,=-SUM(F76:F81)*'Besoins en micas'!$P$118,2
Production,G86,=-SUM(G76:G81)*'Besoins en micas'!$P$118,2
Production,H86,=-SUM(H76:H81)*'Besoins en micas'!$P$118,2
Production,I86,=-SUM(I76:I81)*'Besoins en micas'!$P$118,2
Production,J86,=-SUM(J76:J81)*'Besoins en micas'!$P$118,2
Production,K86,=-SUM(K76:K81)*'Besoins en micas'!$P$118,2
Production,L86,=-SUM(L76:L81)*'Besoins en micas'!$P$118,2
Production,M86,=-SUM(M76:M81)*'Besoins en micas'!$P$118,2
Production,N86,=-SUM(N76:N81)*'Besoins en micas'!$P$118,2
Production,O86,=-SUM(O76:O81)*'Besoins en micas'!$P$118,2
Production,P86,=-SUM(P76:P81)*'Besoins en micas'!$P$118,2
Production,C88,=+B77,1
Production,D88,"=SUMIF($B$77:$B$86,$B$77,D77:D86)",3
Production,E88,"=SUMIF($B$77:$B$86,$B$77,E77:E86)",3
Production,F88,"=SUMIF($B$77:$B$86,$B$77,F77:F86)",3
Production,G88,"=SUMIF($B$77:$B$86,$B$77,G77:G86)",3
Production,H88,"=SUMIF($B$77:$B$86,$B$77,H77:H86)",3
Production,I88,"=SUMIF($B$77:$B$86,$B$77,I77:I86)",3
Production,J88,"=SUMIF($B$77:$B$86,$B$77,J77:J86)",3
Production,K88,"=SUMIF($B$77:$B$86,$B$77,K77:K86)",3
Production,L88,"=SUMIF($B$77:$B$86,$B$77,L77:L86)",3
Production,M88,"=SUMIF($B$77:$B$86,$B$77,M77:M86)",3
Production,N88,"=SUMIF($B$77:$B$86,$B$77,N77:N86)",3
Production,O88,"=SUMIF($B$77:$B$86,$B$77,O77:O86)",3
Production,P88,=SUM(D88:O88),1
Production,C89,=+B78,1
Production,D89,"=SUMIF($B$77:$B$86,$B$78,D77:D86)",3
Production,E89,"=SUMIF($B$77:$B$86,$B$78,E77:E86)",3
Production,F89,"=SUMIF($B$77:$B$86,$B$78,F77:F86)",3
Production,G89,"=SUMIF($B$77:$B$86,$B$78,G77:G86)",3
Production,H89,"=SUMIF($B$77:$B$86,$B$78,H77:H86)",3
Production,I89,"=SUMIF($B$77:$B$86,$B$78,I77:I86)",3
Production,J89,"=SUMIF($B$77:$B$86,$B$78,J77:J86)",3
Production,K89,"=SUMIF($B$77:$B$86,$B$78,K77:K86)",3
Production,L89,"=SUMIF($B$77:$B$86,$B$78,L77:L86)",3
Production,M89,"=SUMIF($B$77:$B$86,$B$78,M77:M86)",3
Production,N89,"=SUMIF($B$77:$B$86,$B$78,N77:N86)",3
Production,O89,"=SUMIF($B$77:$B$86,$B$78,O77:O86)",3
Production,P89,=SUM(D89:O89),1
Production,C90,=+B79,1
Production,D90,"=SUMIF($B$77:$B$86,$B$79,D77:D86)",3
Production,E90,"=SUMIF($B$77:$B$86,$B$79,E77:E86)",3
Production,F90,"=SUMIF($B$77:$B$86,$B$79,F77:F86)",3
Production,G90,"=SUMIF($B$77:$B$86,$B$79,G77:G86)",3
Production,H90,"=SUMIF($B$77:$B$86,$B$79,H77:H86)",3
Production,I90,"=SUMIF($B$77:$B$86,$B$79,I77:I86)",3
Production,J90,"=SUMIF($B$77:$B$86,$B$79,J77:J86)",3
Production,K90,"=SUMIF($B$77:$B$86,$B$79,K77:K86)",3
Production,L90,"=SUMIF($B$77:$B$86,$B$79,L77:L86)",3
Production,M90,"=SUMIF($B$77:$B$86,$B$79,M77:M86)",3
Production,N90,"=SUMIF($B$77:$B$86,$B$79,N77:N86)",3
Production,O90,"=SUMIF($B$77:$B$86,$B$79,O77:O86)",3
Production,P90,=SUM(D90:O90),1
Production,C91,=+B80,1
Production,D91,"=SUMIF($B$77:$B$86,$B$80,D77:D86)",3
Production,E91,"=SUMIF($B$77:$B$86,$B$80,E77:E86)",3
Production,F91,"=SUMIF($B$77:$B$86,$B$80,F77:F86)",3
Production,G91,"=SUMIF($B$77:$B$86,$B$80,G77:G86)",3
Production,H91,"=SUMIF($B$77:$B$86,$B$80,H77:H86)",3
Production,I91,"=SUMIF($B$77:$B$86,$B$80,I77:I86)",3
Production,J91,"=SUMIF($B$77:$B$86,$B$80,J77:J86)",3
Production,K91,"=SUMIF($B$77:$B$86,$B$80,K77:K86)",3
Production,L91,"=SUMIF($B$77:$B$86,$B$80,L77:L86)",3
Production,M91,"=SUMIF($B$77:$B$86,$B$80,M77:M86)",3
Production,N91,"=SUMIF($B$77:$B$86,$B$80,N77:N86)",3
Production,O91,"=SUMIF($B$77:$B$86,$B$80,O77:O86)",3
Production,P91,=SUM(D91:O91),1
Production,C92,=+B81,1
Production,D92,"=SUMIF($B$77:$B$86,$B$81,D77:D86)",3
Production,E92,"=SUMIF($B$77:$B$86,$B$81,E77:E86)",3
Production,F92,"=SUMIF($B$77:$B$86,$B$81,F77:F86)",3
Production,G92,"=SUMIF($B$77:$B$86,$B$81,G77:G86)",3
Production,H92,"=SUMIF($B$77:$B$86,$B$81,H77:H86)",3
Production,I92,"=SUMIF($B$77:$B$86,$B$81,I77:I86)",3
Production,J92,"=SUMIF($B$77:$B$86,$B$81,J77:J86)",3
Production,K92,"=SUMIF($B$77:$B$86,$B$81,K77:K86)",3
Production,L92,"=SUMIF($B$77:$B$86,$B$81,L77:L86)",3
Production,M92,"=SUMIF($B$77:$B$86,$B$81,M77:M86)",3
Production,N92,"=SUMIF($B$77:$B$86,$B$81,N77:N86)",3
Production,O92,"=SUMIF($B$77:$B$86,$B$81,O77:O86)",3
Production,P92,=SUM(D92:O92),1
Production,D94,=+SUM(D88:D91)/(D55+D56),3
Production,E94,=+SUM(E88:E91)/(E55+E56),3
Production,F94,=+SUM(F88:F91)/(F55+F56),3
Production,G94,=+SUM(G88:G91)/(G55+G56),3
Production,H94,=+SUM(H88:H91)/(H55+H56),3
Production,I94,=+SUM(I88:I91)/(I55+I56),3
Production,J94,=+SUM(J88:J91)/(J55+J56),3
Production,K94,=+SUM(K88:K91)/(K55+K56),3
Production,L94,=+SUM(L88:L91)/(L55+L56),3
Production,M94,=+SUM(M88:M91)/(M55+M56),3
Production,N94,=+SUM(N88:N91)/(N55+N56),3
Production,O94,=+SUM(O88:O91)/(O55+O56),3
Production,P94,=+SUM(P88:P91)/(P55+P56),3
Production,D95,=D94,1
Production,E95,=E94,1
Production,F95,=F94,1
Production,G95,=G94,1
Production,H95,=H94,1
Production,I95,=I94,1
Production,J95,=J94,1
Production,K95,=K94,1
Production,L95,=L94,1
Production,M95,=M94,1
Production,N95,=N94,1
Production,O95,=O94,1
Production,P95,=P94,1
Production,D96,"=IFERROR(+D92/D57,"""")",2
Production,E96,"=IFERROR(+E92/E57,"""")",2
Production,F96,"=IFERROR(+F92/F57,"""")",2
Production,G96,"=IFERROR(+G92/G57,"""")",2
Production,H96,"=IFERROR(+H92/H57,"""")",2
Production,I96,"=IFERROR(+I92/I57,"""")",2
Production,J96,"=IFERROR(+J92/J57,"""")",2
Production,K96,"=IFERROR(+K92/K57,"""")",2
Production,L96,"=IFERROR(+L92/L57,"""")",2
Production,M96,"=IFERROR(+M92/M57,"""")",2
Production,N96,"=IFERROR(+N92/N57,"""")",2
Production,O96,"=IFERROR(+O92/O57,"""")",2
Production,P96,"=IFERROR(+P92/P57,"""")",2
Production,C98,=+C94,1
Production,D98,=+D94/'Données SOMIDA'!$E$11,2
Production,E98,=+E94/'Données SOMIDA'!$E$11,2
Production,F98,=+F94/'Données SOMIDA'!$E$11,2
Production,G98,=+G94/'Données SOMIDA'!$E$11,2
Production,H98,=+H94/'Données SOMIDA'!$E$11,2
Production,I98,=+I94/'Données SOMIDA'!$E$11,2
Production,J98,=+J94/'Données SOMIDA'!$E$11,2
Production,K98,=+K94/'Données SOMIDA'!$E$11,2
Production,L98,=+L94/'Données SOMIDA'!$E$11,2
Production,M98,=+M94/'Données SOMIDA'!$E$11,2
Production,N98,=+N94/'Données SOMIDA'!$E$11,2
Production,O98,=+O94/'Données SOMIDA'!$E$11,2
Production,P98,=+P94/'Données SOMIDA'!$E$11,2
Production,C99,=+C95,1
Production,D99,=+D95/'Données SOMIDA'!$E$11,2
Production,E99,=+E95/'Données SOMIDA'!$E$11,2
Production,F99,=+F95/'Données SOMIDA'!$E$11,2
Production,G99,=+G95/'Données SOMIDA'!$E$11,2
Production,H99,=+H95/'Données SOMIDA'!$E$11,2
Production,I99,=+I95/'Données SOMIDA'!$E$11,2
Production,J99,=+J95/'Données SOMIDA'!$E$11,2
Production,K99,=+K95/'Données SOMIDA'!$E$11,2
Production,L99,=+L95/'Données SOMIDA'!$E$11,2
Production,M99,=+M95/'Données SOMIDA'!$E$11,2
Production,N99,=+N95/'Données SOMIDA'!$E$11,2
Production,O99,=+O95/'Données SOMIDA'!$E$11,2
Production,P99,=+P95/'Données SOMIDA'!$E$11,2
Production,C100,=+C96,1
Production,D100,"=IFERROR(+D96/'Données SOMIDA'!$E$11,"""")",2
Production,E100,"=IFERROR(+E96/'Données SOMIDA'!$E$11,"""")",2
Production,F100,"=IFERROR(+F96/'Données SOMIDA'!$E$11,"""")",2
Production,G100,"=IFERROR(+G96/'Données SOMIDA'!$E$11,"""")",2
Production,H100,"=IFERROR(+H96/'Données SOMIDA'!$E$11,"""")",2
Production,I100,"=IFERROR(+I96/'Données SOMIDA'!$E$11,"""")",2
Production,J100,"=IFERROR(+J96/'Données SOMIDA'!$E$11,"""")",2
Production,K100,"=IFERROR(+K96/'Données SOMIDA'!$E$11,"""")",2
Production,L100,"=IFERROR(+L96/'Données SOMIDA'!$E$11,"""")",2
Production,M100,"=IFERROR(+M96/'Données SOMIDA'!$E$11,"""")",2
Production,N100,"=IFERROR(+N96/'Données SOMIDA'!$E$11,"""")",2
Production,O100,"=IFERROR(+O96/'Données SOMIDA'!$E$11,"""")",2
Production,P100,"=IFERROR(+P96/'Données SOMIDA'!$E$11,"""")",2
Production,C102,=+C98,1
Production,D102,=D94/'Données SOMIDA'!$E$12,2
Production,E102,=E94/'Données SOMIDA'!$E$12,2
Production,F102,=F94/'Données SOMIDA'!$E$12,2
Production,G102,=G94/'Données SOMIDA'!$E$12,2
Production,H102,=H94/'Données SOMIDA'!$E$12,2
Production,I102,=I94/'Données SOMIDA'!$E$12,2
Production,J102,=J94/'Données SOMIDA'!$E$12,2
Production,K102,=K94/'Données SOMIDA'!$E$12,2
Production,L102,=L94/'Données SOMIDA'!$E$12,2
Production,M102,=M94/'Données SOMIDA'!$E$12,2
Production,N102,=N94/'Données SOMIDA'!$E$12,2
Production,O102,=O94/'Données SOMIDA'!$E$12,2
Production,P102,=P94/'Données SOMIDA'!$E$12,2
Production,C103,=+C99,1
Production,D103,=D95/'Données SOMIDA'!$E$12,2
Production,E103,=E95/'Données SOMIDA'!$E$12,2
Production,F103,=F95/'Données SOMIDA'!$E$12,2
Production,G103,=G95/'Données SOMIDA'!$E$12,2
Production,H103,=H95/'Données SOMIDA'!$E$12,2
Production,I103,=I95/'Données SOMIDA'!$E$12,2
Production,J103,=J95/'Données SOMIDA'!$E$12,2
Production,K103,=K95/'Données SOMIDA'!$E$12,2
Production,L103,=L95/'Données SOMIDA'!$E$12,2
Production,M103,=M95/'Données SOMIDA'!$E$12,2
Production,N103,=N95/'Données SOMIDA'!$E$12,2
Production,O103,=O95/'Données SOMIDA'!$E$12,2
Production,P103,=P95/'Données SOMIDA'!$E$12,2
Production,C104,=+C100,1
Production,D104,"=IFERROR(D96/'Données SOMIDA'!$E$12,"""")",2
Production,E104,"=IFERROR(E96/'Données SOMIDA'!$E$12,"""")",2
Production,F104,"=IFERROR(F96/'Données SOMIDA'!$E$12,"""")",2
Production,G104,"=IFERROR(G96/'Données SOMIDA'!$E$12,"""")",2
Production,H104,"=IFERROR(H96/'Données SOMIDA'!$E$12,"""")",2
Production,I104,"=IFERROR(I96/'Données SOMIDA'!$E$12,"""")",2
Production,J104,"=IFERROR(J96/'Données SOMIDA'!$E$12,"""")",2
Production,K104,"=IFERROR(K96/'Données SOMIDA'!$E$12,"""")",2
Production,L104,"=IFERROR(L96/'Données SOMIDA'!$E$12,"""")",2
Production,M104,"=IFERROR(M96/'Données SOMIDA'!$E$12,"""")",2
Production,N104,"=IFERROR(N96/'Données SOMIDA'!$E$12,"""")",2
Production,O104,"=IFERROR(O96/'Données SOMIDA'!$E$12,"""")",2
Production,P104,"=IFERROR(P96/'Données SOMIDA'!$E$12,"""")",2
Production,I139,=+D67,1
Production,J139,=+'Données SOMIDA'!$B$18,1
Production,K139,"=+_xlfn.XLOOKUP(J139,'Données SOMIDA'!$B$18:$B$28,'Données SOMIDA'!$C$18:$C$28)",3
Production,L139,=+Production!D$9,1
Production,M139,"=IFERROR(+N139/L139,0)",2
Production,N139,=+Production!$D$68*Production!D9/Production!$D$12,3
Production,I140,=+I139,1
Production,J140,=+'Données SOMIDA'!$B$19,1
Production,K140,"=+_xlfn.XLOOKUP(J140,'Données SOMIDA'!$B$18:$B$28,'Données SOMIDA'!$C$18:$C$28)",3
Production,L140,=+Production!D$10,1
Production,M140,"=IFERROR(+N140/L140,0)",2
Production,N140,=+Production!$D$68*Production!D10/Production!$D$12,3
Production,I141,=+I140,1
Production,J141,=+'Données SOMIDA'!$B$20,1
Production,K141,"=+_xlfn.XLOOKUP(J141,'Données SOMIDA'!$B$18:$B$28,'Données SOMIDA'!$C$18:$C$28)",3
Production,L141,=+Production!D$11,1
Production,M141,"=IFERROR(+N141/L141,0)",2
Production,N141,=+Production!$D$68*Production!D11/Production!$D$12,3
Production,I142,=+E67,1
Production,J142,=+'Données SOMIDA'!$B$18,1
Production,K142,"=+_xlfn.XLOOKUP(J142,'Données SOMIDA'!$B$18:$B$28,'Données SOMIDA'!$C$18:$C$28)",3
Production,L142,=+Production!E$9,1
Production,M142,"=IFERROR(+N142/L142,0)",2
Production,N142,=+Production!$E$68*Production!E9/Production!$E$12,3
Production,I143,=+I142,1
Production,J143,=+'Données SOMIDA'!$B$19,1
Production,K143,"=+_xlfn.XLOOKUP(J143,'Données SOMIDA'!$B$18:$B$28,'Données SOMIDA'!$C$18:$C$28)",3
Production,L143,=+Production!E$10,1
Production,M143,"=IFERROR(+N143/L143,0)",2
Production,N143,=+Production!$E$68*Production!E10/Production!$E$12,3
Production,I144,=+I143,1
Production,J144,=+'Données SOMIDA'!$B$20,1
Production,K144,"=+_xlfn.XLOOKUP(J144,'Données SOMIDA'!$B$18:$B$28,'Données SOMIDA'!$C$18:$C$28)",3
Production,L144,=+Production!E$11,1
Production,M144,"=IFERROR(+N144/L144,0)",2
Production,N144,=+Production!$E$68*Production!E11/Production!$E$12,3
Production,I145,=+F67,1
Production,J145,=+'Données SOMIDA'!$B$18,1
Production,K145,"=+_xlfn.XLOOKUP(J145,'Données SOMIDA'!$B$18:$B$28,'Données SOMIDA'!$C$18:$C$28)",3
Production,L145,=+Production!F$9,1
Production,M145,"=IFERROR(+N145/L145,0)",2
Production,N145,=+Production!$F$68*Production!F9/Production!$F$12,3
Production,I146,=+I145,1
Production,J146,=+'Données SOMIDA'!$B$19,1
Production,K146,"=+_xlfn.XLOOKUP(J146,'Données SOMIDA'!$B$18:$B$28,'Données SOMIDA'!$C$18:$C$28)",3
Production,L146,=+Production!F$10,1
Production,M146,"=IFERROR(+N146/L146,0)",2
Production,N146,=+Production!$F$68*Production!F10/Production!$F$12,3
Production,I147,=+I146,1
Production,J147,=+'Données SOMIDA'!$B$20,1
Production,K147,"=+_xlfn.XLOOKUP(J147,'Données SOMIDA'!$B$18:$B$28,'Données SOMIDA'!$C$18:$C$28)",3
Production,L147,=+Production!F$11,1
Production,M147,"=IFERROR(+N147/L147,0)",2
Production,N147,=+Production!$F$68*Production!F11/Production!$F$12,3
Production,I148,=+G67,1
Production,J148,=+'Données SOMIDA'!$B$18,1
Production,K148,"=+_xlfn.XLOOKUP(J148,'Données SOMIDA'!$B$18:$B$28,'Données SOMIDA'!$C$18:$C$28)",3
Production,L148,=+Production!G$9,1
Production,M148,"=IFERROR(+N148/L148,0)",2
Production,N148,=+Production!$G$68*Production!G9/Production!$G$12,3
Production,I149,=+I148,1
Production,J149,=+'Données SOMIDA'!$B$19,1
Production,K149,"=+_xlfn.XLOOKUP(J149,'Données SOMIDA'!$B$18:$B$28,'Données SOMIDA'!$C$18:$C$28)",3
Production,L149,=+Production!G$10,1
Production,M149,"=IFERROR(+N149/L149,0)",2
Production,N149,=+Production!$G$68*Production!G10/Production!$G$12,3
Production,I150,=+I149,1
Production,J150,=+'Données SOMIDA'!$B$20,1
Production,K150,"=+_xlfn.XLOOKUP(J150,'Données SOMIDA'!$B$18:$B$28,'Données SOMIDA'!$C$18:$C$28)",3
Production,L150,=+Production!G$11,1
Production,M150,"=IFERROR(+N150/L150,0)",2
Production,N150,=+Production!$G$68*Production!G11/Production!$G$12,3
Production,I151,=+H67,1
Production,J151,=+'Données SOMIDA'!$B$18,1
Production,K151,"=+_xlfn.XLOOKUP(J151,'Données SOMIDA'!$B$18:$B$28,'Données SOMIDA'!$C$18:$C$28)",3
Production,L151,=+Production!H$9,1
Production,M151,"=IFERROR(+N151/L151,0)",2
Production,N151,=+Production!$H$68*Production!H9/Production!$G$12,3
Production,I152,=+I151,1
Production,J152,=+'Données SOMIDA'!$B$19,1
Production,K152,"=+_xlfn.XLOOKUP(J152,'Données SOMIDA'!$B$18:$B$28,'Données SOMIDA'!$C$18:$C$28)",3
Production,L152,=+Production!H$10,1
Production,M152,"=IFERROR(+N152/L152,0)",2
Production,N152,=+Production!$H$68*Production!H10/Production!$G$12,3
Production,I153,=+I152,1
Production,J153,=+'Données SOMIDA'!$B$20,1
Production,K153,"=+_xlfn.XLOOKUP(J153,'Données SOMIDA'!$B$18:$B$28,'Données SOMIDA'!$C$18:$C$28)",3
Production,L153,=+Production!H$11,1
Production,M153,"=IFERROR(+N153/L153,0)",2
Production,N153,=+Production!$H$68*Production!H11/Production!$G$12,3
Production,I154,=+I67,1
Production,J154,=+'Données SOMIDA'!$B$18,1
Production,K154,"=+_xlfn.XLOOKUP(J154,'Données SOMIDA'!$B$18:$B$28,'Données SOMIDA'!$C$18:$C$28)",3
Production,L154,=+Production!I$9,1
Production,M154,"=IFERROR(+N154/L154,0)",2
Production,N154,=+Production!$I$68*Production!I9/Production!$G$12,3
Production,I155,=+I154,1
Production,J155,=+'Données SOMIDA'!$B$19,1
Production,K155,"=+_xlfn.XLOOKUP(J155,'Données SOMIDA'!$B$18:$B$28,'Données SOMIDA'!$C$18:$C$28)",3
Production,L155,=+Production!I$10,1
Production,M155,"=IFERROR(+N155/L155,0)",2
Production,N155,=+Production!$I$68*Production!I10/Production!$G$12,3
Production,I156,=+I155,1
Production,J156,=+'Données SOMIDA'!$B$20,1
Production,K156,"=+_xlfn.XLOOKUP(J156,'Données SOMIDA'!$B$18:$B$28,'Données SOMIDA'!$C$18:$C$28)",3
Production,L156,=+Production!I$11,1
Production,M156,"=IFERROR(+N156/L156,0)",2
Production,N156,=+Production!$I$68*Production!I11/Production!$G$12,3
Production,I157,=+J67,1
Production,J157,=+'Données SOMIDA'!$B$18,1
Production,K157,"=+_xlfn.XLOOKUP(J157,'Données SOMIDA'!$B$18:$B$28,'Données SOMIDA'!$C$18:$C$28)",3
Production,L157,=+Production!J$9,1
Production,M157,"=IFERROR(+N157/L157,0)",2
Production,N157,=+Production!$J$68*Production!J9/Production!$J$12,3
Production,I158,=+I157,1
Production,J158,=+'Données SOMIDA'!$B$19,1
Production,K158,"=+_xlfn.XLOOKUP(J158,'Données SOMIDA'!$B$18:$B$28,'Données SOMIDA'!$C$18:$C$28)",3
Production,L158,=+Production!J$10,1
Production,M158,"=IFERROR(+N158/L158,0)",2
Production,N158,=+Production!$J$68*Production!J10/Production!$J$12,3
Production,I159,=+I158,1
Production,J159,=+'Données SOMIDA'!$B$20,1
Production,K159,"=+_xlfn.XLOOKUP(J159,'Données SOMIDA'!$B$18:$B$28,'Données SOMIDA'!$C$18:$C$28)",3
Production,L159,=+Production!J$11,1
Production,M159,"=IFERROR(+N159/L159,0)",2
Production,N159,=+Production!$J$68*Production!J11/Production!$J$12,3
Production,I160,=+K67,1
Production,J160,=+'Données SOMIDA'!$B$18,1
Production,K160,"=+_xlfn.XLOOKUP(J160,'Données SOMIDA'!$B$18:$B$28,'Données SOMIDA'!$C$18:$C$28)",3
Production,L160,=+Production!K$9,1
Production,M160,"=IFERROR(+N160/L160,0)",2
Production,N160,=+Production!$K$68*Production!K9/Production!$K$12,3
Production,I161,=+I160,1
Production,J161,=+'Données SOMIDA'!$B$19,1
Production,K161,"=+_xlfn.XLOOKUP(J161,'Données SOMIDA'!$B$18:$B$28,'Données SOMIDA'!$C$18:$C$28)",3
Production,L161,=+Production!K$10,1
Production,M161,"=IFERROR(+N161/L161,0)",2
Production,N161,=+Production!$K$68*Production!K10/Production!$K$12,3
Production,I162,=+I161,1
Production,J162,=+'Données SOMIDA'!$B$20,1
Production,K162,"=+_xlfn.XLOOKUP(J162,'Données SOMIDA'!$B$18:$B$28,'Données SOMIDA'!$C$18:$C$28)",3
Production,L162,=+Production!K$11,1
Production,M162,"=IFERROR(+N162/L162,0)",2
Production,N162,=+Production!$K$68*Production!K11/Production!$K$12,3
Production,I163,=+L67,1
Production,J163,=+'Données SOMIDA'!$B$18,1
Production,K163,"=+_xlfn.XLOOKUP(J163,'Données SOMIDA'!$B$18:$B$28,'Données SOMIDA'!$C$18:$C$28)",3
Production,L163,=+Production!L$9,1
Production,M163,"=IFERROR(+N163/L163,0)",2
Production,N163,=+Production!$L$68*Production!L9/Production!$L$12,3
Production,I164,=+I163,1
Production,J164,=+'Données SOMIDA'!$B$19,1
Production,K164,"=+_xlfn.XLOOKUP(J164,'Données SOMIDA'!$B$18:$B$28,'Données SOMIDA'!$C$18:$C$28)",3
Production,L164,=+Production!L$10,1
Production,M164,"=IFERROR(+N164/L164,0)",2
Production,N164,=+Production!$L$68*Production!L10/Production!$L$12,3
Production,I165,=+I164,1
Production,J165,=+'Données SOMIDA'!$B$20,1
Production,K165,"=+_xlfn.XLOOKUP(J165,'Données SOMIDA'!$B$18:$B$28,'Données SOMIDA'!$C$18:$C$28)",3
Production,L165,=+Production!L$11,1
Production,M165,"=IFERROR(+N165/L165,0)",2
Production,N165,=+Production!$L$68*Production!L11/Production!$L$12,3
Production,I166,=+M67,1
Production,J166,=+'Données SOMIDA'!$B$18,1
Production,K166,"=+_xlfn.XLOOKUP(J166,'Données SOMIDA'!$B$18:$B$28,'Données SOMIDA'!$C$18:$C$28)",3
Production,L166,=+Production!M$9,1
Production,M166,"=IFERROR(+N166/L166,0)",2
Production,N166,=+Production!$M$68*Production!M9/Production!$M$12,3
Production,I167,=+I166,1
Production,J167,=+'Données SOMIDA'!$B$19,1
Production,K167,"=+_xlfn.XLOOKUP(J167,'Données SOMIDA'!$B$18:$B$28,'Données SOMIDA'!$C$18:$C$28)",3
Production,L167,=+Production!M$10,1
Production,M167,"=IFERROR(+N167/L167,0)",2
Production,N167,=+Production!$M$68*Production!M10/Production!$M$12,3
Production,I168,=+I167,1
Production,J168,=+'Données SOMIDA'!$B$20,1
Production,K168,"=+_xlfn.XLOOKUP(J168,'Données SOMIDA'!$B$18:$B$28,'Données SOMIDA'!$C$18:$C$28)",3
Production,L168,=+Production!M$11,1
Production,M168,"=IFERROR(+N168/L168,0)",2
Production,N168,=+Production!$M$68*Production!M11/Production!$M$12,3
Production,I169,=+N67,1
Production,J169,=+'Données SOMIDA'!$B$18,1
Production,K169,"=+_xlfn.XLOOKUP(J169,'Données SOMIDA'!$B$18:$B$28,'Données SOMIDA'!$C$18:$C$28)",3
Production,L169,=+Production!N$9,1
Production,M169,"=IFERROR(+N169/L169,0)",2
Production,N169,=+Production!$N$68*Production!N9/Production!$N$12,3
Production,I170,=+I169,1
Production,J170,=+'Données SOMIDA'!$B$19,1
Production,K170,"=+_xlfn.XLOOKUP(J170,'Données SOMIDA'!$B$18:$B$28,'Données SOMIDA'!$C$18:$C$28)",3
Production,L170,=+Production!N$10,1
Production,M170,"=IFERROR(+N170/L170,0)",2
Production,N170,=+Production!$N$68*Production!N10/Production!$N$12,3
Production,I171,=+I170,1
Production,J171,=+'Données SOMIDA'!$B$20,1
Production,K171,"=+_xlfn.XLOOKUP(J171,'Données SOMIDA'!$B$18:$B$28,'Données SOMIDA'!$C$18:$C$28)",3
Production,L171,=+Production!N$11,1
Production,M171,"=IFERROR(+N171/L171,0)",2
Production,N171,=+Production!$N$68*Production!N11/Production!$N$12,3
Production,I172,=+O67,1
Production,J172,=+'Données SOMIDA'!$B$18,1
Production,K172,"=+_xlfn.XLOOKUP(J172,'Données SOMIDA'!$B$18:$B$28,'Données SOMIDA'!$C$18:$C$28)",3
Production,L172,=+Production!O$9,1
Production,M172,"=IFERROR(+N172/L172,0)",2
Production,N172,=+Production!$O$68*Production!O9/Production!$O$12,3
Production,I173,=+I172,1
Production,J173,=+'Données SOMIDA'!$B$19,1
Production,K173,"=+_xlfn.XLOOKUP(J173,'Données SOMIDA'!$B$18:$B$28,'Données SOMIDA'!$C$18:$C$28)",3
Production,L173,=+Production!O$10,1
Production,M173,"=IFERROR(+N173/L173,0)",2
Production,N173,=+Production!$O$68*Production!O10/Production!$O$12,3
Production,I174,=+I173,1
Production,J174,=+'Données SOMIDA'!$B$20,1
Production,K174,"=+_xlfn.XLOOKUP(J174,'Données SOMIDA'!$B$18:$B$28,'Données SOMIDA'!$C$18:$C$28)",3
Production,L174,=+Production!O$11,1
Production,M174,"=IFERROR(+N174/L174,0)",2
Production,N174,=+Production!$O$68*Production!O11/Production!$O$12,3
Production,L175,=SUM(L139:L174),1
Production,M175,"=IFERROR(+N175/L175,0)",2
Production,N175,=SUM(N139:N174),1
Production,N176,=+P68-N175,2
Traitement,C1,=SUM(B2:B4),1
Traitement,G1,=SUM(F2:F4),1
Traitement,C7,=SUM(B8:B10),1
Traitement,G7,=SUM(F8:F10),1
Traitement,C13,=SUM(B14:B16),1
Traitement,G13,=SUM(F14:F16),1
Traitement,G20,"=VLOOKUP(E20,$A$20:$B$31,2,FALSE)/1000",2
Traitement,H20,"=IF(G20=MAX($G$20:$G$31),G20,"""")",3
Traitement,G21,"=VLOOKUP(E21,$A$20:$B$31,2,FALSE)/1000",2
Traitement,H21,"=IF(G21=MAX($G$20:$G$31),G21,"""")",3
Traitement,G22,"=VLOOKUP(E22,$A$20:$B$31,2,FALSE)/1000",2
Traitement,H22,"=IF(G22=MAX($G$20:$G$31),G22,"""")",3
Traitement,G23,"=VLOOKUP(E23,$A$20:$B$31,2,FALSE)/1000",2
Traitement,H23,"=IF(G23=MAX($G$20:$G$31),G23,"""")",3
Traitement,G24,"=VLOOKUP(E24,$A$20:$B$31,2,FALSE)/1000",2
Traitement,H24,"=IF(G24=MAX($G$20:$G$31),G24,"""")",3
Traitement,G25,"=VLOOKUP(E25,$A$20:$B$31,2,FALSE)/1000",2
Traitement,H25,"=IF(G25=MAX($G$20:$G$31),G25,"""")",3
Traitement,G26,"=VLOOKUP(E26,$A$20:$B$31,2,FALSE)/1000",2
Traitement,H26,"=IF(G26=MAX($G$20:$G$31),G26,"""")",3
Traitement,G27,"=VLOOKUP(E27,$A$20:$B$31,2,FALSE)/1000",2
Traitement,H27,"=IF(G27=MAX($G$20:$G$31),G27,"""")",3
Traitement,G28,"=VLOOKUP(E28,$A$20:$B$31,2,FALSE)/1000",2
Traitement,H28,"=IF(G28=MAX($G$20:$G$31),G28,"""")",3
Traitement,G29,"=VLOOKUP(E29,$A$20:$B$31,2,FALSE)/1000",2
Traitement,H29,"=IF(G29=MAX($G$20:$G$31),G29,"""")",3
Traitement,G30,"=VLOOKUP(E30,$A$20:$B$31,2,FALSE)/1000",2
Traitement,H30,"=IF(G30=MAX($G$20:$G$31),G30,"""")",3
Traitement,G31,"=VLOOKUP(E31,$A$20:$B$31,2,FALSE)/1000",2
Traitement,H31,"=IF(G31=MAX($G$20:$G$31),G31,"""")",3
Traitement,G35,"=VLOOKUP(E35,$A$35:$B$46,2,FALSE)/1000",2
Traitement,H35,"=IF(G35=MAX($G$35:$G$46),G35,"""")",3
Traitement,G36,"=VLOOKUP(E36,$A$35:$B$46,2,FALSE)/1000",2
Traitement,H36,"=IF(G36=MAX($G$35:$G$46),G36,"""")",3
Traitement,G37,"=VLOOKUP(E37,$A$35:$B$46,2,FALSE)/1000",2
Traitement,H37,"=IF(G37=MAX($G$35:$G$46),G37,"""")",3
Traitement,G38,"=VLOOKUP(E38,$A$35:$B$46,2,FALSE)/1000",2
Traitement,H38,"=IF(G38=MAX($G$35:$G$46),G38,"""")",3
Traitement,G39,"=VLOOKUP(E39,$A$35:$B$46,2,FALSE)/1000",2
Traitement,H39,"=IF(G39=MAX($G$35:$G$46),G39,"""")",3
Traitement,G40,"=VLOOKUP(E40,$A$35:$B$46,2,FALSE)/1000",2
Traitement,H40,"=IF(G40=MAX($G$35:$G$46),G40,"""")",3
Traitement,G41,"=VLOOKUP(E41,$A$35:$B$46,2,FALSE)/1000",2
Traitement,H41,"=IF(G41=MAX($G$35:$G$46),G41,"""")",3
Traitement,G42,"=VLOOKUP(E42,$A$35:$B$46,2,FALSE)/1000",2
Traitement,H42,"=IF(G42=MAX($G$35:$G$46),G42,"""")",3
Traitement,G43,"=VLOOKUP(E43,$A$35:$B$46,2,FALSE)/1000",2
Traitement,H43,"=IF(G43=MAX($G$35:$G$46),G43,"""")",3
Traitement,G44,"=VLOOKUP(E44,$A$35:$B$46,2,FALSE)/1000",2
Traitement,H44,"=IF(G44=MAX($G$35:$G$46),G44,"""")",3
Traitement,G45,"=VLOOKUP(E45,$A$35:$B$46,2,FALSE)/1000",2
Traitement,H45,"=IF(G45=MAX($G$35:$G$46),G45,"""")",3
Traitement,G46,"=VLOOKUP(E46,$A$35:$B$46,2,FALSE)/1000",2
Traitement,H46,"=IF(G46=MAX($G$35:$G$46),G46,"""")",3
Traitement,G50,"=VLOOKUP(E50,$A$50:$B$61,2,FALSE)/1000",2
Traitement,H50,"=IF(G50=MAX($G$50:$G$61),G50,"""")",3
Traitement,G51,"=VLOOKUP(E51,$A$50:$B$61,2,FALSE)/1000",2
Traitement,H51,"=IF(G51=MAX($G$50:$G$61),G51,"""")",3
Traitement,G52,"=VLOOKUP(E52,$A$50:$B$61,2,FALSE)/1000",2
Traitement,H52,"=IF(G52=MAX($G$50:$G$61),G52,"""")",3
Traitement,G53,"=VLOOKUP(E53,$A$50:$B$61,2,FALSE)/1000",2
Traitement,H53,"=IF(G53=MAX($G$50:$G$61),G53,"""")",3
Traitement,G54,"=VLOOKUP(E54,$A$50:$B$61,2,FALSE)/1000",2
Traitement,H54,"=IF(G54=MAX($G$50:$G$61),G54,"""")",3
Traitement,G55,"=VLOOKUP(E55,$A$50:$B$61,2,FALSE)/1000",2
Traitement,H55,"=IF(G55=MAX($G$50:$G$61),G55,"""")",3
Traitement,G56,"=VLOOKUP(E56,$A$50:$B$61,2,FALSE)/1000",2
Traitement,H56,"=IF(G56=MAX($G$50:$G$61),G56,"""")",3
Traitement,G57,"=VLOOKUP(E57,$A$50:$B$61,2,FALSE)/1000",2
Traitement,H57,"=IF(G57=MAX($G$50:$G$61),G57,"""")",3
Traitement,G58,"=VLOOKUP(E58,$A$50:$B$61,2,FALSE)/1000",2
Traitement,H58,"=IF(G58=MAX($G$50:$G$61),G58,"""")",3
Traitement,G59,"=VLOOKUP(E59,$A$50:$B$61,2,FALSE)/1000",2
Traitement,H59,"=IF(G59=MAX($G$50:$G$61),G59,"""")",3
Traitement,G60,"=VLOOKUP(E60,$A$50:$B$61,2,FALSE)/1000",2
Traitement,H60,"=IF(G60=MAX($G$50:$G$61),G60,"""")",3
Traitement,G61,"=VLOOKUP(E61,$A$50:$B$61,2,FALSE)/1000",2
Traitement,H61,"=IF(G61=MAX($G$50:$G$61),G61,"""")",3
Traitement,G66,"=+VLOOKUP(E66,$A$66:$C$77,2,FALSE)/1000000",2
Traitement,H66,"=+VLOOKUP(E66,$A$66:$C$77,3,FALSE)/1000000",2
Traitement,G67,"=+VLOOKUP(E67,$A$66:$C$77,2,FALSE)/1000000",2
Traitement,H67,"=+VLOOKUP(E67,$A$66:$C$77,3,FALSE)/1000000",2
Traitement,G68,"=+VLOOKUP(E68,$A$66:$C$77,2,FALSE)/1000000",2
Traitement,H68,"=+VLOOKUP(E68,$A$66:$C$77,3,FALSE)/1000000",2
Traitement,G69,"=+VLOOKUP(E69,$A$66:$C$77,2,FALSE)/1000000",2
Traitement,H69,"=+VLOOKUP(E69,$A$66:$C$77,3,FALSE)/1000000",2
Traitement,G70,"=+VLOOKUP(E70,$A$66:$C$77,2,FALSE)/1000000",2
Traitement,H70,"=+VLOOKUP(E70,$A$66:$C$77,3,FALSE)/1000000",2
Traitement,G71,"=+VLOOKUP(E71,$A$66:$C$77,2,FALSE)/1000000",2
Traitement,H71,"=+VLOOKUP(E71,$A$66:$C$77,3,FALSE)/1000000",2
Traitement,G72,"=+VLOOKUP(E72,$A$66:$C$77,2,FALSE)/1000000",2
Traitement,H72,"=+VLOOKUP(E72,$A$66:$C$77,3,FALSE)/1000000",2
Traitement,G73,"=+VLOOKUP(E73,$A$66:$C$77,2,FALSE)/1000000",2
Traitement,H73,"=+VLOOKUP(E73,$A$66:$C$77,3,FALSE)/1000000",2
Traitement,G74,"=+VLOOKUP(E74,$A$66:$C$77,2,FALSE)/1000000",2
Traitement,H74,"=+VLOOKUP(E74,$A$66:$C$77,3,FALSE)/1000000",2
Traitement,G75,"=+VLOOKUP(E75,$A$66:$C$77,2,FALSE)/1000000",2
Traitement,H75,"=+VLOOKUP(E75,$A$66:$C$77,3,FALSE)/1000000",2
Traitement,G76,"=+VLOOKUP(E76,$A$66:$C$77,2,FALSE)/1000000",2
Traitement,H76,"=+VLOOKUP(E76,$A$66:$C$77,3,FALSE)/1000000",2
Traitement,G77,"=+VLOOKUP(E77,$A$66:$C$77,2,FALSE)/1000000",2
Traitement,H77,"=+VLOOKUP(E77,$A$66:$C$77,3,FALSE)/1000000",2
Traitement,G81,"=+VLOOKUP(E81,$A$81:$C$92,2,FALSE)/1000000",2
Traitement,H81,"=+VLOOKUP(E81,$A$81:$C$92,3,FALSE)/1000000",2
Traitement,G82,"=+VLOOKUP(E82,$A$81:$C$92,2,FALSE)/1000000",2
Traitement,H82,"=+VLOOKUP(E82,$A$81:$C$92,3,FALSE)/1000000",2
Traitement,G83,"=+VLOOKUP(E83,$A$81:$C$92,2,FALSE)/1000000",2
Traitement,H83,"=+VLOOKUP(E83,$A$81:$C$92,3,FALSE)/1000000",2
Traitement,G84,"=+VLOOKUP(E84,$A$81:$C$92,2,FALSE)/1000000",2
Traitement,H84,"=+VLOOKUP(E84,$A$81:$C$92,3,FALSE)/1000000",2
Traitement,G85,"=+VLOOKUP(E85,$A$81:$C$92,2,FALSE)/1000000",2
Traitement,H85,"=+VLOOKUP(E85,$A$81:$C$92,3,FALSE)/1000000",2
Traitement,G86,"=+VLOOKUP(E86,$A$81:$C$92,2,FALSE)/1000000",2
Traitement,H86,"=+VLOOKUP(E86,$A$81:$C$92,3,FALSE)/1000000",2
Traitement,G87,"=+VLOOKUP(E87,$A$81:$C$92,2,FALSE)/1000000",2
Traitement,H87,"=+VLOOKUP(E87,$A$81:$C$92,3,FALSE)/1000000",2
Traitement,G88,"=+VLOOKUP(E88,$A$81:$C$92,2,FALSE)/1000000",2
Traitement,H88,"=+VLOOKUP(E88,$A$81:$C$92,3,FALSE)/1000000",2
Traitement,G89,"=+VLOOKUP(E89,$A$81:$C$92,2,FALSE)/1000000",2
Traitement,H89,"=+VLOOKUP(E89,$A$81:$C$92,3,FALSE)/1000000",2
Traitement,G90,"=+VLOOKUP(E90,$A$81:$C$92,2,FALSE)/1000000",2
Traitement,H90,"=+VLOOKUP(E90,$A$81:$C$92,3,FALSE)/1000000",2
Traitement,G91,"=+VLOOKUP(E91,$A$81:$C$92,2,FALSE)/1000000",2
Traitement,H91,"=+VLOOKUP(E91,$A$81:$C$92,3,FALSE)/1000000",2
Traitement,G92,"=+VLOOKUP(E92,$A$81:$C$92,2,FALSE)/1000000",2
Traitement,H92,"=+VLOOKUP(E92,$A$81:$C$92,3,FALSE)/1000000",2
Traitement,G96,"=+VLOOKUP(E96,$A$96:$C$107,2,FALSE)/1000000",2
Traitement,H96,"=+VLOOKUP(E96,$A$96:$C$107,3,FALSE)/1000000",2
Traitement,G97,"=+VLOOKUP(E97,$A$96:$C$107,2,FALSE)/1000000",2
Traitement,H97,"=+VLOOKUP(E97,$A$96:$C$107,3,FALSE)/1000000",2
Traitement,G98,"=+VLOOKUP(E98,$A$96:$C$107,2,FALSE)/1000000",2
Traitement,H98,"=+VLOOKUP(E98,$A$96:$C$107,3,FALSE)/1000000",2
Traitement,G99,"=+VLOOKUP(E99,$A$96:$C$107,2,FALSE)/1000000",2
Traitement,H99,"=+VLOOKUP(E99,$A$96:$C$107,3,FALSE)/1000000",2
Traitement,G100,"=+VLOOKUP(E100,$A$96:$C$107,2,FALSE)/1000000",2
Traitement,H100,"=+VLOOKUP(E100,$A$96:$C$107,3,FALSE)/1000000",2
Traitement,G101,"=+VLOOKUP(E101,$A$96:$C$107,2,FALSE)/1000000",2
Traitement,H101,"=+VLOOKUP(E101,$A$96:$C$107,3,FALSE)/1000000",2
Traitement,G102,"=+VLOOKUP(E102,$A$96:$C$107,2,FALSE)/1000000",2
Traitement,H102,"=+VLOOKUP(E102,$A$96:$C$107,3,FALSE)/1000000",2
Traitement,G103,"=+VLOOKUP(E103,$A$96:$C$107,2,FALSE)/1000000",2
Traitement,H103,"=+VLOOKUP(E103,$A$96:$C$107,3,FALSE)/1000000",2
Traitement,G104,"=+VLOOKUP(E104,$A$96:$C$107,2,FALSE)/1000000",2
Traitement,H104,"=+VLOOKUP(E104,$A$96:$C$107,3,FALSE)/1000000",2
Traitement,G105,"=+VLOOKUP(E105,$A$96:$C$107,2,FALSE)/1000000",2
Traitement,H105,"=+VLOOKUP(E105,$A$96:$C$107,3,FALSE)/1000000",2
Traitement,G106,"=+VLOOKUP(E106,$A$96:$C$107,2,FALSE)/1000000",2
Traitement,H106,"=+VLOOKUP(E106,$A$96:$C$107,3,FALSE)/1000000",2
Traitement,G107,"=+VLOOKUP(E107,$A$96:$C$107,2,FALSE)/1000000",2
Traitement,H107,"=+VLOOKUP(E107,$A$96:$C$107,3,FALSE)/1000000",2
Traitement,B120,<openpyxl.worksheet.formula.ArrayFormula object at 0x0000026CDDA59E50>,0
Traitement,A121,=+A113,1
Traitement,B121,"=+HLOOKUP($B$119,$B$112:$M$116,2,FALSE)",2
Traitement,C121,"=+HLOOKUP(B119,$B$112:$M$116,2,FALSE)",2
Traitement,D121,"=+HLOOKUP(C119,$B$112:$M$116,2,FALSE)",2
Traitement,E121,"=+HLOOKUP(D119,$B$112:$M$116,2,FALSE)",2
Traitement,F121,"=+HLOOKUP(E119,$B$112:$M$116,2,FALSE)",2
Traitement,G121,"=+HLOOKUP(F119,$B$112:$M$116,2,FALSE)",2
Traitement,H121,"=+HLOOKUP(G119,$B$112:$M$116,2,FALSE)",2
Traitement,I121,"=+HLOOKUP(H119,$B$112:$M$116,2,FALSE)",2
Traitement,J121,"=+HLOOKUP(I119,$B$112:$M$116,2,FALSE)",2
Traitement,K121,"=+HLOOKUP(J119,$B$112:$M$116,2,FALSE)",2
Traitement,L121,"=+HLOOKUP(K119,$B$112:$M$116,2,FALSE)",2
Traitement,M121,"=+HLOOKUP(L119,$B$112:$M$116,2,FALSE)",2
Traitement,A122,=+A114,1
Traitement,B122,"=+HLOOKUP(B119,$B$112:$M$116,3,FALSE)",2
Traitement,C122,"=+HLOOKUP(C119,$B$112:$M$116,3,FALSE)",2
Traitement,D122,"=+HLOOKUP(D119,$B$112:$M$116,3,FALSE)",2
Traitement,E122,"=+HLOOKUP(E119,$B$112:$M$116,3,FALSE)",2
Traitement,F122,"=+HLOOKUP(F119,$B$112:$M$116,3,FALSE)",2
Traitement,G122,"=+HLOOKUP(G119,$B$112:$M$116,3,FALSE)",2
Traitement,H122,"=+HLOOKUP(H119,$B$112:$M$116,3,FALSE)",2
Traitement,I122,"=+HLOOKUP(I119,$B$112:$M$116,3,FALSE)",2
Traitement,J122,"=+HLOOKUP(J119,$B$112:$M$116,3,FALSE)",2
Traitement,K122,"=+HLOOKUP(K119,$B$112:$M$116,3,FALSE)",2
Traitement,L122,"=+HLOOKUP(L119,$B$112:$M$116,3,FALSE)",2
Traitement,M122,"=+HLOOKUP(M119,$B$112:$M$116,3,FALSE)",2
Traitement,A123,=+A115,1
Traitement,B123,"=+HLOOKUP(B119,$B$112:$M$116,4,FALSE)",2
Traitement,C123,"=+HLOOKUP(C119,$B$112:$M$116,4,FALSE)",2
Traitement,D123,"=+HLOOKUP(D119,$B$112:$M$116,4,FALSE)",2
Traitement,E123,"=+HLOOKUP(E119,$B$112:$M$116,4,FALSE)",2
Traitement,F123,"=+HLOOKUP(F119,$B$112:$M$116,4,FALSE)",2
Traitement,G123,"=+HLOOKUP(G119,$B$112:$M$116,4,FALSE)",2
Traitement,H123,"=+HLOOKUP(H119,$B$112:$M$116,4,FALSE)",2
Traitement,I123,"=+HLOOKUP(I119,$B$112:$M$116,4,FALSE)",2
Traitement,J123,"=+HLOOKUP(J119,$B$112:$M$116,4,FALSE)",2
Traitement,K123,"=+HLOOKUP(K119,$B$112:$M$116,4,FALSE)",2
Traitement,L123,"=+HLOOKUP(L119,$B$112:$M$116,4,FALSE)",2
Traitement,M123,"=+HLOOKUP(M119,$B$112:$M$116,4,FALSE)",2
Traitement,A124,=+A116,1
Traitement,B124,"=+HLOOKUP(B119,$B$112:$M$116,5,FALSE)",2
Traitement,C124,"=+HLOOKUP(C119,$B$112:$M$116,5,FALSE)",2
Traitement,D124,"=+HLOOKUP(D119,$B$112:$M$116,5,FALSE)",2
Traitement,E124,"=+HLOOKUP(E119,$B$112:$M$116,5,FALSE)",2
Traitement,F124,"=+HLOOKUP(F119,$B$112:$M$116,5,FALSE)",2
Traitement,G124,"=+HLOOKUP(G119,$B$112:$M$116,5,FALSE)",2
Traitement,H124,"=+HLOOKUP(H119,$B$112:$M$116,5,FALSE)",2
Traitement,I124,"=+HLOOKUP(I119,$B$112:$M$116,5,FALSE)",2
Traitement,J124,"=+HLOOKUP(J119,$B$112:$M$116,5,FALSE)",2
Traitement,K124,"=+HLOOKUP(K119,$B$112:$M$116,5,FALSE)",2
Traitement,L124,"=+HLOOKUP(L119,$B$112:$M$116,5,FALSE)",2
Traitement,M124,"=+HLOOKUP(M119,$B$112:$M$116,5,FALSE)",2
Calcul,A3,=+'Besoins en micas'!B142,1
Calcul,B3,=+'Besoins en micas'!C142,1
Calcul,C3,=+'Besoins en micas'!D142,1
Calcul,D3,=+'Besoins en micas'!E142,1
Calcul,E3,=+'Besoins en micas'!F142,1
Calcul,F3,=+'Besoins en micas'!G142,1
Calcul,G3,=+'Besoins en micas'!H142,1
Calcul,H3,=+'Besoins en micas'!I142,1
Calcul,I3,=+'Besoins en micas'!J142,1
Calcul,J3,=+'Besoins en micas'!K142,1
Calcul,K3,=+'Besoins en micas'!L142,1
Calcul,A4,=+'Besoins en micas'!B143,1
Calcul,B4,=+'Besoins en micas'!C143,1
Calcul,C4,=+'Besoins en micas'!D143,1
Calcul,D4,=+'Besoins en micas'!E143,1
Calcul,E4,=+'Besoins en micas'!F143,1
Calcul,F4,=+'Besoins en micas'!G143,1
Calcul,G4,=+'Besoins en micas'!H143,1
Calcul,H4,=+'Besoins en micas'!I143,1
Calcul,I4,=+'Besoins en micas'!J143,1
Calcul,J4,=+'Besoins en micas'!K143,1
Calcul,K4,=+'Besoins en micas'!L143,1
Calcul,A5,=+'Besoins en micas'!B144,1
Calcul,B5,=+'Besoins en micas'!C144,1
Calcul,C5,=+'Besoins en micas'!D144,1
Calcul,D5,=+'Besoins en micas'!E144,1
Calcul,E5,=+'Besoins en micas'!F144,1
Calcul,F5,=+'Besoins en micas'!G144,1
Calcul,G5,=+'Besoins en micas'!H144,1
Calcul,H5,=+'Besoins en micas'!I144,1
Calcul,I5,=+'Besoins en micas'!J144,1
Calcul,J5,=+'Besoins en micas'!K144,1
Calcul,K5,=+'Besoins en micas'!L144,1
Calcul,A6,=+'Besoins en micas'!B145,1
Calcul,B6,=+'Besoins en micas'!C145,1
Calcul,C6,=+'Besoins en micas'!D145,1
Calcul,D6,=+'Besoins en micas'!E145,1
Calcul,E6,=+'Besoins en micas'!F145,1
Calcul,F6,=+'Besoins en micas'!G145,1
Calcul,G6,=+'Besoins en micas'!H145,1
Calcul,H6,=+'Besoins en micas'!I145,1
Calcul,I6,=+'Besoins en micas'!J145,1
Calcul,J6,=+'Besoins en micas'!K145,1
Calcul,K6,=+'Besoins en micas'!L145,1
Calcul,A7,=+'Besoins en micas'!B146,1
Calcul,B7,=+'Besoins en micas'!C146,1
Calcul,C7,=+'Besoins en micas'!D146,1
Calcul,D7,=+'Besoins en micas'!E146,1
Calcul,E7,=+'Besoins en micas'!F146,1
Calcul,F7,=+'Besoins en micas'!G146,1
Calcul,G7,=+'Besoins en micas'!H146,1
Calcul,H7,=+'Besoins en micas'!I146,1
Calcul,I7,=+'Besoins en micas'!J146,1
Calcul,J7,=+'Besoins en micas'!K146,1
Calcul,K7,=+'Besoins en micas'!L146,1
Calcul,A8,=+'Besoins en micas'!B147,1
Calcul,B8,=+'Besoins en micas'!C147,1
Calcul,C8,=+'Besoins en micas'!D147,1
Calcul,D8,=+'Besoins en micas'!E147,1
Calcul,E8,=+'Besoins en micas'!F147,1
Calcul,F8,=+'Besoins en micas'!G147,1
Calcul,G8,=+'Besoins en micas'!H147,1
Calcul,H8,=+'Besoins en micas'!I147,1
Calcul,I8,=+'Besoins en micas'!J147,1
Calcul,J8,=+'Besoins en micas'!K147,1
Calcul,K8,=+'Besoins en micas'!L147,1
Calcul,A9,=+'Besoins en micas'!B148,1
Calcul,B9,=+'Besoins en micas'!C148,1
Calcul,C9,=+'Besoins en micas'!D148,1
Calcul,D9,=+'Besoins en micas'!E148,1
Calcul,E9,=+'Besoins en micas'!F148,1
Calcul,F9,=+'Besoins en micas'!G148,1
Calcul,G9,=+'Besoins en micas'!H148,1
Calcul,H9,=+'Besoins en micas'!I148,1
Calcul,I9,=+'Besoins en micas'!J148,1
Calcul,J9,=+'Besoins en micas'!K148,1
Calcul,K9,=+'Besoins en micas'!L148,1
Calcul,A10,=+'Besoins en micas'!B149,1
Calcul,B10,=+'Besoins en micas'!C149,1
Calcul,C10,=+'Besoins en micas'!D149,1
Calcul,D10,=+'Besoins en micas'!E149,1
Calcul,E10,=+'Besoins en micas'!F149,1
Calcul,F10,=+'Besoins en micas'!G149,1
Calcul,G10,=+'Besoins en micas'!H149,1
Calcul,H10,=+'Besoins en micas'!I149,1
Calcul,I10,=+'Besoins en micas'!J149,1
Calcul,J10,=+'Besoins en micas'!K149,1
Calcul,K10,=+'Besoins en micas'!L149,1
Calcul,A11,=+'Besoins en micas'!B150,1
Calcul,B11,=+'Besoins en micas'!C150,1
Calcul,C11,=+'Besoins en micas'!D150,1
Calcul,D11,=+'Besoins en micas'!E150,1
Calcul,E11,=+'Besoins en micas'!F150,1
Calcul,F11,=+'Besoins en micas'!G150,1
Calcul,G11,=+'Besoins en micas'!H150,1
Calcul,H11,=+'Besoins en micas'!I150,1
Calcul,I11,=+'Besoins en micas'!J150,1
Calcul,J11,=+'Besoins en micas'!K150,1
Calcul,K11,=+'Besoins en micas'!L150,1
Calcul,A12,=+'Besoins en micas'!B151,1
Calcul,B12,=+'Besoins en micas'!C151,1
Calcul,C12,=+'Besoins en micas'!D151,1
Calcul,D12,=+'Besoins en micas'!E151,1
Calcul,E12,=+'Besoins en micas'!F151,1
Calcul,F12,=+'Besoins en micas'!G151,1
Calcul,G12,=+'Besoins en micas'!H151,1
Calcul,H12,=+'Besoins en micas'!I151,1
Calcul,I12,=+'Besoins en micas'!J151,1
Calcul,J12,=+'Besoins en micas'!K151,1
Calcul,K12,=+'Besoins en micas'!L151,1
Calcul,A13,=+'Besoins en micas'!B152,1
Calcul,B13,=+'Besoins en micas'!C152,1
Calcul,C13,=+'Besoins en micas'!D152,1
Calcul,D13,=+'Besoins en micas'!E152,1
Calcul,E13,=+'Besoins en micas'!F152,1
Calcul,F13,=+'Besoins en micas'!G152,1
Calcul,G13,=+'Besoins en micas'!H152,1
Calcul,H13,=+'Besoins en micas'!I152,1
Calcul,I13,=+'Besoins en micas'!J152,1
Calcul,J13,=+'Besoins en micas'!K152,1
Calcul,K13,=+'Besoins en micas'!L152,1
Calcul,A14,=+'Besoins en micas'!B153,1
Calcul,B14,=+'Besoins en micas'!C153,1
Calcul,C14,=+'Besoins en micas'!D153,1
Calcul,D14,=+'Besoins en micas'!E153,1
Calcul,E14,=+'Besoins en micas'!F153,1
Calcul,F14,=+'Besoins en micas'!G153,1
Calcul,G14,=+'Besoins en micas'!H153,1
Calcul,H14,=+'Besoins en micas'!I153,1
Calcul,I14,=+'Besoins en micas'!J153,1
Calcul,J14,=+'Besoins en micas'!K153,1
Calcul,K14,=+'Besoins en micas'!L153,1
Calcul,A15,=+'Besoins en micas'!B154,1
Calcul,B15,=+'Besoins en micas'!C154,1
Calcul,C15,=+'Besoins en micas'!D154,1
Calcul,D15,=+'Besoins en micas'!E154,1
Calcul,E15,=+'Besoins en micas'!F154,1
Calcul,F15,=+'Besoins en micas'!G154,1
Calcul,G15,=+'Besoins en micas'!H154,1
Calcul,H15,=+'Besoins en micas'!I154,1
Calcul,I15,=+'Besoins en micas'!J154,1
Calcul,J15,=+'Besoins en micas'!K154,1
Calcul,K15,=+'Besoins en micas'!L154,1
Calcul,A16,=+'Besoins en micas'!B155,1
Calcul,B16,=+'Besoins en micas'!C155,1
Calcul,C16,=+'Besoins en micas'!D155,1
Calcul,D16,=+'Besoins en micas'!E155,1
Calcul,E16,=+'Besoins en micas'!F155,1
Calcul,F16,=+'Besoins en micas'!G155,1
Calcul,G16,=+'Besoins en micas'!H155,1
Calcul,H16,=+'Besoins en micas'!I155,1
Calcul,I16,=+'Besoins en micas'!J155,1
Calcul,J16,=+'Besoins en micas'!K155,1
Calcul,K16,=+'Besoins en micas'!L155,1
Calcul,A17,=+'Besoins en micas'!B156,1
Calcul,B17,=+'Besoins en micas'!C156,1
Calcul,C17,=+'Besoins en micas'!D156,1
Calcul,D17,=+'Besoins en micas'!E156,1
Calcul,E17,=+'Besoins en micas'!F156,1
Calcul,F17,=+'Besoins en micas'!G156,1
Calcul,G17,=+'Besoins en micas'!H156,1
Calcul,H17,=+'Besoins en micas'!I156,1
Calcul,I17,=+'Besoins en micas'!J156,1
Calcul,J17,=+'Besoins en micas'!K156,1
Calcul,K17,=+'Besoins en micas'!L156,1
Calcul,A18,=+'Besoins en micas'!B157,1
Calcul,B18,=+'Besoins en micas'!C157,1
Calcul,C18,=+'Besoins en micas'!D157,1
Calcul,D18,=+'Besoins en micas'!E157,1
Calcul,E18,=+'Besoins en micas'!F157,1
Calcul,F18,=+'Besoins en micas'!G157,1
Calcul,G18,=+'Besoins en micas'!H157,1
Calcul,H18,=+'Besoins en micas'!I157,1
Calcul,I18,=+'Besoins en micas'!J157,1
Calcul,J18,=+'Besoins en micas'!K157,1
Calcul,K18,=+'Besoins en micas'!L157,1
Calcul,A19,=+'Besoins en micas'!B158,1
Calcul,B19,=+'Besoins en micas'!C158,1
Calcul,C19,=+'Besoins en micas'!D158,1
Calcul,D19,=+'Besoins en micas'!E158,1
Calcul,E19,=+'Besoins en micas'!F158,1
Calcul,F19,=+'Besoins en micas'!G158,1
Calcul,G19,=+'Besoins en micas'!H158,1
Calcul,H19,=+'Besoins en micas'!I158,1
Calcul,I19,=+'Besoins en micas'!J158,1
Calcul,J19,=+'Besoins en micas'!K158,1
Calcul,K19,=+'Besoins en micas'!L158,1
Calcul,A20,=+'Besoins en micas'!B159,1
Calcul,B20,=+'Besoins en micas'!C159,1
Calcul,C20,=+'Besoins en micas'!D159,1
Calcul,D20,=+'Besoins en micas'!E159,1
Calcul,E20,=+'Besoins en micas'!F159,1
Calcul,F20,=+'Besoins en micas'!G159,1
Calcul,G20,=+'Besoins en micas'!H159,1
Calcul,H20,=+'Besoins en micas'!I159,1
Calcul,I20,=+'Besoins en micas'!J159,1
Calcul,J20,=+'Besoins en micas'!K159,1
Calcul,K20,=+'Besoins en micas'!L159,1
Calcul,A21,=+'Besoins en micas'!B160,1
Calcul,B21,=+'Besoins en micas'!C160,1
Calcul,C21,=+'Besoins en micas'!D160,1
Calcul,D21,=+'Besoins en micas'!E160,1
Calcul,E21,=+'Besoins en micas'!F160,1
Calcul,F21,=+'Besoins en micas'!G160,1
Calcul,G21,=+'Besoins en micas'!H160,1
Calcul,H21,=+'Besoins en micas'!I160,1
Calcul,I21,=+'Besoins en micas'!J160,1
Calcul,J21,=+'Besoins en micas'!K160,1
Calcul,K21,=+'Besoins en micas'!L160,1
Calcul,A22,=+'Besoins en micas'!B161,1
Calcul,B22,=+'Besoins en micas'!C161,1
Calcul,C22,=+'Besoins en micas'!D161,1
Calcul,D22,=+'Besoins en micas'!E161,1
Calcul,E22,=+'Besoins en micas'!F161,1
Calcul,F22,=+'Besoins en micas'!G161,1
Calcul,G22,=+'Besoins en micas'!H161,1
Calcul,H22,=+'Besoins en micas'!I161,1
Calcul,I22,=+'Besoins en micas'!J161,1
Calcul,J22,=+'Besoins en micas'!K161,1
Calcul,K22,=+'Besoins en micas'!L161,1
Calcul,A23,=+'Besoins en micas'!B162,1
Calcul,B23,=+'Besoins en micas'!C162,1
Calcul,C23,=+'Besoins en micas'!D162,1
Calcul,D23,=+'Besoins en micas'!E162,1
Calcul,E23,=+'Besoins en micas'!F162,1
Calcul,F23,=+'Besoins en micas'!G162,1
Calcul,G23,=+'Besoins en micas'!H162,1
Calcul,H23,=+'Besoins en micas'!I162,1
Calcul,I23,=+'Besoins en micas'!J162,1
Calcul,J23,=+'Besoins en micas'!K162,1
Calcul,K23,=+'Besoins en micas'!L162,1
Calcul,A24,=+'Besoins en micas'!B163,1
Calcul,B24,=+'Besoins en micas'!C163,1
Calcul,C24,=+'Besoins en micas'!D163,1
Calcul,D24,=+'Besoins en micas'!E163,1
Calcul,E24,=+'Besoins en micas'!F163,1
Calcul,F24,=+'Besoins en micas'!G163,1
Calcul,G24,=+'Besoins en micas'!H163,1
Calcul,H24,=+'Besoins en micas'!I163,1
Calcul,I24,=+'Besoins en micas'!J163,1
Calcul,J24,=+'Besoins en micas'!K163,1
Calcul,K24,=+'Besoins en micas'!L163,1
Calcul,A25,=+'Besoins en micas'!B164,1
Calcul,B25,=+'Besoins en micas'!C164,1
Calcul,C25,=+'Besoins en micas'!D164,1
Calcul,D25,=+'Besoins en micas'!E164,1
Calcul,E25,=+'Besoins en micas'!F164,1
Calcul,F25,=+'Besoins en micas'!G164,1
Calcul,G25,=+'Besoins en micas'!H164,1
Calcul,H25,=+'Besoins en micas'!I164,1
Calcul,I25,=+'Besoins en micas'!J164,1
Calcul,J25,=+'Besoins en micas'!K164,1
Calcul,K25,=+'Besoins en micas'!L164,1
Calcul,A26,=+'Besoins en micas'!B165,1
Calcul,B26,=+'Besoins en micas'!C165,1
Calcul,C26,=+'Besoins en micas'!D165,1
Calcul,D26,=+'Besoins en micas'!E165,1
Calcul,E26,=+'Besoins en micas'!F165,1
Calcul,F26,=+'Besoins en micas'!G165,1
Calcul,G26,=+'Besoins en micas'!H165,1
Calcul,H26,=+'Besoins en micas'!I165,1
Calcul,I26,=+'Besoins en micas'!J165,1
Calcul,J26,=+'Besoins en micas'!K165,1
Calcul,K26,=+'Besoins en micas'!L165,1
Calcul,A27,=+'Besoins en micas'!B166,1
Calcul,B27,=+'Besoins en micas'!C166,1
Calcul,C27,=+'Besoins en micas'!D166,1
Calcul,D27,=+'Besoins en micas'!E166,1
Calcul,E27,=+'Besoins en micas'!F166,1
Calcul,F27,=+'Besoins en micas'!G166,1
Calcul,G27,=+'Besoins en micas'!H166,1
Calcul,H27,=+'Besoins en micas'!I166,1
Calcul,I27,=+'Besoins en micas'!J166,1
Calcul,J27,=+'Besoins en micas'!K166,1
Calcul,K27,=+'Besoins en micas'!L166,1
Calcul,A28,=+'Besoins en micas'!B167,1
Calcul,B28,=+'Besoins en micas'!C167,1
Calcul,C28,=+'Besoins en micas'!D167,1
Calcul,D28,=+'Besoins en micas'!E167,1
Calcul,E28,=+'Besoins en micas'!F167,1
Calcul,F28,=+'Besoins en micas'!G167,1
Calcul,G28,=+'Besoins en micas'!H167,1
Calcul,H28,=+'Besoins en micas'!I167,1
Calcul,I28,=+'Besoins en micas'!J167,1
Calcul,J28,=+'Besoins en micas'!K167,1
Calcul,K28,=+'Besoins en micas'!L167,1
Calcul,A29,=+'Besoins en micas'!B168,1
Calcul,B29,=+'Besoins en micas'!C168,1
Calcul,C29,=+'Besoins en micas'!D168,1
Calcul,D29,=+'Besoins en micas'!E168,1
Calcul,E29,=+'Besoins en micas'!F168,1
Calcul,F29,=+'Besoins en micas'!G168,1
Calcul,G29,=+'Besoins en micas'!H168,1
Calcul,H29,=+'Besoins en micas'!I168,1
Calcul,I29,=+'Besoins en micas'!J168,1
Calcul,J29,=+'Besoins en micas'!K168,1
Calcul,K29,=+'Besoins en micas'!L168,1
Calcul,A30,=+'Besoins en micas'!B169,1
Calcul,B30,=+'Besoins en micas'!C169,1
Calcul,C30,=+'Besoins en micas'!D169,1
Calcul,D30,=+'Besoins en micas'!E169,1
Calcul,E30,=+'Besoins en micas'!F169,1
Calcul,F30,=+'Besoins en micas'!G169,1
Calcul,G30,=+'Besoins en micas'!H169,1
Calcul,H30,=+'Besoins en micas'!I169,1
Calcul,I30,=+'Besoins en micas'!J169,1
Calcul,J30,=+'Besoins en micas'!K169,1
Calcul,K30,=+'Besoins en micas'!L169,1
Calcul,A31,=+'Besoins en micas'!B170,1
Calcul,B31,=+'Besoins en micas'!C170,1
Calcul,C31,=+'Besoins en micas'!D170,1
Calcul,D31,=+'Besoins en micas'!E170,1
Calcul,E31,=+'Besoins en micas'!F170,1
Calcul,F31,=+'Besoins en micas'!G170,1
Calcul,G31,=+'Besoins en micas'!H170,1
Calcul,H31,=+'Besoins en micas'!I170,1
Calcul,I31,=+'Besoins en micas'!J170,1
Calcul,J31,=+'Besoins en micas'!K170,1
Calcul,K31,=+'Besoins en micas'!L170,1
Calcul,A32,=+'Besoins en micas'!B171,1
Calcul,B32,=+'Besoins en micas'!C171,1
Calcul,C32,=+'Besoins en micas'!D171,1
Calcul,D32,=+'Besoins en micas'!E171,1
Calcul,E32,=+'Besoins en micas'!F171,1
Calcul,F32,=+'Besoins en micas'!G171,1
Calcul,G32,=+'Besoins en micas'!H171,1
Calcul,H32,=+'Besoins en micas'!I171,1
Calcul,I32,=+'Besoins en micas'!J171,1
Calcul,J32,=+'Besoins en micas'!K171,1
Calcul,K32,=+'Besoins en micas'!L171,1
Calcul,A33,=+'Besoins en micas'!B172,1
Calcul,B33,=+'Besoins en micas'!C172,1
Calcul,C33,=+'Besoins en micas'!D172,1
Calcul,D33,=+'Besoins en micas'!E172,1
Calcul,E33,=+'Besoins en micas'!F172,1
Calcul,F33,=+'Besoins en micas'!G172,1
Calcul,G33,=+'Besoins en micas'!H172,1
Calcul,H33,=+'Besoins en micas'!I172,1
Calcul,I33,=+'Besoins en micas'!J172,1
Calcul,J33,=+'Besoins en micas'!K172,1
Calcul,K33,=+'Besoins en micas'!L172,1
Calcul,A34,=+'Besoins en micas'!B173,1
Calcul,B34,=+'Besoins en micas'!C173,1
Calcul,C34,=+'Besoins en micas'!D173,1
Calcul,D34,=+'Besoins en micas'!E173,1
Calcul,E34,=+'Besoins en micas'!F173,1
Calcul,F34,=+'Besoins en micas'!G173,1
Calcul,G34,=+'Besoins en micas'!H173,1
Calcul,H34,=+'Besoins en micas'!I173,1
Calcul,I34,=+'Besoins en micas'!J173,1
Calcul,J34,=+'Besoins en micas'!K173,1
Calcul,K34,=+'Besoins en micas'!L173,1
Calcul,A35,=+'Besoins en micas'!B174,1
Calcul,B35,=+'Besoins en micas'!C174,1
Calcul,C35,=+'Besoins en micas'!D174,1
Calcul,D35,=+'Besoins en micas'!E174,1
Calcul,E35,=+'Besoins en micas'!F174,1
Calcul,F35,=+'Besoins en micas'!G174,1
Calcul,G35,=+'Besoins en micas'!H174,1
Calcul,H35,=+'Besoins en micas'!I174,1
Calcul,I35,=+'Besoins en micas'!J174,1
Calcul,J35,=+'Besoins en micas'!K174,1
Calcul,K35,=+'Besoins en micas'!L174,1
Calcul,A36,=+'Besoins en micas'!B175,1
Calcul,B36,=+'Besoins en micas'!C175,1
Calcul,C36,=+'Besoins en micas'!D175,1
Calcul,D36,=+'Besoins en micas'!E175,1
Calcul,E36,=+'Besoins en micas'!F175,1
Calcul,F36,=+'Besoins en micas'!G175,1
Calcul,G36,=+'Besoins en micas'!H175,1
Calcul,H36,=+'Besoins en micas'!I175,1
Calcul,I36,=+'Besoins en micas'!J175,1
Calcul,J36,=+'Besoins en micas'!K175,1
Calcul,K36,=+'Besoins en micas'!L175,1
Calcul,A37,=+'Besoins en micas'!B176,1
Calcul,B37,=+'Besoins en micas'!C176,1
Calcul,C37,=+'Besoins en micas'!D176,1
Calcul,D37,=+'Besoins en micas'!E176,1
Calcul,E37,=+'Besoins en micas'!F176,1
Calcul,F37,=+'Besoins en micas'!G176,1
Calcul,G37,=+'Besoins en micas'!H176,1
Calcul,H37,=+'Besoins en micas'!I176,1
Calcul,I37,=+'Besoins en micas'!J176,1
Calcul,J37,=+'Besoins en micas'!K176,1
Calcul,K37,=+'Besoins en micas'!L176,1
Calcul,A38,=+'Besoins en micas'!B177,1
Calcul,B38,=+'Besoins en micas'!C177,1
Calcul,C38,=+'Besoins en micas'!D177,1
Calcul,D38,=+'Besoins en micas'!E177,1
Calcul,E38,=+'Besoins en micas'!F177,1
Calcul,F38,=+'Besoins en micas'!G177,1
Calcul,G38,=+'Besoins en micas'!H177,1
Calcul,H38,=+'Besoins en micas'!I177,1
Calcul,I38,=+'Besoins en micas'!J177,1
Calcul,J38,=+'Besoins en micas'!K177,1
Calcul,K38,=+'Besoins en micas'!L177,1
Calcul,A39,=+'Besoins en micas'!B178,1
Calcul,B39,=+'Besoins en micas'!C178,1
Calcul,C39,=+'Besoins en micas'!D178,1
Calcul,D39,=+'Besoins en micas'!E178,1
Calcul,E39,=+'Besoins en micas'!F178,1
Calcul,F39,=+'Besoins en micas'!G178,1
Calcul,G39,=+'Besoins en micas'!H178,1
Calcul,H39,=+'Besoins en micas'!I178,1
Calcul,I39,=+'Besoins en micas'!J178,1
Calcul,J39,=+'Besoins en micas'!K178,1
Calcul,K39,=+'Besoins en micas'!L178,1
Calcul,A40,=+'Besoins en micas'!B179,1
Calcul,B40,=+'Besoins en micas'!C179,1
Calcul,C40,=+'Besoins en micas'!D179,1
Calcul,D40,=+'Besoins en micas'!E179,1
Calcul,E40,=+'Besoins en micas'!F179,1
Calcul,F40,=+'Besoins en micas'!G179,1
Calcul,G40,=+'Besoins en micas'!H179,1
Calcul,H40,=+'Besoins en micas'!I179,1
Calcul,I40,=+'Besoins en micas'!J179,1
Calcul,J40,=+'Besoins en micas'!K179,1
Calcul,K40,=+'Besoins en micas'!L179,1
Calcul,A41,=+'Besoins en micas'!B180,1
Calcul,B41,=+'Besoins en micas'!C180,1
Calcul,C41,=+'Besoins en micas'!D180,1
Calcul,D41,=+'Besoins en micas'!E180,1
Calcul,E41,=+'Besoins en micas'!F180,1
Calcul,F41,=+'Besoins en micas'!G180,1
Calcul,G41,=+'Besoins en micas'!H180,1
Calcul,H41,=+'Besoins en micas'!I180,1
Calcul,I41,=+'Besoins en micas'!J180,1
Calcul,J41,=+'Besoins en micas'!K180,1
Calcul,K41,=+'Besoins en micas'!L180,1
Calcul,A42,=+'Besoins en micas'!B181,1
Calcul,B42,=+'Besoins en micas'!C181,1
Calcul,C42,=+'Besoins en micas'!D181,1
Calcul,D42,=+'Besoins en micas'!E181,1
Calcul,E42,=+'Besoins en micas'!F181,1
Calcul,F42,=+'Besoins en micas'!G181,1
Calcul,G42,=+'Besoins en micas'!H181,1
Calcul,H42,=+'Besoins en micas'!I181,1
Calcul,I42,=+'Besoins en micas'!J181,1
Calcul,J42,=+'Besoins en micas'!K181,1
Calcul,K42,=+'Besoins en micas'!L181,1
Calcul,A43,=+'Besoins en micas'!B182,1
Calcul,B43,=+'Besoins en micas'!C182,1
Calcul,C43,=+'Besoins en micas'!D182,1
Calcul,D43,=+'Besoins en micas'!E182,1
Calcul,E43,=+'Besoins en micas'!F182,1
Calcul,F43,=+'Besoins en micas'!G182,1
Calcul,G43,=+'Besoins en micas'!H182,1
Calcul,H43,=+'Besoins en micas'!I182,1
Calcul,I43,=+'Besoins en micas'!J182,1
Calcul,J43,=+'Besoins en micas'!K182,1
Calcul,K43,=+'Besoins en micas'!L182,1
Calcul,A44,=+'Besoins en micas'!B183,1
Calcul,B44,=+'Besoins en micas'!C183,1
Calcul,C44,=+'Besoins en micas'!D183,1
Calcul,D44,=+'Besoins en micas'!E183,1
Calcul,E44,=+'Besoins en micas'!F183,1
Calcul,F44,=+'Besoins en micas'!G183,1
Calcul,G44,=+'Besoins en micas'!H183,1
Calcul,H44,=+'Besoins en micas'!I183,1
Calcul,I44,=+'Besoins en micas'!J183,1
Calcul,J44,=+'Besoins en micas'!K183,1
Calcul,K44,=+'Besoins en micas'!L183,1
Calcul,A45,=+'Besoins en micas'!B184,1
Calcul,B45,=+'Besoins en micas'!C184,1
Calcul,C45,=+'Besoins en micas'!D184,1
Calcul,D45,=+'Besoins en micas'!E184,1
Calcul,E45,=+'Besoins en micas'!F184,1
Calcul,F45,=+'Besoins en micas'!G184,1
Calcul,G45,=+'Besoins en micas'!H184,1
Calcul,H45,=+'Besoins en micas'!I184,1
Calcul,I45,=+'Besoins en micas'!J184,1
Calcul,J45,=+'Besoins en micas'!K184,1
Calcul,K45,=+'Besoins en micas'!L184,1
Calcul,A46,=+'Besoins en micas'!B185,1
Calcul,B46,=+'Besoins en micas'!C185,1
Calcul,C46,=+'Besoins en micas'!D185,1
Calcul,D46,=+'Besoins en micas'!E185,1
Calcul,E46,=+'Besoins en micas'!F185,1
Calcul,F46,=+'Besoins en micas'!G185,1
Calcul,G46,=+'Besoins en micas'!H185,1
Calcul,H46,=+'Besoins en micas'!I185,1
Calcul,I46,=+'Besoins en micas'!J185,1
Calcul,J46,=+'Besoins en micas'!K185,1
Calcul,K46,=+'Besoins en micas'!L185,1
Calcul,A47,=+'Besoins en micas'!B186,1
Calcul,B47,=+'Besoins en micas'!C186,1
Calcul,C47,=+'Besoins en micas'!D186,1
Calcul,D47,=+'Besoins en micas'!E186,1
Calcul,E47,=+'Besoins en micas'!F186,1
Calcul,F47,=+'Besoins en micas'!G186,1
Calcul,G47,=+'Besoins en micas'!H186,1
Calcul,H47,=+'Besoins en micas'!I186,1
Calcul,I47,=+'Besoins en micas'!J186,1
Calcul,J47,=+'Besoins en micas'!K186,1
Calcul,K47,=+'Besoins en micas'!L186,1
Calcul,A48,=+'Besoins en micas'!B187,1
Calcul,B48,=+'Besoins en micas'!C187,1
Calcul,C48,=+'Besoins en micas'!D187,1
Calcul,D48,=+'Besoins en micas'!E187,1
Calcul,E48,=+'Besoins en micas'!F187,1
Calcul,F48,=+'Besoins en micas'!G187,1
Calcul,G48,=+'Besoins en micas'!H187,1
Calcul,H48,=+'Besoins en micas'!I187,1
Calcul,I48,=+'Besoins en micas'!J187,1
Calcul,J48,=+'Besoins en micas'!K187,1
Calcul,K48,=+'Besoins en micas'!L187,1
Calcul,A49,=+'Besoins en micas'!B188,1
Calcul,B49,=+'Besoins en micas'!C188,1
Calcul,C49,=+'Besoins en micas'!D188,1
Calcul,D49,=+'Besoins en micas'!E188,1
Calcul,E49,=+'Besoins en micas'!F188,1
Calcul,F49,=+'Besoins en micas'!G188,1
Calcul,G49,=+'Besoins en micas'!H188,1
Calcul,H49,=+'Besoins en micas'!I188,1
Calcul,I49,=+'Besoins en micas'!J188,1
Calcul,J49,=+'Besoins en micas'!K188,1
Calcul,K49,=+'Besoins en micas'!L188,1
Calcul,A50,=+'Besoins en micas'!B189,1
Calcul,B50,=+'Besoins en micas'!C189,1
Calcul,C50,=+'Besoins en micas'!D189,1
Calcul,D50,=+'Besoins en micas'!E189,1
Calcul,E50,=+'Besoins en micas'!F189,1
Calcul,F50,=+'Besoins en micas'!G189,1
Calcul,G50,=+'Besoins en micas'!H189,1
Calcul,H50,=+'Besoins en micas'!I189,1
Calcul,I50,=+'Besoins en micas'!J189,1
Calcul,J50,=+'Besoins en micas'!K189,1
Calcul,K50,=+'Besoins en micas'!L189,1
Calcul,A51,=+'Besoins en micas'!B190,1
Calcul,B51,=+'Besoins en micas'!C190,1
Calcul,C51,=+'Besoins en micas'!D190,1
Calcul,D51,=+'Besoins en micas'!E190,1
Calcul,E51,=+'Besoins en micas'!F190,1
Calcul,F51,=+'Besoins en micas'!G190,1
Calcul,G51,=+'Besoins en micas'!H190,1
Calcul,H51,=+'Besoins en micas'!I190,1
Calcul,I51,=+'Besoins en micas'!J190,1
Calcul,J51,=+'Besoins en micas'!K190,1
Calcul,K51,=+'Besoins en micas'!L190,1
Calcul,A52,=+'Besoins en micas'!B191,1
Calcul,B52,=+'Besoins en micas'!C191,1
Calcul,C52,=+'Besoins en micas'!D191,1
Calcul,D52,=+'Besoins en micas'!E191,1
Calcul,E52,=+'Besoins en micas'!F191,1
Calcul,F52,=+'Besoins en micas'!G191,1
Calcul,G52,=+'Besoins en micas'!H191,1
Calcul,H52,=+'Besoins en micas'!I191,1
Calcul,I52,=+'Besoins en micas'!J191,1
Calcul,J52,=+'Besoins en micas'!K191,1
Calcul,K52,=+'Besoins en micas'!L191,1
Calcul,A53,=+'Besoins en micas'!B192,1
Calcul,B53,=+'Besoins en micas'!C192,1
Calcul,C53,=+'Besoins en micas'!D192,1
Calcul,D53,=+'Besoins en micas'!E192,1
Calcul,E53,=+'Besoins en micas'!F192,1
Calcul,F53,=+'Besoins en micas'!G192,1
Calcul,G53,=+'Besoins en micas'!H192,1
Calcul,H53,=+'Besoins en micas'!I192,1
Calcul,I53,=+'Besoins en micas'!J192,1
Calcul,J53,=+'Besoins en micas'!K192,1
Calcul,K53,=+'Besoins en micas'!L192,1
Calcul,A54,=+'Besoins en micas'!B193,1
Calcul,B54,=+'Besoins en micas'!C193,1
Calcul,C54,=+'Besoins en micas'!D193,1
Calcul,D54,=+'Besoins en micas'!E193,1
Calcul,E54,=+'Besoins en micas'!F193,1
Calcul,F54,=+'Besoins en micas'!G193,1
Calcul,G54,=+'Besoins en micas'!H193,1
Calcul,H54,=+'Besoins en micas'!I193,1
Calcul,I54,=+'Besoins en micas'!J193,1
Calcul,J54,=+'Besoins en micas'!K193,1
Calcul,K54,=+'Besoins en micas'!L193,1
Calcul,A55,=+'Besoins en micas'!B194,1
Calcul,B55,=+'Besoins en micas'!C194,1
Calcul,C55,=+'Besoins en micas'!D194,1
Calcul,D55,=+'Besoins en micas'!E194,1
Calcul,E55,=+'Besoins en micas'!F194,1
Calcul,F55,=+'Besoins en micas'!G194,1
Calcul,G55,=+'Besoins en micas'!H194,1
Calcul,H55,=+'Besoins en micas'!I194,1
Calcul,I55,=+'Besoins en micas'!J194,1
Calcul,J55,=+'Besoins en micas'!K194,1
Calcul,K55,=+'Besoins en micas'!L194,1
Calcul,A56,=+'Besoins en micas'!B195,1
Calcul,B56,=+'Besoins en micas'!C195,1
Calcul,C56,=+'Besoins en micas'!D195,1
Calcul,D56,=+'Besoins en micas'!E195,1
Calcul,E56,=+'Besoins en micas'!F195,1
Calcul,F56,=+'Besoins en micas'!G195,1
Calcul,G56,=+'Besoins en micas'!H195,1
Calcul,H56,=+'Besoins en micas'!I195,1
Calcul,I56,=+'Besoins en micas'!J195,1
Calcul,J56,=+'Besoins en micas'!K195,1
Calcul,K56,=+'Besoins en micas'!L195,1
Calcul,A57,=+'Besoins en micas'!B196,1
Calcul,B57,=+'Besoins en micas'!C196,1
Calcul,C57,=+'Besoins en micas'!D196,1
Calcul,D57,=+'Besoins en micas'!E196,1
Calcul,E57,=+'Besoins en micas'!F196,1
Calcul,F57,=+'Besoins en micas'!G196,1
Calcul,G57,=+'Besoins en micas'!H196,1
Calcul,H57,=+'Besoins en micas'!I196,1
Calcul,I57,=+'Besoins en micas'!J196,1
Calcul,J57,=+'Besoins en micas'!K196,1
Calcul,K57,=+'Besoins en micas'!L196,1
Calcul,A58,=+'Besoins en micas'!B197,1
Calcul,B58,=+'Besoins en micas'!C197,1
Calcul,C58,=+'Besoins en micas'!D197,1
Calcul,D58,=+'Besoins en micas'!E197,1
Calcul,E58,=+'Besoins en micas'!F197,1
Calcul,F58,=+'Besoins en micas'!G197,1
Calcul,G58,=+'Besoins en micas'!H197,1
Calcul,H58,=+'Besoins en micas'!I197,1
Calcul,I58,=+'Besoins en micas'!J197,1
Calcul,J58,=+'Besoins en micas'!K197,1
Calcul,K58,=+'Besoins en micas'!L197,1
Calcul,A59,=+'Besoins en micas'!B198,1
Calcul,B59,=+'Besoins en micas'!C198,1
Calcul,C59,=+'Besoins en micas'!D198,1
Calcul,D59,=+'Besoins en micas'!E198,1
Calcul,E59,=+'Besoins en micas'!F198,1
Calcul,F59,=+'Besoins en micas'!G198,1
Calcul,G59,=+'Besoins en micas'!H198,1
Calcul,H59,=+'Besoins en micas'!I198,1
Calcul,I59,=+'Besoins en micas'!J198,1
Calcul,J59,=+'Besoins en micas'!K198,1
Calcul,K59,=+'Besoins en micas'!L198,1
Calcul,A60,=+'Besoins en micas'!B199,1
Calcul,B60,=+'Besoins en micas'!C199,1
Calcul,C60,=+'Besoins en micas'!D199,1
Calcul,D60,=+'Besoins en micas'!E199,1
Calcul,E60,=+'Besoins en micas'!F199,1
Calcul,F60,=+'Besoins en micas'!G199,1
Calcul,G60,=+'Besoins en micas'!H199,1
Calcul,H60,=+'Besoins en micas'!I199,1
Calcul,I60,=+'Besoins en micas'!J199,1
Calcul,J60,=+'Besoins en micas'!K199,1
Calcul,K60,=+'Besoins en micas'!L199,1
Calcul,A61,=+'Besoins en micas'!B200,1
Calcul,B61,=+'Besoins en micas'!C200,1
Calcul,C61,=+'Besoins en micas'!D200,1
Calcul,D61,=+'Besoins en micas'!E200,1
Calcul,E61,=+'Besoins en micas'!F200,1
Calcul,F61,=+'Besoins en micas'!G200,1
Calcul,G61,=+'Besoins en micas'!H200,1
Calcul,H61,=+'Besoins en micas'!I200,1
Calcul,I61,=+'Besoins en micas'!J200,1
Calcul,J61,=+'Besoins en micas'!K200,1
Calcul,K61,=+'Besoins en micas'!L200,1
Calcul,A62,=+'Besoins en micas'!B201,1
Calcul,B62,=+'Besoins en micas'!C201,1
Calcul,C62,=+'Besoins en micas'!D201,1
Calcul,D62,=+'Besoins en micas'!E201,1
Calcul,E62,=+'Besoins en micas'!F201,1
Calcul,F62,=+'Besoins en micas'!G201,1
Calcul,G62,=+'Besoins en micas'!H201,1
Calcul,H62,=+'Besoins en micas'!I201,1
Calcul,I62,=+'Besoins en micas'!J201,1
Calcul,J62,=+'Besoins en micas'!K201,1
Calcul,K62,=+'Besoins en micas'!L201,1
Calcul,A63,=+'Besoins en micas'!B202,1
Calcul,B63,=+'Besoins en micas'!C202,1
Calcul,C63,=+'Besoins en micas'!D202,1
Calcul,D63,=+'Besoins en micas'!E202,1
Calcul,E63,=+'Besoins en micas'!F202,1
Calcul,F63,=+'Besoins en micas'!G202,1
Calcul,G63,=+'Besoins en micas'!H202,1
Calcul,H63,=+'Besoins en micas'!I202,1
Calcul,I63,=+'Besoins en micas'!J202,1
Calcul,J63,=+'Besoins en micas'!K202,1
Calcul,K63,=+'Besoins en micas'!L202,1
Calcul,A64,=+'Besoins en micas'!B203,1
Calcul,B64,=+'Besoins en micas'!C203,1
Calcul,C64,=+'Besoins en micas'!D203,1
Calcul,D64,=+'Besoins en micas'!E203,1
Calcul,E64,=+'Besoins en micas'!F203,1
Calcul,F64,=+'Besoins en micas'!G203,1
Calcul,G64,=+'Besoins en micas'!H203,1
Calcul,H64,=+'Besoins en micas'!I203,1
Calcul,I64,=+'Besoins en micas'!J203,1
Calcul,J64,=+'Besoins en micas'!K203,1
Calcul,K64,=+'Besoins en micas'!L203,1
Calcul,A65,=+'Besoins en micas'!B204,1
Calcul,B65,=+'Besoins en micas'!C204,1
Calcul,C65,=+'Besoins en micas'!D204,1
Calcul,D65,=+'Besoins en micas'!E204,1
Calcul,E65,=+'Besoins en micas'!F204,1
Calcul,F65,=+'Besoins en micas'!G204,1
Calcul,G65,=+'Besoins en micas'!H204,1
Calcul,H65,=+'Besoins en micas'!I204,1
Calcul,I65,=+'Besoins en micas'!J204,1
Calcul,J65,=+'Besoins en micas'!K204,1
Calcul,K65,=+'Besoins en micas'!L204,1
Calcul,A66,=+'Besoins en micas'!B205,1
Calcul,B66,=+'Besoins en micas'!C205,1
Calcul,C66,=+'Besoins en micas'!D205,1
Calcul,D66,=+'Besoins en micas'!E205,1
Calcul,E66,=+'Besoins en micas'!F205,1
Calcul,F66,=+'Besoins en micas'!G205,1
Calcul,G66,=+'Besoins en micas'!H205,1
Calcul,H66,=+'Besoins en micas'!I205,1
Calcul,I66,=+'Besoins en micas'!J205,1
Calcul,J66,=+'Besoins en micas'!K205,1
Calcul,K66,=+'Besoins en micas'!L205,1
Calcul,A67,=+'Besoins en micas'!B206,1
Calcul,B67,=+'Besoins en micas'!C206,1
Calcul,C67,=+'Besoins en micas'!D206,1
Calcul,D67,=+'Besoins en micas'!E206,1
Calcul,E67,=+'Besoins en micas'!F206,1
Calcul,F67,=+'Besoins en micas'!G206,1
Calcul,G67,=+'Besoins en micas'!H206,1
Calcul,H67,=+'Besoins en micas'!I206,1
Calcul,I67,=+'Besoins en micas'!J206,1
Calcul,J67,=+'Besoins en micas'!K206,1
Calcul,K67,=+'Besoins en micas'!L206,1
Calcul,A68,=+'Besoins en micas'!B207,1
Calcul,B68,=+'Besoins en micas'!C207,1
Calcul,C68,=+'Besoins en micas'!D207,1
Calcul,D68,=+'Besoins en micas'!E207,1
Calcul,E68,=+'Besoins en micas'!F207,1
Calcul,F68,=+'Besoins en micas'!G207,1
Calcul,G68,=+'Besoins en micas'!H207,1
Calcul,H68,=+'Besoins en micas'!I207,1
Calcul,I68,=+'Besoins en micas'!J207,1
Calcul,J68,=+'Besoins en micas'!K207,1
Calcul,K68,=+'Besoins en micas'!L207,1
Calcul,A69,=+'Besoins en micas'!B208,1
Calcul,B69,=+'Besoins en micas'!C208,1
Calcul,C69,=+'Besoins en micas'!D208,1
Calcul,D69,=+'Besoins en micas'!E208,1
Calcul,E69,=+'Besoins en micas'!F208,1
Calcul,F69,=+'Besoins en micas'!G208,1
Calcul,G69,=+'Besoins en micas'!H208,1
Calcul,H69,=+'Besoins en micas'!I208,1
Calcul,I69,=+'Besoins en micas'!J208,1
Calcul,J69,=+'Besoins en micas'!K208,1
Calcul,K69,=+'Besoins en micas'!L208,1
Calcul,A70,=+'Besoins en micas'!B209,1
Calcul,B70,=+'Besoins en micas'!C209,1
Calcul,C70,=+'Besoins en micas'!D209,1
Calcul,D70,=+'Besoins en micas'!E209,1
Calcul,E70,=+'Besoins en micas'!F209,1
Calcul,F70,=+'Besoins en micas'!G209,1
Calcul,G70,=+'Besoins en micas'!H209,1
Calcul,H70,=+'Besoins en micas'!I209,1
Calcul,I70,=+'Besoins en micas'!J209,1
Calcul,J70,=+'Besoins en micas'!K209,1
Calcul,K70,=+'Besoins en micas'!L209,1
Calcul,A71,=+'Besoins en micas'!B210,1
Calcul,B71,=+'Besoins en micas'!C210,1
Calcul,C71,=+'Besoins en micas'!D210,1
Calcul,D71,=+'Besoins en micas'!E210,1
Calcul,E71,=+'Besoins en micas'!F210,1
Calcul,F71,=+'Besoins en micas'!G210,1
Calcul,G71,=+'Besoins en micas'!H210,1
Calcul,H71,=+'Besoins en micas'!I210,1
Calcul,I71,=+'Besoins en micas'!J210,1
Calcul,J71,=+'Besoins en micas'!K210,1
Calcul,K71,=+'Besoins en micas'!L210,1
Calcul,A72,=+'Besoins en micas'!B211,1
Calcul,B72,=+'Besoins en micas'!C211,1
Calcul,C72,=+'Besoins en micas'!D211,1
Calcul,D72,=+'Besoins en micas'!E211,1
Calcul,E72,=+'Besoins en micas'!F211,1
Calcul,F72,=+'Besoins en micas'!G211,1
Calcul,G72,=+'Besoins en micas'!H211,1
Calcul,H72,=+'Besoins en micas'!I211,1
Calcul,I72,=+'Besoins en micas'!J211,1
Calcul,J72,=+'Besoins en micas'!K211,1
Calcul,K72,=+'Besoins en micas'!L211,1
Calcul,A73,=+'Besoins en micas'!B212,1
Calcul,B73,=+'Besoins en micas'!C212,1
Calcul,C73,=+'Besoins en micas'!D212,1
Calcul,D73,=+'Besoins en micas'!E212,1
Calcul,E73,=+'Besoins en micas'!F212,1
Calcul,F73,=+'Besoins en micas'!G212,1
Calcul,G73,=+'Besoins en micas'!H212,1
Calcul,H73,=+'Besoins en micas'!I212,1
Calcul,I73,=+'Besoins en micas'!J212,1
Calcul,J73,=+'Besoins en micas'!K212,1
Calcul,K73,=+'Besoins en micas'!L212,1
Calcul,A74,=+'Besoins en micas'!B213,1
Calcul,B74,=+'Besoins en micas'!C213,1
Calcul,C74,=+'Besoins en micas'!D213,1
Calcul,D74,=+'Besoins en micas'!E213,1
Calcul,E74,=+'Besoins en micas'!F213,1
Calcul,F74,=+'Besoins en micas'!G213,1
Calcul,G74,=+'Besoins en micas'!H213,1
Calcul,H74,=+'Besoins en micas'!I213,1
Calcul,I74,=+'Besoins en micas'!J213,1
Calcul,J74,=+'Besoins en micas'!K213,1
Calcul,K74,=+'Besoins en micas'!L213,1
Calcul,A75,=+'Besoins en micas'!B214,1
Calcul,B75,=+'Besoins en micas'!C214,1
Calcul,C75,=+'Besoins en micas'!D214,1
Calcul,D75,=+'Besoins en micas'!E214,1
Calcul,E75,=+'Besoins en micas'!F214,1
Calcul,F75,=+'Besoins en micas'!G214,1
Calcul,G75,=+'Besoins en micas'!H214,1
Calcul,H75,=+'Besoins en micas'!I214,1
Calcul,I75,=+'Besoins en micas'!J214,1
Calcul,J75,=+'Besoins en micas'!K214,1
Calcul,K75,=+'Besoins en micas'!L214,1
Calcul,A76,=+'Besoins en micas'!B215,1
Calcul,B76,=+'Besoins en micas'!C215,1
Calcul,C76,=+'Besoins en micas'!D215,1
Calcul,D76,=+'Besoins en micas'!E215,1
Calcul,E76,=+'Besoins en micas'!F215,1
Calcul,F76,=+'Besoins en micas'!G215,1
Calcul,G76,=+'Besoins en micas'!H215,1
Calcul,H76,=+'Besoins en micas'!I215,1
Calcul,I76,=+'Besoins en micas'!J215,1
Calcul,J76,=+'Besoins en micas'!K215,1
Calcul,K76,=+'Besoins en micas'!L215,1
Calcul,A77,=+'Besoins en micas'!B216,1
Calcul,B77,=+'Besoins en micas'!C216,1
Calcul,C77,=+'Besoins en micas'!D216,1
Calcul,D77,=+'Besoins en micas'!E216,1
Calcul,E77,=+'Besoins en micas'!F216,1
Calcul,F77,=+'Besoins en micas'!G216,1
Calcul,G77,=+'Besoins en micas'!H216,1
Calcul,H77,=+'Besoins en micas'!I216,1
Calcul,I77,=+'Besoins en micas'!J216,1
Calcul,J77,=+'Besoins en micas'!K216,1
Calcul,K77,=+'Besoins en micas'!L216,1
Calcul,A78,=+'Besoins en micas'!B217,1
Calcul,B78,=+'Besoins en micas'!C217,1
Calcul,C78,=+'Besoins en micas'!D217,1
Calcul,D78,=+'Besoins en micas'!E217,1
Calcul,E78,=+'Besoins en micas'!F217,1
Calcul,F78,=+'Besoins en micas'!G217,1
Calcul,G78,=+'Besoins en micas'!H217,1
Calcul,H78,=+'Besoins en micas'!I217,1
Calcul,I78,=+'Besoins en micas'!J217,1
Calcul,J78,=+'Besoins en micas'!K217,1
Calcul,K78,=+'Besoins en micas'!L217,1
Calcul,A79,=+'Besoins en micas'!B218,1
Calcul,B79,=+'Besoins en micas'!C218,1
Calcul,C79,=+'Besoins en micas'!D218,1
Calcul,D79,=+'Besoins en micas'!E218,1
Calcul,E79,=+'Besoins en micas'!F218,1
Calcul,F79,=+'Besoins en micas'!G218,1
Calcul,G79,=+'Besoins en micas'!H218,1
Calcul,H79,=+'Besoins en micas'!I218,1
Calcul,I79,=+'Besoins en micas'!J218,1
Calcul,J79,=+'Besoins en micas'!K218,1
Calcul,K79,=+'Besoins en micas'!L218,1
Calcul,A80,=+'Besoins en micas'!B219,1
Calcul,B80,=+'Besoins en micas'!C219,1
Calcul,C80,=+'Besoins en micas'!D219,1
Calcul,D80,=+'Besoins en micas'!E219,1
Calcul,E80,=+'Besoins en micas'!F219,1
Calcul,F80,=+'Besoins en micas'!G219,1
Calcul,G80,=+'Besoins en micas'!H219,1
Calcul,H80,=+'Besoins en micas'!I219,1
Calcul,I80,=+'Besoins en micas'!J219,1
Calcul,J80,=+'Besoins en micas'!K219,1
Calcul,K80,=+'Besoins en micas'!L219,1
Calcul,A81,=+'Besoins en micas'!B220,1
Calcul,B81,=+'Besoins en micas'!C220,1
Calcul,C81,=+'Besoins en micas'!D220,1
Calcul,D81,=+'Besoins en micas'!E220,1
Calcul,E81,=+'Besoins en micas'!F220,1
Calcul,F81,=+'Besoins en micas'!G220,1
Calcul,G81,=+'Besoins en micas'!H220,1
Calcul,H81,=+'Besoins en micas'!I220,1
Calcul,I81,=+'Besoins en micas'!J220,1
Calcul,J81,=+'Besoins en micas'!K220,1
Calcul,K81,=+'Besoins en micas'!L220,1
Calcul,A82,=+'Besoins en micas'!B221,1
Calcul,B82,=+'Besoins en micas'!C221,1
Calcul,C82,=+'Besoins en micas'!D221,1
Calcul,D82,=+'Besoins en micas'!E221,1
Calcul,E82,=+'Besoins en micas'!F221,1
Calcul,F82,=+'Besoins en micas'!G221,1
Calcul,G82,=+'Besoins en micas'!H221,1
Calcul,H82,=+'Besoins en micas'!I221,1
Calcul,I82,=+'Besoins en micas'!J221,1
Calcul,J82,=+'Besoins en micas'!K221,1
Calcul,K82,=+'Besoins en micas'!L221,1
Calcul,A83,=+'Besoins en micas'!B222,1
Calcul,B83,=+'Besoins en micas'!C222,1
Calcul,C83,=+'Besoins en micas'!D222,1
Calcul,D83,=+'Besoins en micas'!E222,1
Calcul,E83,=+'Besoins en micas'!F222,1
Calcul,F83,=+'Besoins en micas'!G222,1
Calcul,G83,=+'Besoins en micas'!H222,1
Calcul,H83,=+'Besoins en micas'!I222,1
Calcul,I83,=+'Besoins en micas'!J222,1
Calcul,J83,=+'Besoins en micas'!K222,1
Calcul,K83,=+'Besoins en micas'!L222,1
Calcul,A84,=+'Besoins en micas'!B223,1
Calcul,B84,=+'Besoins en micas'!C223,1
Calcul,C84,=+'Besoins en micas'!D223,1
Calcul,D84,=+'Besoins en micas'!E223,1
Calcul,E84,=+'Besoins en micas'!F223,1
Calcul,F84,=+'Besoins en micas'!G223,1
Calcul,G84,=+'Besoins en micas'!H223,1
Calcul,H84,=+'Besoins en micas'!I223,1
Calcul,I84,=+'Besoins en micas'!J223,1
Calcul,J84,=+'Besoins en micas'!K223,1
Calcul,K84,=+'Besoins en micas'!L223,1
Calcul,A85,=+'Besoins en micas'!B224,1
Calcul,B85,=+'Besoins en micas'!C224,1
Calcul,C85,=+'Besoins en micas'!D224,1
Calcul,D85,=+'Besoins en micas'!E224,1
Calcul,E85,=+'Besoins en micas'!F224,1
Calcul,F85,=+'Besoins en micas'!G224,1
Calcul,G85,=+'Besoins en micas'!H224,1
Calcul,H85,=+'Besoins en micas'!I224,1
Calcul,I85,=+'Besoins en micas'!J224,1
Calcul,J85,=+'Besoins en micas'!K224,1
Calcul,K85,=+'Besoins en micas'!L224,1
Calcul,A86,=+'Besoins en micas'!B225,1
Calcul,B86,=+'Besoins en micas'!C225,1
Calcul,C86,=+'Besoins en micas'!D225,1
Calcul,D86,=+'Besoins en micas'!E225,1
Calcul,E86,=+'Besoins en micas'!F225,1
Calcul,F86,=+'Besoins en micas'!G225,1
Calcul,G86,=+'Besoins en micas'!H225,1
Calcul,H86,=+'Besoins en micas'!I225,1
Calcul,I86,=+'Besoins en micas'!J225,1
Calcul,J86,=+'Besoins en micas'!K225,1
Calcul,K86,=+'Besoins en micas'!L225,1
Calcul,A87,=+'Besoins en micas'!B226,1
Calcul,B87,=+'Besoins en micas'!C226,1
Calcul,C87,=+'Besoins en micas'!D226,1
Calcul,D87,=+'Besoins en micas'!E226,1
Calcul,E87,=+'Besoins en micas'!F226,1
Calcul,F87,=+'Besoins en micas'!G226,1
Calcul,G87,=+'Besoins en micas'!H226,1
Calcul,H87,=+'Besoins en micas'!I226,1
Calcul,I87,=+'Besoins en micas'!J226,1
Calcul,J87,=+'Besoins en micas'!K226,1
Calcul,K87,=+'Besoins en micas'!L226,1
Calcul,A88,=+'Besoins en micas'!B227,1
Calcul,B88,=+'Besoins en micas'!C227,1
Calcul,C88,=+'Besoins en micas'!D227,1
Calcul,D88,=+'Besoins en micas'!E227,1
Calcul,E88,=+'Besoins en micas'!F227,1
Calcul,F88,=+'Besoins en micas'!G227,1
Calcul,G88,=+'Besoins en micas'!H227,1
Calcul,H88,=+'Besoins en micas'!I227,1
Calcul,I88,=+'Besoins en micas'!J227,1
Calcul,J88,=+'Besoins en micas'!K227,1
Calcul,K88,=+'Besoins en micas'!L227,1
Calcul,A89,=+'Besoins en micas'!B228,1
Calcul,B89,=+'Besoins en micas'!C228,1
Calcul,C89,=+'Besoins en micas'!D228,1
Calcul,D89,=+'Besoins en micas'!E228,1
Calcul,E89,=+'Besoins en micas'!F228,1
Calcul,F89,=+'Besoins en micas'!G228,1
Calcul,G89,=+'Besoins en micas'!H228,1
Calcul,H89,=+'Besoins en micas'!I228,1
Calcul,I89,=+'Besoins en micas'!J228,1
Calcul,J89,=+'Besoins en micas'!K228,1
Calcul,K89,=+'Besoins en micas'!L228,1
Calcul,A90,=+'Besoins en micas'!B229,1
Calcul,B90,=+'Besoins en micas'!C229,1
Calcul,C90,=+'Besoins en micas'!D229,1
Calcul,D90,=+'Besoins en micas'!E229,1
Calcul,E90,=+'Besoins en micas'!F229,1
Calcul,F90,=+'Besoins en micas'!G229,1
Calcul,G90,=+'Besoins en micas'!H229,1
Calcul,H90,=+'Besoins en micas'!I229,1
Calcul,I90,=+'Besoins en micas'!J229,1
Calcul,J90,=+'Besoins en micas'!K229,1
Calcul,K90,=+'Besoins en micas'!L229,1
Calcul,A91,=+'Besoins en micas'!B230,1
Calcul,B91,=+'Besoins en micas'!C230,1
Calcul,C91,=+'Besoins en micas'!D230,1
Calcul,D91,=+'Besoins en micas'!E230,1
Calcul,E91,=+'Besoins en micas'!F230,1
Calcul,F91,=+'Besoins en micas'!G230,1
Calcul,G91,=+'Besoins en micas'!H230,1
Calcul,H91,=+'Besoins en micas'!I230,1
Calcul,I91,=+'Besoins en micas'!J230,1
Calcul,J91,=+'Besoins en micas'!K230,1
Calcul,K91,=+'Besoins en micas'!L230,1
Calcul,A92,=+'Besoins en micas'!B231,1
Calcul,B92,=+'Besoins en micas'!C231,1
Calcul,C92,=+'Besoins en micas'!D231,1
Calcul,D92,=+'Besoins en micas'!E231,1
Calcul,E92,=+'Besoins en micas'!F231,1
Calcul,F92,=+'Besoins en micas'!G231,1
Calcul,G92,=+'Besoins en micas'!H231,1
Calcul,H92,=+'Besoins en micas'!I231,1
Calcul,I92,=+'Besoins en micas'!J231,1
Calcul,J92,=+'Besoins en micas'!K231,1
Calcul,K92,=+'Besoins en micas'!L231,1
Calcul,A93,=+'Besoins en micas'!B232,1
Calcul,B93,=+'Besoins en micas'!C232,1
Calcul,C93,=+'Besoins en micas'!D232,1
Calcul,D93,=+'Besoins en micas'!E232,1
Calcul,E93,=+'Besoins en micas'!F232,1
Calcul,F93,=+'Besoins en micas'!G232,1
Calcul,G93,=+'Besoins en micas'!H232,1
Calcul,H93,=+'Besoins en micas'!I232,1
Calcul,I93,=+'Besoins en micas'!J232,1
Calcul,J93,=+'Besoins en micas'!K232,1
Calcul,K93,=+'Besoins en micas'!L232,1
Calcul,A94,=+'Besoins en micas'!B233,1
Calcul,B94,=+'Besoins en micas'!C233,1
Calcul,C94,=+'Besoins en micas'!D233,1
Calcul,D94,=+'Besoins en micas'!E233,1
Calcul,E94,=+'Besoins en micas'!F233,1
Calcul,F94,=+'Besoins en micas'!G233,1
Calcul,G94,=+'Besoins en micas'!H233,1
Calcul,H94,=+'Besoins en micas'!I233,1
Calcul,I94,=+'Besoins en micas'!J233,1
Calcul,J94,=+'Besoins en micas'!K233,1
Calcul,K94,=+'Besoins en micas'!L233,1
Calcul,A95,=+'Besoins en micas'!B234,1
Calcul,B95,=+'Besoins en micas'!C234,1
Calcul,C95,=+'Besoins en micas'!D234,1
Calcul,D95,=+'Besoins en micas'!E234,1
Calcul,E95,=+'Besoins en micas'!F234,1
Calcul,F95,=+'Besoins en micas'!G234,1
Calcul,G95,=+'Besoins en micas'!H234,1
Calcul,H95,=+'Besoins en micas'!I234,1
Calcul,I95,=+'Besoins en micas'!J234,1
Calcul,J95,=+'Besoins en micas'!K234,1
Calcul,K95,=+'Besoins en micas'!L234,1
Calcul,A96,=+'Besoins en micas'!B235,1
Calcul,B96,=+'Besoins en micas'!C235,1
Calcul,C96,=+'Besoins en micas'!D235,1
Calcul,D96,=+'Besoins en micas'!E235,1
Calcul,E96,=+'Besoins en micas'!F235,1
Calcul,F96,=+'Besoins en micas'!G235,1
Calcul,G96,=+'Besoins en micas'!H235,1
Calcul,H96,=+'Besoins en micas'!I235,1
Calcul,I96,=+'Besoins en micas'!J235,1
Calcul,J96,=+'Besoins en micas'!K235,1
Calcul,K96,=+'Besoins en micas'!L235,1
Calcul,A97,=+'Besoins en micas'!B236,1
Calcul,B97,=+'Besoins en micas'!C236,1
Calcul,C97,=+'Besoins en micas'!D236,1
Calcul,D97,=+'Besoins en micas'!E236,1
Calcul,E97,=+'Besoins en micas'!F236,1
Calcul,F97,=+'Besoins en micas'!G236,1
Calcul,G97,=+'Besoins en micas'!H236,1
Calcul,H97,=+'Besoins en micas'!I236,1
Calcul,I97,=+'Besoins en micas'!J236,1
Calcul,J97,=+'Besoins en micas'!K236,1
Calcul,K97,=+'Besoins en micas'!L236,1
Calcul,A98,=+'Besoins en micas'!B237,1
Calcul,B98,=+'Besoins en micas'!C237,1
Calcul,C98,=+'Besoins en micas'!D237,1
Calcul,D98,=+'Besoins en micas'!E237,1
Calcul,E98,=+'Besoins en micas'!F237,1
Calcul,F98,=+'Besoins en micas'!G237,1
Calcul,G98,=+'Besoins en micas'!H237,1
Calcul,H98,=+'Besoins en micas'!I237,1
Calcul,I98,=+'Besoins en micas'!J237,1
Calcul,J98,=+'Besoins en micas'!K237,1
Calcul,K98,=+'Besoins en micas'!L237,1
Calcul,A99,=+'Besoins en micas'!B238,1
Calcul,B99,=+'Besoins en micas'!C238,1
Calcul,C99,=+'Besoins en micas'!D238,1
Calcul,D99,=+'Besoins en micas'!E238,1
Calcul,E99,=+'Besoins en micas'!F238,1
Calcul,F99,=+'Besoins en micas'!G238,1
Calcul,G99,=+'Besoins en micas'!H238,1
Calcul,H99,=+'Besoins en micas'!I238,1
Calcul,I99,=+'Besoins en micas'!J238,1
Calcul,J99,=+'Besoins en micas'!K238,1
Calcul,K99,=+'Besoins en micas'!L238,1
Calcul,A100,=+'Besoins en micas'!B239,1
Calcul,B100,=+'Besoins en micas'!C239,1
Calcul,C100,=+'Besoins en micas'!D239,1
Calcul,D100,=+'Besoins en micas'!E239,1
Calcul,E100,=+'Besoins en micas'!F239,1
Calcul,F100,=+'Besoins en micas'!G239,1
Calcul,G100,=+'Besoins en micas'!H239,1
Calcul,H100,=+'Besoins en micas'!I239,1
Calcul,I100,=+'Besoins en micas'!J239,1
Calcul,J100,=+'Besoins en micas'!K239,1
Calcul,K100,=+'Besoins en micas'!L239,1
Calcul,A101,=+'Besoins en micas'!B240,1
Calcul,B101,=+'Besoins en micas'!C240,1
Calcul,C101,=+'Besoins en micas'!D240,1
Calcul,D101,=+'Besoins en micas'!E240,1
Calcul,E101,=+'Besoins en micas'!F240,1
Calcul,F101,=+'Besoins en micas'!G240,1
Calcul,G101,=+'Besoins en micas'!H240,1
Calcul,H101,=+'Besoins en micas'!I240,1
Calcul,I101,=+'Besoins en micas'!J240,1
Calcul,J101,=+'Besoins en micas'!K240,1
Calcul,K101,=+'Besoins en micas'!L240,1
Calcul,A102,=+'Besoins en micas'!B241,1
Calcul,B102,=+'Besoins en micas'!C241,1
Calcul,C102,=+'Besoins en micas'!D241,1
Calcul,D102,=+'Besoins en micas'!E241,1
Calcul,E102,=+'Besoins en micas'!F241,1
Calcul,F102,=+'Besoins en micas'!G241,1
Calcul,G102,=+'Besoins en micas'!H241,1
Calcul,H102,=+'Besoins en micas'!I241,1
Calcul,I102,=+'Besoins en micas'!J241,1
Calcul,J102,=+'Besoins en micas'!K241,1
Calcul,K102,=+'Besoins en micas'!L241,1
Calcul,A103,=+'Besoins en micas'!B242,1
Calcul,B103,=+'Besoins en micas'!C242,1
Calcul,C103,=+'Besoins en micas'!D242,1
Calcul,D103,=+'Besoins en micas'!E242,1
Calcul,E103,=+'Besoins en micas'!F242,1
Calcul,F103,=+'Besoins en micas'!G242,1
Calcul,G103,=+'Besoins en micas'!H242,1
Calcul,H103,=+'Besoins en micas'!I242,1
Calcul,I103,=+'Besoins en micas'!J242,1
Calcul,J103,=+'Besoins en micas'!K242,1
Calcul,K103,=+'Besoins en micas'!L242,1
Calcul,A104,=+'Besoins en micas'!B243,1
Calcul,B104,=+'Besoins en micas'!C243,1
Calcul,C104,=+'Besoins en micas'!D243,1
Calcul,D104,=+'Besoins en micas'!E243,1
Calcul,E104,=+'Besoins en micas'!F243,1
Calcul,F104,=+'Besoins en micas'!G243,1
Calcul,G104,=+'Besoins en micas'!H243,1
Calcul,H104,=+'Besoins en micas'!I243,1
Calcul,I104,=+'Besoins en micas'!J243,1
Calcul,J104,=+'Besoins en micas'!K243,1
Calcul,K104,=+'Besoins en micas'!L243,1
Calcul,A105,=+'Besoins en micas'!B244,1
Calcul,B105,=+'Besoins en micas'!C244,1
Calcul,C105,=+'Besoins en micas'!D244,1
Calcul,D105,=+'Besoins en micas'!E244,1
Calcul,E105,=+'Besoins en micas'!F244,1
Calcul,F105,=+'Besoins en micas'!G244,1
Calcul,G105,=+'Besoins en micas'!H244,1
Calcul,H105,=+'Besoins en micas'!I244,1
Calcul,I105,=+'Besoins en micas'!J244,1
Calcul,J105,=+'Besoins en micas'!K244,1
Calcul,K105,=+'Besoins en micas'!L244,1
Calcul,A106,=+'Besoins en micas'!B245,1
Calcul,B106,=+'Besoins en micas'!C245,1
Calcul,C106,=+'Besoins en micas'!D245,1
Calcul,D106,=+'Besoins en micas'!E245,1
Calcul,E106,=+'Besoins en micas'!F245,1
Calcul,F106,=+'Besoins en micas'!G245,1
Calcul,G106,=+'Besoins en micas'!H245,1
Calcul,H106,=+'Besoins en micas'!I245,1
Calcul,I106,=+'Besoins en micas'!J245,1
Calcul,J106,=+'Besoins en micas'!K245,1
Calcul,K106,=+'Besoins en micas'!L245,1
Calcul,A107,=+'Besoins en micas'!B246,1
Calcul,B107,=+'Besoins en micas'!C246,1
Calcul,C107,=+'Besoins en micas'!D246,1
Calcul,D107,=+'Besoins en micas'!E246,1
Calcul,E107,=+'Besoins en micas'!F246,1
Calcul,F107,=+'Besoins en micas'!G246,1
Calcul,G107,=+'Besoins en micas'!H246,1
Calcul,H107,=+'Besoins en micas'!I246,1
Calcul,I107,=+'Besoins en micas'!J246,1
Calcul,J107,=+'Besoins en micas'!K246,1
Calcul,K107,=+'Besoins en micas'!L246,1
Calcul,A108,=+'Besoins en micas'!B247,1
Calcul,B108,=+'Besoins en micas'!C247,1
Calcul,C108,=+'Besoins en micas'!D247,1
Calcul,D108,=+'Besoins en micas'!E247,1
Calcul,E108,=+'Besoins en micas'!F247,1
Calcul,F108,=+'Besoins en micas'!G247,1
Calcul,G108,=+'Besoins en micas'!H247,1
Calcul,H108,=+'Besoins en micas'!I247,1
Calcul,I108,=+'Besoins en micas'!J247,1
Calcul,J108,=+'Besoins en micas'!K247,1
Calcul,K108,=+'Besoins en micas'!L247,1
Calcul,A109,=+'Besoins en micas'!B248,1
Calcul,B109,=+'Besoins en micas'!C248,1
Calcul,C109,=+'Besoins en micas'!D248,1
Calcul,D109,=+'Besoins en micas'!E248,1
Calcul,E109,=+'Besoins en micas'!F248,1
Calcul,F109,=+'Besoins en micas'!G248,1
Calcul,G109,=+'Besoins en micas'!H248,1
Calcul,H109,=+'Besoins en micas'!I248,1
Calcul,I109,=+'Besoins en micas'!J248,1
Calcul,J109,=+'Besoins en micas'!K248,1
Calcul,K109,=+'Besoins en micas'!L248,1
Calcul,A110,=+'Besoins en micas'!B249,1
Calcul,B110,=+'Besoins en micas'!C249,1
Calcul,C110,=+'Besoins en micas'!D249,1
Calcul,D110,=+'Besoins en micas'!E249,1
Calcul,E110,=+'Besoins en micas'!F249,1
Calcul,F110,=+'Besoins en micas'!G249,1
Calcul,G110,=+'Besoins en micas'!H249,1
Calcul,H110,=+'Besoins en micas'!I249,1
Calcul,I110,=+'Besoins en micas'!J249,1
Calcul,J110,=+'Besoins en micas'!K249,1
Calcul,K110,=+'Besoins en micas'!L249,1
Calcul,A114,=CA!B59,1
Calcul,B114,=CA!C59,1
Calcul,C114,=CA!D59,1
Calcul,D114,=CA!E59,1
Calcul,E114,=CA!F59,1
Calcul,F114,=CA!G59*1000,1
Calcul,G114,=CA!H59,1
Calcul,H114,=CA!I59,1
Calcul,I114,=CA!J59,1
Calcul,J114,=CA!K59,1
Calcul,A115,=CA!B60,1
Calcul,B115,=CA!C60,1
Calcul,C115,=CA!D60,1
Calcul,D115,=CA!E60,1
Calcul,E115,=CA!F60,1
Calcul,F115,=CA!G60*1000,1
Calcul,G115,=CA!H60,1
Calcul,H115,=CA!I60,1
Calcul,I115,=CA!J60,1
Calcul,J115,=CA!K60,1
Calcul,A116,=CA!B61,1
Calcul,B116,=CA!C61,1
Calcul,C116,=CA!D61,1
Calcul,D116,=CA!E61,1
Calcul,E116,=CA!F61,1
Calcul,F116,=CA!G61*1000,1
Calcul,G116,=CA!H61,1
Calcul,H116,=CA!I61,1
Calcul,I116,=CA!J61,1
Calcul,J116,=CA!K61,1
Calcul,A117,=CA!B62,1
Calcul,B117,=CA!C62,1
Calcul,C117,=CA!D62,1
Calcul,D117,=CA!E62,1
Calcul,E117,=CA!F62,1
Calcul,F117,=CA!G62*1000,1
Calcul,G117,=CA!H62,1
Calcul,H117,=CA!I62,1
Calcul,I117,=CA!J62,1
Calcul,J117,=CA!K62,1
Calcul,A118,=CA!B63,1
Calcul,B118,=CA!C63,1
Calcul,C118,=CA!D63,1
Calcul,D118,=CA!E63,1
Calcul,E118,=CA!F63,1
Calcul,F118,=CA!G63*1000,1
Calcul,G118,=CA!H63,1
Calcul,H118,=CA!I63,1
Calcul,I118,=CA!J63,1
Calcul,J118,=CA!K63,1
Calcul,A119,=CA!B64,1
Calcul,B119,=CA!C64,1
Calcul,C119,=CA!D64,1
Calcul,D119,=CA!E64,1
Calcul,E119,=CA!F64,1
Calcul,F119,=CA!G64*1000,1
Calcul,G119,=CA!H64,1
Calcul,H119,=CA!I64,1
Calcul,I119,=CA!J64,1
Calcul,J119,=CA!K64,1
Calcul,A120,=CA!B65,1
Calcul,B120,=CA!C65,1
Calcul,C120,=CA!D65,1
Calcul,D120,=CA!E65,1
Calcul,E120,=CA!F65,1
Calcul,F120,=CA!G65*1000,1
Calcul,G120,=CA!H65,1
Calcul,H120,=CA!I65,1
Calcul,I120,=CA!J65,1
Calcul,J120,=CA!K65,1
Calcul,A121,=CA!B66,1
Calcul,B121,=CA!C66,1
Calcul,C121,=CA!D66,1
Calcul,D121,=CA!E66,1
Calcul,E121,=CA!F66,1
Calcul,F121,=CA!G66*1000,1
Calcul,G121,=CA!H66,1
Calcul,H121,=CA!I66,1
Calcul,I121,=CA!J66,1
Calcul,J121,=CA!K66,1
Calcul,A122,=CA!B67,1
Calcul,B122,=CA!C67,1
Calcul,C122,=CA!D67,1
Calcul,D122,=CA!E67,1
Calcul,E122,=CA!F67,1
Calcul,F122,=CA!G67*1000,1
Calcul,G122,=CA!H67,1
Calcul,H122,=CA!I67,1
Calcul,I122,=CA!J67,1
Calcul,J122,=CA!K67,1
Calcul,A123,=CA!B68,1
Calcul,B123,=CA!C68,1
Calcul,C123,=CA!D68,1
Calcul,D123,=CA!E68,1
Calcul,E123,=CA!F68,1
Calcul,F123,=CA!G68*1000,1
Calcul,G123,=CA!H68,1
Calcul,H123,=CA!I68,1
Calcul,I123,=CA!J68,1
Calcul,J123,=CA!K68,1
Calcul,A124,=CA!B69,1
Calcul,B124,=CA!C69,1
Calcul,C124,=CA!D69,1
Calcul,D124,=CA!E69,1
Calcul,E124,=CA!F69,1
Calcul,F124,=CA!G69*1000,1
Calcul,G124,=CA!H69,1
Calcul,H124,=CA!I69,1
Calcul,I124,=CA!J69,1
Calcul,J124,=CA!K69,1
Calcul,A125,=CA!B70,1
Calcul,B125,=CA!C70,1
Calcul,C125,=CA!D70,1
Calcul,D125,=CA!E70,1
Calcul,E125,=CA!F70,1
Calcul,F125,=CA!G70*1000,1
Calcul,G125,=CA!H70,1
Calcul,H125,=CA!I70,1
Calcul,I125,=CA!J70,1
Calcul,J125,=CA!K70,1
Calcul,A126,=CA!B71,1
Calcul,B126,=CA!C71,1
Calcul,C126,=CA!D71,1
Calcul,D126,=CA!E71,1
Calcul,E126,=CA!F71,1
Calcul,F126,=CA!G71*1000,1
Calcul,G126,=CA!H71,1
Calcul,H126,=CA!I71,1
Calcul,I126,=CA!J71,1
Calcul,J126,=CA!K71,1
Calcul,A127,=CA!B72,1
Calcul,B127,=CA!C72,1
Calcul,C127,=CA!D72,1
Calcul,D127,=CA!E72,1
Calcul,E127,=CA!F72,1
Calcul,F127,=CA!G72*1000,1
Calcul,G127,=CA!H72,1
Calcul,H127,=CA!I72,1
Calcul,I127,=CA!J72,1
Calcul,J127,=CA!K72,1
Calcul,A128,=CA!B73,1
Calcul,B128,=CA!C73,1
Calcul,C128,=CA!D73,1
Calcul,D128,=CA!E73,1
Calcul,E128,=CA!F73,1
Calcul,F128,=CA!G73*1000,1
Calcul,G128,=CA!H73,1
Calcul,H128,=CA!I73,1
Calcul,I128,=CA!J73,1
Calcul,J128,=CA!K73,1
Calcul,A129,=CA!B74,1
Calcul,B129,=CA!C74,1
Calcul,C129,=CA!D74,1
Calcul,D129,=CA!E74,1
Calcul,E129,=CA!F74,1
Calcul,F129,=CA!G74*1000,1
Calcul,G129,=CA!H74,1
Calcul,H129,=CA!I74,1
Calcul,I129,=CA!J74,1
Calcul,J129,=CA!K74,1
Calcul,A130,=CA!B75,1
Calcul,B130,=CA!C75,1
Calcul,C130,=CA!D75,1
Calcul,D130,=CA!E75,1
Calcul,E130,=CA!F75,1
Calcul,F130,=CA!G75*1000,1
Calcul,G130,=CA!H75,1
Calcul,H130,=CA!I75,1
Calcul,I130,=CA!J75,1
Calcul,J130,=CA!K75,1
Calcul,A131,=CA!B76,1
Calcul,B131,=CA!C76,1
Calcul,C131,=CA!D76,1
Calcul,D131,=CA!E76,1
Calcul,E131,=CA!F76,1
Calcul,F131,=CA!G76*1000,1
Calcul,G131,=CA!H76,1
Calcul,H131,=CA!I76,1
Calcul,I131,=CA!J76,1
Calcul,J131,=CA!K76,1
Calcul,A132,=CA!B77,1
Calcul,B132,=CA!C77,1
Calcul,C132,=CA!D77,1
Calcul,D132,=CA!E77,1
Calcul,E132,=CA!F77,1
Calcul,F132,=CA!G77*1000,1
Calcul,G132,=CA!H77,1
Calcul,H132,=CA!I77,1
Calcul,I132,=CA!J77,1
Calcul,J132,=CA!K77,1
Calcul,A133,=CA!B78,1
Calcul,B133,=CA!C78,1
Calcul,C133,=CA!D78,1
Calcul,D133,=CA!E78,1
Calcul,E133,=CA!F78,1
Calcul,F133,=CA!G78*1000,1
Calcul,G133,=CA!H78,1
Calcul,H133,=CA!I78,1
Calcul,I133,=CA!J78,1
Calcul,J133,=CA!K78,1
Calcul,A134,=CA!B79,1
Calcul,B134,=CA!C79,1
Calcul,C134,=CA!D79,1
Calcul,D134,=CA!E79,1
Calcul,E134,=CA!F79,1
Calcul,F134,=CA!G79*1000,1
Calcul,G134,=CA!H79,1
Calcul,H134,=CA!I79,1
Calcul,I134,=CA!J79,1
Calcul,J134,=CA!K79,1
Calcul,A135,=CA!B80,1
Calcul,B135,=CA!C80,1
Calcul,C135,=CA!D80,1
Calcul,D135,=CA!E80,1
Calcul,E135,=CA!F80,1
Calcul,F135,=CA!G80*1000,1
Calcul,G135,=CA!H80,1
Calcul,H135,=CA!I80,1
Calcul,I135,=CA!J80,1
Calcul,J135,=CA!K80,1
Calcul,A136,=CA!B81,1
Calcul,B136,=CA!C81,1
Calcul,C136,=CA!D81,1
Calcul,D136,=CA!E81,1
Calcul,E136,=CA!F81,1
Calcul,F136,=CA!G81*1000,1
Calcul,G136,=CA!H81,1
Calcul,H136,=CA!I81,1
Calcul,I136,=CA!J81,1
Calcul,J136,=CA!K81,1
Calcul,A137,=CA!B82,1
Calcul,B137,=CA!C82,1
Calcul,C137,=CA!D82,1
Calcul,D137,=CA!E82,1
Calcul,E137,=CA!F82,1
Calcul,F137,=CA!G82*1000,1
Calcul,G137,=CA!H82,1
Calcul,H137,=CA!I82,1
Calcul,I137,=CA!J82,1
Calcul,J137,=CA!K82,1
Calcul,A138,=CA!B83,1
Calcul,B138,=CA!C83,1
Calcul,C138,=CA!D83,1
Calcul,D138,=CA!E83,1
Calcul,E138,=CA!F83,1
Calcul,F138,=CA!G83*1000,1
Calcul,G138,=CA!H83,1
Calcul,H138,=CA!I83,1
Calcul,I138,=CA!J83,1
Calcul,J138,=CA!K83,1
Calcul,A139,=CA!B84,1
Calcul,B139,=CA!C84,1
Calcul,C139,=CA!D84,1
Calcul,D139,=CA!E84,1
Calcul,E139,=CA!F84,1
Calcul,F139,=CA!G84*1000,1
Calcul,G139,=CA!H84,1
Calcul,H139,=CA!I84,1
Calcul,I139,=CA!J84,1
Calcul,J139,=CA!K84,1
Calcul,A140,=CA!B85,1
Calcul,B140,=CA!C85,1
Calcul,C140,=CA!D85,1
Calcul,D140,=CA!E85,1
Calcul,E140,=CA!F85,1
Calcul,F140,=CA!G85*1000,1
Calcul,G140,=CA!H85,1
Calcul,H140,=CA!I85,1
Calcul,I140,=CA!J85,1
Calcul,J140,=CA!K85,1
Calcul,A141,=CA!B86,1
Calcul,B141,=CA!C86,1
Calcul,C141,=CA!D86,1
Calcul,D141,=CA!E86,1
Calcul,E141,=CA!F86,1
Calcul,F141,=CA!G86*1000,1
Calcul,G141,=CA!H86,1
Calcul,H141,=CA!I86,1
Calcul,I141,=CA!J86,1
Calcul,J141,=CA!K86,1
Calcul,A142,=CA!B87,1
Calcul,B142,=CA!C87,1
Calcul,C142,=CA!D87,1
Calcul,D142,=CA!E87,1
Calcul,E142,=CA!F87,1
Calcul,F142,=CA!G87*1000,1
Calcul,G142,=CA!H87,1
Calcul,H142,=CA!I87,1
Calcul,I142,=CA!J87,1
Calcul,J142,=CA!K87,1
Calcul,A143,=CA!B88,1
Calcul,B143,=CA!C88,1
Calcul,C143,=CA!D88,1
Calcul,D143,=CA!E88,1
Calcul,E143,=CA!F88,1
Calcul,F143,=CA!G88*1000,1
Calcul,G143,=CA!H88,1
Calcul,H143,=CA!I88,1
Calcul,I143,=CA!J88,1
Calcul,J143,=CA!K88,1
Calcul,A144,=CA!B89,1
Calcul,B144,=CA!C89,1
Calcul,C144,=CA!D89,1
Calcul,D144,=CA!E89,1
Calcul,E144,=CA!F89,1
Calcul,F144,=CA!G89*1000,1
Calcul,G144,=CA!H89,1
Calcul,H144,=CA!I89,1
Calcul,I144,=CA!J89,1
Calcul,J144,=CA!K89,1
Calcul,A145,=CA!B90,1
Calcul,B145,=CA!C90,1
Calcul,C145,=CA!D90,1
Calcul,D145,=CA!E90,1
Calcul,E145,=CA!F90,1
Calcul,F145,=CA!G90*1000,1
Calcul,G145,=CA!H90,1
Calcul,H145,=CA!I90,1
Calcul,I145,=CA!J90,1
Calcul,J145,=CA!K90,1
Calcul,A146,=CA!B91,1
Calcul,B146,=CA!C91,1
Calcul,C146,=CA!D91,1
Calcul,D146,=CA!E91,1
Calcul,E146,=CA!F91,1
Calcul,F146,=CA!G91*1000,1
Calcul,G146,=CA!H91,1
Calcul,H146,=CA!I91,1
Calcul,I146,=CA!J91,1
Calcul,J146,=CA!K91,1
Calcul,A147,=CA!B92,1
Calcul,B147,=CA!C92,1
Calcul,C147,=CA!D92,1
Calcul,D147,=CA!E92,1
Calcul,E147,=CA!F92,1
Calcul,F147,=CA!G92*1000,1
Calcul,G147,=CA!H92,1
Calcul,H147,=CA!I92,1
Calcul,I147,=CA!J92,1
Calcul,J147,=CA!K92,1
Calcul,A148,=CA!B93,1
Calcul,B148,=CA!C93,1
Calcul,C148,=CA!D93,1
Calcul,D148,=CA!E93,1
Calcul,E148,=CA!F93,1
Calcul,F148,=CA!G93*1000,1
Calcul,G148,=CA!H93,1
Calcul,H148,=CA!I93,1
Calcul,I148,=CA!J93,1
Calcul,J148,=CA!K93,1
Calcul,A149,=CA!B94,1
Calcul,B149,=CA!C94,1
Calcul,C149,=CA!D94,1
Calcul,D149,=CA!E94,1
Calcul,E149,=CA!F94,1
Calcul,F149,=CA!G94*1000,1
Calcul,G149,=CA!H94,1
Calcul,H149,=CA!I94,1
Calcul,I149,=CA!J94,1
Calcul,J149,=CA!K94,1
Calcul,A150,=CA!B95,1
Calcul,B150,=CA!C95,1
Calcul,C150,=CA!D95,1
Calcul,D150,=CA!E95,1
Calcul,E150,=CA!F95,1
Calcul,F150,=CA!G95*1000,1
Calcul,G150,=CA!H95,1
Calcul,H150,=CA!I95,1
Calcul,I150,=CA!J95,1
Calcul,J150,=CA!K95,1
Calcul,A151,=CA!B96,1
Calcul,B151,=CA!C96,1
Calcul,C151,=CA!D96,1
Calcul,D151,=CA!E96,1
Calcul,E151,=CA!F96,1
Calcul,F151,=CA!G96*1000,1
Calcul,G151,=CA!H96,1
Calcul,H151,=CA!I96,1
Calcul,I151,=CA!J96,1
Calcul,J151,=CA!K96,1
Calcul,A152,=CA!B97,1
Calcul,B152,=CA!C97,1
Calcul,C152,=CA!D97,1
Calcul,D152,=CA!E97,1
Calcul,E152,=CA!F97,1
Calcul,F152,=CA!G97*1000,1
Calcul,G152,=CA!H97,1
Calcul,H152,=CA!I97,1
Calcul,I152,=CA!J97,1
Calcul,J152,=CA!K97,1
Calcul,A153,=CA!B98,1
Calcul,B153,=CA!C98,1
Calcul,C153,=CA!D98,1
Calcul,D153,=CA!E98,1
Calcul,E153,=CA!F98,1
Calcul,F153,=CA!G98*1000,1
Calcul,G153,=CA!H98,1
Calcul,H153,=CA!I98,1
Calcul,I153,=CA!J98,1
Calcul,J153,=CA!K98,1
Calcul,A154,=CA!B99,1
Calcul,B154,=CA!C99,1
Calcul,C154,=CA!D99,1
Calcul,D154,=CA!E99,1
Calcul,E154,=CA!F99,1
Calcul,F154,=CA!G99*1000,1
Calcul,G154,=CA!H99,1
Calcul,H154,=CA!I99,1
Calcul,I154,=CA!J99,1
Calcul,J154,=CA!K99,1
Calcul,A155,=CA!B100,1
Calcul,B155,=CA!C100,1
Calcul,C155,=CA!D100,1
Calcul,D155,=CA!E100,1
Calcul,E155,=CA!F100,1
Calcul,F155,=CA!G100*1000,1
Calcul,G155,=CA!H100,1
Calcul,H155,=CA!I100,1
Calcul,I155,=CA!J100,1
Calcul,J155,=CA!K100,1
Calcul,A156,=CA!B101,1
Calcul,B156,=CA!C101,1
Calcul,C156,=CA!D101,1
Calcul,D156,=CA!E101,1
Calcul,E156,=CA!F101,1
Calcul,F156,=CA!G101*1000,1
Calcul,G156,=CA!H101,1
Calcul,H156,=CA!I101,1
Calcul,I156,=CA!J101,1
Calcul,J156,=CA!K101,1
Calcul,A157,=CA!B102,1
Calcul,B157,=CA!C102,1
Calcul,C157,=CA!D102,1
Calcul,D157,=CA!E102,1
Calcul,E157,=CA!F102,1
Calcul,F157,=CA!G102*1000,1
Calcul,G157,=CA!H102,1
Calcul,H157,=CA!I102,1
Calcul,I157,=CA!J102,1
Calcul,J157,=CA!K102,1
Calcul,A158,=CA!B103,1
Calcul,B158,=CA!C103,1
Calcul,C158,=CA!D103,1
Calcul,D158,=CA!E103,1
Calcul,E158,=CA!F103,1
Calcul,F158,=CA!G103*1000,1
Calcul,G158,=CA!H103,1
Calcul,H158,=CA!I103,1
Calcul,I158,=CA!J103,1
Calcul,J158,=CA!K103,1
Calcul,A159,=CA!B104,1
Calcul,B159,=CA!C104,1
Calcul,C159,=CA!D104,1
Calcul,D159,=CA!E104,1
Calcul,E159,=CA!F104,1
Calcul,F159,=CA!G104*1000,1
Calcul,G159,=CA!H104,1
Calcul,H159,=CA!I104,1
Calcul,I159,=CA!J104,1
Calcul,J159,=CA!K104,1
Calcul,A160,=CA!B105,1
Calcul,B160,=CA!C105,1
Calcul,C160,=CA!D105,1
Calcul,D160,=CA!E105,1
Calcul,E160,=CA!F105,1
Calcul,F160,=CA!G105*1000,1
Calcul,G160,=CA!H105,1
Calcul,H160,=CA!I105,1
Calcul,I160,=CA!J105,1
Calcul,J160,=CA!K105,1
Calcul,A161,=CA!B106,1
Calcul,B161,=CA!C106,1
Calcul,C161,=CA!D106,1
Calcul,D161,=CA!E106,1
Calcul,E161,=CA!F106,1
Calcul,F161,=CA!G106*1000,1
Calcul,G161,=CA!H106,1
Calcul,H161,=CA!I106,1
Calcul,I161,=CA!J106,1
Calcul,J161,=CA!K106,1
Calcul,A162,=CA!B107,1
Calcul,B162,=CA!C107,1
Calcul,C162,=CA!D107,1
Calcul,D162,=CA!E107,1
Calcul,E162,=CA!F107,1
Calcul,F162,=CA!G107*1000,1
Calcul,G162,=CA!H107,1
Calcul,H162,=CA!I107,1
Calcul,I162,=CA!J107,1
Calcul,J162,=CA!K107,1
Calcul,A163,=CA!B108,1
Calcul,B163,=CA!C108,1
Calcul,C163,=CA!D108,1
Calcul,D163,=CA!E108,1
Calcul,E163,=CA!F108,1
Calcul,F163,=CA!G108*1000,1
Calcul,G163,=CA!H108,1
Calcul,H163,=CA!I108,1
Calcul,I163,=CA!J108,1
Calcul,J163,=CA!K108,1
Calcul,A164,=CA!B109,1
Calcul,B164,=CA!C109,1
Calcul,C164,=CA!D109,1
Calcul,D164,=CA!E109,1
Calcul,E164,=CA!F109,1
Calcul,F164,=CA!G109*1000,1
Calcul,G164,=CA!H109,1
Calcul,H164,=CA!I109,1
Calcul,I164,=CA!J109,1
Calcul,J164,=CA!K109,1
Calcul,A165,=CA!B110,1
Calcul,B165,=CA!C110,1
Calcul,C165,=CA!D110,1
Calcul,D165,=CA!E110,1
Calcul,E165,=CA!F110,1
Calcul,F165,=CA!G110*1000,1
Calcul,G165,=CA!H110,1
Calcul,H165,=CA!I110,1
Calcul,I165,=CA!J110,1
Calcul,J165,=CA!K110,1
Calcul,A166,=CA!B111,1
Calcul,B166,=CA!C111,1
Calcul,C166,=CA!D111,1
Calcul,D166,=CA!E111,1
Calcul,E166,=CA!F111,1
Calcul,F166,=CA!G111*1000,1
Calcul,G166,=CA!H111,1
Calcul,H166,=CA!I111,1
Calcul,I166,=CA!J111,1
Calcul,J166,=CA!K111,1
Calcul,A167,=CA!B112,1
Calcul,B167,=CA!C112,1
Calcul,C167,=CA!D112,1
Calcul,D167,=CA!E112,1
Calcul,E167,=CA!F112,1
Calcul,F167,=CA!G112*1000,1
Calcul,G167,=CA!H112,1
Calcul,H167,=CA!I112,1
Calcul,I167,=CA!J112,1
Calcul,J167,=CA!K112,1
Calcul,A168,=CA!B113,1
Calcul,B168,=CA!C113,1
Calcul,C168,=CA!D113,1
Calcul,D168,=CA!E113,1
Calcul,E168,=CA!F113,1
Calcul,F168,=CA!G113*1000,1
Calcul,G168,=CA!H113,1
Calcul,H168,=CA!I113,1
Calcul,I168,=CA!J113,1
Calcul,J168,=CA!K113,1
Calcul,A169,=CA!B114,1
Calcul,B169,=CA!C114,1
Calcul,C169,=CA!D114,1
Calcul,D169,=CA!E114,1
Calcul,E169,=CA!F114,1
Calcul,F169,=CA!G114*1000,1
Calcul,G169,=CA!H114,1
Calcul,H169,=CA!I114,1
Calcul,I169,=CA!J114,1
Calcul,J169,=CA!K114,1
Calcul,A170,=CA!B115,1
Calcul,B170,=CA!C115,1
Calcul,C170,=CA!D115,1
Calcul,D170,=CA!E115,1
Calcul,E170,=CA!F115,1
Calcul,F170,=CA!G115*1000,1
Calcul,G170,=CA!H115,1
Calcul,H170,=CA!I115,1
Calcul,I170,=CA!J115,1
Calcul,J170,=CA!K115,1
Calcul,A171,=CA!B116,1
Calcul,B171,=CA!C116,1
Calcul,C171,=CA!D116,1
Calcul,D171,=CA!E116,1
Calcul,E171,=CA!F116,1
Calcul,F171,=CA!G116*1000,1
Calcul,G171,=CA!H116,1
Calcul,H171,=CA!I116,1
Calcul,I171,=CA!J116,1
Calcul,J171,=CA!K116,1
Calcul,A172,=CA!B117,1
Calcul,B172,=CA!C117,1
Calcul,C172,=CA!D117,1
Calcul,D172,=CA!E117,1
Calcul,E172,=CA!F117,1
Calcul,F172,=CA!G117*1000,1
Calcul,G172,=CA!H117,1
Calcul,H172,=CA!I117,1
Calcul,I172,=CA!J117,1
Calcul,J172,=CA!K117,1
Calcul,A173,=CA!B118,1
Calcul,B173,=CA!C118,1
Calcul,C173,=CA!D118,1
Calcul,D173,=CA!E118,1
Calcul,E173,=CA!F118,1
Calcul,F173,=CA!G118*1000,1
Calcul,G173,=CA!H118,1
Calcul,H173,=CA!I118,1
Calcul,I173,=CA!J118,1
Calcul,J173,=CA!K118,1
Calcul,A174,=CA!B119,1
Calcul,B174,=CA!C119,1
Calcul,C174,=CA!D119,1
Calcul,D174,=CA!E119,1
Calcul,E174,=CA!F119,1
Calcul,F174,=CA!G119*1000,1
Calcul,G174,=CA!H119,1
Calcul,H174,=CA!I119,1
Calcul,I174,=CA!J119,1
Calcul,J174,=CA!K119,1
Calcul,A175,=CA!B120,1
Calcul,B175,=CA!C120,1
Calcul,C175,=CA!D120,1
Calcul,D175,=CA!E120,1
Calcul,E175,=CA!F120,1
Calcul,F175,=CA!G120*1000,1
Calcul,G175,=CA!H120,1
Calcul,H175,=CA!I120,1
Calcul,I175,=CA!J120,1
Calcul,J175,=CA!K120,1
Calcul,A176,=CA!B121,1
Calcul,B176,=CA!C121,1
Calcul,C176,=CA!D121,1
Calcul,D176,=CA!E121,1
Calcul,E176,=CA!F121,1
Calcul,F176,=CA!G121*1000,1
Calcul,G176,=CA!H121,1
Calcul,H176,=CA!I121,1
Calcul,I176,=CA!J121,1
Calcul,J176,=CA!K121,1
Calcul,A177,=CA!B122,1
Calcul,B177,=CA!C122,1
Calcul,C177,=CA!D122,1
Calcul,D177,=CA!E122,1
Calcul,E177,=CA!F122,1
Calcul,F177,=CA!G122*1000,1
Calcul,G177,=CA!H122,1
Calcul,H177,=CA!I122,1
Calcul,I177,=CA!J122,1
Calcul,J177,=CA!K122,1
Calcul,A178,=CA!B123,1
Calcul,B178,=CA!C123,1
Calcul,C178,=CA!D123,1
Calcul,D178,=CA!E123,1
Calcul,E178,=CA!F123,1
Calcul,F178,=CA!G123*1000,1
Calcul,G178,=CA!H123,1
Calcul,H178,=CA!I123,1
Calcul,I178,=CA!J123,1
Calcul,J178,=CA!K123,1
Calcul,A179,=CA!B124,1
Calcul,B179,=CA!C124,1
Calcul,C179,=CA!D124,1
Calcul,D179,=CA!E124,1
Calcul,E179,=CA!F124,1
Calcul,F179,=CA!G124*1000,1
Calcul,G179,=CA!H124,1
Calcul,H179,=CA!I124,1
Calcul,I179,=CA!J124,1
Calcul,J179,=CA!K124,1
Calcul,A180,=CA!B125,1
Calcul,B180,=CA!C125,1
Calcul,C180,=CA!D125,1
Calcul,D180,=CA!E125,1
Calcul,E180,=CA!F125,1
Calcul,F180,=CA!G125*1000,1
Calcul,G180,=CA!H125,1
Calcul,H180,=CA!I125,1
Calcul,I180,=CA!J125,1
Calcul,J180,=CA!K125,1
Calcul,A181,=CA!B126,1
Calcul,B181,=CA!C126,1
Calcul,C181,=CA!D126,1
Calcul,D181,=CA!E126,1
Calcul,E181,=CA!F126,1
Calcul,F181,=CA!G126*1000,1
Calcul,G181,=CA!H126,1
Calcul,H181,=CA!I126,1
Calcul,I181,=CA!J126,1
Calcul,J181,=CA!K126,1
Calcul,A182,=CA!B127,1
Calcul,B182,=CA!C127,1
Calcul,C182,=CA!D127,1
Calcul,D182,=CA!E127,1
Calcul,E182,=CA!F127,1
Calcul,F182,=CA!G127*1000,1
Calcul,G182,=CA!H127,1
Calcul,H182,=CA!I127,1
Calcul,I182,=CA!J127,1
Calcul,J182,=CA!K127,1
Calcul,A183,=CA!B128,1
Calcul,B183,=CA!C128,1
Calcul,C183,=CA!D128,1
Calcul,D183,=CA!E128,1
Calcul,E183,=CA!F128,1
Calcul,F183,=CA!G128*1000,1
Calcul,G183,=CA!H128,1
Calcul,H183,=CA!I128,1
Calcul,I183,=CA!J128,1
Calcul,J183,=CA!K128,1
Calcul,A184,=CA!B129,1
Calcul,B184,=CA!C129,1
Calcul,C184,=CA!D129,1
Calcul,D184,=CA!E129,1
Calcul,E184,=CA!F129,1
Calcul,F184,=CA!G129*1000,1
Calcul,G184,=CA!H129,1
Calcul,H184,=CA!I129,1
Calcul,I184,=CA!J129,1
Calcul,J184,=CA!K129,1
Calcul,A185,=CA!B130,1
Calcul,B185,=CA!C130,1
Calcul,C185,=CA!D130,1
Calcul,D185,=CA!E130,1
Calcul,E185,=CA!F130,1
Calcul,F185,=CA!G130*1000,1
Calcul,G185,=CA!H130,1
Calcul,H185,=CA!I130,1
Calcul,I185,=CA!J130,1
Calcul,J185,=CA!K130,1
Calcul,A186,=CA!B131,1
Calcul,B186,=CA!C131,1
Calcul,C186,=CA!D131,1
Calcul,D186,=CA!E131,1
Calcul,E186,=CA!F131,1
Calcul,F186,=CA!G131*1000,1
Calcul,G186,=CA!H131,1
Calcul,H186,=CA!I131,1
Calcul,I186,=CA!J131,1
Calcul,J186,=CA!K131,1
Calcul,A187,=CA!B132,1
Calcul,B187,=CA!C132,1
Calcul,C187,=CA!D132,1
Calcul,D187,=CA!E132,1
Calcul,E187,=CA!F132,1
Calcul,F187,=CA!G132*1000,1
Calcul,G187,=CA!H132,1
Calcul,H187,=CA!I132,1
Calcul,I187,=CA!J132,1
Calcul,J187,=CA!K132,1
Calcul,A188,=CA!B133,1
Calcul,B188,=CA!C133,1
Calcul,C188,=CA!D133,1
Calcul,D188,=CA!E133,1
Calcul,E188,=CA!F133,1
Calcul,F188,=CA!G133*1000,1
Calcul,G188,=CA!H133,1
Calcul,H188,=CA!I133,1
Calcul,I188,=CA!J133,1
Calcul,J188,=CA!K133,1
Calcul,A189,=CA!B134,1
Calcul,B189,=CA!C134,1
Calcul,C189,=CA!D134,1
Calcul,D189,=CA!E134,1
Calcul,E189,=CA!F134,1
Calcul,F189,=CA!G134*1000,1
Calcul,G189,=CA!H134,1
Calcul,H189,=CA!I134,1
Calcul,I189,=CA!J134,1
Calcul,J189,=CA!K134,1
Calcul,A190,=CA!B135,1
Calcul,B190,=CA!C135,1
Calcul,C190,=CA!D135,1
Calcul,D190,=CA!E135,1
Calcul,E190,=CA!F135,1
Calcul,F190,=CA!G135*1000,1
Calcul,G190,=CA!H135,1
Calcul,H190,=CA!I135,1
Calcul,I190,=CA!J135,1
Calcul,J190,=CA!K135,1
Calcul,A191,=CA!B136,1
Calcul,B191,=CA!C136,1
Calcul,C191,=CA!D136,1
Calcul,D191,=CA!E136,1
Calcul,E191,=CA!F136,1
Calcul,F191,=CA!G136*1000,1
Calcul,G191,=CA!H136,1
Calcul,H191,=CA!I136,1
Calcul,I191,=CA!J136,1
Calcul,J191,=CA!K136,1
Calcul,A192,=CA!B137,1
Calcul,B192,=CA!C137,1
Calcul,C192,=CA!D137,1
Calcul,D192,=CA!E137,1
Calcul,E192,=CA!F137,1
Calcul,F192,=CA!G137*1000,1
Calcul,G192,=CA!H137,1
Calcul,H192,=CA!I137,1
Calcul,I192,=CA!J137,1
Calcul,J192,=CA!K137,1
Calcul,A193,=CA!B138,1
Calcul,B193,=CA!C138,1
Calcul,C193,=CA!D138,1
Calcul,D193,=CA!E138,1
Calcul,E193,=CA!F138,1
Calcul,F193,=CA!G138*1000,1
Calcul,G193,=CA!H138,1
Calcul,H193,=CA!I138,1
Calcul,I193,=CA!J138,1
Calcul,J193,=CA!K138,1
Calcul,A194,=CA!B139,1
Calcul,B194,=CA!C139,1
Calcul,C194,=CA!D139,1
Calcul,D194,=CA!E139,1
Calcul,E194,=CA!F139,1
Calcul,F194,=CA!G139*1000,1
Calcul,G194,=CA!H139,1
Calcul,H194,=CA!I139,1
Calcul,I194,=CA!J139,1
Calcul,J194,=CA!K139,1
Calcul,A195,=CA!B140,1
Calcul,B195,=CA!C140,1
Calcul,C195,=CA!D140,1
Calcul,D195,=CA!E140,1
Calcul,E195,=CA!F140,1
Calcul,F195,=CA!G140*1000,1
Calcul,G195,=CA!H140,1
Calcul,H195,=CA!I140,1
Calcul,I195,=CA!J140,1
Calcul,J195,=CA!K140,1
Calcul,A196,=CA!B141,1
Calcul,B196,=CA!C141,1
Calcul,C196,=CA!D141,1
Calcul,D196,=CA!E141,1
Calcul,E196,=CA!F141,1
Calcul,F196,=CA!G141*1000,1
Calcul,G196,=CA!H141,1
Calcul,H196,=CA!I141,1
Calcul,I196,=CA!J141,1
Calcul,J196,=CA!K141,1
Calcul,A197,=CA!B142,1
Calcul,B197,=CA!C142,1
Calcul,C197,=CA!D142,1
Calcul,D197,=CA!E142,1
Calcul,E197,=CA!F142,1
Calcul,F197,=CA!G142*1000,1
Calcul,G197,=CA!H142,1
Calcul,H197,=CA!I142,1
Calcul,I197,=CA!J142,1
Calcul,J197,=CA!K142,1
Calcul,A198,=CA!B143,1
Calcul,B198,=CA!C143,1
Calcul,C198,=CA!D143,1
Calcul,D198,=CA!E143,1
Calcul,E198,=CA!F143,1
Calcul,F198,=CA!G143*1000,1
Calcul,G198,=CA!H143,1
Calcul,H198,=CA!I143,1
Calcul,I198,=CA!J143,1
Calcul,J198,=CA!K143,1
Calcul,A199,=CA!B144,1
Calcul,B199,=CA!C144,1
Calcul,C199,=CA!D144,1
Calcul,D199,=CA!E144,1
Calcul,E199,=CA!F144,1
Calcul,F199,=CA!G144*1000,1
Calcul,G199,=CA!H144,1
Calcul,H199,=CA!I144,1
Calcul,I199,=CA!J144,1
Calcul,J199,=CA!K144,1
Calcul,A200,=CA!B145,1
Calcul,B200,=CA!C145,1
Calcul,C200,=CA!D145,1
Calcul,D200,=CA!E145,1
Calcul,E200,=CA!F145,1
Calcul,F200,=CA!G145*1000,1
Calcul,G200,=CA!H145,1
Calcul,H200,=CA!I145,1
Calcul,I200,=CA!J145,1
Calcul,J200,=CA!K145,1
Calcul,A201,=CA!B146,1
Calcul,B201,=CA!C146,1
Calcul,C201,=CA!D146,1
Calcul,D201,=CA!E146,1
Calcul,E201,=CA!F146,1
Calcul,F201,=CA!G146*1000,1
Calcul,G201,=CA!H146,1
Calcul,H201,=CA!I146,1
Calcul,I201,=CA!J146,1
Calcul,J201,=CA!K146,1
Calcul,A202,=CA!B147,1
Calcul,B202,=CA!C147,1
Calcul,C202,=CA!D147,1
Calcul,D202,=CA!E147,1
Calcul,E202,=CA!F147,1
Calcul,F202,=CA!G147*1000,1
Calcul,G202,=CA!H147,1
Calcul,H202,=CA!I147,1
Calcul,I202,=CA!J147,1
Calcul,J202,=CA!K147,1
Calcul,A203,=CA!B148,1
Calcul,B203,=CA!C148,1
Calcul,C203,=CA!D148,1
Calcul,D203,=CA!E148,1
Calcul,E203,=CA!F148,1
Calcul,F203,=CA!G148*1000,1
Calcul,G203,=CA!H148,1
Calcul,H203,=CA!I148,1
Calcul,I203,=CA!J148,1
Calcul,J203,=CA!K148,1
Calcul,A204,=CA!B149,1
Calcul,B204,=CA!C149,1
Calcul,C204,=CA!D149,1
Calcul,D204,=CA!E149,1
Calcul,E204,=CA!F149,1
Calcul,F204,=CA!G149*1000,1
Calcul,G204,=CA!H149,1
Calcul,H204,=CA!I149,1
Calcul,I204,=CA!J149,1
Calcul,J204,=CA!K149,1
Calcul,A205,=CA!B150,1
Calcul,B205,=CA!C150,1
Calcul,C205,=CA!D150,1
Calcul,D205,=CA!E150,1
Calcul,E205,=CA!F150,1
Calcul,F205,=CA!G150*1000,1
Calcul,G205,=CA!H150,1
Calcul,H205,=CA!I150,1
Calcul,I205,=CA!J150,1
Calcul,J205,=CA!K150,1
Calcul,A206,=CA!B151,1
Calcul,B206,=CA!C151,1
Calcul,C206,=CA!D151,1
Calcul,D206,=CA!E151,1
Calcul,E206,=CA!F151,1
Calcul,F206,=CA!G151*1000,1
Calcul,G206,=CA!H151,1
Calcul,H206,=CA!I151,1
Calcul,I206,=CA!J151,1
Calcul,J206,=CA!K151,1
Calcul,A207,=CA!B152,1
Calcul,B207,=CA!C152,1
Calcul,C207,=CA!D152,1
Calcul,D207,=CA!E152,1
Calcul,E207,=CA!F152,1
Calcul,F207,=CA!G152*1000,1
Calcul,G207,=CA!H152,1
Calcul,H207,=CA!I152,1
Calcul,I207,=CA!J152,1
Calcul,J207,=CA!K152,1
Calcul,A208,=CA!B153,1
Calcul,B208,=CA!C153,1
Calcul,C208,=CA!D153,1
Calcul,D208,=CA!E153,1
Calcul,E208,=CA!F153,1
Calcul,F208,=CA!G153*1000,1
Calcul,G208,=CA!H153,1
Calcul,H208,=CA!I153,1
Calcul,I208,=CA!J153,1
Calcul,J208,=CA!K153,1
Calcul,A209,=CA!B154,1
Calcul,B209,=CA!C154,1
Calcul,C209,=CA!D154,1
Calcul,D209,=CA!E154,1
Calcul,E209,=CA!F154,1
Calcul,F209,=CA!G154*1000,1
Calcul,G209,=CA!H154,1
Calcul,H209,=CA!I154,1
Calcul,I209,=CA!J154,1
Calcul,J209,=CA!K154,1
Calcul,A210,=CA!B155,1
Calcul,B210,=CA!C155,1
Calcul,C210,=CA!D155,1
Calcul,D210,=CA!E155,1
Calcul,E210,=CA!F155,1
Calcul,F210,=CA!G155*1000,1
Calcul,G210,=CA!H155,1
Calcul,H210,=CA!I155,1
Calcul,I210,=CA!J155,1
Calcul,J210,=CA!K155,1
Calcul,A211,=CA!B156,1
Calcul,B211,=CA!C156,1
Calcul,C211,=CA!D156,1
Calcul,D211,=CA!E156,1
Calcul,E211,=CA!F156,1
Calcul,F211,=CA!G156*1000,1
Calcul,G211,=CA!H156,1
Calcul,H211,=CA!I156,1
Calcul,I211,=CA!J156,1
Calcul,J211,=CA!K156,1
Calcul,A212,=CA!B157,1
Calcul,B212,=CA!C157,1
Calcul,C212,=CA!D157,1
Calcul,D212,=CA!E157,1
Calcul,E212,=CA!F157,1
Calcul,F212,=CA!G157*1000,1
Calcul,G212,=CA!H157,1
Calcul,H212,=CA!I157,1
Calcul,I212,=CA!J157,1
Calcul,J212,=CA!K157,1
Calcul,A213,=CA!B158,1
Calcul,B213,=CA!C158,1
Calcul,C213,=CA!D158,1
Calcul,D213,=CA!E158,1
Calcul,E213,=CA!F158,1
Calcul,F213,=CA!G158*1000,1
Calcul,G213,=CA!H158,1
Calcul,H213,=CA!I158,1
Calcul,I213,=CA!J158,1
Calcul,J213,=CA!K158,1
Calcul,A214,=CA!B159,1
Calcul,B214,=CA!C159,1
Calcul,C214,=CA!D159,1
Calcul,D214,=CA!E159,1
Calcul,E214,=CA!F159,1
Calcul,F214,=CA!G159*1000,1
Calcul,G214,=CA!H159,1
Calcul,H214,=CA!I159,1
Calcul,I214,=CA!J159,1
Calcul,J214,=CA!K159,1
Calcul,A215,=CA!B160,1
Calcul,B215,=CA!C160,1
Calcul,C215,=CA!D160,1
Calcul,D215,=CA!E160,1
Calcul,E215,=CA!F160,1
Calcul,F215,=CA!G160*1000,1
Calcul,G215,=CA!H160,1
Calcul,H215,=CA!I160,1
Calcul,I215,=CA!J160,1
Calcul,J215,=CA!K160,1
Calcul,A216,=CA!B161,1
Calcul,B216,=CA!C161,1
Calcul,C216,=CA!D161,1
Calcul,D216,=CA!E161,1
Calcul,E216,=CA!F161,1
Calcul,F216,=CA!G161*1000,1
Calcul,G216,=CA!H161,1
Calcul,H216,=CA!I161,1
Calcul,I216,=CA!J161,1
Calcul,J216,=CA!K161,1
Calcul,A217,=CA!B162,1
Calcul,B217,=CA!C162,1
Calcul,C217,=CA!D162,1
Calcul,D217,=CA!E162,1
Calcul,E217,=CA!F162,1
Calcul,F217,=CA!G162*1000,1
Calcul,G217,=CA!H162,1
Calcul,H217,=CA!I162,1
Calcul,I217,=CA!J162,1
Calcul,J217,=CA!K162,1
Calcul,A218,=CA!B163,1
Calcul,B218,=CA!C163,1
Calcul,C218,=CA!D163,1
Calcul,D218,=CA!E163,1
Calcul,E218,=CA!F163,1
Calcul,F218,=CA!G163*1000,1
Calcul,G218,=CA!H163,1
Calcul,H218,=CA!I163,1
Calcul,I218,=CA!J163,1
Calcul,J218,=CA!K163,1
Calcul,A219,=CA!B164,1
Calcul,B219,=CA!C164,1
Calcul,C219,=CA!D164,1
Calcul,D219,=CA!E164,1
Calcul,E219,=CA!F164,1
Calcul,F219,=CA!G164*1000,1
Calcul,G219,=CA!H164,1
Calcul,H219,=CA!I164,1
Calcul,I219,=CA!J164,1
Calcul,J219,=CA!K164,1
Calcul,A220,=CA!B165,1
Calcul,B220,=CA!C165,1
Calcul,C220,=CA!D165,1
Calcul,D220,=CA!E165,1
Calcul,E220,=CA!F165,1
Calcul,F220,=CA!G165*1000,1
Calcul,G220,=CA!H165,1
Calcul,H220,=CA!I165,1
Calcul,I220,=CA!J165,1
Calcul,J220,=CA!K165,1
Calcul,A221,=CA!B166,1
Calcul,B221,=CA!C166,1
Calcul,C221,=CA!D166,1
Calcul,D221,=CA!E166,1
Calcul,E221,=CA!F166,1
Calcul,F221,=CA!G166*1000,1
Calcul,G221,=CA!H166,1
Calcul,H221,=CA!I166,1
Calcul,I221,=CA!J166,1
Calcul,J221,=CA!K166,1
Calcul,D223,"=+SUBTOTAL(9,TProd[Quantité])",1
Calcul,F223,"=+SUBTOTAL(9,TProd[Productions])",1
Calcul,A225,=+Production!I139,1
Calcul,B225,=+Production!J139,1
Calcul,C225,=+Production!K139,1
Calcul,D225,=+Production!L139,1
Calcul,E225,=+Production!M139,1
Calcul,F225,=+Production!N139,1
Calcul,A226,=+Production!I140,1
Calcul,B226,=+Production!J140,1
Calcul,C226,=+Production!K140,1
Calcul,D226,=+Production!L140,1
Calcul,E226,=+Production!M140,1
Calcul,F226,=+Production!N140,1
Calcul,A227,=+Production!I141,1
Calcul,B227,=+Production!J141,1
Calcul,C227,=+Production!K141,1
Calcul,D227,=+Production!L141,1
Calcul,E227,=+Production!M141,1
Calcul,F227,=+Production!N141,1
Calcul,A228,=+Production!I142,1
Calcul,B228,=+Production!J142,1
Calcul,C228,=+Production!K142,1
Calcul,D228,=+Production!L142,1
Calcul,E228,=+Production!M142,1
Calcul,F228,=+Production!N142,1
Calcul,A229,=+Production!I143,1
Calcul,B229,=+Production!J143,1
Calcul,C229,=+Production!K143,1
Calcul,D229,=+Production!L143,1
Calcul,E229,=+Production!M143,1
Calcul,F229,=+Production!N143,1
Calcul,A230,=+Production!I144,1
Calcul,B230,=+Production!J144,1
Calcul,C230,=+Production!K144,1
Calcul,D230,=+Production!L144,1
Calcul,E230,=+Production!M144,1
Calcul,F230,=+Production!N144,1
Calcul,A231,=+Production!I145,1
Calcul,B231,=+Production!J145,1
Calcul,C231,=+Production!K145,1
Calcul,D231,=+Production!L145,1
Calcul,E231,=+Production!M145,1
Calcul,F231,=+Production!N145,1
Calcul,A232,=+Production!I146,1
Calcul,B232,=+Production!J146,1
Calcul,C232,=+Production!K146,1
Calcul,D232,=+Production!L146,1
Calcul,E232,=+Production!M146,1
Calcul,F232,=+Production!N146,1
Calcul,A233,=+Production!I147,1
Calcul,B233,=+Production!J147,1
Calcul,C233,=+Production!K147,1
Calcul,D233,=+Production!L147,1
Calcul,E233,=+Production!M147,1
Calcul,F233,=+Production!N147,1
Calcul,A234,=+Production!I148,1
Calcul,B234,=+Production!J148,1
Calcul,C234,=+Production!K148,1
Calcul,D234,=+Production!L148,1
Calcul,E234,=+Production!M148,1
Calcul,F234,=+Production!N148,1
Calcul,A235,=+Production!I149,1
Calcul,B235,=+Production!J149,1
Calcul,C235,=+Production!K149,1
Calcul,D235,=+Production!L149,1
Calcul,E235,=+Production!M149,1
Calcul,F235,=+Production!N149,1
Calcul,A236,=+Production!I150,1
Calcul,B236,=+Production!J150,1
Calcul,C236,=+Production!K150,1
Calcul,D236,=+Production!L150,1
Calcul,E236,=+Production!M150,1
Calcul,F236,=+Production!N150,1
Calcul,A237,=+Production!I151,1
Calcul,B237,=+Production!J151,1
Calcul,C237,=+Production!K151,1
Calcul,D237,=+Production!L151,1
Calcul,E237,=+Production!M151,1
Calcul,F237,=+Production!N151,1
Calcul,A238,=+Production!I152,1
Calcul,B238,=+Production!J152,1
Calcul,C238,=+Production!K152,1
Calcul,D238,=+Production!L152,1
Calcul,E238,=+Production!M152,1
Calcul,F238,=+Production!N152,1
Calcul,A239,=+Production!I153,1
Calcul,B239,=+Production!J153,1
Calcul,C239,=+Production!K153,1
Calcul,D239,=+Production!L153,1
Calcul,E239,=+Production!M153,1
Calcul,F239,=+Production!N153,1
Calcul,A240,=+Production!I154,1
Calcul,B240,=+Production!J154,1
Calcul,C240,=+Production!K154,1
Calcul,D240,=+Production!L154,1
Calcul,E240,=+Production!M154,1
Calcul,F240,=+Production!N154,1
Calcul,A241,=+Production!I155,1
Calcul,B241,=+Production!J155,1
Calcul,C241,=+Production!K155,1
Calcul,D241,=+Production!L155,1
Calcul,E241,=+Production!M155,1
Calcul,F241,=+Production!N155,1
Calcul,A242,=+Production!I156,1
Calcul,B242,=+Production!J156,1
Calcul,C242,=+Production!K156,1
Calcul,D242,=+Production!L156,1
Calcul,E242,=+Production!M156,1
Calcul,F242,=+Production!N156,1
Calcul,A243,=+Production!I157,1
Calcul,B243,=+Production!J157,1
Calcul,C243,=+Production!K157,1
Calcul,D243,=+Production!L157,1
Calcul,E243,=+Production!M157,1
Calcul,F243,=+Production!N157,1
Calcul,A244,=+Production!I158,1
Calcul,B244,=+Production!J158,1
Calcul,C244,=+Production!K158,1
Calcul,D244,=+Production!L158,1
Calcul,E244,=+Production!M158,1
Calcul,F244,=+Production!N158,1
Calcul,A245,=+Production!I159,1
Calcul,B245,=+Production!J159,1
Calcul,C245,=+Production!K159,1
Calcul,D245,=+Production!L159,1
Calcul,E245,=+Production!M159,1
Calcul,F245,=+Production!N159,1
Calcul,A246,=+Production!I160,1
Calcul,B246,=+Production!J160,1
Calcul,C246,=+Production!K160,1
Calcul,D246,=+Production!L160,1
Calcul,E246,=+Production!M160,1
Calcul,F246,=+Production!N160,1
Calcul,A247,=+Production!I161,1
Calcul,B247,=+Production!J161,1
Calcul,C247,=+Production!K161,1
Calcul,D247,=+Production!L161,1
Calcul,E247,=+Production!M161,1
Calcul,F247,=+Production!N161,1
Calcul,A248,=+Production!I162,1
Calcul,B248,=+Production!J162,1
Calcul,C248,=+Production!K162,1
Calcul,D248,=+Production!L162,1
Calcul,E248,=+Production!M162,1
Calcul,F248,=+Production!N162,1
Calcul,A249,=+Production!I163,1
Calcul,B249,=+Production!J163,1
Calcul,C249,=+Production!K163,1
Calcul,D249,=+Production!L163,1
Calcul,E249,=+Production!M163,1
Calcul,F249,=+Production!N163,1
Calcul,A250,=+Production!I164,1
Calcul,B250,=+Production!J164,1
Calcul,C250,=+Production!K164,1
Calcul,D250,=+Production!L164,1
Calcul,E250,=+Production!M164,1
Calcul,F250,=+Production!N164,1
Calcul,A251,=+Production!I165,1
Calcul,B251,=+Production!J165,1
Calcul,C251,=+Production!K165,1
Calcul,D251,=+Production!L165,1
Calcul,E251,=+Production!M165,1
Calcul,F251,=+Production!N165,1
Calcul,A252,=+Production!I166,1
Calcul,B252,=+Production!J166,1
Calcul,C252,=+Production!K166,1
Calcul,D252,=+Production!L166,1
Calcul,E252,=+Production!M166,1
Calcul,F252,=+Production!N166,1
Calcul,A253,=+Production!I167,1
Calcul,B253,=+Production!J167,1
Calcul,C253,=+Production!K167,1
Calcul,D253,=+Production!L167,1
Calcul,E253,=+Production!M167,1
Calcul,F253,=+Production!N167,1
Calcul,A254,=+Production!I168,1
Calcul,B254,=+Production!J168,1
Calcul,C254,=+Production!K168,1
Calcul,D254,=+Production!L168,1
Calcul,E254,=+Production!M168,1
Calcul,F254,=+Production!N168,1
Calcul,A255,=+Production!I169,1
Calcul,B255,=+Production!J169,1
Calcul,C255,=+Production!K169,1
Calcul,D255,=+Production!L169,1
Calcul,E255,=+Production!M169,1
Calcul,F255,=+Production!N169,1
Calcul,A256,=+Production!I170,1
Calcul,B256,=+Production!J170,1
Calcul,C256,=+Production!K170,1
Calcul,D256,=+Production!L170,1
Calcul,E256,=+Production!M170,1
Calcul,F256,=+Production!N170,1
Calcul,A257,=+Production!I171,1
Calcul,B257,=+Production!J171,1
Calcul,C257,=+Production!K171,1
Calcul,D257,=+Production!L171,1
Calcul,E257,=+Production!M171,1
Calcul,F257,=+Production!N171,1
Calcul,A258,=+Production!I172,1
Calcul,B258,=+Production!J172,1
Calcul,C258,=+Production!K172,1
Calcul,D258,=+Production!L172,1
Calcul,E258,=+Production!M172,1
Calcul,F258,=+Production!N172,1
Calcul,A259,=+Production!I173,1
Calcul,B259,=+Production!J173,1
Calcul,C259,=+Production!K173,1
Calcul,D259,=+Production!L173,1
Calcul,E259,=+Production!M173,1
Calcul,F259,=+Production!N173,1
Calcul,A260,=+Production!I174,1
Calcul,B260,=+Production!J174,1
Calcul,C260,=+Production!K174,1
Calcul,D260,=+Production!L174,1
Calcul,E260,=+Production!M174,1
Calcul,F260,=+Production!N174,1
Besoins en micas,O2,=+Production!P8,1
Besoins en micas,B3,=+'Données SOMIDA'!C31,1
Besoins en micas,C3,=+Production!D9/'Données SOMIDA'!$D$58,2
Besoins en micas,D3,=+Production!E9/'Données SOMIDA'!$D$58,2
Besoins en micas,E3,=+Production!F9/'Données SOMIDA'!$D$58,2
Besoins en micas,F3,=+Production!G9/'Données SOMIDA'!$D$58,2
Besoins en micas,G3,=+Production!H9/'Données SOMIDA'!$D$58,2
Besoins en micas,H3,=+Production!I9/'Données SOMIDA'!$D$58,2
Besoins en micas,I3,=+Production!J9/'Données SOMIDA'!$D$58,2
Besoins en micas,J3,=+Production!K9/'Données SOMIDA'!$D$58,2
Besoins en micas,K3,=+Production!L9/'Données SOMIDA'!$D$58,2
Besoins en micas,L3,=+Production!M9/'Données SOMIDA'!$D$58,2
Besoins en micas,M3,=+Production!N9/'Données SOMIDA'!$D$58,2
Besoins en micas,N3,=+Production!O9/'Données SOMIDA'!$D$58,2
Besoins en micas,O3,=SUM(C3:N3),1
Besoins en micas,B4,=+'Données SOMIDA'!C32,1
Besoins en micas,C4,=+Production!D10/'Données SOMIDA'!$D$58,2
Besoins en micas,D4,=+Production!E10/'Données SOMIDA'!$D$58,2
Besoins en micas,E4,=+Production!F10/'Données SOMIDA'!$D$58,2
Besoins en micas,F4,=+Production!G10/'Données SOMIDA'!$D$58,2
Besoins en micas,G4,=+Production!H10/'Données SOMIDA'!$D$58,2
Besoins en micas,H4,=+Production!I10/'Données SOMIDA'!$D$58,2
Besoins en micas,I4,=+Production!J10/'Données SOMIDA'!$D$58,2
Besoins en micas,J4,=+Production!K10/'Données SOMIDA'!$D$58,2
Besoins en micas,K4,=+Production!L10/'Données SOMIDA'!$D$58,2
Besoins en micas,L4,=+Production!M10/'Données SOMIDA'!$D$58,2
Besoins en micas,M4,=+Production!N10/'Données SOMIDA'!$D$58,2
Besoins en micas,N4,=+Production!O10/'Données SOMIDA'!$D$58,2
Besoins en micas,O4,=SUM(C4:N4),1
Besoins en micas,B5,=+'Données SOMIDA'!C33,1
Besoins en micas,C5,=+Production!D11*100/80,1
Besoins en micas,D5,=+Production!E11*100/80,1
Besoins en micas,E5,=+Production!F11*100/80,1
Besoins en micas,F5,=+Production!G11*100/80,1
Besoins en micas,G5,=+Production!H11*100/80,1
Besoins en micas,H5,=+Production!I11*100/80,1
Besoins en micas,I5,=+Production!J11*100/80,1
Besoins en micas,J5,=+Production!K11*100/80,1
Besoins en micas,K5,=+Production!L11*100/80,1
Besoins en micas,L5,=+Production!M11*100/80,1
Besoins en micas,M5,=+Production!N11*100/80,1
Besoins en micas,N5,=+Production!O11*100/80,1
Besoins en micas,O5,=SUM(C5:N5),1
Besoins en micas,C6,=SUM(C3:C5),1
Besoins en micas,D6,=SUM(D3:D5),1
Besoins en micas,E6,=SUM(E3:E5),1
Besoins en micas,F6,=SUM(F3:F5),1
Besoins en micas,G6,=SUM(G3:G5),1
Besoins en micas,H6,=SUM(H3:H5),1
Besoins en micas,I6,=SUM(I3:I5),1
Besoins en micas,J6,=SUM(J3:J5),1
Besoins en micas,K6,=SUM(K3:K5),1
Besoins en micas,L6,=SUM(L3:L5),1
Besoins en micas,M6,=SUM(M3:M5),1
Besoins en micas,N6,=SUM(N3:N5),1
Besoins en micas,O6,=SUM(O3:O5),1
Besoins en micas,C9,=+C2,1
Besoins en micas,D9,=+D2,1
Besoins en micas,E9,=+E2,1
Besoins en micas,F9,=+F2,1
Besoins en micas,G9,=+G2,1
Besoins en micas,H9,=+H2,1
Besoins en micas,I9,=+I2,1
Besoins en micas,J9,=+J2,1
Besoins en micas,K9,=+K2,1
Besoins en micas,L9,=+L2,1
Besoins en micas,M9,=+M2,1
Besoins en micas,N9,=+N2,1
Besoins en micas,O9,=+O2,1
Besoins en micas,B10,=+B3,1
Besoins en micas,D10,=+C22,1
Besoins en micas,E10,=+D22,1
Besoins en micas,F10,=+E22,1
Besoins en micas,G10,=+F22,1
Besoins en micas,H10,=+G22,1
Besoins en micas,I10,=+H22,1
Besoins en micas,J10,=+I22,1
Besoins en micas,K10,=+J22,1
Besoins en micas,L10,=+K22,1
Besoins en micas,M10,=+L22,1
Besoins en micas,N10,=+M22,1
Besoins en micas,O10,=+C10,1
Besoins en micas,B11,=+B4,1
Besoins en micas,D11,=+C23,1
Besoins en micas,E11,=+D23,1
Besoins en micas,F11,=+E23,1
Besoins en micas,G11,=+F23,1
Besoins en micas,H11,=+G23,1
Besoins en micas,I11,=+H23,1
Besoins en micas,J11,=+I23,1
Besoins en micas,K11,=+J23,1
Besoins en micas,L11,=+K23,1
Besoins en micas,M11,=+L23,1
Besoins en micas,N11,=+M23,1
Besoins en micas,O11,=+C11,1
Besoins en micas,B12,=+B5,1
Besoins en micas,D12,=+C24,1
Besoins en micas,E12,=+D24,1
Besoins en micas,F12,=+E24,1
Besoins en micas,G12,=+F24,1
Besoins en micas,H12,=+G24,1
Besoins en micas,I12,=+H24,1
Besoins en micas,J12,=+I24,1
Besoins en micas,K12,=+J24,1
Besoins en micas,L12,=+K24,1
Besoins en micas,M12,=+L24,1
Besoins en micas,N12,=+M24,1
Besoins en micas,O12,=+C12,1
Besoins en micas,C13,=SUM(C10:C12),1
Besoins en micas,D13,=SUM(D10:D12),1
Besoins en micas,E13,=SUM(E10:E12),1
Besoins en micas,F13,=SUM(F10:F12),1
Besoins en micas,G13,=SUM(G10:G12),1
Besoins en micas,H13,=SUM(H10:H12),1
Besoins en micas,I13,=SUM(I10:I12),1
Besoins en micas,J13,=SUM(J10:J12),1
Besoins en micas,K13,=SUM(K10:K12),1
Besoins en micas,L13,=SUM(L10:L12),1
Besoins en micas,M13,=SUM(M10:M12),1
Besoins en micas,N13,=SUM(N10:N12),1
Besoins en micas,O13,=SUM(O10:O12),1
Besoins en micas,B14,=+B10,1
Besoins en micas,C14,=+C3*(1+$C$8),2
Besoins en micas,D14,=+D3*(1+$C$8),2
Besoins en micas,E14,=+E3*(1+$C$8),2
Besoins en micas,F14,=+F3*(1+$C$8),2
Besoins en micas,G14,=+G3*(1+$C$8),2
Besoins en micas,H14,=+H3*(1+$C$8),2
Besoins en micas,I14,=+I3*(1+$C$8),2
Besoins en micas,J14,=+J3*(1+$C$8),2
Besoins en micas,K14,=+K3*(1-$C$8),2
Besoins en micas,L14,=+L3*(1-$C$8),2
Besoins en micas,M14,=+M3*(1-$C$8),2
Besoins en micas,N14,=+N3*(1-$C$8),2
Besoins en micas,O14,=SUM(C14:N14),1
Besoins en micas,B15,=+B11,1
Besoins en micas,C15,=+C4*(1+$C$8),2
Besoins en micas,D15,=+D4*(1+$C$8),2
Besoins en micas,E15,=+E4*(1+$C$8),2
Besoins en micas,F15,=+F4*(1+$C$8),2
Besoins en micas,G15,=+G4*(1+$C$8),2
Besoins en micas,H15,=+H4*(1+$C$8),2
Besoins en micas,I15,=+I4*(1+$C$8),2
Besoins en micas,J15,=+J4*(1+$C$8),2
Besoins en micas,K15,=+K4*(1-$C$8),2
Besoins en micas,L15,=+L4*(1-$C$8),2
Besoins en micas,M15,=+M4*(1-$C$8),2
Besoins en micas,N15,=+N4*(1-$C$8),2
Besoins en micas,O15,=SUM(C15:N15),1
Besoins en micas,B16,=+B12,1
Besoins en micas,C16,=+C5*(1+$C$8),2
Besoins en micas,D16,=+D5*(1+$C$8),2
Besoins en micas,E16,=+E5*(1+$C$8),2
Besoins en micas,F16,=+F5*(1+$C$8),2
Besoins en micas,G16,=+G5*(1+$C$8),2
Besoins en micas,H16,=+H5*(1+$C$8),2
Besoins en micas,I16,=+I5*(1+$C$8),2
Besoins en micas,J16,=+J5*(1+$C$8),2
Besoins en micas,K16,=+K5*(1-$C$8),2
Besoins en micas,L16,=+L5*(1-$C$8),2
Besoins en micas,M16,=+M5*(1-$C$8),2
Besoins en micas,N16,=+N5*(1-$C$8),2
Besoins en micas,O16,=SUM(C16:N16),1
Besoins en micas,C17,=SUM(C14:C16),1
Besoins en micas,D17,=SUM(D14:D16),1
Besoins en micas,E17,=SUM(E14:E16),1
Besoins en micas,F17,=SUM(F14:F16),1
Besoins en micas,G17,=SUM(G14:G16),1
Besoins en micas,H17,=SUM(H14:H16),1
Besoins en micas,I17,=SUM(I14:I16),1
Besoins en micas,J17,=SUM(J14:J16),1
Besoins en micas,K17,=SUM(K14:K16),1
Besoins en micas,L17,=SUM(L14:L16),1
Besoins en micas,M17,=SUM(M14:M16),1
Besoins en micas,N17,=SUM(N14:N16),1
Besoins en micas,O17,=SUM(O14:O16),1
Besoins en micas,B18,=+B14,1
Besoins en micas,C18,=+C3,1
Besoins en micas,D18,=+D3,1
Besoins en micas,E18,=+E3,1
Besoins en micas,F18,=+F3,1
Besoins en micas,G18,=+G3,1
Besoins en micas,H18,=+H3,1
Besoins en micas,I18,=+I3,1
Besoins en micas,J18,=+J3,1
Besoins en micas,K18,=+K3,1
Besoins en micas,L18,=+L3,1
Besoins en micas,M18,=+M3,1
Besoins en micas,N18,=+N3,1
Besoins en micas,O18,=SUM(C18:N18),1
Besoins en micas,B19,=+B15,1
Besoins en micas,C19,=+C4,1
Besoins en micas,D19,=+D4,1
Besoins en micas,E19,=+E4,1
Besoins en micas,F19,=+F4,1
Besoins en micas,G19,=+G4,1
Besoins en micas,H19,=+H4,1
Besoins en micas,I19,=+I4,1
Besoins en micas,J19,=+J4,1
Besoins en micas,K19,=+K4,1
Besoins en micas,L19,=+L4,1
Besoins en micas,M19,=+M4,1
Besoins en micas,N19,=+N4,1
Besoins en micas,O19,=SUM(C19:N19),1
Besoins en micas,B20,=+B16,1
Besoins en micas,C20,=+C5,1
Besoins en micas,D20,=+D5,1
Besoins en micas,E20,=+E5,1
Besoins en micas,F20,=+F5,1
Besoins en micas,G20,=+G5,1
Besoins en micas,H20,=+H5,1
Besoins en micas,I20,=+I5,1
Besoins en micas,J20,=+J5,1
Besoins en micas,K20,=+K5,1
Besoins en micas,L20,=+L5,1
Besoins en micas,M20,=+M5,1
Besoins en micas,N20,=+N5,1
Besoins en micas,O20,=SUM(C20:N20),1
Besoins en micas,C21,=SUM(C18:C20),1
Besoins en micas,D21,=SUM(D18:D20),1
Besoins en micas,E21,=SUM(E18:E20),1
Besoins en micas,F21,=SUM(F18:F20),1
Besoins en micas,G21,=SUM(G18:G20),1
Besoins en micas,H21,=SUM(H18:H20),1
Besoins en micas,I21,=SUM(I18:I20),1
Besoins en micas,J21,=SUM(J18:J20),1
Besoins en micas,K21,=SUM(K18:K20),1
Besoins en micas,L21,=SUM(L18:L20),1
Besoins en micas,M21,=SUM(M18:M20),1
Besoins en micas,N21,=SUM(N18:N20),1
Besoins en micas,O21,=SUM(O18:O20),1
Besoins en micas,B22,=+B18,1
Besoins en micas,C22,=+C10+C14-C18,3
Besoins en micas,D22,=+D10+D14-D18,3
Besoins en micas,E22,=+E10+E14-E18,3
Besoins en micas,F22,=+F10+F14-F18,3
Besoins en micas,G22,=+G10+G14-G18,3
Besoins en micas,H22,=+H10+H14-H18,3
Besoins en micas,I22,=+I10+I14-I18,3
Besoins en micas,J22,=+J10+J14-J18,3
Besoins en micas,K22,=+K10+K14-K18,3
Besoins en micas,L22,=+L10+L14-L18,3
Besoins en micas,M22,=+M10+M14-M18,3
Besoins en micas,N22,=+N10+N14-N18,3
Besoins en micas,O22,=+O10+O14-O18,3
Besoins en micas,B23,=+B19,1
Besoins en micas,C23,=+C11+C15-C19,3
Besoins en micas,D23,=+D11+D15-D19,3
Besoins en micas,E23,=+E11+E15-E19,3
Besoins en micas,F23,=+F11+F15-F19,3
Besoins en micas,G23,=+G11+G15-G19,3
Besoins en micas,H23,=+H11+H15-H19,3
Besoins en micas,I23,=+I11+I15-I19,3
Besoins en micas,J23,=+J11+J15-J19,3
Besoins en micas,K23,=+K11+K15-K19,3
Besoins en micas,L23,=+L11+L15-L19,3
Besoins en micas,M23,=+M11+M15-M19,3
Besoins en micas,N23,=+N11+N15-N19,3
Besoins en micas,O23,=+O11+O15-O19,3
Besoins en micas,B24,=+B20,1
Besoins en micas,C24,=+C12+C16-C20,3
Besoins en micas,D24,=+D12+D16-D20,3
Besoins en micas,E24,=+E12+E16-E20,3
Besoins en micas,F24,=+F12+F16-F20,3
Besoins en micas,G24,=+G12+G16-G20,3
Besoins en micas,H24,=+H12+H16-H20,3
Besoins en micas,I24,=+I12+I16-I20,3
Besoins en micas,J24,=+J12+J16-J20,3
Besoins en micas,K24,=+K12+K16-K20,3
Besoins en micas,L24,=+L12+L16-L20,3
Besoins en micas,M24,=+M12+M16-M20,3
Besoins en micas,N24,=+N12+N16-N20,3
Besoins en micas,O24,=+O12+O16-O20,3
Besoins en micas,C25,=SUM(C22:C24),1
Besoins en micas,D25,=SUM(D22:D24),1
Besoins en micas,E25,=SUM(E22:E24),1
Besoins en micas,F25,=SUM(F22:F24),1
Besoins en micas,G25,=SUM(G22:G24),1
Besoins en micas,H25,=SUM(H22:H24),1
Besoins en micas,I25,=SUM(I22:I24),1
Besoins en micas,J25,=SUM(J22:J24),1
Besoins en micas,K25,=SUM(K22:K24),1
Besoins en micas,L25,=SUM(L22:L24),1
Besoins en micas,M25,=SUM(M22:M24),1
Besoins en micas,N25,=SUM(N22:N24),1
Besoins en micas,O25,=SUM(O22:O24),1
Besoins en micas,C27,"=IFERROR(+C25*$O$91,"""")",2
Besoins en micas,D27,"=IFERROR(+D25*$O$91,"""")",2
Besoins en micas,E27,"=IFERROR(+E25*$O$91,"""")",2
Besoins en micas,F27,"=IFERROR(+F25*$O$91,"""")",2
Besoins en micas,G27,"=IFERROR(+G25*$O$91,"""")",2
Besoins en micas,H27,"=IFERROR(+H25*$O$91,"""")",2
Besoins en micas,I27,"=IFERROR(+I25*$O$91,"""")",2
Besoins en micas,J27,"=IFERROR(+J25*$O$91,"""")",2
Besoins en micas,K27,"=IFERROR(+K25*$O$91,"""")",2
Besoins en micas,L27,"=IFERROR(+L25*$O$91,"""")",2
Besoins en micas,M27,"=IFERROR(+M25*$O$91,"""")",2
Besoins en micas,N27,"=IFERROR(+N25*$O$91,"""")",2
Besoins en micas,O27,"=IFERROR(+O25*$O$91,"""")",2
Besoins en micas,C28,=C27,1
Besoins en micas,D28,"=IFERROR((-C27+D27),"""")",2
Besoins en micas,E28,"=IFERROR((-D27+E27),"""")",2
Besoins en micas,F28,"=IFERROR((-E27+F27),"""")",2
Besoins en micas,G28,"=IFERROR((-F27+G27),"""")",2
Besoins en micas,H28,"=IFERROR((-G27+H27),"""")",2
Besoins en micas,I28,"=IFERROR((-H27+I27),"""")",2
Besoins en micas,J28,"=IFERROR((-I27+J27),"""")",2
Besoins en micas,K28,"=IFERROR((-J27+K27),"""")",2
Besoins en micas,L28,"=IFERROR((-K27+L27),"""")",2
Besoins en micas,M28,"=IFERROR((-L27+M27),"""")",2
Besoins en micas,N28,"=IFERROR((-M27+N27),"""")",2
Besoins en micas,O28,"=IFERROR((-N27+O27),"""")",2
Besoins en micas,C30,=+C2,1
Besoins en micas,D30,=+D2,1
Besoins en micas,E30,=+E2,1
Besoins en micas,F30,=+F2,1
Besoins en micas,G30,=+G2,1
Besoins en micas,H30,=+H2,1
Besoins en micas,I30,=+I2,1
Besoins en micas,J30,=+J2,1
Besoins en micas,K30,=+K2,1
Besoins en micas,L30,=+L2,1
Besoins en micas,M30,=+M2,1
Besoins en micas,N30,=+N2,1
Besoins en micas,B31,=+B3,1
Besoins en micas,C31,=+C3*'Données SOMIDA'!$D$58,2
Besoins en micas,D31,=+D3*'Données SOMIDA'!$D$58,2
Besoins en micas,E31,=+E3*'Données SOMIDA'!$D$58,2
Besoins en micas,F31,=+F3*'Données SOMIDA'!$D$58,2
Besoins en micas,G31,=+G3*'Données SOMIDA'!$D$58,2
Besoins en micas,H31,=+H3*'Données SOMIDA'!$D$58,2
Besoins en micas,I31,=+I3*'Données SOMIDA'!$D$58,2
Besoins en micas,J31,=+J3*'Données SOMIDA'!$D$58,2
Besoins en micas,K31,=+K3*'Données SOMIDA'!$D$58,2
Besoins en micas,L31,=+L3*'Données SOMIDA'!$D$58,2
Besoins en micas,M31,=+M3*'Données SOMIDA'!$D$58,2
Besoins en micas,N31,=+N3*'Données SOMIDA'!$D$58,2
Besoins en micas,O31,=SUM(C31:N31),1
Besoins en micas,B32,=+B4,1
Besoins en micas,C32,=+C4*'Données SOMIDA'!$D$58,2
Besoins en micas,D32,=+D4*'Données SOMIDA'!$D$58,2
Besoins en micas,E32,=+E4*'Données SOMIDA'!$D$58,2
Besoins en micas,F32,=+F4*'Données SOMIDA'!$D$58,2
Besoins en micas,G32,=+G4*'Données SOMIDA'!$D$58,2
Besoins en micas,H32,=+H4*'Données SOMIDA'!$D$58,2
Besoins en micas,I32,=+I4*'Données SOMIDA'!$D$58,2
Besoins en micas,J32,=+J4*'Données SOMIDA'!$D$58,2
Besoins en micas,K32,=+K4*'Données SOMIDA'!$D$58,2
Besoins en micas,L32,=+L4*'Données SOMIDA'!$D$58,2
Besoins en micas,M32,=+M4*'Données SOMIDA'!$D$58,2
Besoins en micas,N32,=+N4*'Données SOMIDA'!$D$58,2
Besoins en micas,O32,=SUM(C32:N32),1
Besoins en micas,B33,=+B5,1
Besoins en micas,C33,=C5*'Données SOMIDA'!$D$58,2
Besoins en micas,D33,=D5*'Données SOMIDA'!$D$58,2
Besoins en micas,E33,=E5*'Données SOMIDA'!$D$58,2
Besoins en micas,F33,=F5*'Données SOMIDA'!$D$58,2
Besoins en micas,G33,=G5*'Données SOMIDA'!$D$58,2
Besoins en micas,H33,=H5*'Données SOMIDA'!$D$58,2
Besoins en micas,I33,=I5*'Données SOMIDA'!$D$58,2
Besoins en micas,J33,=J5*'Données SOMIDA'!$D$58,2
Besoins en micas,K33,=K5*'Données SOMIDA'!$D$58,2
Besoins en micas,L33,=L5*'Données SOMIDA'!$D$58,2
Besoins en micas,M33,=M5*'Données SOMIDA'!$D$58,2
Besoins en micas,N33,=N5*'Données SOMIDA'!$D$58,2
Besoins en micas,O33,=SUM(C33:N33),1
Besoins en micas,C34,=SUM(C31:C33),1
Besoins en micas,D34,=SUM(D31:D33),1
Besoins en micas,E34,=SUM(E31:E33),1
Besoins en micas,F34,=SUM(F31:F33),1
Besoins en micas,G34,=SUM(G31:G33),1
Besoins en micas,H34,=SUM(H31:H33),1
Besoins en micas,I34,=SUM(I31:I33),1
Besoins en micas,J34,=SUM(J31:J33),1
Besoins en micas,K34,=SUM(K31:K33),1
Besoins en micas,L34,=SUM(L31:L33),1
Besoins en micas,M34,=SUM(M31:M33),1
Besoins en micas,N34,=SUM(N31:N33),1
Besoins en micas,O34,=SUM(O31:O33),1
Besoins en micas,P34,=+O34/O6,2
Besoins en micas,O35,=SUM(C35:N35),1
Besoins en micas,C36,=+C30,1
Besoins en micas,D36,=+D30,1
Besoins en micas,E36,=+E30,1
Besoins en micas,F36,=+F30,1
Besoins en micas,G36,=+G30,1
Besoins en micas,H36,=+H30,1
Besoins en micas,I36,=+I30,1
Besoins en micas,J36,=+J30,1
Besoins en micas,K36,=+K30,1
Besoins en micas,L36,=+L30,1
Besoins en micas,M36,=+M30,1
Besoins en micas,N36,=+N30,1
Besoins en micas,B37,=+B3,1
Besoins en micas,C37,=+Commandes!C32,1
Besoins en micas,D37,=+Commandes!D32,1
Besoins en micas,E37,=+Commandes!E32,1
Besoins en micas,F37,=+Commandes!F32,1
Besoins en micas,G37,=+Commandes!G32,1
Besoins en micas,H37,=+Commandes!H32,1
Besoins en micas,I37,=+Commandes!I32,1
Besoins en micas,J37,=+Commandes!J32,1
Besoins en micas,K37,=+Commandes!K32,1
Besoins en micas,L37,=+Commandes!L32,1
Besoins en micas,M37,=+Commandes!M32,1
Besoins en micas,N37,=+Commandes!N32,1
Besoins en micas,O37,=SUM(C37:N37),1
Besoins en micas,B38,=+B4,1
Besoins en micas,C38,=+Commandes!C39,1
Besoins en micas,D38,=+Commandes!D39,1
Besoins en micas,E38,=+Commandes!E39,1
Besoins en micas,F38,=+Commandes!F39,1
Besoins en micas,G38,=+Commandes!G39,1
Besoins en micas,H38,=+Commandes!H39,1
Besoins en micas,I38,=+Commandes!I39,1
Besoins en micas,J38,=+Commandes!J39,1
Besoins en micas,K38,=+Commandes!K39,1
Besoins en micas,L38,=+Commandes!L39,1
Besoins en micas,M38,=+Commandes!M39,1
Besoins en micas,N38,=+Commandes!N39,1
Besoins en micas,O38,=SUM(C38:N38),1
Besoins en micas,B39,=+B33,1
Besoins en micas,C39,=+Commandes!C42,1
Besoins en micas,D39,=+Commandes!D42,1
Besoins en micas,E39,=+Commandes!E42,1
Besoins en micas,F39,=+Commandes!F42,1
Besoins en micas,G39,=+Commandes!G42,1
Besoins en micas,H39,=+Commandes!H42,1
Besoins en micas,I39,=+Commandes!I42,1
Besoins en micas,J39,=+Commandes!J42,1
Besoins en micas,K39,=+Commandes!K42,1
Besoins en micas,L39,=+Commandes!L42,1
Besoins en micas,M39,=+Commandes!M42,1
Besoins en micas,N39,=+Commandes!N42,1
Besoins en micas,O39,=SUM(C39:N39),1
Besoins en micas,C40,=SUM(C37:C39),1
Besoins en micas,D40,=SUM(D37:D39),1
Besoins en micas,E40,=SUM(E37:E39),1
Besoins en micas,F40,=SUM(F37:F39),1
Besoins en micas,G40,=SUM(G37:G39),1
Besoins en micas,H40,=SUM(H37:H39),1
Besoins en micas,I40,=SUM(I37:I39),1
Besoins en micas,J40,=SUM(J37:J39),1
Besoins en micas,K40,=SUM(K37:K39),1
Besoins en micas,L40,=SUM(L37:L39),1
Besoins en micas,M40,=SUM(M37:M39),1
Besoins en micas,N40,=SUM(N37:N39),1
Besoins en micas,O40,=SUM(O37:O39),1
Besoins en micas,C43,=+C36,1
Besoins en micas,D43,=+D36,1
Besoins en micas,E43,=+E36,1
Besoins en micas,F43,=+F36,1
Besoins en micas,G43,=+G36,1
Besoins en micas,H43,=+H36,1
Besoins en micas,I43,=+I36,1
Besoins en micas,J43,=+J36,1
Besoins en micas,K43,=+K36,1
Besoins en micas,L43,=+L36,1
Besoins en micas,M43,=+M36,1
Besoins en micas,N43,=+N36,1
Besoins en micas,O43,=+O36,1
Besoins en micas,B44,=+'Données SOMIDA'!C62,1
Besoins en micas,C44,=+C14*'Données SOMIDA'!$D$62,2
Besoins en micas,D44,=+D14*'Données SOMIDA'!$D$62,2
Besoins en micas,E44,=+E14*'Données SOMIDA'!$D$62,2
Besoins en micas,F44,=+F14*'Données SOMIDA'!$D$62,2
Besoins en micas,G44,=+G14*'Données SOMIDA'!$D$62,2
Besoins en micas,H44,=+H14*'Données SOMIDA'!$D$62,2
Besoins en micas,I44,=+I14*'Données SOMIDA'!$D$62,2
Besoins en micas,J44,=+J14*'Données SOMIDA'!$D$62,2
Besoins en micas,K44,=+K14*'Données SOMIDA'!$D$62,2
Besoins en micas,L44,=+L14*'Données SOMIDA'!$D$62,2
Besoins en micas,M44,=+M14*'Données SOMIDA'!$D$62,2
Besoins en micas,N44,=+N14*'Données SOMIDA'!$D$62,2
Besoins en micas,O44,=SUM(C44:N44),1
Besoins en micas,B45,=+'Données SOMIDA'!C63,1
Besoins en micas,C45,=+C14*'Données SOMIDA'!$D$63,2
Besoins en micas,D45,=+D14*'Données SOMIDA'!$D$63,2
Besoins en micas,E45,=+E14*'Données SOMIDA'!$D$63,2
Besoins en micas,F45,=+F14*'Données SOMIDA'!$D$63,2
Besoins en micas,G45,=+G14*'Données SOMIDA'!$D$63,2
Besoins en micas,H45,=+H14*'Données SOMIDA'!$D$63,2
Besoins en micas,I45,=+I14*'Données SOMIDA'!$D$63,2
Besoins en micas,J45,=+J14*'Données SOMIDA'!$D$63,2
Besoins en micas,K45,=+K14*'Données SOMIDA'!$D$63,2
Besoins en micas,L45,=+L14*'Données SOMIDA'!$D$63,2
Besoins en micas,M45,=+M14*'Données SOMIDA'!$D$63,2
Besoins en micas,N45,=+N14*'Données SOMIDA'!$D$63,2
Besoins en micas,O45,=SUM(C45:N45),1
Besoins en micas,B46,=+'Données SOMIDA'!C64,1
Besoins en micas,C46,=+C14*'Données SOMIDA'!$D$64,2
Besoins en micas,D46,=+D14*'Données SOMIDA'!$D$64,2
Besoins en micas,E46,=+E14*'Données SOMIDA'!$D$64,2
Besoins en micas,F46,=+F14*'Données SOMIDA'!$D$64,2
Besoins en micas,G46,=+G14*'Données SOMIDA'!$D$64,2
Besoins en micas,H46,=+H14*'Données SOMIDA'!$D$64,2
Besoins en micas,I46,=+I14*'Données SOMIDA'!$D$64,2
Besoins en micas,J46,=+J14*'Données SOMIDA'!$D$64,2
Besoins en micas,K46,=+K14*'Données SOMIDA'!$D$64,2
Besoins en micas,L46,=+L14*'Données SOMIDA'!$D$64,2
Besoins en micas,M46,=+M14*'Données SOMIDA'!$D$64,2
Besoins en micas,N46,=+N14*'Données SOMIDA'!$D$64,2
Besoins en micas,O46,=SUM(C46:N46),1
Besoins en micas,B47,=+'Données SOMIDA'!C65,1
Besoins en micas,C47,=+C14*'Données SOMIDA'!$D$65,2
Besoins en micas,D47,=+D14*'Données SOMIDA'!$D$65,2
Besoins en micas,E47,=+E14*'Données SOMIDA'!$D$65,2
Besoins en micas,F47,=+F14*'Données SOMIDA'!$D$65,2
Besoins en micas,G47,=+G14*'Données SOMIDA'!$D$65,2
Besoins en micas,H47,=+H14*'Données SOMIDA'!$D$65,2
Besoins en micas,I47,=+I14*'Données SOMIDA'!$D$65,2
Besoins en micas,J47,=+J14*'Données SOMIDA'!$D$65,2
Besoins en micas,K47,=+K14*'Données SOMIDA'!$D$65,2
Besoins en micas,L47,=+L14*'Données SOMIDA'!$D$65,2
Besoins en micas,M47,=+M14*'Données SOMIDA'!$D$65,2
Besoins en micas,N47,=+N14*'Données SOMIDA'!$D$65,2
Besoins en micas,O47,=SUM(C47:N47),1
Besoins en micas,B48,=+B31,1
Besoins en micas,C48,=SUM(C44:C47),1
Besoins en micas,D48,=SUM(D44:D47),1
Besoins en micas,E48,=SUM(E44:E47),1
Besoins en micas,F48,=SUM(F44:F47),1
Besoins en micas,G48,=SUM(G44:G47),1
Besoins en micas,H48,=SUM(H44:H47),1
Besoins en micas,I48,=SUM(I44:I47),1
Besoins en micas,J48,=SUM(J44:J47),1
Besoins en micas,K48,=SUM(K44:K47),1
Besoins en micas,L48,=SUM(L44:L47),1
Besoins en micas,M48,=SUM(M44:M47),1
Besoins en micas,N48,=SUM(N44:N47),1
Besoins en micas,O48,=SUM(C48:N48),1
Besoins en micas,B49,=+B44,1
Besoins en micas,C49,=+C15*'Données SOMIDA'!$D$62,2
Besoins en micas,D49,=+D15*'Données SOMIDA'!$D$62,2
Besoins en micas,E49,=+E15*'Données SOMIDA'!$D$62,2
Besoins en micas,F49,=+F15*'Données SOMIDA'!$D$62,2
Besoins en micas,G49,=+G15*'Données SOMIDA'!$D$62,2
Besoins en micas,H49,=+H15*'Données SOMIDA'!$D$62,2
Besoins en micas,I49,=+I15*'Données SOMIDA'!$D$62,2
Besoins en micas,J49,=+J15*'Données SOMIDA'!$D$62,2
Besoins en micas,K49,=+K15*'Données SOMIDA'!$D$62,2
Besoins en micas,L49,=+L15*'Données SOMIDA'!$D$62,2
Besoins en micas,M49,=+M15*'Données SOMIDA'!$D$62,2
Besoins en micas,N49,=+N15*'Données SOMIDA'!$D$62,2
Besoins en micas,O49,=SUM(C49:N49),1
Besoins en micas,B50,=+B45,1
Besoins en micas,C50,=+C15*'Données SOMIDA'!$D$63,2
Besoins en micas,D50,=+D15*'Données SOMIDA'!$D$63,2
Besoins en micas,E50,=+E15*'Données SOMIDA'!$D$63,2
Besoins en micas,F50,=+F15*'Données SOMIDA'!$D$63,2
Besoins en micas,G50,=+G15*'Données SOMIDA'!$D$63,2
Besoins en micas,H50,=+H15*'Données SOMIDA'!$D$63,2
Besoins en micas,I50,=+I15*'Données SOMIDA'!$D$63,2
Besoins en micas,J50,=+J15*'Données SOMIDA'!$D$63,2
Besoins en micas,K50,=+K15*'Données SOMIDA'!$D$63,2
Besoins en micas,L50,=+L15*'Données SOMIDA'!$D$63,2
Besoins en micas,M50,=+M15*'Données SOMIDA'!$D$63,2
Besoins en micas,N50,=+N15*'Données SOMIDA'!$D$63,2
Besoins en micas,O50,=SUM(C50:N50),1
Besoins en micas,B51,=+B46,1
Besoins en micas,C51,=+C15*'Données SOMIDA'!$D$64,2
Besoins en micas,D51,=+D15*'Données SOMIDA'!$D$64,2
Besoins en micas,E51,=+E15*'Données SOMIDA'!$D$64,2
Besoins en micas,F51,=+F15*'Données SOMIDA'!$D$64,2
Besoins en micas,G51,=+G15*'Données SOMIDA'!$D$64,2
Besoins en micas,H51,=+H15*'Données SOMIDA'!$D$64,2
Besoins en micas,I51,=+I15*'Données SOMIDA'!$D$64,2
Besoins en micas,J51,=+J15*'Données SOMIDA'!$D$64,2
Besoins en micas,K51,=+K15*'Données SOMIDA'!$D$64,2
Besoins en micas,L51,=+L15*'Données SOMIDA'!$D$64,2
Besoins en micas,M51,=+M15*'Données SOMIDA'!$D$64,2
Besoins en micas,N51,=+N15*'Données SOMIDA'!$D$64,2
Besoins en micas,O51,=SUM(C51:N51),1
Besoins en micas,B52,=+B47,1
Besoins en micas,C52,=+C15*'Données SOMIDA'!$D$65,2
Besoins en micas,D52,=+D15*'Données SOMIDA'!$D$65,2
Besoins en micas,E52,=+E15*'Données SOMIDA'!$D$65,2
Besoins en micas,F52,=+F15*'Données SOMIDA'!$D$65,2
Besoins en micas,G52,=+G15*'Données SOMIDA'!$D$65,2
Besoins en micas,H52,=+H15*'Données SOMIDA'!$D$65,2
Besoins en micas,I52,=+I15*'Données SOMIDA'!$D$65,2
Besoins en micas,J52,=+J15*'Données SOMIDA'!$D$65,2
Besoins en micas,K52,=+K15*'Données SOMIDA'!$D$65,2
Besoins en micas,L52,=+L15*'Données SOMIDA'!$D$65,2
Besoins en micas,M52,=+M15*'Données SOMIDA'!$D$65,2
Besoins en micas,N52,=+N15*'Données SOMIDA'!$D$65,2
Besoins en micas,O52,=SUM(C52:N52),1
Besoins en micas,B53,=+B32,1
Besoins en micas,C53,=SUM(C49:C52),1
Besoins en micas,D53,=SUM(D49:D52),1
Besoins en micas,E53,=SUM(E49:E52),1
Besoins en micas,F53,=SUM(F49:F52),1
Besoins en micas,G53,=SUM(G49:G52),1
Besoins en micas,H53,=SUM(H49:H52),1
Besoins en micas,I53,=SUM(I49:I52),1
Besoins en micas,J53,=SUM(J49:J52),1
Besoins en micas,K53,=SUM(K49:K52),1
Besoins en micas,L53,=SUM(L49:L52),1
Besoins en micas,M53,=SUM(M49:M52),1
Besoins en micas,N53,=SUM(N49:N52),1
Besoins en micas,O53,=SUM(C53:N53),1
Besoins en micas,B54,=+B50,1
Besoins en micas,C54,=+C16,1
Besoins en micas,D54,=+D16,1
Besoins en micas,E54,=+E16,1
Besoins en micas,F54,=+F16,1
Besoins en micas,G54,=+G16,1
Besoins en micas,H54,=+H16,1
Besoins en micas,I54,=+I16,1
Besoins en micas,J54,=+J16,1
Besoins en micas,K54,=+K16,1
Besoins en micas,L54,=+L16,1
Besoins en micas,M54,=+M16,1
Besoins en micas,N54,=+N16,1
Besoins en micas,O54,=SUM(C54:N54),1
Besoins en micas,B55,=+B33,1
Besoins en micas,C55,=+C54,1
Besoins en micas,D55,=+D54,1
Besoins en micas,E55,=+E54,1
Besoins en micas,F55,=+F54,1
Besoins en micas,G55,=+G54,1
Besoins en micas,H55,=+H54,1
Besoins en micas,I55,=+I54,1
Besoins en micas,J55,=+J54,1
Besoins en micas,K55,=+K54,1
Besoins en micas,L55,=+L54,1
Besoins en micas,M55,=+M54,1
Besoins en micas,N55,=+N54,1
Besoins en micas,O55,=+O54,1
Besoins en micas,C56,=+C53+C48+C55,3
Besoins en micas,D56,=+D53+D48+D55,3
Besoins en micas,E56,=+E53+E48+E55,3
Besoins en micas,F56,=+F53+F48+F55,3
Besoins en micas,G56,=+G53+G48+G55,3
Besoins en micas,H56,=+H53+H48+H55,3
Besoins en micas,I56,=+I53+I48+I55,3
Besoins en micas,J56,=+J53+J48+J55,3
Besoins en micas,K56,=+K53+K48+K55,3
Besoins en micas,L56,=+L53+L48+L55,3
Besoins en micas,M56,=+M53+M48+M55,3
Besoins en micas,N56,=+N53+N48+N55,3
Besoins en micas,O56,=+O53+O48+O55,3
Besoins en micas,P56,=+O71/O56,2
Besoins en micas,C59,=+C43,1
Besoins en micas,D59,=+D43,1
Besoins en micas,E59,=+E43,1
Besoins en micas,F59,=+F43,1
Besoins en micas,G59,=+G43,1
Besoins en micas,H59,=+H43,1
Besoins en micas,I59,=+I43,1
Besoins en micas,J59,=+J43,1
Besoins en micas,K59,=+K43,1
Besoins en micas,L59,=+L43,1
Besoins en micas,M59,=+M43,1
Besoins en micas,N59,=+N43,1
Besoins en micas,O59,=+O43,1
Besoins en micas,B60,=+B49,1
Besoins en micas,C60,=+C44*'Données SOMIDA'!$G$71,2
Besoins en micas,D60,=+D44*'Données SOMIDA'!$G$71,2
Besoins en micas,E60,=+E44*'Données SOMIDA'!$G$71,2
Besoins en micas,F60,=+F44*'Données SOMIDA'!$G$71,2
Besoins en micas,G60,=+G44*'Données SOMIDA'!$G$71,2
Besoins en micas,H60,=+H44*'Données SOMIDA'!$G$71,2
Besoins en micas,I60,=+I44*'Données SOMIDA'!$G$71,2
Besoins en micas,J60,=+J44*'Données SOMIDA'!$G$71,2
Besoins en micas,K60,=+K44*'Données SOMIDA'!$G$71,2
Besoins en micas,L60,=+L44*'Données SOMIDA'!$G$71,2
Besoins en micas,M60,=+M44*'Données SOMIDA'!$G$71,2
Besoins en micas,N60,=+N44*'Données SOMIDA'!$G$71,2
Besoins en micas,O60,=SUM(C60:N60),1
Besoins en micas,B61,=+B50,1
Besoins en micas,C61,=(+C45)*'Données SOMIDA'!$G$72,2
Besoins en micas,D61,=(+D45)*'Données SOMIDA'!$G$72,2
Besoins en micas,E61,=(+E45)*'Données SOMIDA'!$G$72,2
Besoins en micas,F61,=(+F45)*'Données SOMIDA'!$G$72,2
Besoins en micas,G61,=(+G45)*'Données SOMIDA'!$G$72,2
Besoins en micas,H61,=(+H45)*'Données SOMIDA'!$G$72,2
Besoins en micas,I61,=(+I45)*'Données SOMIDA'!$G$72,2
Besoins en micas,J61,=(+J45)*'Données SOMIDA'!$G$72,2
Besoins en micas,K61,=(+K45)*'Données SOMIDA'!$G$72,2
Besoins en micas,L61,=(+L45)*'Données SOMIDA'!$G$72,2
Besoins en micas,M61,=(+M45)*'Données SOMIDA'!$G$72,2
Besoins en micas,N61,=(+N45)*'Données SOMIDA'!$G$72,2
Besoins en micas,O61,=SUM(C61:N61),1
Besoins en micas,B62,=+B51,1
Besoins en micas,C62,=+C46*'Données SOMIDA'!$G$74,2
Besoins en micas,D62,=+D46*'Données SOMIDA'!$G$74,2
Besoins en micas,E62,=+E46*'Données SOMIDA'!$G$74,2
Besoins en micas,F62,=+F46*'Données SOMIDA'!$G$74,2
Besoins en micas,G62,=+G46*'Données SOMIDA'!$G$74,2
Besoins en micas,H62,=+H46*'Données SOMIDA'!$G$74,2
Besoins en micas,I62,=+I46*'Données SOMIDA'!$G$74,2
Besoins en micas,J62,=+J46*'Données SOMIDA'!$G$74,2
Besoins en micas,K62,=+K46*'Données SOMIDA'!$G$74,2
Besoins en micas,L62,=+L46*'Données SOMIDA'!$G$74,2
Besoins en micas,M62,=+M46*'Données SOMIDA'!$G$74,2
Besoins en micas,N62,=+N46*'Données SOMIDA'!$G$74,2
Besoins en micas,O62,=SUM(C62:N62),1
Besoins en micas,B63,=+B52,1
Besoins en micas,C63,=+C47*'Données SOMIDA'!$G$75,2
Besoins en micas,D63,=+D47*'Données SOMIDA'!$G$75,2
Besoins en micas,E63,=+E47*'Données SOMIDA'!$G$75,2
Besoins en micas,F63,=+F47*'Données SOMIDA'!$G$75,2
Besoins en micas,G63,=+G47*'Données SOMIDA'!$G$75,2
Besoins en micas,H63,=+H47*'Données SOMIDA'!$G$75,2
Besoins en micas,I63,=+I47*'Données SOMIDA'!$G$75,2
Besoins en micas,J63,=+J47*'Données SOMIDA'!$G$75,2
Besoins en micas,K63,=+K47*'Données SOMIDA'!$G$75,2
Besoins en micas,L63,=+L47*'Données SOMIDA'!$G$75,2
Besoins en micas,M63,=+M47*'Données SOMIDA'!$G$75,2
Besoins en micas,N63,=+N47*'Données SOMIDA'!$G$75,2
Besoins en micas,O63,=SUM(C63:N63),1
Besoins en micas,B64,=+B48,1
Besoins en micas,C64,=SUM(C60:C63),1
Besoins en micas,D64,=SUM(D60:D63),1
Besoins en micas,E64,=SUM(E60:E63),1
Besoins en micas,F64,=SUM(F60:F63),1
Besoins en micas,G64,=SUM(G60:G63),1
Besoins en micas,H64,=SUM(H60:H63),1
Besoins en micas,I64,=SUM(I60:I63),1
Besoins en micas,J64,=SUM(J60:J63),1
Besoins en micas,K64,=SUM(K60:K63),1
Besoins en micas,L64,=SUM(L60:L63),1
Besoins en micas,M64,=SUM(M60:M63),1
Besoins en micas,N64,=SUM(N60:N63),1
Besoins en micas,O64,=SUM(O60:O63),1
Besoins en micas,B65,=+B60,1
Besoins en micas,C65,=+C49*'Données SOMIDA'!$G$71,2
Besoins en micas,D65,=+D49*'Données SOMIDA'!$G$71,2
Besoins en micas,E65,=+E49*'Données SOMIDA'!$G$71,2
Besoins en micas,F65,=+F49*'Données SOMIDA'!$G$71,2
Besoins en micas,G65,=+G49*'Données SOMIDA'!$G$71,2
Besoins en micas,H65,=+H49*'Données SOMIDA'!$G$71,2
Besoins en micas,I65,=+I49*'Données SOMIDA'!$G$71,2
Besoins en micas,J65,=+J49*'Données SOMIDA'!$G$71,2
Besoins en micas,K65,=+K49*'Données SOMIDA'!$G$71,2
Besoins en micas,L65,=+L49*'Données SOMIDA'!$G$71,2
Besoins en micas,M65,=+M49*'Données SOMIDA'!$G$71,2
Besoins en micas,N65,=+N49*'Données SOMIDA'!$G$71,2
Besoins en micas,O65,=SUM(C65:N65),1
Besoins en micas,B66,=+B61,1
Besoins en micas,C66,=+C50*'Données SOMIDA'!$G$72,2
Besoins en micas,D66,=+D50*'Données SOMIDA'!$G$72,2
Besoins en micas,E66,=+E50*'Données SOMIDA'!$G$72,2
Besoins en micas,F66,=+F50*'Données SOMIDA'!$G$72,2
Besoins en micas,G66,=+G50*'Données SOMIDA'!$G$72,2
Besoins en micas,H66,=+H50*'Données SOMIDA'!$G$72,2
Besoins en micas,I66,=+I50*'Données SOMIDA'!$G$72,2
Besoins en micas,J66,=+J50*'Données SOMIDA'!$G$72,2
Besoins en micas,K66,=+K50*'Données SOMIDA'!$G$72,2
Besoins en micas,L66,=+L50*'Données SOMIDA'!$G$72,2
Besoins en micas,M66,=+M50*'Données SOMIDA'!$G$72,2
Besoins en micas,N66,=+N50*'Données SOMIDA'!$G$72,2
Besoins en micas,O66,=SUM(C66:N66),1
Besoins en micas,B67,=+B62,1
Besoins en micas,C67,=+C51*'Données SOMIDA'!$G$74,2
Besoins en micas,D67,=+D51*'Données SOMIDA'!$G$74,2
Besoins en micas,E67,=+E51*'Données SOMIDA'!$G$74,2
Besoins en micas,F67,=+F51*'Données SOMIDA'!$G$74,2
Besoins en micas,G67,=+G51*'Données SOMIDA'!$G$74,2
Besoins en micas,H67,=+H51*'Données SOMIDA'!$G$74,2
Besoins en micas,I67,=+I51*'Données SOMIDA'!$G$74,2
Besoins en micas,J67,=+J51*'Données SOMIDA'!$G$74,2
Besoins en micas,K67,=+K51*'Données SOMIDA'!$G$74,2
Besoins en micas,L67,=+L51*'Données SOMIDA'!$G$74,2
Besoins en micas,M67,=+M51*'Données SOMIDA'!$G$74,2
Besoins en micas,N67,=+N51*'Données SOMIDA'!$G$74,2
Besoins en micas,O67,=SUM(C67:N67),1
Besoins en micas,B68,=+B63,1
Besoins en micas,C68,=+C52*'Données SOMIDA'!$G$75,2
Besoins en micas,D68,=+D52*'Données SOMIDA'!$G$75,2
Besoins en micas,E68,=+E52*'Données SOMIDA'!$G$75,2
Besoins en micas,F68,=+F52*'Données SOMIDA'!$G$75,2
Besoins en micas,G68,=+G52*'Données SOMIDA'!$G$75,2
Besoins en micas,H68,=+H52*'Données SOMIDA'!$G$75,2
Besoins en micas,I68,=+I52*'Données SOMIDA'!$G$75,2
Besoins en micas,J68,=+J52*'Données SOMIDA'!$G$75,2
Besoins en micas,K68,=+K52*'Données SOMIDA'!$G$75,2
Besoins en micas,L68,=+L52*'Données SOMIDA'!$G$75,2
Besoins en micas,M68,=+M52*'Données SOMIDA'!$G$75,2
Besoins en micas,N68,=+N52*'Données SOMIDA'!$G$75,2
Besoins en micas,O68,=SUM(C68:N68),1
Besoins en micas,B69,=+B53,1
Besoins en micas,C69,=SUM(C65:C68),1
Besoins en micas,D69,=SUM(D65:D68),1
Besoins en micas,E69,=SUM(E65:E68),1
Besoins en micas,F69,=SUM(F65:F68),1
Besoins en micas,G69,=SUM(G65:G68),1
Besoins en micas,H69,=SUM(H65:H68),1
Besoins en micas,I69,=SUM(I65:I68),1
Besoins en micas,J69,=SUM(J65:J68),1
Besoins en micas,K69,=SUM(K65:K68),1
Besoins en micas,L69,=SUM(L65:L68),1
Besoins en micas,M69,=SUM(M65:M68),1
Besoins en micas,N69,=SUM(N65:N68),1
Besoins en micas,O69,=SUM(O65:O68),1
Besoins en micas,B70,=+B55,1
Besoins en micas,C70,=+C54*'Données SOMIDA'!$G$73,2
Besoins en micas,D70,=+D54*'Données SOMIDA'!$G$73,2
Besoins en micas,E70,=+E54*'Données SOMIDA'!$G$73,2
Besoins en micas,F70,=+F54*'Données SOMIDA'!$G$73,2
Besoins en micas,G70,=+G54*'Données SOMIDA'!$G$73,2
Besoins en micas,H70,=+H54*'Données SOMIDA'!$G$73,2
Besoins en micas,I70,=+I54*'Données SOMIDA'!$G$73,2
Besoins en micas,J70,=+J54*'Données SOMIDA'!$G$73,2
Besoins en micas,K70,=+K54*'Données SOMIDA'!$G$73,2
Besoins en micas,L70,=+L54*'Données SOMIDA'!$G$73,2
Besoins en micas,M70,=+M54*'Données SOMIDA'!$G$73,2
Besoins en micas,N70,=+N54*'Données SOMIDA'!$G$73,2
Besoins en micas,O70,=SUM(C70:N70),1
Besoins en micas,C71,=+C69+C64+C70,3
Besoins en micas,D71,=+D69+D64+D70,3
Besoins en micas,E71,=+E69+E64+E70,3
Besoins en micas,F71,=+F69+F64+F70,3
Besoins en micas,G71,=+G69+G64+G70,3
Besoins en micas,H71,=+H69+H64+H70,3
Besoins en micas,I71,=+I69+I64+I70,3
Besoins en micas,J71,=+J69+J64+J70,3
Besoins en micas,K71,=+K69+K64+K70,3
Besoins en micas,L71,=+L69+L64+L70,3
Besoins en micas,M71,=+M69+M64+M70,3
Besoins en micas,N71,=+N69+N64+N70,3
Besoins en micas,O71,=+O69+O64+O70,3
Besoins en micas,C73,=+C59,1
Besoins en micas,D73,=+D59,1
Besoins en micas,E73,=+E59,1
Besoins en micas,F73,=+F59,1
Besoins en micas,G73,=+G59,1
Besoins en micas,H73,=+H59,1
Besoins en micas,I73,=+I59,1
Besoins en micas,J73,=+J59,1
Besoins en micas,K73,=+K59,1
Besoins en micas,L73,=+L59,1
Besoins en micas,M73,=+M59,1
Besoins en micas,N73,=+N59,1
Besoins en micas,O73,=+O59,1
Besoins en micas,C74,"=+SUMIF($B$44:$B$53,$B$74,C44:C53)*'Données SOMIDA'!$E$71",4
Besoins en micas,D74,"=+SUMIF($B$44:$B$53,$B$74,D44:D53)*'Données SOMIDA'!$E$71",4
Besoins en micas,E74,"=+SUMIF($B$44:$B$53,$B$74,E44:E53)*'Données SOMIDA'!$E$71",4
Besoins en micas,F74,"=+SUMIF($B$44:$B$53,$B$74,F44:F53)*'Données SOMIDA'!$E$71",4
Besoins en micas,G74,"=+SUMIF($B$44:$B$53,$B$74,G44:G53)*'Données SOMIDA'!$E$71",4
Besoins en micas,H74,"=+SUMIF($B$44:$B$53,$B$74,H44:H53)*'Données SOMIDA'!$E$71",4
Besoins en micas,I74,"=+SUMIF($B$44:$B$53,$B$74,I44:I53)*'Données SOMIDA'!$E$71",4
Besoins en micas,J74,"=+SUMIF($B$44:$B$53,$B$74,J44:J53)*'Données SOMIDA'!$E$71",4
Besoins en micas,K74,"=+SUMIF($B$44:$B$53,$B$74,K44:K53)*'Données SOMIDA'!$E$71",4
Besoins en micas,L74,"=+SUMIF($B$44:$B$53,$B$74,L44:L53)*'Données SOMIDA'!$E$71",4
Besoins en micas,M74,"=+SUMIF($B$44:$B$53,$B$74,M44:M53)*'Données SOMIDA'!$E$71",4
Besoins en micas,N74,"=+SUMIF($B$44:$B$53,$B$74,N44:N53)*'Données SOMIDA'!$E$71",4
Besoins en micas,O74,=SUM(C74:N74),1
Besoins en micas,C75,"=+SUMIF($B$44:$B$54,$B$75,C44:C54)*'Données SOMIDA'!$E$72",4
Besoins en micas,D75,"=+SUMIF($B$44:$B$54,$B$75,D44:D54)*'Données SOMIDA'!$E$72",4
Besoins en micas,E75,"=+SUMIF($B$44:$B$54,$B$75,E44:E54)*'Données SOMIDA'!$E$72",4
Besoins en micas,F75,"=+SUMIF($B$44:$B$54,$B$75,F44:F54)*'Données SOMIDA'!$E$72",4
Besoins en micas,G75,"=+SUMIF($B$44:$B$54,$B$75,G44:G54)*'Données SOMIDA'!$E$72",4
Besoins en micas,H75,"=+SUMIF($B$44:$B$54,$B$75,H44:H54)*'Données SOMIDA'!$E$72",4
Besoins en micas,I75,"=+SUMIF($B$44:$B$54,$B$75,I44:I54)*'Données SOMIDA'!$E$72",4
Besoins en micas,J75,"=+SUMIF($B$44:$B$54,$B$75,J44:J54)*'Données SOMIDA'!$E$72",4
Besoins en micas,K75,"=+SUMIF($B$44:$B$54,$B$75,K44:K54)*'Données SOMIDA'!$E$72",4
Besoins en micas,L75,"=+SUMIF($B$44:$B$54,$B$75,L44:L54)*'Données SOMIDA'!$E$72",4
Besoins en micas,M75,"=+SUMIF($B$44:$B$54,$B$75,M44:M54)*'Données SOMIDA'!$E$72",4
Besoins en micas,N75,"=+SUMIF($B$44:$B$54,$B$75,N44:N54)*'Données SOMIDA'!$E$72",4
Besoins en micas,O75,=SUM(C75:N75),1
Besoins en micas,C76,"=+SUMIF($B$44:$B$53,$B$76,C44:C53)*'Données SOMIDA'!$E$74",4
Besoins en micas,D76,"=+SUMIF($B$44:$B$53,$B$76,D44:D53)*'Données SOMIDA'!$E$74",4
Besoins en micas,E76,"=+SUMIF($B$44:$B$53,$B$76,E44:E53)*'Données SOMIDA'!$E$74",4
Besoins en micas,F76,"=+SUMIF($B$44:$B$53,$B$76,F44:F53)*'Données SOMIDA'!$E$74",4
Besoins en micas,G76,"=+SUMIF($B$44:$B$53,$B$76,G44:G53)*'Données SOMIDA'!$E$74",4
Besoins en micas,H76,"=+SUMIF($B$44:$B$53,$B$76,H44:H53)*'Données SOMIDA'!$E$74",4
Besoins en micas,I76,"=+SUMIF($B$44:$B$53,$B$76,I44:I53)*'Données SOMIDA'!$E$74",4
Besoins en micas,J76,"=+SUMIF($B$44:$B$53,$B$76,J44:J53)*'Données SOMIDA'!$E$74",4
Besoins en micas,K76,"=+SUMIF($B$44:$B$53,$B$76,K44:K53)*'Données SOMIDA'!$E$74",4
Besoins en micas,L76,"=+SUMIF($B$44:$B$53,$B$76,L44:L53)*'Données SOMIDA'!$E$74",4
Besoins en micas,M76,"=+SUMIF($B$44:$B$53,$B$76,M44:M53)*'Données SOMIDA'!$E$74",4
Besoins en micas,N76,"=+SUMIF($B$44:$B$53,$B$76,N44:N53)*'Données SOMIDA'!$E$74",4
Besoins en micas,O76,=SUM(C76:N76),1
Besoins en micas,C77,"=+SUMIF($B$44:$B$53,$B$77,C44:C53)*'Données SOMIDA'!$E$75",4
Besoins en micas,D77,"=+SUMIF($B$44:$B$53,$B$77,D44:D53)*'Données SOMIDA'!$E$75",4
Besoins en micas,E77,"=+SUMIF($B$44:$B$53,$B$77,E44:E53)*'Données SOMIDA'!$E$75",4
Besoins en micas,F77,"=+SUMIF($B$44:$B$53,$B$77,F44:F53)*'Données SOMIDA'!$E$75",4
Besoins en micas,G77,"=+SUMIF($B$44:$B$53,$B$77,G44:G53)*'Données SOMIDA'!$E$75",4
Besoins en micas,H77,"=+SUMIF($B$44:$B$53,$B$77,H44:H53)*'Données SOMIDA'!$E$75",4
Besoins en micas,I77,"=+SUMIF($B$44:$B$53,$B$77,I44:I53)*'Données SOMIDA'!$E$75",4
Besoins en micas,J77,"=+SUMIF($B$44:$B$53,$B$77,J44:J53)*'Données SOMIDA'!$E$75",4
Besoins en micas,K77,"=+SUMIF($B$44:$B$53,$B$77,K44:K53)*'Données SOMIDA'!$E$75",4
Besoins en micas,L77,"=+SUMIF($B$44:$B$53,$B$77,L44:L53)*'Données SOMIDA'!$E$75",4
Besoins en micas,M77,"=+SUMIF($B$44:$B$53,$B$77,M44:M53)*'Données SOMIDA'!$E$75",4
Besoins en micas,N77,"=+SUMIF($B$44:$B$53,$B$77,N44:N53)*'Données SOMIDA'!$E$75",4
Besoins en micas,O77,=SUM(C77:N77),1
Besoins en micas,C78,=SUM(C74:C77),1
Besoins en micas,D78,=SUM(D74:D77),1
Besoins en micas,E78,=SUM(E74:E77),1
Besoins en micas,F78,=SUM(F74:F77),1
Besoins en micas,G78,=SUM(G74:G77),1
Besoins en micas,H78,=SUM(H74:H77),1
Besoins en micas,I78,=SUM(I74:I77),1
Besoins en micas,J78,=SUM(J74:J77),1
Besoins en micas,K78,=SUM(K74:K77),1
Besoins en micas,L78,=SUM(L74:L77),1
Besoins en micas,M78,=SUM(M74:M77),1
Besoins en micas,N78,=SUM(N74:N77),1
Besoins en micas,O78,=SUM(C78:N78),1
Besoins en micas,C80,=+C73,1
Besoins en micas,D80,=+D73,1
Besoins en micas,E80,=+E73,1
Besoins en micas,F80,=+F73,1
Besoins en micas,G80,=+G73,1
Besoins en micas,H80,=+H73,1
Besoins en micas,I80,=+I73,1
Besoins en micas,J80,=+J73,1
Besoins en micas,K80,=+K73,1
Besoins en micas,L80,=+L73,1
Besoins en micas,M80,=+M73,1
Besoins en micas,N80,=+N73,1
Besoins en micas,O80,=+O73,1
Besoins en micas,C81,=+C78+C71,2
Besoins en micas,D81,=+D78+D71,2
Besoins en micas,E81,=+E78+E71,2
Besoins en micas,F81,=+F78+F71,2
Besoins en micas,G81,=+G78+G71,2
Besoins en micas,H81,=+H78+H71,2
Besoins en micas,I81,=+I78+I71,2
Besoins en micas,J81,=+J78+J71,2
Besoins en micas,K81,=+K78+K71,2
Besoins en micas,L81,=+L78+L71,2
Besoins en micas,M81,=+M78+M71,2
Besoins en micas,N81,=+N78+N71,2
Besoins en micas,O81,=+O78+O71,2
Besoins en micas,B82,=+B65,1
Besoins en micas,C82,=+C60+C65+C74,3
Besoins en micas,D82,=+D60+D65+D74,3
Besoins en micas,E82,=+E60+E65+E74,3
Besoins en micas,F82,=+F60+F65+F74,3
Besoins en micas,G82,=+G60+G65+G74,3
Besoins en micas,H82,=+H60+H65+H74,3
Besoins en micas,I82,=+I60+I65+I74,3
Besoins en micas,J82,=+J60+J65+J74,3
Besoins en micas,K82,=+K60+K65+K74,3
Besoins en micas,L82,=+L60+L65+L74,3
Besoins en micas,M82,=+M60+M65+M74,3
Besoins en micas,N82,=+N60+N65+N74,3
Besoins en micas,O82,=+O60+O65+O74,3
Besoins en micas,B83,=+B66,1
Besoins en micas,C83,=+C61+C66+C75+C70,4
Besoins en micas,D83,=+D61+D66+D75+D70,4
Besoins en micas,E83,=+E61+E66+E75+E70,4
Besoins en micas,F83,=+F61+F66+F75+F70,4
Besoins en micas,G83,=+G61+G66+G75+G70,4
Besoins en micas,H83,=+H61+H66+H75+H70,4
Besoins en micas,I83,=+I61+I66+I75+I70,4
Besoins en micas,J83,=+J61+J66+J75+J70,4
Besoins en micas,K83,=+K61+K66+K75+K70,4
Besoins en micas,L83,=+L61+L66+L75+L70,4
Besoins en micas,M83,=+M61+M66+M75+M70,4
Besoins en micas,N83,=+N61+N66+N75+N70,4
Besoins en micas,O83,=+O61+O66+O75+O70,4
Besoins en micas,B84,=+B67,1
Besoins en micas,C84,=+C62+C67+C76,3
Besoins en micas,D84,=+D62+D67+D76,3
Besoins en micas,E84,=+E62+E67+E76,3
Besoins en micas,F84,=+F62+F67+F76,3
Besoins en micas,G84,=+G62+G67+G76,3
Besoins en micas,H84,=+H62+H67+H76,3
Besoins en micas,I84,=+I62+I67+I76,3
Besoins en micas,J84,=+J62+J67+J76,3
Besoins en micas,K84,=+K62+K67+K76,3
Besoins en micas,L84,=+L62+L67+L76,3
Besoins en micas,M84,=+M62+M67+M76,3
Besoins en micas,N84,=+N62+N67+N76,3
Besoins en micas,O84,=+O62+O67+O76,3
Besoins en micas,B85,=+B68,1
Besoins en micas,C85,=+C63+C68+C77,3
Besoins en micas,D85,=+D63+D68+D77,3
Besoins en micas,E85,=+E63+E68+E77,3
Besoins en micas,F85,=+F63+F68+F77,3
Besoins en micas,G85,=+G63+G68+G77,3
Besoins en micas,H85,=+H63+H68+H77,3
Besoins en micas,I85,=+I63+I68+I77,3
Besoins en micas,J85,=+J63+J68+J77,3
Besoins en micas,K85,=+K63+K68+K77,3
Besoins en micas,L85,=+L63+L68+L77,3
Besoins en micas,M85,=+M63+M68+M77,3
Besoins en micas,N85,=+N63+N68+N77,3
Besoins en micas,O85,=+O63+O68+O77,3
Besoins en micas,C86,=+SUM(C87:C90),1
Besoins en micas,D86,=+SUM(D87:D90),1
Besoins en micas,E86,=+SUM(E87:E90),1
Besoins en micas,F86,=+SUM(F87:F90),1
Besoins en micas,G86,=+SUM(G87:G90),1
Besoins en micas,H86,=+SUM(H87:H90),1
Besoins en micas,I86,=+SUM(I87:I90),1
Besoins en micas,J86,=+SUM(J87:J90),1
Besoins en micas,K86,=+SUM(K87:K90),1
Besoins en micas,L86,=+SUM(L87:L90),1
Besoins en micas,M86,=+SUM(M87:M90),1
Besoins en micas,N86,=+SUM(N87:N90),1
Besoins en micas,O86,=+SUM(O87:O90),1
Besoins en micas,B87,=+B82,1
Besoins en micas,C87,=+C44+C49,2
Besoins en micas,D87,=+D44+D49,2
Besoins en micas,E87,=+E44+E49,2
Besoins en micas,F87,=+F44+F49,2
Besoins en micas,G87,=+G44+G49,2
Besoins en micas,H87,=+H44+H49,2
Besoins en micas,I87,=+I44+I49,2
Besoins en micas,J87,=+J44+J49,2
Besoins en micas,K87,=+K44+K49,2
Besoins en micas,L87,=+L44+L49,2
Besoins en micas,M87,=+M44+M49,2
Besoins en micas,N87,=+N44+N49,2
Besoins en micas,O87,=+O44+O49,2
Besoins en micas,B88,=+B83,1
Besoins en micas,C88,=+C45+C50+C54,3
Besoins en micas,D88,=+D45+D50+D54,3
Besoins en micas,E88,=+E45+E50+E54,3
Besoins en micas,F88,=+F45+F50+F54,3
Besoins en micas,G88,=+G45+G50+G54,3
Besoins en micas,H88,=+H45+H50+H54,3
Besoins en micas,I88,=+I45+I50+I54,3
Besoins en micas,J88,=+J45+J50+J54,3
Besoins en micas,K88,=+K45+K50+K54,3
Besoins en micas,L88,=+L45+L50+L54,3
Besoins en micas,M88,=+M45+M50+M54,3
Besoins en micas,N88,=+N45+N50+N54,3
Besoins en micas,O88,=+O45+O50+O54,3
Besoins en micas,B89,=+B84,1
Besoins en micas,C89,=+C46+C51,2
Besoins en micas,D89,=+D46+D51,2
Besoins en micas,E89,=+E46+E51,2
Besoins en micas,F89,=+F46+F51,2
Besoins en micas,G89,=+G46+G51,2
Besoins en micas,H89,=+H46+H51,2
Besoins en micas,I89,=+I46+I51,2
Besoins en micas,J89,=+J46+J51,2
Besoins en micas,K89,=+K46+K51,2
Besoins en micas,L89,=+L46+L51,2
Besoins en micas,M89,=+M46+M51,2
Besoins en micas,N89,=+N46+N51,2
Besoins en micas,O89,=+O46+O51,2
Besoins en micas,B90,=+B85,1
Besoins en micas,C90,=+C47+C52,2
Besoins en micas,D90,=+D47+D52,2
Besoins en micas,E90,=+E47+E52,2
Besoins en micas,F90,=+F47+F52,2
Besoins en micas,G90,=+G47+G52,2
Besoins en micas,H90,=+H47+H52,2
Besoins en micas,I90,=+I47+I52,2
Besoins en micas,J90,=+J47+J52,2
Besoins en micas,K90,=+K47+K52,2
Besoins en micas,L90,=+L47+L52,2
Besoins en micas,M90,=+M47+M52,2
Besoins en micas,N90,=+N47+N52,2
Besoins en micas,O90,=+O47+O52,2
Besoins en micas,C91,"=IFERROR(+C81/C86,"" "")",2
Besoins en micas,D91,"=IFERROR(+D81/D86,"" "")",2
Besoins en micas,E91,"=IFERROR(+E81/E86,"" "")",2
Besoins en micas,F91,"=IFERROR(+F81/F86,"" "")",2
Besoins en micas,G91,"=IFERROR(+G81/G86,"" "")",2
Besoins en micas,H91,"=IFERROR(+H81/H86,"" "")",2
Besoins en micas,I91,"=IFERROR(+I81/I86,"" "")",2
Besoins en micas,J91,"=IFERROR(+J81/J86,"" "")",2
Besoins en micas,K91,"=IFERROR(+K81/K86,"" "")",2
Besoins en micas,L91,"=IFERROR(+L81/L86,"" "")",2
Besoins en micas,M91,"=IFERROR(+M81/M86,"" "")",2
Besoins en micas,N91,"=IFERROR(+N81/N86,"" "")",2
Besoins en micas,O91,"=IFERROR(+O81/O86,"" "")",2
Besoins en micas,B92,=+B82,1
Besoins en micas,C92,"=IFERROR(+C82/C87,"" "")",2
Besoins en micas,D92,"=IFERROR(+D82/D87,"" "")",2
Besoins en micas,E92,"=IFERROR(+E82/E87,"" "")",2
Besoins en micas,F92,"=IFERROR(+F82/F87,"" "")",2
Besoins en micas,G92,"=IFERROR(+G82/G87,"" "")",2
Besoins en micas,H92,"=IFERROR(+H82/H87,"" "")",2
Besoins en micas,I92,"=IFERROR(+I82/I87,"" "")",2
Besoins en micas,J92,"=IFERROR(+J82/J87,"" "")",2
Besoins en micas,K92,"=IFERROR(+K82/K87,"" "")",2
Besoins en micas,L92,"=IFERROR(+L82/L87,"" "")",2
Besoins en micas,M92,"=IFERROR(+M82/M87,"" "")",2
Besoins en micas,N92,"=IFERROR(+N82/N87,"" "")",2
Besoins en micas,O92,"=IFERROR(+O82/O87,"" "")",2
Besoins en micas,B93,=+B83,1
Besoins en micas,C93,"=IFERROR(+C83/C88,"" "")",2
Besoins en micas,D93,"=IFERROR(+D83/D88,"" "")",2
Besoins en micas,E93,"=IFERROR(+E83/E88,"" "")",2
Besoins en micas,F93,"=IFERROR(+F83/F88,"" "")",2
Besoins en micas,G93,"=IFERROR(+G83/G88,"" "")",2
Besoins en micas,H93,"=IFERROR(+H83/H88,"" "")",2
Besoins en micas,I93,"=IFERROR(+I83/I88,"" "")",2
Besoins en micas,J93,"=IFERROR(+J83/J88,"" "")",2
Besoins en micas,K93,"=IFERROR(+K83/K88,"" "")",2
Besoins en micas,L93,"=IFERROR(+L83/L88,"" "")",2
Besoins en micas,M93,"=IFERROR(+M83/M88,"" "")",2
Besoins en micas,N93,"=IFERROR(+N83/N88,"" "")",2
Besoins en micas,O93,"=IFERROR(+O83/O88,"" "")",2
Besoins en micas,B94,=+B84,1
Besoins en micas,C94,"=IFERROR(+C84/C89,"" "")",2
Besoins en micas,D94,"=IFERROR(+D84/D89,"" "")",2
Besoins en micas,E94,"=IFERROR(+E84/E89,"" "")",2
Besoins en micas,F94,"=IFERROR(+F84/F89,"" "")",2
Besoins en micas,G94,"=IFERROR(+G84/G89,"" "")",2
Besoins en micas,H94,"=IFERROR(+H84/H89,"" "")",2
Besoins en micas,I94,"=IFERROR(+I84/I89,"" "")",2
Besoins en micas,J94,"=IFERROR(+J84/J89,"" "")",2
Besoins en micas,K94,"=IFERROR(+K84/K89,"" "")",2
Besoins en micas,L94,"=IFERROR(+L84/L89,"" "")",2
Besoins en micas,M94,"=IFERROR(+M84/M89,"" "")",2
Besoins en micas,N94,"=IFERROR(+N84/N89,"" "")",2
Besoins en micas,O94,"=IFERROR(+O84/O89,"" "")",2
Besoins en micas,B95,=+B85,1
Besoins en micas,C95,"=IFERROR(+C85/C90,"" "")",2
Besoins en micas,D95,"=IFERROR(+D85/D90,"" "")",2
Besoins en micas,E95,"=IFERROR(+E85/E90,"" "")",2
Besoins en micas,F95,"=IFERROR(+F85/F90,"" "")",2
Besoins en micas,G95,"=IFERROR(+G85/G90,"" "")",2
Besoins en micas,H95,"=IFERROR(+H85/H90,"" "")",2
Besoins en micas,I95,"=IFERROR(+I85/I90,"" "")",2
Besoins en micas,J95,"=IFERROR(+J85/J90,"" "")",2
Besoins en micas,K95,"=IFERROR(+K85/K90,"" "")",2
Besoins en micas,L95,"=IFERROR(+L85/L90,"" "")",2
Besoins en micas,M95,"=IFERROR(+M85/M90,"" "")",2
Besoins en micas,N95,"=IFERROR(+N85/N90,"" "")",2
Besoins en micas,O95,"=IFERROR(+O85/O90,"" "")",2
Besoins en micas,C96,"=IFERROR(+#REF!/#REF!,"" "")",0
Besoins en micas,D96,"=IFERROR(+#REF!/#REF!,"" "")",0
Besoins en micas,E96,"=IFERROR(+#REF!/#REF!,"" "")",0
Besoins en micas,F96,"=IFERROR(+#REF!/#REF!,"" "")",0
Besoins en micas,G96,"=IFERROR(+#REF!/#REF!,"" "")",0
Besoins en micas,H96,"=IFERROR(+#REF!/#REF!,"" "")",0
Besoins en micas,I96,"=IFERROR(+#REF!/#REF!,"" "")",0
Besoins en micas,J96,"=IFERROR(+#REF!/#REF!,"" "")",0
Besoins en micas,K96,"=IFERROR(+#REF!/#REF!,"" "")",0
Besoins en micas,L96,"=IFERROR(+#REF!/#REF!,"" "")",0
Besoins en micas,N96,"=IFERROR(+#REF!/#REF!,"" "")",0
Besoins en micas,O96,"=IFERROR(+#REF!/#REF!,"" "")",0
Besoins en micas,C97,=+C80,1
Besoins en micas,D97,=+D80,1
Besoins en micas,E97,=+E80,1
Besoins en micas,F97,=+F80,1
Besoins en micas,G97,=+G80,1
Besoins en micas,H97,=+H80,1
Besoins en micas,I97,=+I80,1
Besoins en micas,J97,=+J80,1
Besoins en micas,K97,=+K80,1
Besoins en micas,L97,=+L80,1
Besoins en micas,M97,=+M80,1
Besoins en micas,N97,=+N80,1
Besoins en micas,O97,=+O80,1
Besoins en micas,B98,=+B74,1
Besoins en micas,C98,=+C74,1
Besoins en micas,D98,=+D74,1
Besoins en micas,E98,=+E74,1
Besoins en micas,F98,=+F74,1
Besoins en micas,G98,=+G74,1
Besoins en micas,H98,=+H74,1
Besoins en micas,I98,=+I74,1
Besoins en micas,J98,=+J74,1
Besoins en micas,K98,=+K74,1
Besoins en micas,L98,=+L74,1
Besoins en micas,M98,=+M74,1
Besoins en micas,N98,=+N74,1
Besoins en micas,O98,=SUM(C98:N98),1
Besoins en micas,B99,=+B75,1
Besoins en micas,C99,=+C75,1
Besoins en micas,D99,=+D75,1
Besoins en micas,E99,=+E75,1
Besoins en micas,F99,=+F75,1
Besoins en micas,G99,=+G75,1
Besoins en micas,H99,=+H75,1
Besoins en micas,I99,=+I75,1
Besoins en micas,J99,=+J75,1
Besoins en micas,K99,=+K75,1
Besoins en micas,L99,=+L75,1
Besoins en micas,M99,=+M75,1
Besoins en micas,N99,=+N75,1
Besoins en micas,O99,=SUM(C99:N99),1
Besoins en micas,B100,=+B76,1
Besoins en micas,C100,=+C76,1
Besoins en micas,D100,=+D76,1
Besoins en micas,E100,=+E76,1
Besoins en micas,F100,=+F76,1
Besoins en micas,G100,=+G76,1
Besoins en micas,H100,=+H76,1
Besoins en micas,I100,=+I76,1
Besoins en micas,J100,=+J76,1
Besoins en micas,K100,=+K76,1
Besoins en micas,L100,=+L76,1
Besoins en micas,M100,=+M76,1
Besoins en micas,N100,=+N76,1
Besoins en micas,O100,=SUM(C100:N100),1
Besoins en micas,B101,=+B77,1
Besoins en micas,C101,=+C77,1
Besoins en micas,D101,=+D77,1
Besoins en micas,E101,=+E77,1
Besoins en micas,F101,=+F77,1
Besoins en micas,G101,=+G77,1
Besoins en micas,H101,=+H77,1
Besoins en micas,I101,=+I77,1
Besoins en micas,J101,=+J77,1
Besoins en micas,K101,=+K77,1
Besoins en micas,L101,=+L77,1
Besoins en micas,M101,=+M77,1
Besoins en micas,N101,=+N77,1
Besoins en micas,O101,=SUM(C101:N101),1
Besoins en micas,C102,=SUM(C98:C101),1
Besoins en micas,D102,=SUM(D98:D101),1
Besoins en micas,E102,=SUM(E98:E101),1
Besoins en micas,F102,=SUM(F98:F101),1
Besoins en micas,G102,=SUM(G98:G101),1
Besoins en micas,H102,=SUM(H98:H101),1
Besoins en micas,I102,=SUM(I98:I101),1
Besoins en micas,J102,=SUM(J98:J101),1
Besoins en micas,K102,=SUM(K98:K101),1
Besoins en micas,L102,=SUM(L98:L101),1
Besoins en micas,M102,=SUM(M98:M101),1
Besoins en micas,N102,=SUM(N98:N101),1
Besoins en micas,O102,=SUM(O98:O101),1
Besoins en micas,C104,=+C97,1
Besoins en micas,D104,=+D97,1
Besoins en micas,E104,=+E97,1
Besoins en micas,F104,=+F97,1
Besoins en micas,G104,=+G97,1
Besoins en micas,H104,=+H97,1
Besoins en micas,I104,=+I97,1
Besoins en micas,J104,=+J97,1
Besoins en micas,K104,=+K97,1
Besoins en micas,L104,=+L97,1
Besoins en micas,M104,=+M97,1
Besoins en micas,N104,=+N97,1
Besoins en micas,O104,=+O97,1
Besoins en micas,B105,=+B98,1
Besoins en micas,C105,=+C60+C65,2
Besoins en micas,D105,=+D60+D65,2
Besoins en micas,E105,=+E60+E65,2
Besoins en micas,F105,=+F60+F65,2
Besoins en micas,G105,=+G60+G65,2
Besoins en micas,H105,=+H60+H65,2
Besoins en micas,I105,=+I60+I65,2
Besoins en micas,J105,=+J60+J65,2
Besoins en micas,K105,=+K60+K65,2
Besoins en micas,L105,=+L60+L65,2
Besoins en micas,M105,=+M60+M65,2
Besoins en micas,N105,=+N60+N65,2
Besoins en micas,O105,=SUM(C105:N105),1
Besoins en micas,B106,=+B99,1
Besoins en micas,C106,=+C61+C66+C70,3
Besoins en micas,D106,=+D61+D66+D70,3
Besoins en micas,E106,=+E61+E66+E70,3
Besoins en micas,F106,=+F61+F66+F70,3
Besoins en micas,G106,=+G61+G66+G70,3
Besoins en micas,H106,=+H61+H66+H70,3
Besoins en micas,I106,=+I61+I66+I70,3
Besoins en micas,J106,=+J61+J66+J70,3
Besoins en micas,K106,=+K61+K66+K70,3
Besoins en micas,L106,=+L61+L66+L70,3
Besoins en micas,M106,=+M61+M66+M70,3
Besoins en micas,N106,=+N61+N66+N70,3
Besoins en micas,O106,=SUM(C106:N106),1
Besoins en micas,B107,=+B100,1
Besoins en micas,C107,=+C62+C67,2
Besoins en micas,D107,=+D62+D67,2
Besoins en micas,E107,=+E62+E67,2
Besoins en micas,F107,=+F62+F67,2
Besoins en micas,G107,=+G62+G67,2
Besoins en micas,H107,=+H62+H67,2
Besoins en micas,I107,=+I62+I67,2
Besoins en micas,J107,=+J62+J67,2
Besoins en micas,K107,=+K62+K67,2
Besoins en micas,L107,=+L62+L67,2
Besoins en micas,M107,=+M62+M67,2
Besoins en micas,N107,=+N62+N67,2
Besoins en micas,O107,=SUM(C107:N107),1
Besoins en micas,B108,=+B101,1
Besoins en micas,C108,=+C63+C68,2
Besoins en micas,D108,=+D63+D68,2
Besoins en micas,E108,=+E63+E68,2
Besoins en micas,F108,=+F63+F68,2
Besoins en micas,G108,=+G63+G68,2
Besoins en micas,H108,=+H63+H68,2
Besoins en micas,I108,=+I63+I68,2
Besoins en micas,J108,=+J63+J68,2
Besoins en micas,K108,=+K63+K68,2
Besoins en micas,L108,=+L63+L68,2
Besoins en micas,M108,=+M63+M68,2
Besoins en micas,N108,=+N63+N68,2
Besoins en micas,O108,=SUM(C108:N108),1
Besoins en micas,B109,=+B102,1
Besoins en micas,C109,=SUM(C105:C108),1
Besoins en micas,D109,=SUM(D105:D108),1
Besoins en micas,E109,=SUM(E105:E108),1
Besoins en micas,F109,=SUM(F105:F108),1
Besoins en micas,G109,=SUM(G105:G108),1
Besoins en micas,H109,=SUM(H105:H108),1
Besoins en micas,I109,=SUM(I105:I108),1
Besoins en micas,J109,=SUM(J105:J108),1
Besoins en micas,K109,=SUM(K105:K108),1
Besoins en micas,L109,=SUM(L105:L108),1
Besoins en micas,M109,=SUM(M105:M108),1
Besoins en micas,N109,=SUM(N105:N108),1
Besoins en micas,O109,=SUM(C109:N109),1
Besoins en micas,C111,=+C43,1
Besoins en micas,D111,=+D43,1
Besoins en micas,E111,=+E43,1
Besoins en micas,F111,=+F43,1
Besoins en micas,G111,=+G43,1
Besoins en micas,H111,=+H43,1
Besoins en micas,I111,=+I43,1
Besoins en micas,J111,=+J43,1
Besoins en micas,K111,=+K43,1
Besoins en micas,L111,=+L43,1
Besoins en micas,M111,=+M43,1
Besoins en micas,N111,=+N43,1
Besoins en micas,O111,=+O43,1
Besoins en micas,B113,=+B44,1
Besoins en micas,C113,"=SUMIF($B$44:$B$52,$B$113,C44:C52)*'Données SOMIDA'!$N$71",4
Besoins en micas,D113,"=SUMIF($B$44:$B$52,$B$113,D44:D52)*'Données SOMIDA'!$N$71",4
Besoins en micas,E113,"=SUMIF($B$44:$B$52,$B$113,E44:E52)*'Données SOMIDA'!$N$71",4
Besoins en micas,F113,"=SUMIF($B$44:$B$52,$B$113,F44:F52)*'Données SOMIDA'!$N$71",4
Besoins en micas,G113,"=SUMIF($B$44:$B$52,$B$113,G44:G52)*'Données SOMIDA'!$N$71",4
Besoins en micas,H113,"=SUMIF($B$44:$B$52,$B$113,H44:H52)*'Données SOMIDA'!$N$71",4
Besoins en micas,I113,"=SUMIF($B$44:$B$52,$B$113,I44:I52)*'Données SOMIDA'!$N$71",4
Besoins en micas,J113,"=SUMIF($B$44:$B$52,$B$113,J44:J52)*'Données SOMIDA'!$N$71",4
Besoins en micas,K113,"=SUMIF($B$44:$B$52,$B$113,K44:K52)*'Données SOMIDA'!$N$71",4
Besoins en micas,L113,"=SUMIF($B$44:$B$52,$B$113,L44:L52)*'Données SOMIDA'!$N$71",4
Besoins en micas,M113,"=SUMIF($B$44:$B$52,$B$113,M44:M52)*'Données SOMIDA'!$N$71",4
Besoins en micas,N113,"=SUMIF($B$44:$B$52,$B$113,N44:N52)*'Données SOMIDA'!$N$71",4
Besoins en micas,O113,=SUM(C113:N113),1
Besoins en micas,P113,=+O113/$O$119,2
Besoins en micas,B114,=+B45,1
Besoins en micas,C114,"=SUMIF($B$44:$B$52,$B$114,C44:C52)*'Données SOMIDA'!$N$72",4
Besoins en micas,D114,"=SUMIF($B$44:$B$52,$B$114,D44:D52)*'Données SOMIDA'!$N$72",4
Besoins en micas,E114,"=SUMIF($B$44:$B$52,$B$114,E44:E52)*'Données SOMIDA'!$N$72",4
Besoins en micas,F114,"=SUMIF($B$44:$B$52,$B$114,F44:F52)*'Données SOMIDA'!$N$72",4
Besoins en micas,G114,"=SUMIF($B$44:$B$52,$B$114,G44:G52)*'Données SOMIDA'!$N$72",4
Besoins en micas,H114,"=SUMIF($B$44:$B$52,$B$114,H44:H52)*'Données SOMIDA'!$N$72",4
Besoins en micas,I114,"=SUMIF($B$44:$B$52,$B$114,I44:I52)*'Données SOMIDA'!$N$72",4
Besoins en micas,J114,"=SUMIF($B$44:$B$52,$B$114,J44:J52)*'Données SOMIDA'!$N$72",4
Besoins en micas,K114,"=SUMIF($B$44:$B$52,$B$114,K44:K52)*'Données SOMIDA'!$N$72",4
Besoins en micas,L114,"=SUMIF($B$44:$B$52,$B$114,L44:L52)*'Données SOMIDA'!$N$72",4
Besoins en micas,M114,"=SUMIF($B$44:$B$52,$B$114,M44:M52)*'Données SOMIDA'!$N$72",4
Besoins en micas,N114,"=SUMIF($B$44:$B$52,$B$114,N44:N52)*'Données SOMIDA'!$N$72",4
Besoins en micas,O114,=SUM(C114:N114),1
Besoins en micas,P114,=+O114/$O$119,2
Besoins en micas,B115,=+B46,1
Besoins en micas,C115,"=SUMIF($B$44:$B$52,$B$115,C44:C52)*'Données SOMIDA'!$N$74",4
Besoins en micas,D115,"=SUMIF($B$44:$B$52,$B$115,D44:D52)*'Données SOMIDA'!$N$74",4
Besoins en micas,E115,"=SUMIF($B$44:$B$52,$B$115,E44:E52)*'Données SOMIDA'!$N$74",4
Besoins en micas,F115,"=SUMIF($B$44:$B$52,$B$115,F44:F52)*'Données SOMIDA'!$N$74",4
Besoins en micas,G115,"=SUMIF($B$44:$B$52,$B$115,G44:G52)*'Données SOMIDA'!$N$74",4
Besoins en micas,H115,"=SUMIF($B$44:$B$52,$B$115,H44:H52)*'Données SOMIDA'!$N$74",4
Besoins en micas,I115,"=SUMIF($B$44:$B$52,$B$115,I44:I52)*'Données SOMIDA'!$N$74",4
Besoins en micas,J115,"=SUMIF($B$44:$B$52,$B$115,J44:J52)*'Données SOMIDA'!$N$74",4
Besoins en micas,K115,"=SUMIF($B$44:$B$52,$B$115,K44:K52)*'Données SOMIDA'!$N$74",4
Besoins en micas,L115,"=SUMIF($B$44:$B$52,$B$115,L44:L52)*'Données SOMIDA'!$N$74",4
Besoins en micas,M115,"=SUMIF($B$44:$B$52,$B$115,M44:M52)*'Données SOMIDA'!$N$74",4
Besoins en micas,N115,"=SUMIF($B$44:$B$52,$B$115,N44:N52)*'Données SOMIDA'!$N$74",4
Besoins en micas,O115,=SUM(C115:N115),1
Besoins en micas,P115,=+O115/$O$119,2
Besoins en micas,B116,=+B47,1
Besoins en micas,C116,"=SUMIF($B$44:$B$52,$B$116,C44:C52)*'Données SOMIDA'!$N$75",4
Besoins en micas,D116,"=SUMIF($B$44:$B$52,$B$116,D44:D52)*'Données SOMIDA'!$N$75",4
Besoins en micas,E116,"=SUMIF($B$44:$B$52,$B$116,E44:E52)*'Données SOMIDA'!$N$75",4
Besoins en micas,F116,"=SUMIF($B$44:$B$52,$B$116,F44:F52)*'Données SOMIDA'!$N$75",4
Besoins en micas,G116,"=SUMIF($B$44:$B$52,$B$116,G44:G52)*'Données SOMIDA'!$N$75",4
Besoins en micas,H116,"=SUMIF($B$44:$B$52,$B$116,H44:H52)*'Données SOMIDA'!$N$75",4
Besoins en micas,I116,"=SUMIF($B$44:$B$52,$B$116,I44:I52)*'Données SOMIDA'!$N$75",4
Besoins en micas,J116,"=SUMIF($B$44:$B$52,$B$116,J44:J52)*'Données SOMIDA'!$N$75",4
Besoins en micas,K116,"=SUMIF($B$44:$B$52,$B$116,K44:K52)*'Données SOMIDA'!$N$75",4
Besoins en micas,L116,"=SUMIF($B$44:$B$52,$B$116,L44:L52)*'Données SOMIDA'!$N$75",4
Besoins en micas,M116,"=SUMIF($B$44:$B$52,$B$116,M44:M52)*'Données SOMIDA'!$N$75",4
Besoins en micas,N116,"=SUMIF($B$44:$B$52,$B$116,N44:N52)*'Données SOMIDA'!$N$75",4
Besoins en micas,O116,=SUM(C116:N116),1
Besoins en micas,P116,=+O116/$O$119,2
Besoins en micas,B118,=+B114,1
Besoins en micas,C118,=+C54*'Données SOMIDA'!$N$73,2
Besoins en micas,D118,=+D54*'Données SOMIDA'!$N$73,2
Besoins en micas,E118,=+E54*'Données SOMIDA'!$N$73,2
Besoins en micas,F118,=+F54*'Données SOMIDA'!$N$73,2
Besoins en micas,G118,=+G54*'Données SOMIDA'!$N$73,2
Besoins en micas,H118,=+H54*'Données SOMIDA'!$N$73,2
Besoins en micas,I118,=+I54*'Données SOMIDA'!$N$73,2
Besoins en micas,J118,=+J54*'Données SOMIDA'!$N$73,2
Besoins en micas,K118,=+K54*'Données SOMIDA'!$N$73,2
Besoins en micas,L118,=+L54*'Données SOMIDA'!$N$73,2
Besoins en micas,M118,=+M54*'Données SOMIDA'!$N$73,2
Besoins en micas,N118,=+N54*'Données SOMIDA'!$N$73,2
Besoins en micas,O118,=SUM(C118:N118),1
Besoins en micas,P118,=+O118/$O$119,2
Besoins en micas,B119,=+B109,1
Besoins en micas,C119,=SUM(C113:C118),1
Besoins en micas,D119,=SUM(D113:D118),1
Besoins en micas,E119,=SUM(E113:E118),1
Besoins en micas,F119,=SUM(F113:F118),1
Besoins en micas,G119,=SUM(G113:G118),1
Besoins en micas,H119,=SUM(H113:H118),1
Besoins en micas,I119,=SUM(I113:I118),1
Besoins en micas,J119,=SUM(J113:J118),1
Besoins en micas,K119,=SUM(K113:K118),1
Besoins en micas,L119,=SUM(L113:L118),1
Besoins en micas,M119,=SUM(M113:M118),1
Besoins en micas,N119,=SUM(N113:N118),1
Besoins en micas,O119,=SUM(O113:O118),1
Besoins en micas,C121,=+C59,1
Besoins en micas,D121,=+D59,1
Besoins en micas,E121,=+E59,1
Besoins en micas,F121,=+F59,1
Besoins en micas,G121,=+G59,1
Besoins en micas,H121,=+H59,1
Besoins en micas,I121,=+I59,1
Besoins en micas,J121,=+J59,1
Besoins en micas,K121,=+K59,1
Besoins en micas,L121,=+L59,1
Besoins en micas,M121,=+M59,1
Besoins en micas,N121,=+N59,1
Besoins en micas,O121,=+O59,1
Besoins en micas,B122,=+B112,1
Besoins en micas,B123,=+B113,1
Besoins en micas,C123,"=SUMIF($B$44:$B$52,$B$113,C44:C52)",3
Besoins en micas,D123,"=SUMIF($B$44:$B$52,$B$113,D44:D52)",3
Besoins en micas,E123,"=SUMIF($B$44:$B$52,$B$113,E44:E52)",3
Besoins en micas,F123,"=SUMIF($B$44:$B$52,$B$113,F44:F52)",3
Besoins en micas,G123,"=SUMIF($B$44:$B$52,$B$113,G44:G52)",3
Besoins en micas,H123,"=SUMIF($B$44:$B$52,$B$113,H44:H52)",3
Besoins en micas,I123,"=SUMIF($B$44:$B$52,$B$113,I44:I52)",3
Besoins en micas,J123,"=SUMIF($B$44:$B$52,$B$113,J44:J52)",3
Besoins en micas,K123,"=SUMIF($B$44:$B$52,$B$113,K44:K52)",3
Besoins en micas,L123,"=SUMIF($B$44:$B$52,$B$113,L44:L52)",3
Besoins en micas,M123,"=SUMIF($B$44:$B$52,$B$113,M44:M52)",3
Besoins en micas,N123,"=SUMIF($B$44:$B$52,$B$113,N44:N52)",3
Besoins en micas,O123,=SUM(C123:N123),1
Besoins en micas,B124,=+B114,1
Besoins en micas,C124,"=SUMIF($B$44:$B$52,$B$114,C44:C52)",3
Besoins en micas,D124,"=SUMIF($B$44:$B$52,$B$114,D44:D52)",3
Besoins en micas,E124,"=SUMIF($B$44:$B$52,$B$114,E44:E52)",3
Besoins en micas,F124,"=SUMIF($B$44:$B$52,$B$114,F44:F52)",3
Besoins en micas,G124,"=SUMIF($B$44:$B$52,$B$114,G44:G52)",3
Besoins en micas,H124,"=SUMIF($B$44:$B$52,$B$114,H44:H52)",3
Besoins en micas,I124,"=SUMIF($B$44:$B$52,$B$114,I44:I52)",3
Besoins en micas,J124,"=SUMIF($B$44:$B$52,$B$114,J44:J52)",3
Besoins en micas,K124,"=SUMIF($B$44:$B$52,$B$114,K44:K52)",3
Besoins en micas,L124,"=SUMIF($B$44:$B$52,$B$114,L44:L52)",3
Besoins en micas,M124,"=SUMIF($B$44:$B$52,$B$114,M44:M52)",3
Besoins en micas,N124,"=SUMIF($B$44:$B$52,$B$114,N44:N52)",3
Besoins en micas,O124,=SUM(C124:N124),1
Besoins en micas,B125,=+B115,1
Besoins en micas,C125,"=SUMIF($B$44:$B$52,$B$115,C44:C52)",3
Besoins en micas,D125,"=SUMIF($B$44:$B$52,$B$115,D44:D52)",3
Besoins en micas,E125,"=SUMIF($B$44:$B$52,$B$115,E44:E52)",3
Besoins en micas,F125,"=SUMIF($B$44:$B$52,$B$115,F44:F52)",3
Besoins en micas,G125,"=SUMIF($B$44:$B$52,$B$115,G44:G52)",3
Besoins en micas,H125,"=SUMIF($B$44:$B$52,$B$115,H44:H52)",3
Besoins en micas,I125,"=SUMIF($B$44:$B$52,$B$115,I44:I52)",3
Besoins en micas,J125,"=SUMIF($B$44:$B$52,$B$115,J44:J52)",3
Besoins en micas,K125,"=SUMIF($B$44:$B$52,$B$115,K44:K52)",3
Besoins en micas,L125,"=SUMIF($B$44:$B$52,$B$115,L44:L52)",3
Besoins en micas,M125,"=SUMIF($B$44:$B$52,$B$115,M44:M52)",3
Besoins en micas,N125,"=SUMIF($B$44:$B$52,$B$115,N44:N52)",3
Besoins en micas,O125,=SUM(C125:N125),1
Besoins en micas,B126,=+B116,1
Besoins en micas,C126,"=SUMIF($B$44:$B$52,$B$116,C44:C52)",3
Besoins en micas,D126,"=SUMIF($B$44:$B$52,$B$116,D44:D52)",3
Besoins en micas,E126,"=SUMIF($B$44:$B$52,$B$116,E44:E52)",3
Besoins en micas,F126,"=SUMIF($B$44:$B$52,$B$116,F44:F52)",3
Besoins en micas,G126,"=SUMIF($B$44:$B$52,$B$116,G44:G52)",3
Besoins en micas,H126,"=SUMIF($B$44:$B$52,$B$116,H44:H52)",3
Besoins en micas,I126,"=SUMIF($B$44:$B$52,$B$116,I44:I52)",3
Besoins en micas,J126,"=SUMIF($B$44:$B$52,$B$116,J44:J52)",3
Besoins en micas,K126,"=SUMIF($B$44:$B$52,$B$116,K44:K52)",3
Besoins en micas,L126,"=SUMIF($B$44:$B$52,$B$116,L44:L52)",3
Besoins en micas,M126,"=SUMIF($B$44:$B$52,$B$116,M44:M52)",3
Besoins en micas,N126,"=SUMIF($B$44:$B$52,$B$116,N44:N52)",3
Besoins en micas,O126,=SUM(C126:N126),1
Besoins en micas,B127,=+B117,1
Besoins en micas,O127,=SUM(C127:N127),1
Besoins en micas,B128,=+B118,1
Besoins en micas,C128,=+C54,1
Besoins en micas,D128,=+D54,1
Besoins en micas,E128,=+E54,1
Besoins en micas,F128,=+F54,1
Besoins en micas,G128,=+G54,1
Besoins en micas,H128,=+H54,1
Besoins en micas,I128,=+I54,1
Besoins en micas,J128,=+J54,1
Besoins en micas,K128,=+K54,1
Besoins en micas,L128,=+L54,1
Besoins en micas,M128,=+M54,1
Besoins en micas,N128,=+N54,1
Besoins en micas,O128,=SUM(C128:N128),1
Besoins en micas,C129,=SUM(C123:C128),1
Besoins en micas,D129,=SUM(D123:D128),1
Besoins en micas,E129,=SUM(E123:E128),1
Besoins en micas,F129,=SUM(F123:F128),1
Besoins en micas,G129,=SUM(G123:G128),1
Besoins en micas,H129,=SUM(H123:H128),1
Besoins en micas,I129,=SUM(I123:I128),1
Besoins en micas,J129,=SUM(J123:J128),1
Besoins en micas,K129,=SUM(K123:K128),1
Besoins en micas,L129,=SUM(L123:L128),1
Besoins en micas,M129,=SUM(M123:M128),1
Besoins en micas,N129,=SUM(N123:N128),1
Besoins en micas,O129,=SUM(O123:O128),1
Besoins en micas,C131,=+C111,1
Besoins en micas,D131,=+D111,1
Besoins en micas,E131,=+E111,1
Besoins en micas,F131,=+F111,1
Besoins en micas,G131,=+G111,1
Besoins en micas,H131,=+H111,1
Besoins en micas,I131,=+I111,1
Besoins en micas,J131,=+J111,1
Besoins en micas,K131,=+K111,1
Besoins en micas,L131,=+L111,1
Besoins en micas,M131,=+M111,1
Besoins en micas,N131,=+N111,1
Besoins en micas,O131,=+O111,1
Besoins en micas,B132,=+B122,1
Besoins en micas,B133,=+B123,1
Besoins en micas,C133,"=IFERROR(+C113/C123,"""")",2
Besoins en micas,D133,"=IFERROR(+D113/D123,"""")",2
Besoins en micas,E133,"=IFERROR(+E113/E123,"""")",2
Besoins en micas,F133,"=IFERROR(+F113/F123,"""")",2
Besoins en micas,G133,"=IFERROR(+G113/G123,"""")",2
Besoins en micas,H133,"=IFERROR(+H113/H123,"""")",2
Besoins en micas,I133,"=IFERROR(+I113/I123,"""")",2
Besoins en micas,J133,"=IFERROR(+J113/J123,"""")",2
Besoins en micas,K133,"=IFERROR(+K113/K123,"""")",2
Besoins en micas,L133,"=IFERROR(+L113/L123,"""")",2
Besoins en micas,M133,"=IFERROR(+M113/M123,"""")",2
Besoins en micas,N133,"=IFERROR(+N113/N123,"""")",2
Besoins en micas,O133,"=IFERROR(+O113/O123,"""")",2
Besoins en micas,B134,=+B124,1
Besoins en micas,C134,"=+IFERROR(C114/C124,"""")",2
Besoins en micas,D134,"=+IFERROR(D114/D124,"""")",2
Besoins en micas,E134,"=+IFERROR(E114/E124,"""")",2
Besoins en micas,F134,"=+IFERROR(F114/F124,"""")",2
Besoins en micas,G134,"=+IFERROR(G114/G124,"""")",2
Besoins en micas,H134,"=+IFERROR(H114/H124,"""")",2
Besoins en micas,I134,"=+IFERROR(I114/I124,"""")",2
Besoins en micas,J134,"=+IFERROR(J114/J124,"""")",2
Besoins en micas,K134,"=+IFERROR(K114/K124,"""")",2
Besoins en micas,L134,"=+IFERROR(L114/L124,"""")",2
Besoins en micas,M134,"=+IFERROR(M114/M124,"""")",2
Besoins en micas,N134,"=+IFERROR(N114/N124,"""")",2
Besoins en micas,O134,"=+IFERROR(O114/O124,"""")",2
Besoins en micas,B135,=+B125,1
Besoins en micas,C135,"=IFERROR(+C115/C125,"""")",2
Besoins en micas,D135,"=IFERROR(+D115/D125,"""")",2
Besoins en micas,E135,"=IFERROR(+E115/E125,"""")",2
Besoins en micas,F135,"=IFERROR(+F115/F125,"""")",2
Besoins en micas,G135,"=IFERROR(+G115/G125,"""")",2
Besoins en micas,H135,"=IFERROR(+H115/H125,"""")",2
Besoins en micas,I135,"=IFERROR(+I115/I125,"""")",2
Besoins en micas,J135,"=IFERROR(+J115/J125,"""")",2
Besoins en micas,K135,"=IFERROR(+K115/K125,"""")",2
Besoins en micas,L135,"=IFERROR(+L115/L125,"""")",2
Besoins en micas,M135,"=IFERROR(+M115/M125,"""")",2
Besoins en micas,N135,"=IFERROR(+N115/N125,"""")",2
Besoins en micas,O135,"=IFERROR(+O115/O125,"""")",2
Besoins en micas,B136,=+B126,1
Besoins en micas,C136,"=IFERROR(+C116/C126,"""")",2
Besoins en micas,D136,"=IFERROR(+D116/D126,"""")",2
Besoins en micas,E136,"=IFERROR(+E116/E126,"""")",2
Besoins en micas,F136,"=IFERROR(+F116/F126,"""")",2
Besoins en micas,G136,"=IFERROR(+G116/G126,"""")",2
Besoins en micas,H136,"=IFERROR(+H116/H126,"""")",2
Besoins en micas,I136,"=IFERROR(+I116/I126,"""")",2
Besoins en micas,J136,"=IFERROR(+J116/J126,"""")",2
Besoins en micas,K136,"=IFERROR(+K116/K126,"""")",2
Besoins en micas,L136,"=IFERROR(+L116/L126,"""")",2
Besoins en micas,M136,"=IFERROR(+M116/M126,"""")",2
Besoins en micas,N136,"=IFERROR(+N116/N126,"""")",2
Besoins en micas,O136,"=IFERROR(+O116/O126,"""")",2
Besoins en micas,B137,=+B127,1
Besoins en micas,B138,=+B128,1
Besoins en micas,C138,"=+IFERROR(C118/C128,"""")",2
Besoins en micas,D138,"=+IFERROR(D118/D128,"""")",2
Besoins en micas,E138,"=+IFERROR(E118/E128,"""")",2
Besoins en micas,F138,"=+IFERROR(F118/F128,"""")",2
Besoins en micas,G138,"=+IFERROR(G118/G128,"""")",2
Besoins en micas,H138,"=+IFERROR(H118/H128,"""")",2
Besoins en micas,I138,"=+IFERROR(I118/I128,"""")",2
Besoins en micas,J138,"=+IFERROR(J118/J128,"""")",2
Besoins en micas,K138,"=+IFERROR(K118/K128,"""")",2
Besoins en micas,L138,"=+IFERROR(L118/L128,"""")",2
Besoins en micas,M138,"=+IFERROR(M118/M128,"""")",2
Besoins en micas,N138,"=+IFERROR(N118/N128,"""")",2
Besoins en micas,O138,"=+IFERROR(O118/O128,"""")",2
Besoins en micas,F140,"=+SUBTOTAL(9,F142:F249)",1
Besoins en micas,H140,"=+SUBTOTAL(9,H142:H249)",1
Besoins en micas,J140,"=+SUBTOTAL(9,J142:J249)",1
Besoins en micas,K140,"=+SUBTOTAL(9,K142:K249)",1
Besoins en micas,L140,"=IFERROR(+K140/F140,"""")",2
Besoins en micas,B142,<openpyxl.worksheet.formula.ArrayFormula object at 0x0000026CDDDC7F50>,0
Besoins en micas,C142,"=_xlfn.XLOOKUP(D142,'Données SOMIDA'!$C$31:$C$42,'Données SOMIDA'!$B$31:$B$42)",3
Besoins en micas,D142,=+B48,1
Besoins en micas,E142,=+B44,1
Besoins en micas,F142,<openpyxl.worksheet.formula.ArrayFormula object at 0x0000026CDDDC7910>,0
Besoins en micas,G142,"=IF(D142=""FP1 GAZ"",'Données SOMIDA'!$G$73,VLOOKUP('Besoins en micas'!E142,'Données SOMIDA'!$C$71:$G$77,5,FALSE))",4
Besoins en micas,H142,=+F142*G142,2
Besoins en micas,I142,"=IF(D142=""FP1 GAZ"",'Données SOMIDA'!$E$73,VLOOKUP(E142,'Données SOMIDA'!$C$71:$E$75,3,FALSE))",4
Besoins en micas,J142,=+I142*F142,2
Besoins en micas,K142,=+H142+J142,2
Besoins en micas,L142,"=IFERROR(+K142/F142,"""")",2
Besoins en micas,C143,"=_xlfn.XLOOKUP(D143,'Données SOMIDA'!$C$31:$C$42,'Données SOMIDA'!$B$31:$B$42)",3
Besoins en micas,D143,=+D142,1
Besoins en micas,E143,=+E142,1
Besoins en micas,G143,"=IF(D143=""FP1 GAZ"",'Données SOMIDA'!$G$73,VLOOKUP('Besoins en micas'!E143,'Données SOMIDA'!$C$71:$G$77,5,FALSE))",4
Besoins en micas,H143,=+F143*G143,2
Besoins en micas,I143,"=IF(D143=""FP1 GAZ"",'Données SOMIDA'!$E$73,VLOOKUP(E143,'Données SOMIDA'!$C$71:$E$75,3,FALSE))",4
Besoins en micas,J143,=+I143*F143,2
Besoins en micas,K143,=+H143+J143,2
Besoins en micas,L143,"=IFERROR(+K143/F143,"""")",2
Besoins en micas,C144,"=_xlfn.XLOOKUP(D144,'Données SOMIDA'!$C$31:$C$42,'Données SOMIDA'!$B$31:$B$42)",3
Besoins en micas,D144,=+D143,1
Besoins en micas,E144,=+E143,1
Besoins en micas,G144,"=IF(D144=""FP1 GAZ"",'Données SOMIDA'!$G$73,VLOOKUP('Besoins en micas'!E144,'Données SOMIDA'!$C$71:$G$77,5,FALSE))",4
Besoins en micas,H144,=+F144*G144,2
Besoins en micas,I144,"=IF(D144=""FP1 GAZ"",'Données SOMIDA'!$E$73,VLOOKUP(E144,'Données SOMIDA'!$C$71:$E$75,3,FALSE))",4
Besoins en micas,J144,=+I144*F144,2
Besoins en micas,K144,=+H144+J144,2
Besoins en micas,L144,"=IFERROR(+K144/F144,"""")",2
Besoins en micas,C145,"=_xlfn.XLOOKUP(D145,'Données SOMIDA'!$C$31:$C$42,'Données SOMIDA'!$B$31:$B$42)",3
Besoins en micas,D145,=+D144,1
Besoins en micas,E145,=+E144,1
Besoins en micas,G145,"=IF(D145=""FP1 GAZ"",'Données SOMIDA'!$G$73,VLOOKUP('Besoins en micas'!E145,'Données SOMIDA'!$C$71:$G$77,5,FALSE))",4
Besoins en micas,H145,=+F145*G145,2
Besoins en micas,I145,"=IF(D145=""FP1 GAZ"",'Données SOMIDA'!$E$73,VLOOKUP(E145,'Données SOMIDA'!$C$71:$E$75,3,FALSE))",4
Besoins en micas,J145,=+I145*F145,2
Besoins en micas,K145,=+H145+J145,2
Besoins en micas,L145,"=IFERROR(+K145/F145,"""")",2
Besoins en micas,C146,"=_xlfn.XLOOKUP(D146,'Données SOMIDA'!$C$31:$C$42,'Données SOMIDA'!$B$31:$B$42)",3
Besoins en micas,D146,=+D145,1
Besoins en micas,E146,=+E145,1
Besoins en micas,G146,"=IF(D146=""FP1 GAZ"",'Données SOMIDA'!$G$73,VLOOKUP('Besoins en micas'!E146,'Données SOMIDA'!$C$71:$G$77,5,FALSE))",4
Besoins en micas,H146,=+F146*G146,2
Besoins en micas,I146,"=IF(D146=""FP1 GAZ"",'Données SOMIDA'!$E$73,VLOOKUP(E146,'Données SOMIDA'!$C$71:$E$75,3,FALSE))",4
Besoins en micas,J146,=+I146*F146,2
Besoins en micas,K146,=+H146+J146,2
Besoins en micas,L146,"=IFERROR(+K146/F146,"""")",2
Besoins en micas,C147,"=_xlfn.XLOOKUP(D147,'Données SOMIDA'!$C$31:$C$42,'Données SOMIDA'!$B$31:$B$42)",3
Besoins en micas,D147,=+D146,1
Besoins en micas,E147,=+E146,1
Besoins en micas,G147,"=IF(D147=""FP1 GAZ"",'Données SOMIDA'!$G$73,VLOOKUP('Besoins en micas'!E147,'Données SOMIDA'!$C$71:$G$77,5,FALSE))",4
Besoins en micas,H147,=+F147*G147,2
Besoins en micas,I147,"=IF(D147=""FP1 GAZ"",'Données SOMIDA'!$E$73,VLOOKUP(E147,'Données SOMIDA'!$C$71:$E$75,3,FALSE))",4
Besoins en micas,J147,=+I147*F147,2
Besoins en micas,K147,=+H147+J147,2
Besoins en micas,L147,"=IFERROR(+K147/F147,"""")",2
Besoins en micas,C148,"=_xlfn.XLOOKUP(D148,'Données SOMIDA'!$C$31:$C$42,'Données SOMIDA'!$B$31:$B$42)",3
Besoins en micas,D148,=+D147,1
Besoins en micas,E148,=+E147,1
Besoins en micas,G148,"=IF(D148=""FP1 GAZ"",'Données SOMIDA'!$G$73,VLOOKUP('Besoins en micas'!E148,'Données SOMIDA'!$C$71:$G$77,5,FALSE))",4
Besoins en micas,H148,=+F148*G148,2
Besoins en micas,I148,"=IF(D148=""FP1 GAZ"",'Données SOMIDA'!$E$73,VLOOKUP(E148,'Données SOMIDA'!$C$71:$E$75,3,FALSE))",4
Besoins en micas,J148,=+I148*F148,2
Besoins en micas,K148,=+H148+J148,2
Besoins en micas,L148,"=IFERROR(+K148/F148,"""")",2
Besoins en micas,C149,"=_xlfn.XLOOKUP(D149,'Données SOMIDA'!$C$31:$C$42,'Données SOMIDA'!$B$31:$B$42)",3
Besoins en micas,D149,=+D148,1
Besoins en micas,E149,=+E148,1
Besoins en micas,G149,"=IF(D149=""FP1 GAZ"",'Données SOMIDA'!$G$73,VLOOKUP('Besoins en micas'!E149,'Données SOMIDA'!$C$71:$G$77,5,FALSE))",4
Besoins en micas,H149,=+F149*G149,2
Besoins en micas,I149,"=IF(D149=""FP1 GAZ"",'Données SOMIDA'!$E$73,VLOOKUP(E149,'Données SOMIDA'!$C$71:$E$75,3,FALSE))",4
Besoins en micas,J149,=+I149*F149,2
Besoins en micas,K149,=+H149+J149,2
Besoins en micas,L149,"=IFERROR(+K149/F149,"""")",2
Besoins en micas,C150,"=_xlfn.XLOOKUP(D150,'Données SOMIDA'!$C$31:$C$42,'Données SOMIDA'!$B$31:$B$42)",3
Besoins en micas,D150,=+D149,1
Besoins en micas,E150,=+E149,1
Besoins en micas,G150,"=IF(D150=""FP1 GAZ"",'Données SOMIDA'!$G$73,VLOOKUP('Besoins en micas'!E150,'Données SOMIDA'!$C$71:$G$77,5,FALSE))",4
Besoins en micas,H150,=+F150*G150,2
Besoins en micas,I150,"=IF(D150=""FP1 GAZ"",'Données SOMIDA'!$E$73,VLOOKUP(E150,'Données SOMIDA'!$C$71:$E$75,3,FALSE))",4
Besoins en micas,J150,=+I150*F150,2
Besoins en micas,K150,=+H150+J150,2
Besoins en micas,L150,"=IFERROR(+K150/F150,"""")",2
Besoins en micas,C151,"=_xlfn.XLOOKUP(D151,'Données SOMIDA'!$C$31:$C$42,'Données SOMIDA'!$B$31:$B$42)",3
Besoins en micas,D151,=+D150,1
Besoins en micas,E151,=+E150,1
Besoins en micas,G151,"=IF(D151=""FP1 GAZ"",'Données SOMIDA'!$G$73,VLOOKUP('Besoins en micas'!E151,'Données SOMIDA'!$C$71:$G$77,5,FALSE))",4
Besoins en micas,H151,=+F151*G151,2
Besoins en micas,I151,"=IF(D151=""FP1 GAZ"",'Données SOMIDA'!$E$73,VLOOKUP(E151,'Données SOMIDA'!$C$71:$E$75,3,FALSE))",4
Besoins en micas,J151,=+I151*F151,2
Besoins en micas,K151,=+H151+J151,2
Besoins en micas,L151,"=IFERROR(+K151/F151,"""")",2
Besoins en micas,C152,"=_xlfn.XLOOKUP(D152,'Données SOMIDA'!$C$31:$C$42,'Données SOMIDA'!$B$31:$B$42)",3
Besoins en micas,D152,=+D151,1
Besoins en micas,E152,=+E151,1
Besoins en micas,G152,"=IF(D152=""FP1 GAZ"",'Données SOMIDA'!$G$73,VLOOKUP('Besoins en micas'!E152,'Données SOMIDA'!$C$71:$G$77,5,FALSE))",4
Besoins en micas,H152,=+F152*G152,2
Besoins en micas,I152,"=IF(D152=""FP1 GAZ"",'Données SOMIDA'!$E$73,VLOOKUP(E152,'Données SOMIDA'!$C$71:$E$75,3,FALSE))",4
Besoins en micas,J152,=+I152*F152,2
Besoins en micas,K152,=+H152+J152,2
Besoins en micas,L152,"=IFERROR(+K152/F152,"""")",2
Besoins en micas,C153,"=_xlfn.XLOOKUP(D153,'Données SOMIDA'!$C$31:$C$42,'Données SOMIDA'!$B$31:$B$42)",3
Besoins en micas,D153,=+D152,1
Besoins en micas,E153,=+E152,1
Besoins en micas,G153,"=IF(D153=""FP1 GAZ"",'Données SOMIDA'!$G$73,VLOOKUP('Besoins en micas'!E153,'Données SOMIDA'!$C$71:$G$77,5,FALSE))",4
Besoins en micas,H153,=+F153*G153,2
Besoins en micas,I153,"=IF(D153=""FP1 GAZ"",'Données SOMIDA'!$E$73,VLOOKUP(E153,'Données SOMIDA'!$C$71:$E$75,3,FALSE))",4
Besoins en micas,J153,=+I153*F153,2
Besoins en micas,K153,=+H153+J153,2
Besoins en micas,L153,"=IFERROR(+K153/F153,"""")",2
Besoins en micas,B154,=+B142,1
Besoins en micas,C154,"=_xlfn.XLOOKUP(D154,'Données SOMIDA'!$C$31:$C$42,'Données SOMIDA'!$B$31:$B$42)",3
Besoins en micas,D154,=+D153,1
Besoins en micas,E154,=+B45,1
Besoins en micas,F154,<openpyxl.worksheet.formula.ArrayFormula object at 0x0000026CDE0DB6D0>,0
Besoins en micas,G154,"=IF(D154=""FP1 GAZ"",'Données SOMIDA'!$G$73,VLOOKUP('Besoins en micas'!E154,'Données SOMIDA'!$C$71:$G$77,5,FALSE))",4
Besoins en micas,H154,=+F154*G154,2
Besoins en micas,I154,"=IF(D154=""FP1 GAZ"",'Données SOMIDA'!$E$73,VLOOKUP(E154,'Données SOMIDA'!$C$71:$E$75,3,FALSE))",4
Besoins en micas,J154,=+I154*F154,2
Besoins en micas,K154,=+H154+J154,2
Besoins en micas,L154,"=IFERROR(+K154/F154,"""")",2
Besoins en micas,B155,=+B143,1
Besoins en micas,C155,"=_xlfn.XLOOKUP(D155,'Données SOMIDA'!$C$31:$C$42,'Données SOMIDA'!$B$31:$B$42)",3
Besoins en micas,D155,=+D154,1
Besoins en micas,E155,=+E154,1
Besoins en micas,G155,"=IF(D155=""FP1 GAZ"",'Données SOMIDA'!$G$73,VLOOKUP('Besoins en micas'!E155,'Données SOMIDA'!$C$71:$G$77,5,FALSE))",4
Besoins en micas,H155,=+F155*G155,2
Besoins en micas,I155,"=IF(D155=""FP1 GAZ"",'Données SOMIDA'!$E$73,VLOOKUP(E155,'Données SOMIDA'!$C$71:$E$75,3,FALSE))",4
Besoins en micas,J155,=+I155*F155,2
Besoins en micas,K155,=+H155+J155,2
Besoins en micas,L155,"=IFERROR(+K155/F155,"""")",2
Besoins en micas,B156,=+B144,1
Besoins en micas,C156,"=_xlfn.XLOOKUP(D156,'Données SOMIDA'!$C$31:$C$42,'Données SOMIDA'!$B$31:$B$42)",3
Besoins en micas,D156,=+D155,1
Besoins en micas,E156,=+E155,1
Besoins en micas,G156,"=IF(D156=""FP1 GAZ"",'Données SOMIDA'!$G$73,VLOOKUP('Besoins en micas'!E156,'Données SOMIDA'!$C$71:$G$77,5,FALSE))",4
Besoins en micas,H156,=+F156*G156,2
Besoins en micas,I156,"=IF(D156=""FP1 GAZ"",'Données SOMIDA'!$E$73,VLOOKUP(E156,'Données SOMIDA'!$C$71:$E$75,3,FALSE))",4
Besoins en micas,J156,=+I156*F156,2
Besoins en micas,K156,=+H156+J156,2
Besoins en micas,L156,"=IFERROR(+K156/F156,"""")",2
Besoins en micas,B157,=+B145,1
Besoins en micas,C157,"=_xlfn.XLOOKUP(D157,'Données SOMIDA'!$C$31:$C$42,'Données SOMIDA'!$B$31:$B$42)",3
Besoins en micas,D157,=+D156,1
Besoins en micas,E157,=+E156,1
Besoins en micas,G157,"=IF(D157=""FP1 GAZ"",'Données SOMIDA'!$G$73,VLOOKUP('Besoins en micas'!E157,'Données SOMIDA'!$C$71:$G$77,5,FALSE))",4
Besoins en micas,H157,=+F157*G157,2
Besoins en micas,I157,"=IF(D157=""FP1 GAZ"",'Données SOMIDA'!$E$73,VLOOKUP(E157,'Données SOMIDA'!$C$71:$E$75,3,FALSE))",4
Besoins en micas,J157,=+I157*F157,2
Besoins en micas,K157,=+H157+J157,2
Besoins en micas,L157,"=IFERROR(+K157/F157,"""")",2
Besoins en micas,B158,=+B146,1
Besoins en micas,C158,"=_xlfn.XLOOKUP(D158,'Données SOMIDA'!$C$31:$C$42,'Données SOMIDA'!$B$31:$B$42)",3
Besoins en micas,D158,=+D157,1
Besoins en micas,E158,=+E157,1
Besoins en micas,G158,"=IF(D158=""FP1 GAZ"",'Données SOMIDA'!$G$73,VLOOKUP('Besoins en micas'!E158,'Données SOMIDA'!$C$71:$G$77,5,FALSE))",4
Besoins en micas,H158,=+F158*G158,2
Besoins en micas,I158,"=IF(D158=""FP1 GAZ"",'Données SOMIDA'!$E$73,VLOOKUP(E158,'Données SOMIDA'!$C$71:$E$75,3,FALSE))",4
Besoins en micas,J158,=+I158*F158,2
Besoins en micas,K158,=+H158+J158,2
Besoins en micas,L158,"=IFERROR(+K158/F158,"""")",2
Besoins en micas,B159,=+B147,1
Besoins en micas,C159,"=_xlfn.XLOOKUP(D159,'Données SOMIDA'!$C$31:$C$42,'Données SOMIDA'!$B$31:$B$42)",3
Besoins en micas,D159,=+D158,1
Besoins en micas,E159,=+E158,1
Besoins en micas,G159,"=IF(D159=""FP1 GAZ"",'Données SOMIDA'!$G$73,VLOOKUP('Besoins en micas'!E159,'Données SOMIDA'!$C$71:$G$77,5,FALSE))",4
Besoins en micas,H159,=+F159*G159,2
Besoins en micas,I159,"=IF(D159=""FP1 GAZ"",'Données SOMIDA'!$E$73,VLOOKUP(E159,'Données SOMIDA'!$C$71:$E$75,3,FALSE))",4
Besoins en micas,J159,=+I159*F159,2
Besoins en micas,K159,=+H159+J159,2
Besoins en micas,L159,"=IFERROR(+K159/F159,"""")",2
Besoins en micas,B160,=+B148,1
Besoins en micas,C160,"=_xlfn.XLOOKUP(D160,'Données SOMIDA'!$C$31:$C$42,'Données SOMIDA'!$B$31:$B$42)",3
Besoins en micas,D160,=+D159,1
Besoins en micas,E160,=+E159,1
Besoins en micas,G160,"=IF(D160=""FP1 GAZ"",'Données SOMIDA'!$G$73,VLOOKUP('Besoins en micas'!E160,'Données SOMIDA'!$C$71:$G$77,5,FALSE))",4
Besoins en micas,H160,=+F160*G160,2
Besoins en micas,I160,"=IF(D160=""FP1 GAZ"",'Données SOMIDA'!$E$73,VLOOKUP(E160,'Données SOMIDA'!$C$71:$E$75,3,FALSE))",4
Besoins en micas,J160,=+I160*F160,2
Besoins en micas,K160,=+H160+J160,2
Besoins en micas,L160,"=IFERROR(+K160/F160,"""")",2
Besoins en micas,B161,=+B149,1
Besoins en micas,C161,"=_xlfn.XLOOKUP(D161,'Données SOMIDA'!$C$31:$C$42,'Données SOMIDA'!$B$31:$B$42)",3
Besoins en micas,D161,=+D160,1
Besoins en micas,E161,=+E160,1
Besoins en micas,G161,"=IF(D161=""FP1 GAZ"",'Données SOMIDA'!$G$73,VLOOKUP('Besoins en micas'!E161,'Données SOMIDA'!$C$71:$G$77,5,FALSE))",4
Besoins en micas,H161,=+F161*G161,2
Besoins en micas,I161,"=IF(D161=""FP1 GAZ"",'Données SOMIDA'!$E$73,VLOOKUP(E161,'Données SOMIDA'!$C$71:$E$75,3,FALSE))",4
Besoins en micas,J161,=+I161*F161,2
Besoins en micas,K161,=+H161+J161,2
Besoins en micas,L161,"=IFERROR(+K161/F161,"""")",2
Besoins en micas,B162,=+B150,1
Besoins en micas,C162,"=_xlfn.XLOOKUP(D162,'Données SOMIDA'!$C$31:$C$42,'Données SOMIDA'!$B$31:$B$42)",3
Besoins en micas,D162,=+D161,1
Besoins en micas,E162,=+E161,1
Besoins en micas,G162,"=IF(D162=""FP1 GAZ"",'Données SOMIDA'!$G$73,VLOOKUP('Besoins en micas'!E162,'Données SOMIDA'!$C$71:$G$77,5,FALSE))",4
Besoins en micas,H162,=+F162*G162,2
Besoins en micas,I162,"=IF(D162=""FP1 GAZ"",'Données SOMIDA'!$E$73,VLOOKUP(E162,'Données SOMIDA'!$C$71:$E$75,3,FALSE))",4
Besoins en micas,J162,=+I162*F162,2
Besoins en micas,K162,=+H162+J162,2
Besoins en micas,L162,"=IFERROR(+K162/F162,"""")",2
Besoins en micas,B163,=+B151,1
Besoins en micas,C163,"=_xlfn.XLOOKUP(D163,'Données SOMIDA'!$C$31:$C$42,'Données SOMIDA'!$B$31:$B$42)",3
Besoins en micas,D163,=+D162,1
Besoins en micas,E163,=+E162,1
Besoins en micas,G163,"=IF(D163=""FP1 GAZ"",'Données SOMIDA'!$G$73,VLOOKUP('Besoins en micas'!E163,'Données SOMIDA'!$C$71:$G$77,5,FALSE))",4
Besoins en micas,H163,=+F163*G163,2
Besoins en micas,I163,"=IF(D163=""FP1 GAZ"",'Données SOMIDA'!$E$73,VLOOKUP(E163,'Données SOMIDA'!$C$71:$E$75,3,FALSE))",4
Besoins en micas,J163,=+I163*F163,2
Besoins en micas,K163,=+H163+J163,2
Besoins en micas,L163,"=IFERROR(+K163/F163,"""")",2
Besoins en micas,B164,=+B152,1
Besoins en micas,C164,"=_xlfn.XLOOKUP(D164,'Données SOMIDA'!$C$31:$C$42,'Données SOMIDA'!$B$31:$B$42)",3
Besoins en micas,D164,=+D163,1
Besoins en micas,E164,=+E163,1
Besoins en micas,G164,"=IF(D164=""FP1 GAZ"",'Données SOMIDA'!$G$73,VLOOKUP('Besoins en micas'!E164,'Données SOMIDA'!$C$71:$G$77,5,FALSE))",4
Besoins en micas,H164,=+F164*G164,2
Besoins en micas,I164,"=IF(D164=""FP1 GAZ"",'Données SOMIDA'!$E$73,VLOOKUP(E164,'Données SOMIDA'!$C$71:$E$75,3,FALSE))",4
Besoins en micas,J164,=+I164*F164,2
Besoins en micas,K164,=+H164+J164,2
Besoins en micas,L164,"=IFERROR(+K164/F164,"""")",2
Besoins en micas,B165,=+B153,1
Besoins en micas,C165,"=_xlfn.XLOOKUP(D165,'Données SOMIDA'!$C$31:$C$42,'Données SOMIDA'!$B$31:$B$42)",3
Besoins en micas,D165,=+D164,1
Besoins en micas,E165,=+E164,1
Besoins en micas,G165,"=IF(D165=""FP1 GAZ"",'Données SOMIDA'!$G$73,VLOOKUP('Besoins en micas'!E165,'Données SOMIDA'!$C$71:$G$77,5,FALSE))",4
Besoins en micas,H165,=+F165*G165,2
Besoins en micas,I165,"=IF(D165=""FP1 GAZ"",'Données SOMIDA'!$E$73,VLOOKUP(E165,'Données SOMIDA'!$C$71:$E$75,3,FALSE))",4
Besoins en micas,J165,=+I165*F165,2
Besoins en micas,K165,=+H165+J165,2
Besoins en micas,L165,"=IFERROR(+K165/F165,"""")",2
Besoins en micas,B166,=+B154,1
Besoins en micas,C166,"=_xlfn.XLOOKUP(D166,'Données SOMIDA'!$C$31:$C$42,'Données SOMIDA'!$B$31:$B$42)",3
Besoins en micas,D166,=+D165,1
Besoins en micas,E166,=+B46,1
Besoins en micas,F166,<openpyxl.worksheet.formula.ArrayFormula object at 0x0000026CDD970AD0>,0
Besoins en micas,G166,"=IF(D166=""FP1 GAZ"",'Données SOMIDA'!$G$73,VLOOKUP('Besoins en micas'!E166,'Données SOMIDA'!$C$71:$G$77,5,FALSE))",4
Besoins en micas,H166,=+F166*G166,2
Besoins en micas,I166,"=IF(D166=""FP1 GAZ"",'Données SOMIDA'!$E$73,VLOOKUP(E166,'Données SOMIDA'!$C$71:$E$75,3,FALSE))",4
Besoins en micas,J166,=+I166*F166,2
Besoins en micas,K166,=+H166+J166,2
Besoins en micas,L166,"=IFERROR(+K166/F166,"""")",2
Besoins en micas,B167,=+B155,1
Besoins en micas,C167,"=_xlfn.XLOOKUP(D167,'Données SOMIDA'!$C$31:$C$42,'Données SOMIDA'!$B$31:$B$42)",3
Besoins en micas,D167,=+D166,1
Besoins en micas,E167,=+E166,1
Besoins en micas,G167,"=IF(D167=""FP1 GAZ"",'Données SOMIDA'!$G$73,VLOOKUP('Besoins en micas'!E167,'Données SOMIDA'!$C$71:$G$77,5,FALSE))",4
Besoins en micas,H167,=+F167*G167,2
Besoins en micas,I167,"=IF(D167=""FP1 GAZ"",'Données SOMIDA'!$E$73,VLOOKUP(E167,'Données SOMIDA'!$C$71:$E$75,3,FALSE))",4
Besoins en micas,J167,=+I167*F167,2
Besoins en micas,K167,=+H167+J167,2
Besoins en micas,L167,"=IFERROR(+K167/F167,"""")",2
Besoins en micas,B168,=+B156,1
Besoins en micas,C168,"=_xlfn.XLOOKUP(D168,'Données SOMIDA'!$C$31:$C$42,'Données SOMIDA'!$B$31:$B$42)",3
Besoins en micas,D168,=+D167,1
Besoins en micas,E168,=+E167,1
Besoins en micas,G168,"=IF(D168=""FP1 GAZ"",'Données SOMIDA'!$G$73,VLOOKUP('Besoins en micas'!E168,'Données SOMIDA'!$C$71:$G$77,5,FALSE))",4
Besoins en micas,H168,=+F168*G168,2
Besoins en micas,I168,"=IF(D168=""FP1 GAZ"",'Données SOMIDA'!$E$73,VLOOKUP(E168,'Données SOMIDA'!$C$71:$E$75,3,FALSE))",4
Besoins en micas,J168,=+I168*F168,2
Besoins en micas,K168,=+H168+J168,2
Besoins en micas,L168,"=IFERROR(+K168/F168,"""")",2
Besoins en micas,B169,=+B157,1
Besoins en micas,C169,"=_xlfn.XLOOKUP(D169,'Données SOMIDA'!$C$31:$C$42,'Données SOMIDA'!$B$31:$B$42)",3
Besoins en micas,D169,=+D168,1
Besoins en micas,E169,=+E168,1
Besoins en micas,G169,"=IF(D169=""FP1 GAZ"",'Données SOMIDA'!$G$73,VLOOKUP('Besoins en micas'!E169,'Données SOMIDA'!$C$71:$G$77,5,FALSE))",4
Besoins en micas,H169,=+F169*G169,2
Besoins en micas,I169,"=IF(D169=""FP1 GAZ"",'Données SOMIDA'!$E$73,VLOOKUP(E169,'Données SOMIDA'!$C$71:$E$75,3,FALSE))",4
Besoins en micas,J169,=+I169*F169,2
Besoins en micas,K169,=+H169+J169,2
Besoins en micas,L169,"=IFERROR(+K169/F169,"""")",2
Besoins en micas,B170,=+B158,1
Besoins en micas,C170,"=_xlfn.XLOOKUP(D170,'Données SOMIDA'!$C$31:$C$42,'Données SOMIDA'!$B$31:$B$42)",3
Besoins en micas,D170,=+D169,1
Besoins en micas,E170,=+E169,1
Besoins en micas,G170,"=IF(D170=""FP1 GAZ"",'Données SOMIDA'!$G$73,VLOOKUP('Besoins en micas'!E170,'Données SOMIDA'!$C$71:$G$77,5,FALSE))",4
Besoins en micas,H170,=+F170*G170,2
Besoins en micas,I170,"=IF(D170=""FP1 GAZ"",'Données SOMIDA'!$E$73,VLOOKUP(E170,'Données SOMIDA'!$C$71:$E$75,3,FALSE))",4
Besoins en micas,J170,=+I170*F170,2
Besoins en micas,K170,=+H170+J170,2
Besoins en micas,L170,"=IFERROR(+K170/F170,"""")",2
Besoins en micas,B171,=+B159,1
Besoins en micas,C171,"=_xlfn.XLOOKUP(D171,'Données SOMIDA'!$C$31:$C$42,'Données SOMIDA'!$B$31:$B$42)",3
Besoins en micas,D171,=+D170,1
Besoins en micas,E171,=+E170,1
Besoins en micas,G171,"=IF(D171=""FP1 GAZ"",'Données SOMIDA'!$G$73,VLOOKUP('Besoins en micas'!E171,'Données SOMIDA'!$C$71:$G$77,5,FALSE))",4
Besoins en micas,H171,=+F171*G171,2
Besoins en micas,I171,"=IF(D171=""FP1 GAZ"",'Données SOMIDA'!$E$73,VLOOKUP(E171,'Données SOMIDA'!$C$71:$E$75,3,FALSE))",4
Besoins en micas,J171,=+I171*F171,2
Besoins en micas,K171,=+H171+J171,2
Besoins en micas,L171,"=IFERROR(+K171/F171,"""")",2
Besoins en micas,B172,=+B160,1
Besoins en micas,C172,"=_xlfn.XLOOKUP(D172,'Données SOMIDA'!$C$31:$C$42,'Données SOMIDA'!$B$31:$B$42)",3
Besoins en micas,D172,=+D171,1
Besoins en micas,E172,=+E171,1
Besoins en micas,G172,"=IF(D172=""FP1 GAZ"",'Données SOMIDA'!$G$73,VLOOKUP('Besoins en micas'!E172,'Données SOMIDA'!$C$71:$G$77,5,FALSE))",4
Besoins en micas,H172,=+F172*G172,2
Besoins en micas,I172,"=IF(D172=""FP1 GAZ"",'Données SOMIDA'!$E$73,VLOOKUP(E172,'Données SOMIDA'!$C$71:$E$75,3,FALSE))",4
Besoins en micas,J172,=+I172*F172,2
Besoins en micas,K172,=+H172+J172,2
Besoins en micas,L172,"=IFERROR(+K172/F172,"""")",2
Besoins en micas,B173,=+B161,1
Besoins en micas,C173,"=_xlfn.XLOOKUP(D173,'Données SOMIDA'!$C$31:$C$42,'Données SOMIDA'!$B$31:$B$42)",3
Besoins en micas,D173,=+D172,1
Besoins en micas,E173,=+E172,1
Besoins en micas,G173,"=IF(D173=""FP1 GAZ"",'Données SOMIDA'!$G$73,VLOOKUP('Besoins en micas'!E173,'Données SOMIDA'!$C$71:$G$77,5,FALSE))",4
Besoins en micas,H173,=+F173*G173,2
Besoins en micas,I173,"=IF(D173=""FP1 GAZ"",'Données SOMIDA'!$E$73,VLOOKUP(E173,'Données SOMIDA'!$C$71:$E$75,3,FALSE))",4
Besoins en micas,J173,=+I173*F173,2
Besoins en micas,K173,=+H173+J173,2
Besoins en micas,L173,"=IFERROR(+K173/F173,"""")",2
Besoins en micas,B174,=+B162,1
Besoins en micas,C174,"=_xlfn.XLOOKUP(D174,'Données SOMIDA'!$C$31:$C$42,'Données SOMIDA'!$B$31:$B$42)",3
Besoins en micas,D174,=+D173,1
Besoins en micas,E174,=+E173,1
Besoins en micas,G174,"=IF(D174=""FP1 GAZ"",'Données SOMIDA'!$G$73,VLOOKUP('Besoins en micas'!E174,'Données SOMIDA'!$C$71:$G$77,5,FALSE))",4
Besoins en micas,H174,=+F174*G174,2
Besoins en micas,I174,"=IF(D174=""FP1 GAZ"",'Données SOMIDA'!$E$73,VLOOKUP(E174,'Données SOMIDA'!$C$71:$E$75,3,FALSE))",4
Besoins en micas,J174,=+I174*F174,2
Besoins en micas,K174,=+H174+J174,2
Besoins en micas,L174,"=IFERROR(+K174/F174,"""")",2
Besoins en micas,B175,=+B163,1
Besoins en micas,C175,"=_xlfn.XLOOKUP(D175,'Données SOMIDA'!$C$31:$C$42,'Données SOMIDA'!$B$31:$B$42)",3
Besoins en micas,D175,=+D174,1
Besoins en micas,E175,=+E174,1
Besoins en micas,G175,"=IF(D175=""FP1 GAZ"",'Données SOMIDA'!$G$73,VLOOKUP('Besoins en micas'!E175,'Données SOMIDA'!$C$71:$G$77,5,FALSE))",4
Besoins en micas,H175,=+F175*G175,2
Besoins en micas,I175,"=IF(D175=""FP1 GAZ"",'Données SOMIDA'!$E$73,VLOOKUP(E175,'Données SOMIDA'!$C$71:$E$75,3,FALSE))",4
Besoins en micas,J175,=+I175*F175,2
Besoins en micas,K175,=+H175+J175,2
Besoins en micas,L175,"=IFERROR(+K175/F175,"""")",2
Besoins en micas,B176,=+B164,1
Besoins en micas,C176,"=_xlfn.XLOOKUP(D176,'Données SOMIDA'!$C$31:$C$42,'Données SOMIDA'!$B$31:$B$42)",3
Besoins en micas,D176,=+D175,1
Besoins en micas,E176,=+E175,1
Besoins en micas,G176,"=IF(D176=""FP1 GAZ"",'Données SOMIDA'!$G$73,VLOOKUP('Besoins en micas'!E176,'Données SOMIDA'!$C$71:$G$77,5,FALSE))",4
Besoins en micas,H176,=+F176*G176,2
Besoins en micas,I176,"=IF(D176=""FP1 GAZ"",'Données SOMIDA'!$E$73,VLOOKUP(E176,'Données SOMIDA'!$C$71:$E$75,3,FALSE))",4
Besoins en micas,J176,=+I176*F176,2
Besoins en micas,K176,=+H176+J176,2
Besoins en micas,L176,"=IFERROR(+K176/F176,"""")",2
Besoins en micas,B177,=+B165,1
Besoins en micas,C177,"=_xlfn.XLOOKUP(D177,'Données SOMIDA'!$C$31:$C$42,'Données SOMIDA'!$B$31:$B$42)",3
Besoins en micas,D177,=+D176,1
Besoins en micas,E177,=+E176,1
Besoins en micas,G177,"=IF(D177=""FP1 GAZ"",'Données SOMIDA'!$G$73,VLOOKUP('Besoins en micas'!E177,'Données SOMIDA'!$C$71:$G$77,5,FALSE))",4
Besoins en micas,H177,=+F177*G177,2
Besoins en micas,I177,"=IF(D177=""FP1 GAZ"",'Données SOMIDA'!$E$73,VLOOKUP(E177,'Données SOMIDA'!$C$71:$E$75,3,FALSE))",4
Besoins en micas,J177,=+I177*F177,2
Besoins en micas,K177,=+H177+J177,2
Besoins en micas,L177,"=IFERROR(+K177/F177,"""")",2
Besoins en micas,B178,=+B166,1
Besoins en micas,C178,"=_xlfn.XLOOKUP(D178,'Données SOMIDA'!$C$31:$C$42,'Données SOMIDA'!$B$31:$B$42)",3
Besoins en micas,D178,=+D177,1
Besoins en micas,E178,=+B47,1
Besoins en micas,F178,<openpyxl.worksheet.formula.ArrayFormula object at 0x0000026CDDBF0D10>,0
Besoins en micas,G178,"=IF(D178=""FP1 GAZ"",'Données SOMIDA'!$G$73,VLOOKUP('Besoins en micas'!E178,'Données SOMIDA'!$C$71:$G$77,5,FALSE))",4
Besoins en micas,H178,=+F178*G178,2
Besoins en micas,I178,"=IF(D178=""FP1 GAZ"",'Données SOMIDA'!$E$73,VLOOKUP(E178,'Données SOMIDA'!$C$71:$E$75,3,FALSE))",4
Besoins en micas,J178,=+I178*F178,2
Besoins en micas,K178,=+H178+J178,2
Besoins en micas,L178,"=IFERROR(+K178/F178,"""")",2
Besoins en micas,B179,=+B167,1
Besoins en micas,C179,"=_xlfn.XLOOKUP(D179,'Données SOMIDA'!$C$31:$C$42,'Données SOMIDA'!$B$31:$B$42)",3
Besoins en micas,D179,=+D178,1
Besoins en micas,E179,=+E178,1
Besoins en micas,G179,"=IF(D179=""FP1 GAZ"",'Données SOMIDA'!$G$73,VLOOKUP('Besoins en micas'!E179,'Données SOMIDA'!$C$71:$G$77,5,FALSE))",4
Besoins en micas,H179,=+F179*G179,2
Besoins en micas,I179,"=IF(D179=""FP1 GAZ"",'Données SOMIDA'!$E$73,VLOOKUP(E179,'Données SOMIDA'!$C$71:$E$75,3,FALSE))",4
Besoins en micas,J179,=+I179*F179,2
Besoins en micas,K179,=+H179+J179,2
Besoins en micas,L179,"=IFERROR(+K179/F179,"""")",2
Besoins en micas,B180,=+B168,1
Besoins en micas,C180,"=_xlfn.XLOOKUP(D180,'Données SOMIDA'!$C$31:$C$42,'Données SOMIDA'!$B$31:$B$42)",3
Besoins en micas,D180,=+D179,1
Besoins en micas,E180,=+E179,1
Besoins en micas,G180,"=IF(D180=""FP1 GAZ"",'Données SOMIDA'!$G$73,VLOOKUP('Besoins en micas'!E180,'Données SOMIDA'!$C$71:$G$77,5,FALSE))",4
Besoins en micas,H180,=+F180*G180,2
Besoins en micas,I180,"=IF(D180=""FP1 GAZ"",'Données SOMIDA'!$E$73,VLOOKUP(E180,'Données SOMIDA'!$C$71:$E$75,3,FALSE))",4
Besoins en micas,J180,=+I180*F180,2
Besoins en micas,K180,=+H180+J180,2
Besoins en micas,L180,"=IFERROR(+K180/F180,"""")",2
Besoins en micas,B181,=+B169,1
Besoins en micas,C181,"=_xlfn.XLOOKUP(D181,'Données SOMIDA'!$C$31:$C$42,'Données SOMIDA'!$B$31:$B$42)",3
Besoins en micas,D181,=+D180,1
Besoins en micas,E181,=+E180,1
Besoins en micas,G181,"=IF(D181=""FP1 GAZ"",'Données SOMIDA'!$G$73,VLOOKUP('Besoins en micas'!E181,'Données SOMIDA'!$C$71:$G$77,5,FALSE))",4
Besoins en micas,H181,=+F181*G181,2
Besoins en micas,I181,"=IF(D181=""FP1 GAZ"",'Données SOMIDA'!$E$73,VLOOKUP(E181,'Données SOMIDA'!$C$71:$E$75,3,FALSE))",4
Besoins en micas,J181,=+I181*F181,2
Besoins en micas,K181,=+H181+J181,2
Besoins en micas,L181,"=IFERROR(+K181/F181,"""")",2
Besoins en micas,B182,=+B170,1
Besoins en micas,C182,"=_xlfn.XLOOKUP(D182,'Données SOMIDA'!$C$31:$C$42,'Données SOMIDA'!$B$31:$B$42)",3
Besoins en micas,D182,=+D181,1
Besoins en micas,E182,=+E181,1
Besoins en micas,G182,"=IF(D182=""FP1 GAZ"",'Données SOMIDA'!$G$73,VLOOKUP('Besoins en micas'!E182,'Données SOMIDA'!$C$71:$G$77,5,FALSE))",4
Besoins en micas,H182,=+F182*G182,2
Besoins en micas,I182,"=IF(D182=""FP1 GAZ"",'Données SOMIDA'!$E$73,VLOOKUP(E182,'Données SOMIDA'!$C$71:$E$75,3,FALSE))",4
Besoins en micas,J182,=+I182*F182,2
Besoins en micas,K182,=+H182+J182,2
Besoins en micas,L182,"=IFERROR(+K182/F182,"""")",2
Besoins en micas,B183,=+B171,1
Besoins en micas,C183,"=_xlfn.XLOOKUP(D183,'Données SOMIDA'!$C$31:$C$42,'Données SOMIDA'!$B$31:$B$42)",3
Besoins en micas,D183,=+D182,1
Besoins en micas,E183,=+E182,1
Besoins en micas,G183,"=IF(D183=""FP1 GAZ"",'Données SOMIDA'!$G$73,VLOOKUP('Besoins en micas'!E183,'Données SOMIDA'!$C$71:$G$77,5,FALSE))",4
Besoins en micas,H183,=+F183*G183,2
Besoins en micas,I183,"=IF(D183=""FP1 GAZ"",'Données SOMIDA'!$E$73,VLOOKUP(E183,'Données SOMIDA'!$C$71:$E$75,3,FALSE))",4
Besoins en micas,J183,=+I183*F183,2
Besoins en micas,K183,=+H183+J183,2
Besoins en micas,L183,"=IFERROR(+K183/F183,"""")",2
Besoins en micas,B184,=+B172,1
Besoins en micas,C184,"=_xlfn.XLOOKUP(D184,'Données SOMIDA'!$C$31:$C$42,'Données SOMIDA'!$B$31:$B$42)",3
Besoins en micas,D184,=+D183,1
Besoins en micas,E184,=+E183,1
Besoins en micas,G184,"=IF(D184=""FP1 GAZ"",'Données SOMIDA'!$G$73,VLOOKUP('Besoins en micas'!E184,'Données SOMIDA'!$C$71:$G$77,5,FALSE))",4
Besoins en micas,H184,=+F184*G184,2
Besoins en micas,I184,"=IF(D184=""FP1 GAZ"",'Données SOMIDA'!$E$73,VLOOKUP(E184,'Données SOMIDA'!$C$71:$E$75,3,FALSE))",4
Besoins en micas,J184,=+I184*F184,2
Besoins en micas,K184,=+H184+J184,2
Besoins en micas,L184,"=IFERROR(+K184/F184,"""")",2
Besoins en micas,B185,=+B173,1
Besoins en micas,C185,"=_xlfn.XLOOKUP(D185,'Données SOMIDA'!$C$31:$C$42,'Données SOMIDA'!$B$31:$B$42)",3
Besoins en micas,D185,=+D184,1
Besoins en micas,E185,=+E184,1
Besoins en micas,G185,"=IF(D185=""FP1 GAZ"",'Données SOMIDA'!$G$73,VLOOKUP('Besoins en micas'!E185,'Données SOMIDA'!$C$71:$G$77,5,FALSE))",4
Besoins en micas,H185,=+F185*G185,2
Besoins en micas,I185,"=IF(D185=""FP1 GAZ"",'Données SOMIDA'!$E$73,VLOOKUP(E185,'Données SOMIDA'!$C$71:$E$75,3,FALSE))",4
Besoins en micas,J185,=+I185*F185,2
Besoins en micas,K185,=+H185+J185,2
Besoins en micas,L185,"=IFERROR(+K185/F185,"""")",2
Besoins en micas,B186,=+B174,1
Besoins en micas,C186,"=_xlfn.XLOOKUP(D186,'Données SOMIDA'!$C$31:$C$42,'Données SOMIDA'!$B$31:$B$42)",3
Besoins en micas,D186,=+D185,1
Besoins en micas,E186,=+E185,1
Besoins en micas,G186,"=IF(D186=""FP1 GAZ"",'Données SOMIDA'!$G$73,VLOOKUP('Besoins en micas'!E186,'Données SOMIDA'!$C$71:$G$77,5,FALSE))",4
Besoins en micas,H186,=+F186*G186,2
Besoins en micas,I186,"=IF(D186=""FP1 GAZ"",'Données SOMIDA'!$E$73,VLOOKUP(E186,'Données SOMIDA'!$C$71:$E$75,3,FALSE))",4
Besoins en micas,J186,=+I186*F186,2
Besoins en micas,K186,=+H186+J186,2
Besoins en micas,L186,"=IFERROR(+K186/F186,"""")",2
Besoins en micas,B187,=+B175,1
Besoins en micas,C187,"=_xlfn.XLOOKUP(D187,'Données SOMIDA'!$C$31:$C$42,'Données SOMIDA'!$B$31:$B$42)",3
Besoins en micas,D187,=+D186,1
Besoins en micas,E187,=+E186,1
Besoins en micas,G187,"=IF(D187=""FP1 GAZ"",'Données SOMIDA'!$G$73,VLOOKUP('Besoins en micas'!E187,'Données SOMIDA'!$C$71:$G$77,5,FALSE))",4
Besoins en micas,H187,=+F187*G187,2
Besoins en micas,I187,"=IF(D187=""FP1 GAZ"",'Données SOMIDA'!$E$73,VLOOKUP(E187,'Données SOMIDA'!$C$71:$E$75,3,FALSE))",4
Besoins en micas,J187,=+I187*F187,2
Besoins en micas,K187,=+H187+J187,2
Besoins en micas,L187,"=IFERROR(+K187/F187,"""")",2
Besoins en micas,B188,=+B176,1
Besoins en micas,C188,"=_xlfn.XLOOKUP(D188,'Données SOMIDA'!$C$31:$C$42,'Données SOMIDA'!$B$31:$B$42)",3
Besoins en micas,D188,=+D187,1
Besoins en micas,E188,=+E187,1
Besoins en micas,G188,"=IF(D188=""FP1 GAZ"",'Données SOMIDA'!$G$73,VLOOKUP('Besoins en micas'!E188,'Données SOMIDA'!$C$71:$G$77,5,FALSE))",4
Besoins en micas,H188,=+F188*G188,2
Besoins en micas,I188,"=IF(D188=""FP1 GAZ"",'Données SOMIDA'!$E$73,VLOOKUP(E188,'Données SOMIDA'!$C$71:$E$75,3,FALSE))",4
Besoins en micas,J188,=+I188*F188,2
Besoins en micas,K188,=+H188+J188,2
Besoins en micas,L188,"=IFERROR(+K188/F188,"""")",2
Besoins en micas,B189,=+B177,1
Besoins en micas,C189,"=_xlfn.XLOOKUP(D189,'Données SOMIDA'!$C$31:$C$42,'Données SOMIDA'!$B$31:$B$42)",3
Besoins en micas,D189,=+D188,1
Besoins en micas,E189,=+E188,1
Besoins en micas,G189,"=IF(D189=""FP1 GAZ"",'Données SOMIDA'!$G$73,VLOOKUP('Besoins en micas'!E189,'Données SOMIDA'!$C$71:$G$77,5,FALSE))",4
Besoins en micas,H189,=+F189*G189,2
Besoins en micas,I189,"=IF(D189=""FP1 GAZ"",'Données SOMIDA'!$E$73,VLOOKUP(E189,'Données SOMIDA'!$C$71:$E$75,3,FALSE))",4
Besoins en micas,J189,=+I189*F189,2
Besoins en micas,K189,=+H189+J189,2
Besoins en micas,L189,"=IFERROR(+K189/F189,"""")",2
Besoins en micas,B190,=+B178,1
Besoins en micas,C190,"=_xlfn.XLOOKUP(D190,'Données SOMIDA'!$C$31:$C$42,'Données SOMIDA'!$B$31:$B$42)",3
Besoins en micas,D190,=+B53,1
Besoins en micas,E190,=+B49,1
Besoins en micas,F190,<openpyxl.worksheet.formula.ArrayFormula object at 0x0000026CDDDCCB90>,0
Besoins en micas,G190,"=IF(D190=""FP1 GAZ"",'Données SOMIDA'!$G$73,VLOOKUP('Besoins en micas'!E190,'Données SOMIDA'!$C$71:$G$77,5,FALSE))",4
Besoins en micas,H190,=+F190*G190,2
Besoins en micas,I190,"=IF(D190=""FP1 GAZ"",'Données SOMIDA'!$E$73,VLOOKUP(E190,'Données SOMIDA'!$C$71:$E$75,3,FALSE))",4
Besoins en micas,J190,=+I190*F190,2
Besoins en micas,K190,=+H190+J190,2
Besoins en micas,L190,"=IFERROR(+K190/F190,"""")",2
Besoins en micas,B191,=+B179,1
Besoins en micas,C191,"=_xlfn.XLOOKUP(D191,'Données SOMIDA'!$C$31:$C$42,'Données SOMIDA'!$B$31:$B$42)",3
Besoins en micas,D191,=+D190,1
Besoins en micas,E191,=+E190,1
Besoins en micas,G191,"=IF(D191=""FP1 GAZ"",'Données SOMIDA'!$G$73,VLOOKUP('Besoins en micas'!E191,'Données SOMIDA'!$C$71:$G$77,5,FALSE))",4
Besoins en micas,H191,=+F191*G191,2
Besoins en micas,I191,"=IF(D191=""FP1 GAZ"",'Données SOMIDA'!$E$73,VLOOKUP(E191,'Données SOMIDA'!$C$71:$E$75,3,FALSE))",4
Besoins en micas,J191,=+I191*F191,2
Besoins en micas,K191,=+H191+J191,2
Besoins en micas,L191,"=IFERROR(+K191/F191,"""")",2
Besoins en micas,B192,=+B180,1
Besoins en micas,C192,"=_xlfn.XLOOKUP(D192,'Données SOMIDA'!$C$31:$C$42,'Données SOMIDA'!$B$31:$B$42)",3
Besoins en micas,D192,=+D191,1
Besoins en micas,E192,=+E191,1
Besoins en micas,G192,"=IF(D192=""FP1 GAZ"",'Données SOMIDA'!$G$73,VLOOKUP('Besoins en micas'!E192,'Données SOMIDA'!$C$71:$G$77,5,FALSE))",4
Besoins en micas,H192,=+F192*G192,2
Besoins en micas,I192,"=IF(D192=""FP1 GAZ"",'Données SOMIDA'!$E$73,VLOOKUP(E192,'Données SOMIDA'!$C$71:$E$75,3,FALSE))",4
Besoins en micas,J192,=+I192*F192,2
Besoins en micas,K192,=+H192+J192,2
Besoins en micas,L192,"=IFERROR(+K192/F192,"""")",2
Besoins en micas,B193,=+B181,1
Besoins en micas,C193,"=_xlfn.XLOOKUP(D193,'Données SOMIDA'!$C$31:$C$42,'Données SOMIDA'!$B$31:$B$42)",3
Besoins en micas,D193,=+D192,1
Besoins en micas,E193,=+E192,1
Besoins en micas,G193,"=IF(D193=""FP1 GAZ"",'Données SOMIDA'!$G$73,VLOOKUP('Besoins en micas'!E193,'Données SOMIDA'!$C$71:$G$77,5,FALSE))",4
Besoins en micas,H193,=+F193*G193,2
Besoins en micas,I193,"=IF(D193=""FP1 GAZ"",'Données SOMIDA'!$E$73,VLOOKUP(E193,'Données SOMIDA'!$C$71:$E$75,3,FALSE))",4
Besoins en micas,J193,=+I193*F193,2
Besoins en micas,K193,=+H193+J193,2
Besoins en micas,L193,"=IFERROR(+K193/F193,"""")",2
Besoins en micas,B194,=+B182,1
Besoins en micas,C194,"=_xlfn.XLOOKUP(D194,'Données SOMIDA'!$C$31:$C$42,'Données SOMIDA'!$B$31:$B$42)",3
Besoins en micas,D194,=+D193,1
Besoins en micas,E194,=+E193,1
Besoins en micas,G194,"=IF(D194=""FP1 GAZ"",'Données SOMIDA'!$G$73,VLOOKUP('Besoins en micas'!E194,'Données SOMIDA'!$C$71:$G$77,5,FALSE))",4
Besoins en micas,H194,=+F194*G194,2
Besoins en micas,I194,"=IF(D194=""FP1 GAZ"",'Données SOMIDA'!$E$73,VLOOKUP(E194,'Données SOMIDA'!$C$71:$E$75,3,FALSE))",4
Besoins en micas,J194,=+I194*F194,2
Besoins en micas,K194,=+H194+J194,2
Besoins en micas,L194,"=IFERROR(+K194/F194,"""")",2
Besoins en micas,B195,=+B183,1
Besoins en micas,C195,"=_xlfn.XLOOKUP(D195,'Données SOMIDA'!$C$31:$C$42,'Données SOMIDA'!$B$31:$B$42)",3
Besoins en micas,D195,=+D194,1
Besoins en micas,E195,=+E194,1
Besoins en micas,G195,"=IF(D195=""FP1 GAZ"",'Données SOMIDA'!$G$73,VLOOKUP('Besoins en micas'!E195,'Données SOMIDA'!$C$71:$G$77,5,FALSE))",4
Besoins en micas,H195,=+F195*G195,2
Besoins en micas,I195,"=IF(D195=""FP1 GAZ"",'Données SOMIDA'!$E$73,VLOOKUP(E195,'Données SOMIDA'!$C$71:$E$75,3,FALSE))",4
Besoins en micas,J195,=+I195*F195,2
Besoins en micas,K195,=+H195+J195,2
Besoins en micas,L195,"=IFERROR(+K195/F195,"""")",2
Besoins en micas,B196,=+B184,1
Besoins en micas,C196,"=_xlfn.XLOOKUP(D196,'Données SOMIDA'!$C$31:$C$42,'Données SOMIDA'!$B$31:$B$42)",3
Besoins en micas,D196,=+D195,1
Besoins en micas,E196,=+E195,1
Besoins en micas,G196,"=IF(D196=""FP1 GAZ"",'Données SOMIDA'!$G$73,VLOOKUP('Besoins en micas'!E196,'Données SOMIDA'!$C$71:$G$77,5,FALSE))",4
Besoins en micas,H196,=+F196*G196,2
Besoins en micas,I196,"=IF(D196=""FP1 GAZ"",'Données SOMIDA'!$E$73,VLOOKUP(E196,'Données SOMIDA'!$C$71:$E$75,3,FALSE))",4
Besoins en micas,J196,=+I196*F196,2
Besoins en micas,K196,=+H196+J196,2
Besoins en micas,L196,"=IFERROR(+K196/F196,"""")",2
Besoins en micas,B197,=+B185,1
Besoins en micas,C197,"=_xlfn.XLOOKUP(D197,'Données SOMIDA'!$C$31:$C$42,'Données SOMIDA'!$B$31:$B$42)",3
Besoins en micas,D197,=+D196,1
Besoins en micas,E197,=+E196,1
Besoins en micas,G197,"=IF(D197=""FP1 GAZ"",'Données SOMIDA'!$G$73,VLOOKUP('Besoins en micas'!E197,'Données SOMIDA'!$C$71:$G$77,5,FALSE))",4
Besoins en micas,H197,=+F197*G197,2
Besoins en micas,I197,"=IF(D197=""FP1 GAZ"",'Données SOMIDA'!$E$73,VLOOKUP(E197,'Données SOMIDA'!$C$71:$E$75,3,FALSE))",4
Besoins en micas,J197,=+I197*F197,2
Besoins en micas,K197,=+H197+J197,2
Besoins en micas,L197,"=IFERROR(+K197/F197,"""")",2
Besoins en micas,B198,=+B186,1
Besoins en micas,C198,"=_xlfn.XLOOKUP(D198,'Données SOMIDA'!$C$31:$C$42,'Données SOMIDA'!$B$31:$B$42)",3
Besoins en micas,D198,=+D197,1
Besoins en micas,E198,=+E197,1
Besoins en micas,G198,"=IF(D198=""FP1 GAZ"",'Données SOMIDA'!$G$73,VLOOKUP('Besoins en micas'!E198,'Données SOMIDA'!$C$71:$G$77,5,FALSE))",4
Besoins en micas,H198,=+F198*G198,2
Besoins en micas,I198,"=IF(D198=""FP1 GAZ"",'Données SOMIDA'!$E$73,VLOOKUP(E198,'Données SOMIDA'!$C$71:$E$75,3,FALSE))",4
Besoins en micas,J198,=+I198*F198,2
Besoins en micas,K198,=+H198+J198,2
Besoins en micas,L198,"=IFERROR(+K198/F198,"""")",2
Besoins en micas,B199,=+B187,1
Besoins en micas,C199,"=_xlfn.XLOOKUP(D199,'Données SOMIDA'!$C$31:$C$42,'Données SOMIDA'!$B$31:$B$42)",3
Besoins en micas,D199,=+D198,1
Besoins en micas,E199,=+E198,1
Besoins en micas,G199,"=IF(D199=""FP1 GAZ"",'Données SOMIDA'!$G$73,VLOOKUP('Besoins en micas'!E199,'Données SOMIDA'!$C$71:$G$77,5,FALSE))",4
Besoins en micas,H199,=+F199*G199,2
Besoins en micas,I199,"=IF(D199=""FP1 GAZ"",'Données SOMIDA'!$E$73,VLOOKUP(E199,'Données SOMIDA'!$C$71:$E$75,3,FALSE))",4
Besoins en micas,J199,=+I199*F199,2
Besoins en micas,K199,=+H199+J199,2
Besoins en micas,L199,"=IFERROR(+K199/F199,"""")",2
Besoins en micas,B200,=+B188,1
Besoins en micas,C200,"=_xlfn.XLOOKUP(D200,'Données SOMIDA'!$C$31:$C$42,'Données SOMIDA'!$B$31:$B$42)",3
Besoins en micas,D200,=+D199,1
Besoins en micas,E200,=+E199,1
Besoins en micas,G200,"=IF(D200=""FP1 GAZ"",'Données SOMIDA'!$G$73,VLOOKUP('Besoins en micas'!E200,'Données SOMIDA'!$C$71:$G$77,5,FALSE))",4
Besoins en micas,H200,=+F200*G200,2
Besoins en micas,I200,"=IF(D200=""FP1 GAZ"",'Données SOMIDA'!$E$73,VLOOKUP(E200,'Données SOMIDA'!$C$71:$E$75,3,FALSE))",4
Besoins en micas,J200,=+I200*F200,2
Besoins en micas,K200,=+H200+J200,2
Besoins en micas,L200,"=IFERROR(+K200/F200,"""")",2
Besoins en micas,B201,=+B189,1
Besoins en micas,C201,"=_xlfn.XLOOKUP(D201,'Données SOMIDA'!$C$31:$C$42,'Données SOMIDA'!$B$31:$B$42)",3
Besoins en micas,D201,=+D200,1
Besoins en micas,E201,=+E200,1
Besoins en micas,G201,"=IF(D201=""FP1 GAZ"",'Données SOMIDA'!$G$73,VLOOKUP('Besoins en micas'!E201,'Données SOMIDA'!$C$71:$G$77,5,FALSE))",4
Besoins en micas,H201,=+F201*G201,2
Besoins en micas,I201,"=IF(D201=""FP1 GAZ"",'Données SOMIDA'!$E$73,VLOOKUP(E201,'Données SOMIDA'!$C$71:$E$75,3,FALSE))",4
Besoins en micas,J201,=+I201*F201,2
Besoins en micas,K201,=+H201+J201,2
Besoins en micas,L201,"=IFERROR(+K201/F201,"""")",2
Besoins en micas,B202,=+B190,1
Besoins en micas,C202,"=_xlfn.XLOOKUP(D202,'Données SOMIDA'!$C$31:$C$42,'Données SOMIDA'!$B$31:$B$42)",3
Besoins en micas,D202,=+D201,1
Besoins en micas,E202,=+B50,1
Besoins en micas,F202,<openpyxl.worksheet.formula.ArrayFormula object at 0x0000026CDDDE6650>,0
Besoins en micas,G202,"=IF(D202=""FP1 GAZ"",'Données SOMIDA'!$G$73,VLOOKUP('Besoins en micas'!E202,'Données SOMIDA'!$C$71:$G$77,5,FALSE))",4
Besoins en micas,H202,=+F202*G202,2
Besoins en micas,I202,"=IF(D202=""FP1 GAZ"",'Données SOMIDA'!$E$73,VLOOKUP(E202,'Données SOMIDA'!$C$71:$E$75,3,FALSE))",4
Besoins en micas,J202,=+I202*F202,2
Besoins en micas,K202,=+H202+J202,2
Besoins en micas,L202,"=IFERROR(+K202/F202,"""")",2
Besoins en micas,B203,=+B191,1
Besoins en micas,C203,"=_xlfn.XLOOKUP(D203,'Données SOMIDA'!$C$31:$C$42,'Données SOMIDA'!$B$31:$B$42)",3
Besoins en micas,D203,=+D202,1
Besoins en micas,E203,=+E202,1
Besoins en micas,G203,"=IF(D203=""FP1 GAZ"",'Données SOMIDA'!$G$73,VLOOKUP('Besoins en micas'!E203,'Données SOMIDA'!$C$71:$G$77,5,FALSE))",4
Besoins en micas,H203,=+F203*G203,2
Besoins en micas,I203,"=IF(D203=""FP1 GAZ"",'Données SOMIDA'!$E$73,VLOOKUP(E203,'Données SOMIDA'!$C$71:$E$75,3,FALSE))",4
Besoins en micas,J203,=+I203*F203,2
Besoins en micas,K203,=+H203+J203,2
Besoins en micas,L203,"=IFERROR(+K203/F203,"""")",2
Besoins en micas,B204,=+B192,1
Besoins en micas,C204,"=_xlfn.XLOOKUP(D204,'Données SOMIDA'!$C$31:$C$42,'Données SOMIDA'!$B$31:$B$42)",3
Besoins en micas,D204,=+D203,1
Besoins en micas,E204,=+E203,1
Besoins en micas,G204,"=IF(D204=""FP1 GAZ"",'Données SOMIDA'!$G$73,VLOOKUP('Besoins en micas'!E204,'Données SOMIDA'!$C$71:$G$77,5,FALSE))",4
Besoins en micas,H204,=+F204*G204,2
Besoins en micas,I204,"=IF(D204=""FP1 GAZ"",'Données SOMIDA'!$E$73,VLOOKUP(E204,'Données SOMIDA'!$C$71:$E$75,3,FALSE))",4
Besoins en micas,J204,=+I204*F204,2
Besoins en micas,K204,=+H204+J204,2
Besoins en micas,L204,"=IFERROR(+K204/F204,"""")",2
Besoins en micas,B205,=+B193,1
Besoins en micas,C205,"=_xlfn.XLOOKUP(D205,'Données SOMIDA'!$C$31:$C$42,'Données SOMIDA'!$B$31:$B$42)",3
Besoins en micas,D205,=+D204,1
Besoins en micas,E205,=+E204,1
Besoins en micas,G205,"=IF(D205=""FP1 GAZ"",'Données SOMIDA'!$G$73,VLOOKUP('Besoins en micas'!E205,'Données SOMIDA'!$C$71:$G$77,5,FALSE))",4
Besoins en micas,H205,=+F205*G205,2
Besoins en micas,I205,"=IF(D205=""FP1 GAZ"",'Données SOMIDA'!$E$73,VLOOKUP(E205,'Données SOMIDA'!$C$71:$E$75,3,FALSE))",4
Besoins en micas,J205,=+I205*F205,2
Besoins en micas,K205,=+H205+J205,2
Besoins en micas,L205,"=IFERROR(+K205/F205,"""")",2
Besoins en micas,B206,=+B194,1
Besoins en micas,C206,"=_xlfn.XLOOKUP(D206,'Données SOMIDA'!$C$31:$C$42,'Données SOMIDA'!$B$31:$B$42)",3
Besoins en micas,D206,=+D205,1
Besoins en micas,E206,=+E205,1
Besoins en micas,G206,"=IF(D206=""FP1 GAZ"",'Données SOMIDA'!$G$73,VLOOKUP('Besoins en micas'!E206,'Données SOMIDA'!$C$71:$G$77,5,FALSE))",4
Besoins en micas,H206,=+F206*G206,2
Besoins en micas,I206,"=IF(D206=""FP1 GAZ"",'Données SOMIDA'!$E$73,VLOOKUP(E206,'Données SOMIDA'!$C$71:$E$75,3,FALSE))",4
Besoins en micas,J206,=+I206*F206,2
Besoins en micas,K206,=+H206+J206,2
Besoins en micas,L206,"=IFERROR(+K206/F206,"""")",2
Besoins en micas,B207,=+B195,1
Besoins en micas,C207,"=_xlfn.XLOOKUP(D207,'Données SOMIDA'!$C$31:$C$42,'Données SOMIDA'!$B$31:$B$42)",3
Besoins en micas,D207,=+D206,1
Besoins en micas,E207,=+E206,1
Besoins en micas,G207,"=IF(D207=""FP1 GAZ"",'Données SOMIDA'!$G$73,VLOOKUP('Besoins en micas'!E207,'Données SOMIDA'!$C$71:$G$77,5,FALSE))",4
Besoins en micas,H207,=+F207*G207,2
Besoins en micas,I207,"=IF(D207=""FP1 GAZ"",'Données SOMIDA'!$E$73,VLOOKUP(E207,'Données SOMIDA'!$C$71:$E$75,3,FALSE))",4
Besoins en micas,J207,=+I207*F207,2
Besoins en micas,K207,=+H207+J207,2
Besoins en micas,L207,"=IFERROR(+K207/F207,"""")",2
Besoins en micas,B208,=+B196,1
Besoins en micas,C208,"=_xlfn.XLOOKUP(D208,'Données SOMIDA'!$C$31:$C$42,'Données SOMIDA'!$B$31:$B$42)",3
Besoins en micas,D208,=+D207,1
Besoins en micas,E208,=+E207,1
Besoins en micas,G208,"=IF(D208=""FP1 GAZ"",'Données SOMIDA'!$G$73,VLOOKUP('Besoins en micas'!E208,'Données SOMIDA'!$C$71:$G$77,5,FALSE))",4
Besoins en micas,H208,=+F208*G208,2
Besoins en micas,I208,"=IF(D208=""FP1 GAZ"",'Données SOMIDA'!$E$73,VLOOKUP(E208,'Données SOMIDA'!$C$71:$E$75,3,FALSE))",4
Besoins en micas,J208,=+I208*F208,2
Besoins en micas,K208,=+H208+J208,2
Besoins en micas,L208,"=IFERROR(+K208/F208,"""")",2
Besoins en micas,B209,=+B197,1
Besoins en micas,C209,"=_xlfn.XLOOKUP(D209,'Données SOMIDA'!$C$31:$C$42,'Données SOMIDA'!$B$31:$B$42)",3
Besoins en micas,D209,=+D208,1
Besoins en micas,E209,=+E208,1
Besoins en micas,G209,"=IF(D209=""FP1 GAZ"",'Données SOMIDA'!$G$73,VLOOKUP('Besoins en micas'!E209,'Données SOMIDA'!$C$71:$G$77,5,FALSE))",4
Besoins en micas,H209,=+F209*G209,2
Besoins en micas,I209,"=IF(D209=""FP1 GAZ"",'Données SOMIDA'!$E$73,VLOOKUP(E209,'Données SOMIDA'!$C$71:$E$75,3,FALSE))",4
Besoins en micas,J209,=+I209*F209,2
Besoins en micas,K209,=+H209+J209,2
Besoins en micas,L209,"=IFERROR(+K209/F209,"""")",2
Besoins en micas,B210,=+B198,1
Besoins en micas,C210,"=_xlfn.XLOOKUP(D210,'Données SOMIDA'!$C$31:$C$42,'Données SOMIDA'!$B$31:$B$42)",3
Besoins en micas,D210,=+D209,1
Besoins en micas,E210,=+E209,1
Besoins en micas,G210,"=IF(D210=""FP1 GAZ"",'Données SOMIDA'!$G$73,VLOOKUP('Besoins en micas'!E210,'Données SOMIDA'!$C$71:$G$77,5,FALSE))",4
Besoins en micas,H210,=+F210*G210,2
Besoins en micas,I210,"=IF(D210=""FP1 GAZ"",'Données SOMIDA'!$E$73,VLOOKUP(E210,'Données SOMIDA'!$C$71:$E$75,3,FALSE))",4
Besoins en micas,J210,=+I210*F210,2
Besoins en micas,K210,=+H210+J210,2
Besoins en micas,L210,"=IFERROR(+K210/F210,"""")",2
Besoins en micas,B211,=+B199,1
Besoins en micas,C211,"=_xlfn.XLOOKUP(D211,'Données SOMIDA'!$C$31:$C$42,'Données SOMIDA'!$B$31:$B$42)",3
Besoins en micas,D211,=+D210,1
Besoins en micas,E211,=+E210,1
Besoins en micas,G211,"=IF(D211=""FP1 GAZ"",'Données SOMIDA'!$G$73,VLOOKUP('Besoins en micas'!E211,'Données SOMIDA'!$C$71:$G$77,5,FALSE))",4
Besoins en micas,H211,=+F211*G211,2
Besoins en micas,I211,"=IF(D211=""FP1 GAZ"",'Données SOMIDA'!$E$73,VLOOKUP(E211,'Données SOMIDA'!$C$71:$E$75,3,FALSE))",4
Besoins en micas,J211,=+I211*F211,2
Besoins en micas,K211,=+H211+J211,2
Besoins en micas,L211,"=IFERROR(+K211/F211,"""")",2
Besoins en micas,B212,=+B200,1
Besoins en micas,C212,"=_xlfn.XLOOKUP(D212,'Données SOMIDA'!$C$31:$C$42,'Données SOMIDA'!$B$31:$B$42)",3
Besoins en micas,D212,=+D211,1
Besoins en micas,E212,=+E211,1
Besoins en micas,G212,"=IF(D212=""FP1 GAZ"",'Données SOMIDA'!$G$73,VLOOKUP('Besoins en micas'!E212,'Données SOMIDA'!$C$71:$G$77,5,FALSE))",4
Besoins en micas,H212,=+F212*G212,2
Besoins en micas,I212,"=IF(D212=""FP1 GAZ"",'Données SOMIDA'!$E$73,VLOOKUP(E212,'Données SOMIDA'!$C$71:$E$75,3,FALSE))",4
Besoins en micas,J212,=+I212*F212,2
Besoins en micas,K212,=+H212+J212,2
Besoins en micas,L212,"=IFERROR(+K212/F212,"""")",2
Besoins en micas,B213,=+B201,1
Besoins en micas,C213,"=_xlfn.XLOOKUP(D213,'Données SOMIDA'!$C$31:$C$42,'Données SOMIDA'!$B$31:$B$42)",3
Besoins en micas,D213,=+D212,1
Besoins en micas,E213,=+E212,1
Besoins en micas,G213,"=IF(D213=""FP1 GAZ"",'Données SOMIDA'!$G$73,VLOOKUP('Besoins en micas'!E213,'Données SOMIDA'!$C$71:$G$77,5,FALSE))",4
Besoins en micas,H213,=+F213*G213,2
Besoins en micas,I213,"=IF(D213=""FP1 GAZ"",'Données SOMIDA'!$E$73,VLOOKUP(E213,'Données SOMIDA'!$C$71:$E$75,3,FALSE))",4
Besoins en micas,J213,=+I213*F213,2
Besoins en micas,K213,=+H213+J213,2
Besoins en micas,L213,"=IFERROR(+K213/F213,"""")",2
Besoins en micas,B214,=+B202,1
Besoins en micas,C214,"=_xlfn.XLOOKUP(D214,'Données SOMIDA'!$C$31:$C$42,'Données SOMIDA'!$B$31:$B$42)",3
Besoins en micas,D214,=+D213,1
Besoins en micas,E214,=+B51,1
Besoins en micas,F214,<openpyxl.worksheet.formula.ArrayFormula object at 0x0000026CDE0E2710>,0
Besoins en micas,G214,"=IF(D214=""FP1 GAZ"",'Données SOMIDA'!$G$73,VLOOKUP('Besoins en micas'!E214,'Données SOMIDA'!$C$71:$G$77,5,FALSE))",4
Besoins en micas,H214,=+F214*G214,2
Besoins en micas,I214,"=IF(D214=""FP1 GAZ"",'Données SOMIDA'!$E$73,VLOOKUP(E214,'Données SOMIDA'!$C$71:$E$75,3,FALSE))",4
Besoins en micas,J214,=+I214*F214,2
Besoins en micas,K214,=+H214+J214,2
Besoins en micas,L214,"=IFERROR(+K214/F214,"""")",2
Besoins en micas,B215,=+B203,1
Besoins en micas,C215,"=_xlfn.XLOOKUP(D215,'Données SOMIDA'!$C$31:$C$42,'Données SOMIDA'!$B$31:$B$42)",3
Besoins en micas,D215,=+D214,1
Besoins en micas,E215,=+E214,1
Besoins en micas,G215,"=IF(D215=""FP1 GAZ"",'Données SOMIDA'!$G$73,VLOOKUP('Besoins en micas'!E215,'Données SOMIDA'!$C$71:$G$77,5,FALSE))",4
Besoins en micas,H215,=+F215*G215,2
Besoins en micas,I215,"=IF(D215=""FP1 GAZ"",'Données SOMIDA'!$E$73,VLOOKUP(E215,'Données SOMIDA'!$C$71:$E$75,3,FALSE))",4
Besoins en micas,J215,=+I215*F215,2
Besoins en micas,K215,=+H215+J215,2
Besoins en micas,L215,"=IFERROR(+K215/F215,"""")",2
Besoins en micas,B216,=+B204,1
Besoins en micas,C216,"=_xlfn.XLOOKUP(D216,'Données SOMIDA'!$C$31:$C$42,'Données SOMIDA'!$B$31:$B$42)",3
Besoins en micas,D216,=+D215,1
Besoins en micas,E216,=+E215,1
Besoins en micas,G216,"=IF(D216=""FP1 GAZ"",'Données SOMIDA'!$G$73,VLOOKUP('Besoins en micas'!E216,'Données SOMIDA'!$C$71:$G$77,5,FALSE))",4
Besoins en micas,H216,=+F216*G216,2
Besoins en micas,I216,"=IF(D216=""FP1 GAZ"",'Données SOMIDA'!$E$73,VLOOKUP(E216,'Données SOMIDA'!$C$71:$E$75,3,FALSE))",4
Besoins en micas,J216,=+I216*F216,2
Besoins en micas,K216,=+H216+J216,2
Besoins en micas,L216,"=IFERROR(+K216/F216,"""")",2
Besoins en micas,B217,=+B205,1
Besoins en micas,C217,"=_xlfn.XLOOKUP(D217,'Données SOMIDA'!$C$31:$C$42,'Données SOMIDA'!$B$31:$B$42)",3
Besoins en micas,D217,=+D216,1
Besoins en micas,E217,=+E216,1
Besoins en micas,G217,"=IF(D217=""FP1 GAZ"",'Données SOMIDA'!$G$73,VLOOKUP('Besoins en micas'!E217,'Données SOMIDA'!$C$71:$G$77,5,FALSE))",4
Besoins en micas,H217,=+F217*G217,2
Besoins en micas,I217,"=IF(D217=""FP1 GAZ"",'Données SOMIDA'!$E$73,VLOOKUP(E217,'Données SOMIDA'!$C$71:$E$75,3,FALSE))",4
Besoins en micas,J217,=+I217*F217,2
Besoins en micas,K217,=+H217+J217,2
Besoins en micas,L217,"=IFERROR(+K217/F217,"""")",2
Besoins en micas,B218,=+B206,1
Besoins en micas,C218,"=_xlfn.XLOOKUP(D218,'Données SOMIDA'!$C$31:$C$42,'Données SOMIDA'!$B$31:$B$42)",3
Besoins en micas,D218,=+D217,1
Besoins en micas,E218,=+E217,1
Besoins en micas,G218,"=IF(D218=""FP1 GAZ"",'Données SOMIDA'!$G$73,VLOOKUP('Besoins en micas'!E218,'Données SOMIDA'!$C$71:$G$77,5,FALSE))",4
Besoins en micas,H218,=+F218*G218,2
Besoins en micas,I218,"=IF(D218=""FP1 GAZ"",'Données SOMIDA'!$E$73,VLOOKUP(E218,'Données SOMIDA'!$C$71:$E$75,3,FALSE))",4
Besoins en micas,J218,=+I218*F218,2
Besoins en micas,K218,=+H218+J218,2
Besoins en micas,L218,"=IFERROR(+K218/F218,"""")",2
Besoins en micas,B219,=+B207,1
Besoins en micas,C219,"=_xlfn.XLOOKUP(D219,'Données SOMIDA'!$C$31:$C$42,'Données SOMIDA'!$B$31:$B$42)",3
Besoins en micas,D219,=+D218,1
Besoins en micas,E219,=+E218,1
Besoins en micas,G219,"=IF(D219=""FP1 GAZ"",'Données SOMIDA'!$G$73,VLOOKUP('Besoins en micas'!E219,'Données SOMIDA'!$C$71:$G$77,5,FALSE))",4
Besoins en micas,H219,=+F219*G219,2
Besoins en micas,I219,"=IF(D219=""FP1 GAZ"",'Données SOMIDA'!$E$73,VLOOKUP(E219,'Données SOMIDA'!$C$71:$E$75,3,FALSE))",4
Besoins en micas,J219,=+I219*F219,2
Besoins en micas,K219,=+H219+J219,2
Besoins en micas,L219,"=IFERROR(+K219/F219,"""")",2
Besoins en micas,B220,=+B208,1
Besoins en micas,C220,"=_xlfn.XLOOKUP(D220,'Données SOMIDA'!$C$31:$C$42,'Données SOMIDA'!$B$31:$B$42)",3
Besoins en micas,D220,=+D219,1
Besoins en micas,E220,=+E219,1
Besoins en micas,G220,"=IF(D220=""FP1 GAZ"",'Données SOMIDA'!$G$73,VLOOKUP('Besoins en micas'!E220,'Données SOMIDA'!$C$71:$G$77,5,FALSE))",4
Besoins en micas,H220,=+F220*G220,2
Besoins en micas,I220,"=IF(D220=""FP1 GAZ"",'Données SOMIDA'!$E$73,VLOOKUP(E220,'Données SOMIDA'!$C$71:$E$75,3,FALSE))",4
Besoins en micas,J220,=+I220*F220,2
Besoins en micas,K220,=+H220+J220,2
Besoins en micas,L220,"=IFERROR(+K220/F220,"""")",2
Besoins en micas,B221,=+B209,1
Besoins en micas,C221,"=_xlfn.XLOOKUP(D221,'Données SOMIDA'!$C$31:$C$42,'Données SOMIDA'!$B$31:$B$42)",3
Besoins en micas,D221,=+D220,1
Besoins en micas,E221,=+E220,1
Besoins en micas,G221,"=IF(D221=""FP1 GAZ"",'Données SOMIDA'!$G$73,VLOOKUP('Besoins en micas'!E221,'Données SOMIDA'!$C$71:$G$77,5,FALSE))",4
Besoins en micas,H221,=+F221*G221,2
Besoins en micas,I221,"=IF(D221=""FP1 GAZ"",'Données SOMIDA'!$E$73,VLOOKUP(E221,'Données SOMIDA'!$C$71:$E$75,3,FALSE))",4
Besoins en micas,J221,=+I221*F221,2
Besoins en micas,K221,=+H221+J221,2
Besoins en micas,L221,"=IFERROR(+K221/F221,"""")",2
Besoins en micas,B222,=+B210,1
Besoins en micas,C222,"=_xlfn.XLOOKUP(D222,'Données SOMIDA'!$C$31:$C$42,'Données SOMIDA'!$B$31:$B$42)",3
Besoins en micas,D222,=+D221,1
Besoins en micas,E222,=+E221,1
Besoins en micas,G222,"=IF(D222=""FP1 GAZ"",'Données SOMIDA'!$G$73,VLOOKUP('Besoins en micas'!E222,'Données SOMIDA'!$C$71:$G$77,5,FALSE))",4
Besoins en micas,H222,=+F222*G222,2
Besoins en micas,I222,"=IF(D222=""FP1 GAZ"",'Données SOMIDA'!$E$73,VLOOKUP(E222,'Données SOMIDA'!$C$71:$E$75,3,FALSE))",4
Besoins en micas,J222,=+I222*F222,2
Besoins en micas,K222,=+H222+J222,2
Besoins en micas,L222,"=IFERROR(+K222/F222,"""")",2
Besoins en micas,B223,=+B211,1
Besoins en micas,C223,"=_xlfn.XLOOKUP(D223,'Données SOMIDA'!$C$31:$C$42,'Données SOMIDA'!$B$31:$B$42)",3
Besoins en micas,D223,=+D222,1
Besoins en micas,E223,=+E222,1
Besoins en micas,G223,"=IF(D223=""FP1 GAZ"",'Données SOMIDA'!$G$73,VLOOKUP('Besoins en micas'!E223,'Données SOMIDA'!$C$71:$G$77,5,FALSE))",4
Besoins en micas,H223,=+F223*G223,2
Besoins en micas,I223,"=IF(D223=""FP1 GAZ"",'Données SOMIDA'!$E$73,VLOOKUP(E223,'Données SOMIDA'!$C$71:$E$75,3,FALSE))",4
Besoins en micas,J223,=+I223*F223,2
Besoins en micas,K223,=+H223+J223,2
Besoins en micas,L223,"=IFERROR(+K223/F223,"""")",2
Besoins en micas,B224,=+B212,1
Besoins en micas,C224,"=_xlfn.XLOOKUP(D224,'Données SOMIDA'!$C$31:$C$42,'Données SOMIDA'!$B$31:$B$42)",3
Besoins en micas,D224,=+D223,1
Besoins en micas,E224,=+E223,1
Besoins en micas,G224,"=IF(D224=""FP1 GAZ"",'Données SOMIDA'!$G$73,VLOOKUP('Besoins en micas'!E224,'Données SOMIDA'!$C$71:$G$77,5,FALSE))",4
Besoins en micas,H224,=+F224*G224,2
Besoins en micas,I224,"=IF(D224=""FP1 GAZ"",'Données SOMIDA'!$E$73,VLOOKUP(E224,'Données SOMIDA'!$C$71:$E$75,3,FALSE))",4
Besoins en micas,J224,=+I224*F224,2
Besoins en micas,K224,=+H224+J224,2
Besoins en micas,L224,"=IFERROR(+K224/F224,"""")",2
Besoins en micas,B225,=+B213,1
Besoins en micas,C225,"=_xlfn.XLOOKUP(D225,'Données SOMIDA'!$C$31:$C$42,'Données SOMIDA'!$B$31:$B$42)",3
Besoins en micas,D225,=+D224,1
Besoins en micas,E225,=+E224,1
Besoins en micas,G225,"=IF(D225=""FP1 GAZ"",'Données SOMIDA'!$G$73,VLOOKUP('Besoins en micas'!E225,'Données SOMIDA'!$C$71:$G$77,5,FALSE))",4
Besoins en micas,H225,=+F225*G225,2
Besoins en micas,I225,"=IF(D225=""FP1 GAZ"",'Données SOMIDA'!$E$73,VLOOKUP(E225,'Données SOMIDA'!$C$71:$E$75,3,FALSE))",4
Besoins en micas,J225,=+I225*F225,2
Besoins en micas,K225,=+H225+J225,2
Besoins en micas,L225,"=IFERROR(+K225/F225,"""")",2
Besoins en micas,B226,=+B214,1
Besoins en micas,C226,"=_xlfn.XLOOKUP(D226,'Données SOMIDA'!$C$31:$C$42,'Données SOMIDA'!$B$31:$B$42)",3
Besoins en micas,D226,=+D225,1
Besoins en micas,E226,=+B52,1
Besoins en micas,F226,<openpyxl.worksheet.formula.ArrayFormula object at 0x0000026CDD99F710>,0
Besoins en micas,G226,"=IF(D226=""FP1 GAZ"",'Données SOMIDA'!$G$73,VLOOKUP('Besoins en micas'!E226,'Données SOMIDA'!$C$71:$G$77,5,FALSE))",4
Besoins en micas,H226,=+F226*G226,2
Besoins en micas,I226,"=IF(D226=""FP1 GAZ"",'Données SOMIDA'!$E$73,VLOOKUP(E226,'Données SOMIDA'!$C$71:$E$75,3,FALSE))",4
Besoins en micas,J226,=+I226*F226,2
Besoins en micas,K226,=+H226+J226,2
Besoins en micas,L226,"=IFERROR(+K226/F226,"""")",2
Besoins en micas,B227,=+B215,1
Besoins en micas,C227,"=_xlfn.XLOOKUP(D227,'Données SOMIDA'!$C$31:$C$42,'Données SOMIDA'!$B$31:$B$42)",3
Besoins en micas,D227,=+D226,1
Besoins en micas,E227,=+E226,1
Besoins en micas,G227,"=IF(D227=""FP1 GAZ"",'Données SOMIDA'!$G$73,VLOOKUP('Besoins en micas'!E227,'Données SOMIDA'!$C$71:$G$77,5,FALSE))",4
Besoins en micas,H227,=+F227*G227,2
Besoins en micas,I227,"=IF(D227=""FP1 GAZ"",'Données SOMIDA'!$E$73,VLOOKUP(E227,'Données SOMIDA'!$C$71:$E$75,3,FALSE))",4
Besoins en micas,J227,=+I227*F227,2
Besoins en micas,K227,=+H227+J227,2
Besoins en micas,L227,"=IFERROR(+K227/F227,"""")",2
Besoins en micas,B228,=+B216,1
Besoins en micas,C228,"=_xlfn.XLOOKUP(D228,'Données SOMIDA'!$C$31:$C$42,'Données SOMIDA'!$B$31:$B$42)",3
Besoins en micas,D228,=+D227,1
Besoins en micas,E228,=+E227,1
Besoins en micas,G228,"=IF(D228=""FP1 GAZ"",'Données SOMIDA'!$G$73,VLOOKUP('Besoins en micas'!E228,'Données SOMIDA'!$C$71:$G$77,5,FALSE))",4
Besoins en micas,H228,=+F228*G228,2
Besoins en micas,I228,"=IF(D228=""FP1 GAZ"",'Données SOMIDA'!$E$73,VLOOKUP(E228,'Données SOMIDA'!$C$71:$E$75,3,FALSE))",4
Besoins en micas,J228,=+I228*F228,2
Besoins en micas,K228,=+H228+J228,2
Besoins en micas,L228,"=IFERROR(+K228/F228,"""")",2
Besoins en micas,B229,=+B217,1
Besoins en micas,C229,"=_xlfn.XLOOKUP(D229,'Données SOMIDA'!$C$31:$C$42,'Données SOMIDA'!$B$31:$B$42)",3
Besoins en micas,D229,=+D228,1
Besoins en micas,E229,=+E228,1
Besoins en micas,G229,"=IF(D229=""FP1 GAZ"",'Données SOMIDA'!$G$73,VLOOKUP('Besoins en micas'!E229,'Données SOMIDA'!$C$71:$G$77,5,FALSE))",4
Besoins en micas,H229,=+F229*G229,2
Besoins en micas,I229,"=IF(D229=""FP1 GAZ"",'Données SOMIDA'!$E$73,VLOOKUP(E229,'Données SOMIDA'!$C$71:$E$75,3,FALSE))",4
Besoins en micas,J229,=+I229*F229,2
Besoins en micas,K229,=+H229+J229,2
Besoins en micas,L229,"=IFERROR(+K229/F229,"""")",2
Besoins en micas,B230,=+B218,1
Besoins en micas,C230,"=_xlfn.XLOOKUP(D230,'Données SOMIDA'!$C$31:$C$42,'Données SOMIDA'!$B$31:$B$42)",3
Besoins en micas,D230,=+D229,1
Besoins en micas,E230,=+E229,1
Besoins en micas,G230,"=IF(D230=""FP1 GAZ"",'Données SOMIDA'!$G$73,VLOOKUP('Besoins en micas'!E230,'Données SOMIDA'!$C$71:$G$77,5,FALSE))",4
Besoins en micas,H230,=+F230*G230,2
Besoins en micas,I230,"=IF(D230=""FP1 GAZ"",'Données SOMIDA'!$E$73,VLOOKUP(E230,'Données SOMIDA'!$C$71:$E$75,3,FALSE))",4
Besoins en micas,J230,=+I230*F230,2
Besoins en micas,K230,=+H230+J230,2
Besoins en micas,L230,"=IFERROR(+K230/F230,"""")",2
Besoins en micas,B231,=+B219,1
Besoins en micas,C231,"=_xlfn.XLOOKUP(D231,'Données SOMIDA'!$C$31:$C$42,'Données SOMIDA'!$B$31:$B$42)",3
Besoins en micas,D231,=+D230,1
Besoins en micas,E231,=+E230,1
Besoins en micas,G231,"=IF(D231=""FP1 GAZ"",'Données SOMIDA'!$G$73,VLOOKUP('Besoins en micas'!E231,'Données SOMIDA'!$C$71:$G$77,5,FALSE))",4
Besoins en micas,H231,=+F231*G231,2
Besoins en micas,I231,"=IF(D231=""FP1 GAZ"",'Données SOMIDA'!$E$73,VLOOKUP(E231,'Données SOMIDA'!$C$71:$E$75,3,FALSE))",4
Besoins en micas,J231,=+I231*F231,2
Besoins en micas,K231,=+H231+J231,2
Besoins en micas,L231,"=IFERROR(+K231/F231,"""")",2
Besoins en micas,B232,=+B220,1
Besoins en micas,C232,"=_xlfn.XLOOKUP(D232,'Données SOMIDA'!$C$31:$C$42,'Données SOMIDA'!$B$31:$B$42)",3
Besoins en micas,D232,=+D231,1
Besoins en micas,E232,=+E231,1
Besoins en micas,G232,"=IF(D232=""FP1 GAZ"",'Données SOMIDA'!$G$73,VLOOKUP('Besoins en micas'!E232,'Données SOMIDA'!$C$71:$G$77,5,FALSE))",4
Besoins en micas,H232,=+F232*G232,2
Besoins en micas,I232,"=IF(D232=""FP1 GAZ"",'Données SOMIDA'!$E$73,VLOOKUP(E232,'Données SOMIDA'!$C$71:$E$75,3,FALSE))",4
Besoins en micas,J232,=+I232*F232,2
Besoins en micas,K232,=+H232+J232,2
Besoins en micas,L232,"=IFERROR(+K232/F232,"""")",2
Besoins en micas,B233,=+B221,1
Besoins en micas,C233,"=_xlfn.XLOOKUP(D233,'Données SOMIDA'!$C$31:$C$42,'Données SOMIDA'!$B$31:$B$42)",3
Besoins en micas,D233,=+D232,1
Besoins en micas,E233,=+E232,1
Besoins en micas,G233,"=IF(D233=""FP1 GAZ"",'Données SOMIDA'!$G$73,VLOOKUP('Besoins en micas'!E233,'Données SOMIDA'!$C$71:$G$77,5,FALSE))",4
Besoins en micas,H233,=+F233*G233,2
Besoins en micas,I233,"=IF(D233=""FP1 GAZ"",'Données SOMIDA'!$E$73,VLOOKUP(E233,'Données SOMIDA'!$C$71:$E$75,3,FALSE))",4
Besoins en micas,J233,=+I233*F233,2
Besoins en micas,K233,=+H233+J233,2
Besoins en micas,L233,"=IFERROR(+K233/F233,"""")",2
Besoins en micas,B234,=+B222,1
Besoins en micas,C234,"=_xlfn.XLOOKUP(D234,'Données SOMIDA'!$C$31:$C$42,'Données SOMIDA'!$B$31:$B$42)",3
Besoins en micas,D234,=+D233,1
Besoins en micas,E234,=+E233,1
Besoins en micas,G234,"=IF(D234=""FP1 GAZ"",'Données SOMIDA'!$G$73,VLOOKUP('Besoins en micas'!E234,'Données SOMIDA'!$C$71:$G$77,5,FALSE))",4
Besoins en micas,H234,=+F234*G234,2
Besoins en micas,I234,"=IF(D234=""FP1 GAZ"",'Données SOMIDA'!$E$73,VLOOKUP(E234,'Données SOMIDA'!$C$71:$E$75,3,FALSE))",4
Besoins en micas,J234,=+I234*F234,2
Besoins en micas,K234,=+H234+J234,2
Besoins en micas,L234,"=IFERROR(+K234/F234,"""")",2
Besoins en micas,B235,=+B223,1
Besoins en micas,C235,"=_xlfn.XLOOKUP(D235,'Données SOMIDA'!$C$31:$C$42,'Données SOMIDA'!$B$31:$B$42)",3
Besoins en micas,D235,=+D234,1
Besoins en micas,E235,=+E234,1
Besoins en micas,G235,"=IF(D235=""FP1 GAZ"",'Données SOMIDA'!$G$73,VLOOKUP('Besoins en micas'!E235,'Données SOMIDA'!$C$71:$G$77,5,FALSE))",4
Besoins en micas,H235,=+F235*G235,2
Besoins en micas,I235,"=IF(D235=""FP1 GAZ"",'Données SOMIDA'!$E$73,VLOOKUP(E235,'Données SOMIDA'!$C$71:$E$75,3,FALSE))",4
Besoins en micas,J235,=+I235*F235,2
Besoins en micas,K235,=+H235+J235,2
Besoins en micas,L235,"=IFERROR(+K235/F235,"""")",2
Besoins en micas,B236,=+B224,1
Besoins en micas,C236,"=_xlfn.XLOOKUP(D236,'Données SOMIDA'!$C$31:$C$42,'Données SOMIDA'!$B$31:$B$42)",3
Besoins en micas,D236,=+D235,1
Besoins en micas,E236,=+E235,1
Besoins en micas,G236,"=IF(D236=""FP1 GAZ"",'Données SOMIDA'!$G$73,VLOOKUP('Besoins en micas'!E236,'Données SOMIDA'!$C$71:$G$77,5,FALSE))",4
Besoins en micas,H236,=+F236*G236,2
Besoins en micas,I236,"=IF(D236=""FP1 GAZ"",'Données SOMIDA'!$E$73,VLOOKUP(E236,'Données SOMIDA'!$C$71:$E$75,3,FALSE))",4
Besoins en micas,J236,=+I236*F236,2
Besoins en micas,K236,=+H236+J236,2
Besoins en micas,L236,"=IFERROR(+K236/F236,"""")",2
Besoins en micas,B237,=+B225,1
Besoins en micas,C237,"=_xlfn.XLOOKUP(D237,'Données SOMIDA'!$C$31:$C$42,'Données SOMIDA'!$B$31:$B$42)",3
Besoins en micas,D237,=+D236,1
Besoins en micas,E237,=+E236,1
Besoins en micas,G237,"=IF(D237=""FP1 GAZ"",'Données SOMIDA'!$G$73,VLOOKUP('Besoins en micas'!E237,'Données SOMIDA'!$C$71:$G$77,5,FALSE))",4
Besoins en micas,H237,=+F237*G237,2
Besoins en micas,I237,"=IF(D237=""FP1 GAZ"",'Données SOMIDA'!$E$73,VLOOKUP(E237,'Données SOMIDA'!$C$71:$E$75,3,FALSE))",4
Besoins en micas,J237,=+I237*F237,2
Besoins en micas,K237,=+H237+J237,2
Besoins en micas,L237,"=IFERROR(+K237/F237,"""")",2
Besoins en micas,B238,=+B226,1
Besoins en micas,C238,"=_xlfn.XLOOKUP(D238,'Données SOMIDA'!$C$31:$C$42,'Données SOMIDA'!$B$31:$B$42)",3
Besoins en micas,D238,=+B55,1
Besoins en micas,E238,=+B50,1
Besoins en micas,F238,<openpyxl.worksheet.formula.ArrayFormula object at 0x0000026CDDD71890>,0
Besoins en micas,G238,"=IF(D238=""FP1 GAZ"",'Données SOMIDA'!$G$73,VLOOKUP('Besoins en micas'!E238,'Données SOMIDA'!$C$71:$G$77,5,FALSE))",4
Besoins en micas,H238,=+F238*G238,2
Besoins en micas,I238,"=IF(D238=""FP1 GAZ"",'Données SOMIDA'!$E$73,VLOOKUP(E238,'Données SOMIDA'!$C$71:$E$75,3,FALSE))",4
Besoins en micas,J238,=+I238*F238,2
Besoins en micas,K238,=+H238+J238,2
Besoins en micas,L238,"=IFERROR(+K238/F238,"""")",2
Besoins en micas,B239,=+B227,1
Besoins en micas,C239,"=_xlfn.XLOOKUP(D239,'Données SOMIDA'!$C$31:$C$42,'Données SOMIDA'!$B$31:$B$42)",3
Besoins en micas,D239,=+D238,1
Besoins en micas,E239,=+E238,1
Besoins en micas,G239,"=IF(D239=""FP1 GAZ"",'Données SOMIDA'!$G$73,VLOOKUP('Besoins en micas'!E239,'Données SOMIDA'!$C$71:$G$77,5,FALSE))",4
Besoins en micas,H239,=+F239*G239,2
Besoins en micas,I239,"=IF(D239=""FP1 GAZ"",'Données SOMIDA'!$E$73,VLOOKUP(E239,'Données SOMIDA'!$C$71:$E$75,3,FALSE))",4
Besoins en micas,J239,=+I239*F239,2
Besoins en micas,K239,=+H239+J239,2
Besoins en micas,L239,"=IFERROR(+K239/F239,"""")",2
Besoins en micas,B240,=+B228,1
Besoins en micas,C240,"=_xlfn.XLOOKUP(D240,'Données SOMIDA'!$C$31:$C$42,'Données SOMIDA'!$B$31:$B$42)",3
Besoins en micas,D240,=+D239,1
Besoins en micas,E240,=+E239,1
Besoins en micas,G240,"=IF(D240=""FP1 GAZ"",'Données SOMIDA'!$G$73,VLOOKUP('Besoins en micas'!E240,'Données SOMIDA'!$C$71:$G$77,5,FALSE))",4
Besoins en micas,H240,=+F240*G240,2
Besoins en micas,I240,"=IF(D240=""FP1 GAZ"",'Données SOMIDA'!$E$73,VLOOKUP(E240,'Données SOMIDA'!$C$71:$E$75,3,FALSE))",4
Besoins en micas,J240,=+I240*F240,2
Besoins en micas,K240,=+H240+J240,2
Besoins en micas,L240,"=IFERROR(+K240/F240,"""")",2
Besoins en micas,B241,=+B229,1
Besoins en micas,C241,"=_xlfn.XLOOKUP(D241,'Données SOMIDA'!$C$31:$C$42,'Données SOMIDA'!$B$31:$B$42)",3
Besoins en micas,D241,=+D240,1
Besoins en micas,E241,=+E240,1
Besoins en micas,G241,"=IF(D241=""FP1 GAZ"",'Données SOMIDA'!$G$73,VLOOKUP('Besoins en micas'!E241,'Données SOMIDA'!$C$71:$G$77,5,FALSE))",4
Besoins en micas,H241,=+F241*G241,2
Besoins en micas,I241,"=IF(D241=""FP1 GAZ"",'Données SOMIDA'!$E$73,VLOOKUP(E241,'Données SOMIDA'!$C$71:$E$75,3,FALSE))",4
Besoins en micas,J241,=+I241*F241,2
Besoins en micas,K241,=+H241+J241,2
Besoins en micas,L241,"=IFERROR(+K241/F241,"""")",2
Besoins en micas,B242,=+B230,1
Besoins en micas,C242,"=_xlfn.XLOOKUP(D242,'Données SOMIDA'!$C$31:$C$42,'Données SOMIDA'!$B$31:$B$42)",3
Besoins en micas,D242,=+D241,1
Besoins en micas,E242,=+E241,1
Besoins en micas,G242,"=IF(D242=""FP1 GAZ"",'Données SOMIDA'!$G$73,VLOOKUP('Besoins en micas'!E242,'Données SOMIDA'!$C$71:$G$77,5,FALSE))",4
Besoins en micas,H242,=+F242*G242,2
Besoins en micas,I242,"=IF(D242=""FP1 GAZ"",'Données SOMIDA'!$E$73,VLOOKUP(E242,'Données SOMIDA'!$C$71:$E$75,3,FALSE))",4
Besoins en micas,J242,=+I242*F242,2
Besoins en micas,K242,=+H242+J242,2
Besoins en micas,L242,"=IFERROR(+K242/F242,"""")",2
Besoins en micas,B243,=+B231,1
Besoins en micas,C243,"=_xlfn.XLOOKUP(D243,'Données SOMIDA'!$C$31:$C$42,'Données SOMIDA'!$B$31:$B$42)",3
Besoins en micas,D243,=+D242,1
Besoins en micas,E243,=+E242,1
Besoins en micas,G243,"=IF(D243=""FP1 GAZ"",'Données SOMIDA'!$G$73,VLOOKUP('Besoins en micas'!E243,'Données SOMIDA'!$C$71:$G$77,5,FALSE))",4
Besoins en micas,H243,=+F243*G243,2
Besoins en micas,I243,"=IF(D243=""FP1 GAZ"",'Données SOMIDA'!$E$73,VLOOKUP(E243,'Données SOMIDA'!$C$71:$E$75,3,FALSE))",4
Besoins en micas,J243,=+I243*F243,2
Besoins en micas,K243,=+H243+J243,2
Besoins en micas,L243,"=IFERROR(+K243/F243,"""")",2
Besoins en micas,B244,=+B232,1
Besoins en micas,C244,"=_xlfn.XLOOKUP(D244,'Données SOMIDA'!$C$31:$C$42,'Données SOMIDA'!$B$31:$B$42)",3
Besoins en micas,D244,=+D243,1
Besoins en micas,E244,=+E243,1
Besoins en micas,G244,"=IF(D244=""FP1 GAZ"",'Données SOMIDA'!$G$73,VLOOKUP('Besoins en micas'!E244,'Données SOMIDA'!$C$71:$G$77,5,FALSE))",4
Besoins en micas,H244,=+F244*G244,2
Besoins en micas,I244,"=IF(D244=""FP1 GAZ"",'Données SOMIDA'!$E$73,VLOOKUP(E244,'Données SOMIDA'!$C$71:$E$75,3,FALSE))",4
Besoins en micas,J244,=+I244*F244,2
Besoins en micas,K244,=+H244+J244,2
Besoins en micas,L244,"=IFERROR(+K244/F244,"""")",2
Besoins en micas,B245,=+B233,1
Besoins en micas,C245,"=_xlfn.XLOOKUP(D245,'Données SOMIDA'!$C$31:$C$42,'Données SOMIDA'!$B$31:$B$42)",3
Besoins en micas,D245,=+D244,1
Besoins en micas,E245,=+E244,1
Besoins en micas,G245,"=IF(D245=""FP1 GAZ"",'Données SOMIDA'!$G$73,VLOOKUP('Besoins en micas'!E245,'Données SOMIDA'!$C$71:$G$77,5,FALSE))",4
Besoins en micas,H245,=+F245*G245,2
Besoins en micas,I245,"=IF(D245=""FP1 GAZ"",'Données SOMIDA'!$E$73,VLOOKUP(E245,'Données SOMIDA'!$C$71:$E$75,3,FALSE))",4
Besoins en micas,J245,=+I245*F245,2
Besoins en micas,K245,=+H245+J245,2
Besoins en micas,L245,"=IFERROR(+K245/F245,"""")",2
Besoins en micas,B246,=+B234,1
Besoins en micas,C246,"=_xlfn.XLOOKUP(D246,'Données SOMIDA'!$C$31:$C$42,'Données SOMIDA'!$B$31:$B$42)",3
Besoins en micas,D246,=+D245,1
Besoins en micas,E246,=+E245,1
Besoins en micas,G246,"=IF(D246=""FP1 GAZ"",'Données SOMIDA'!$G$73,VLOOKUP('Besoins en micas'!E246,'Données SOMIDA'!$C$71:$G$77,5,FALSE))",4
Besoins en micas,H246,=+F246*G246,2
Besoins en micas,I246,"=IF(D246=""FP1 GAZ"",'Données SOMIDA'!$E$73,VLOOKUP(E246,'Données SOMIDA'!$C$71:$E$75,3,FALSE))",4
Besoins en micas,J246,=+I246*F246,2
Besoins en micas,K246,=+H246+J246,2
Besoins en micas,L246,"=IFERROR(+K246/F246,"""")",2
Besoins en micas,B247,=+B235,1
Besoins en micas,C247,"=_xlfn.XLOOKUP(D247,'Données SOMIDA'!$C$31:$C$42,'Données SOMIDA'!$B$31:$B$42)",3
Besoins en micas,D247,=+D246,1
Besoins en micas,E247,=+E246,1
Besoins en micas,G247,"=IF(D247=""FP1 GAZ"",'Données SOMIDA'!$G$73,VLOOKUP('Besoins en micas'!E247,'Données SOMIDA'!$C$71:$G$77,5,FALSE))",4
Besoins en micas,H247,=+F247*G247,2
Besoins en micas,I247,"=IF(D247=""FP1 GAZ"",'Données SOMIDA'!$E$73,VLOOKUP(E247,'Données SOMIDA'!$C$71:$E$75,3,FALSE))",4
Besoins en micas,J247,=+I247*F247,2
Besoins en micas,K247,=+H247+J247,2
Besoins en micas,L247,"=IFERROR(+K247/F247,"""")",2
Besoins en micas,B248,=+B236,1
Besoins en micas,C248,"=_xlfn.XLOOKUP(D248,'Données SOMIDA'!$C$31:$C$42,'Données SOMIDA'!$B$31:$B$42)",3
Besoins en micas,D248,=+D247,1
Besoins en micas,E248,=+E247,1
Besoins en micas,G248,"=IF(D248=""FP1 GAZ"",'Données SOMIDA'!$G$73,VLOOKUP('Besoins en micas'!E248,'Données SOMIDA'!$C$71:$G$77,5,FALSE))",4
Besoins en micas,H248,=+F248*G248,2
Besoins en micas,I248,"=IF(D248=""FP1 GAZ"",'Données SOMIDA'!$E$73,VLOOKUP(E248,'Données SOMIDA'!$C$71:$E$75,3,FALSE))",4
Besoins en micas,J248,=+I248*F248,2
Besoins en micas,K248,=+H248+J248,2
Besoins en micas,L248,"=IFERROR(+K248/F248,"""")",2
Besoins en micas,B249,=+B237,1
Besoins en micas,C249,"=_xlfn.XLOOKUP(D249,'Données SOMIDA'!$C$31:$C$42,'Données SOMIDA'!$B$31:$B$42)",3
Besoins en micas,D249,=+D248,1
Besoins en micas,E249,=+E248,1
Besoins en micas,G249,"=IF(D249=""FP1 GAZ"",'Données SOMIDA'!$G$73,VLOOKUP('Besoins en micas'!E249,'Données SOMIDA'!$C$71:$G$77,5,FALSE))",4
Besoins en micas,H249,=+F249*G249,2
Besoins en micas,I249,"=IF(D249=""FP1 GAZ"",'Données SOMIDA'!$E$73,VLOOKUP(E249,'Données SOMIDA'!$C$71:$E$75,3,FALSE))",4
Besoins en micas,J249,=+I249*F249,2
Besoins en micas,K249,=+H249+J249,2
Besoins en micas,L249,"=IFERROR(+K249/F249,"""")",2
Besoins en micas,F250,=SUM(F142:F249),1
Besoins en micas,H250,=SUM(H142:H249),1
Besoins en micas,J250,=SUM(J142:J249),1
Besoins en micas,K250,=SUM(K142:K249),1
Besoins en micas,L250,"=IFERROR(+K250/F250,"""")",2
Besoins en micas,F251,=+F250-O17,2
Besoins en micas,H251,=+H250-'Détails Achats direct'!P15,2
Besoins en micas,J251,=+J250-O102,2
Besoins en micas,E292,=+Production!P68-#REF!,1
Feuil3,M4,=+I4,1
Feuil3,N4,=+J4,1
Feuil3,B5,=+Org!AC14,1
Feuil3,C5,=+Org!AL14,1
Feuil3,D5,=+Org!AG14,1
Feuil3,E5,=+C5*D5,2
Feuil3,F5,=+Org!J113,1
Feuil3,H5,=+G5+E5,2
Feuil3,I5,=+H5*0.05,1
Feuil3,J5,=+H5*0.13,1
Feuil3,K5,=+H5+I5+J5,3
Feuil3,L5,"=+IF((D5+F5)<350000,2000,(D5+F5)*0.2)*C5",5
Feuil3,N5,=+H5*1%,1
Feuil3,O5,=+H5-L5-M5-N5,4
Feuil3,B6,=+Org!AC15,1
Feuil3,C6,=+Org!AL15,1
Feuil3,D6,=+Org!AG15,1
Feuil3,E6,=+C6*D6,2
Feuil3,F6,=+Org!J125,1
Feuil3,H6,=+G6+E6,2
Feuil3,I6,=+H6*0.05,1
Feuil3,J6,=+H6*0.13,1
Feuil3,K6,=+H6+I6+J6,3
Feuil3,L6,"=+IF((D6+F6)<350000,2000,(D6+F6)*0.2)*C6",5
Feuil3,N6,=+H6*1%,1
Feuil3,O6,=+H6-L6-M6-N6,4
Feuil3,B7,=+Org!AC16,1
Feuil3,C7,=+Org!AL16,1
Feuil3,D7,=+Org!AG16,1
Feuil3,E7,=+C7*D7,2
Feuil3,F7,=+Org!J129,1
Feuil3,H7,=+G7+E7,2
Feuil3,I7,=+H7*0.05,1
Feuil3,J7,=+H7*0.13,1
Feuil3,K7,=+H7+I7+J7,3
Feuil3,L7,"=+IF((D7+F7)<350000,2000,(D7+F7)*0.2)*C7",5
Feuil3,N7,=+H7*1%,1
Feuil3,O7,=+H7-L7-M7-N7,4
Feuil3,B8,=+Org!AC17,1
Feuil3,C8,=+Org!AL17,1
Feuil3,D8,=+Org!AG17,1
Feuil3,E8,=+C8*D8,2
Feuil3,F8,=+F7,1
Feuil3,H8,=+G8+E8,2
Feuil3,I8,=+H8*0.05,1
Feuil3,J8,=+H8*0.13,1
Feuil3,K8,=+H8+I8+J8,3
Feuil3,L8,"=+IF((D8+F8)<350000,2000,(D8+F8)*0.2)*C8",5
Feuil3,N8,=+H8*1%,1
Feuil3,O8,=+H8-L8-M8-N8,4
Feuil3,B9,=+Org!AC18,1
Feuil3,C9,=+Org!AL18,1
Feuil3,D9,=+Org!AG18,1
Feuil3,E9,=+C9*D9,2
Feuil3,F9,=+D9/12*C9,2
Feuil3,H9,=+G9+E9,2
Feuil3,I9,=+H9*0.05,1
Feuil3,J9,=+H9*0.13,1
Feuil3,K9,=+H9+I9+J9,3
Feuil3,L9,"=+IF((D9+F9)<350000,2000,(D9+F9)*0.2)*C9",5
Feuil3,N9,=+H9*1%,1
Feuil3,O9,=+H9-L9-M9-N9,4
Feuil3,B10,=+Org!AC19,1
Feuil3,C10,=+Org!AL19,1
Feuil3,D10,=+Org!AG19,1
Feuil3,E10,=+C10*D10,2
Feuil3,F10,=+D10/12,1
Feuil3,H10,=+G10+E10,2
Feuil3,I10,=+H10*0.05,1
Feuil3,J10,=+H10*0.13,1
Feuil3,K10,=+H10+I10+J10,3
Feuil3,L10,"=+IF((D10+F10)<350000,2000,(D10+F10)*0.2)*C10",5
Feuil3,N10,=+H10*1%,1
Feuil3,O10,=+H10-L10-M10-N10,4
Feuil3,B11,=+Org!AC20,1
Feuil3,C11,=+Org!AL20,1
Feuil3,D11,=+Org!AG20,1
Feuil3,E11,=+C11*D11,2
Feuil3,F11,=+F8,1
Feuil3,H11,=+G11+E11,2
Feuil3,I11,=+H11*0.05,1
Feuil3,J11,=+H11*0.13,1
Feuil3,K11,=+H11+I11+J11,3
Feuil3,L11,"=+IF((D11+F11)<350000,2000,(D11+F11)*0.2)*C11",5
Feuil3,N11,=+H11*1%,1
Feuil3,O11,=+H11-L11-M11-N11,4
Feuil3,C12,=SUM(C5:C11),1
Feuil3,D12,=SUM(D5:D11),1
Feuil3,E12,=SUM(E5:E11),1
Feuil3,G12,=SUM(G5:G11),1
Feuil3,H12,=SUM(H5:H11),1
Feuil3,I12,=SUM(I5:I11),1
Feuil3,J12,=SUM(J5:J11),1
Feuil3,K12,=SUM(K5:K11),1
Feuil3,L12,=SUM(L5:L11),1
Feuil3,M12,=SUM(M5:M11),1
Feuil3,N12,=SUM(N5:N11),1
Feuil3,O12,=SUM(O5:O11),1
Feuil3,B15,=+B4,1
Feuil3,C15,=+C4,1
Feuil3,D15,=+D4,1
Feuil3,E15,=+E4,1
Feuil3,F15,=+F4,1
Feuil3,G15,=+G4,1
Feuil3,H15,=+H4,1
Feuil3,I15,=+I4,1
Feuil3,J15,=+J4,1
Feuil3,K15,=+K4,1
Feuil3,L15,=+L4,1
Feuil3,M15,=+M4,1
Feuil3,N15,=+N4,1
Feuil3,O15,=+O4,1
Feuil3,C16,=+Org!M15,1
Feuil3,E16,=+C16*D16,2
Feuil3,F16,=+D16/12,1
Feuil3,H16,=+G16+E16,2
Feuil3,I16,=+H16*0.05,1
Feuil3,J16,=+H16*0.13,1
Feuil3,K16,=+H16+I16+J16,3
Feuil3,L16,"=+IF((D16+F16)<350000,2000,(D16+F16)*0.2)*C16",5
Feuil3,N16,=+H16*1%,1
Feuil3,O16,=+H16-L16-M16-N16,4
Feuil3,C17,=+Org!M16,1
Feuil3,E17,=+C17*D17,2
Feuil3,F17,=+D17/12,1
Feuil3,H17,=+G17+E17,2
Feuil3,I17,=+H17*0.05,1
Feuil3,J17,=+H17*0.13,1
Feuil3,K17,=+H17+I17+J17,3
Feuil3,L17,"=+IF((D17+F17)<350000,2000,(D17+F17)*0.2)*C17",5
Feuil3,N17,=+H17*1%,1
Feuil3,O17,=+H17-L17-M17-N17,4
Feuil3,C18,=+Org!M17,1
Feuil3,E18,=+C18*D18,2
Feuil3,F18,=+D18/12,1
Feuil3,H18,=+G18+E18,2
Feuil3,I18,=+H18*0.05,1
Feuil3,J18,=+H18*0.13,1
Feuil3,K18,=+H18+I18+J18,3
Feuil3,L18,"=+IF((D18+F18)<350000,2000,(D18+F18)*0.2)*C18",5
Feuil3,N18,=+H18*1%,1
Feuil3,O18,=+H18-L18-M18-N18,4
Feuil3,C19,=+Org!M18,1
Feuil3,E19,=+C19*D19,2
Feuil3,F19,=+D19/12,1
Feuil3,H19,=+G19+E19,2
Feuil3,I19,=+H19*0.05,1
Feuil3,J19,=+H19*0.13,1
Feuil3,K19,=+H19+I19+J19,3
Feuil3,L19,"=+IF((D19+F19)<350000,2000,(D19+F19)*0.2)*C19",5
Feuil3,N19,=+H19*1%,1
Feuil3,O19,=+H19-L19-M19-N19,4
Feuil3,C20,=SUM(C16:C19),1
Feuil3,E20,=SUM(E16:E19),1
Feuil3,G20,=SUM(G16:G19),1
Feuil3,H20,=SUM(H16:H19),1
Feuil3,I20,=SUM(I16:I19),1
Feuil3,J20,=SUM(J16:J19),1
Feuil3,K20,=SUM(K16:K19),1
Feuil3,L20,=SUM(L16:L19),1
Feuil3,M20,=SUM(M16:M19),1
Feuil3,N20,=SUM(N16:N19),1
Feuil3,O20,=SUM(O16:O19),1
Feuil3,B22,=+B15,1
Feuil3,C22,=+C15,1
Feuil3,D22,=+D15,1
Feuil3,E22,=+E15,1
Feuil3,F22,=+F15,1
Feuil3,G22,=+G15,1
Feuil3,H22,=+H15,1
Feuil3,I22,=+I15,1
Feuil3,J22,=+J15,1
Feuil3,K22,=+K15,1
Feuil3,L22,=+L15,1
Feuil3,M22,=+M15,1
Feuil3,N22,=+N15,1
Feuil3,O22,=+O15,1
Feuil3,C23,=+Org!M33,1
Feuil3,D23,=+Org!F33,1
Feuil3,E23,=+C23*D23,2
Feuil3,F23,=+F5,1
Feuil3,H23,=+G23+E23,2
Feuil3,I23,=+H23*0.05*0,1
Feuil3,J23,=+H23*0.13,1
Feuil3,K23,=+H23+I23+J23,3
Feuil3,L23,"=+IF((D23+F23)<350000,2000,(D23+F23)*0.2)*C23",5
Feuil3,N23,=+H23*1%,1
Feuil3,O23,=+H23-L23-M23-N23,4
Feuil3,C24,=+Org!M34,1
Feuil3,D24,=+Org!F34,1
Feuil3,E24,=+C24*D24,2
Feuil3,F24,=+F6,1
Feuil3,H24,=+G24+E24,2
Feuil3,I24,=+H24*0.05*0,1
Feuil3,J24,=+H24*0.13,1
Feuil3,K24,=+H24+I24+J24,3
Feuil3,L24,"=+IF((D24+F24)<350000,2000,(D24+F24)*0.2)*C24",5
Feuil3,N24,=+H24*1%,1
Feuil3,O24,=+H24-L24-M24-N24,4
Feuil3,C25,=+Org!M35,1
Feuil3,D25,=Org!F35,1
Feuil3,E25,=+C25*D25,2
Feuil3,F25,=+F24,1
Feuil3,H25,=+G25+E25,2
Feuil3,I25,=+H25*0.05*0,1
Feuil3,J25,=+H25*0.13,1
Feuil3,K25,=+H25+I25+J25,3
Feuil3,L25,"=+IF((D25+F25)<350000,2000,(D25+F25)*0.2)*C25",5
Feuil3,N25,=+H25*1%,1
Feuil3,O25,=+H25-L25-M25-N25,4
Feuil3,C26,=+Org!M36,1
Feuil3,D26,=+Org!F36,1
Feuil3,E26,=+C26*D26,2
Feuil3,F26,=+F25,1
Feuil3,H26,=+G26+E26,2
Feuil3,I26,=+H26*0.05*0,1
Feuil3,J26,=+H26*0.13,1
Feuil3,K26,=+H26+I26+J26,3
Feuil3,L26,"=+IF((D26+F26)<350000,2000,(D26+F26)*0.2)*C26",5
Feuil3,N26,=+H26*1%,1
Feuil3,O26,=+H26-L26-M26-N26,4
Feuil3,C27,=SUM(C23:C26),1
Feuil3,E27,=SUM(E23:E26),1
Feuil3,G27,=SUM(G23:G26),1
Feuil3,H27,=SUM(H23:H26),1
Feuil3,I27,=SUM(I23:I26),1
Feuil3,J27,=SUM(J23:J26),1
Feuil3,K27,=SUM(K23:K26),1
Feuil3,L27,=SUM(L23:L26),1
Feuil3,M27,=SUM(M23:M26),1
Feuil3,N27,=SUM(N23:N26),1
Feuil3,O27,=SUM(O23:O26),1
Feuil3,B30,=+B22,1
Feuil3,C30,=+C22,1
Feuil3,D30,=+D22,1
Feuil3,E30,=+E22,1
Feuil3,F30,=+F22,1
Feuil3,G30,=+G22,1
Feuil3,H30,=+H22,1
Feuil3,I30,=+I22,1
Feuil3,J30,=+J22,1
Feuil3,K30,=+K22,1
Feuil3,L30,=+L22,1
Feuil3,M30,=+M22,1
Feuil3,N30,=+N22,1
Feuil3,O30,=+O22,1
Feuil3,B31,=+Org!AN31,1
Feuil3,C31,=+Org!AV31,1
Feuil3,D31,=+Org!AW31,1
Feuil3,E31,=+C31*D31,2
Feuil3,F31,=+D31/12,1
Feuil3,H31,=+G31+E31,2
Feuil3,I31,=+H31*0.05*0,1
Feuil3,J31,=+H31*0.13,1
Feuil3,K31,=+H31+I31+J31,3
Feuil3,L31,"=+IF((D31+F31)<350000,2000,(D31+F31)*0.2)*C31",5
Feuil3,M31,=+H31*1%,1
Feuil3,N31,=+H31*1%,1
Feuil3,O31,=+H31-L31-M31-N31,4
Feuil3,B32,=+Org!AN32,1
Feuil3,C32,=+Org!AV32,1
Feuil3,E32,=+C32*D32,2
Feuil3,F32,=+D32/12,1
Feuil3,H32,=+G32+E32,2
Feuil3,I32,=+H32*0.05*0,1
Feuil3,J32,=+H32*0.13,1
Feuil3,K32,=+H32+I32+J32,3
Feuil3,L32,"=+IF((D32+F32)<350000,2000,(D32+F32)*0.2)*C32",5
Feuil3,M32,=+H32*1%,1
Feuil3,N32,=+H32*1%,1
Feuil3,O32,=+H32-L32-M32-N32,4
Feuil3,C33,=SUM(C31:C32),1
Feuil3,E33,=SUM(E31:E32),1
Feuil3,G33,=SUM(G31:G32),1
Feuil3,H33,=SUM(H31:H32),1
Feuil3,J33,=SUM(J31:J32),1
Feuil3,K33,=SUM(K31:K32),1
Feuil3,L33,=SUM(L31:L32),1
Feuil3,M33,=SUM(M31:M32),1
Feuil3,N33,=SUM(N31:N32),1
Feuil3,O33,=SUM(O31:O32),1
Feuil3,B37,=+B22,1
Feuil3,C37,=+C22,1
Feuil3,D37,=+D22,1
Feuil3,E37,=+E22,1
Feuil3,F37,=+F22,1
Feuil3,G37,=+G22,1
Feuil3,H37,=+H22,1
Feuil3,I37,=+I22,1
Feuil3,J37,=+J22,1
Feuil3,K37,=+K22,1
Feuil3,L37,=+L22,1
Feuil3,M37,=+M22,1
Feuil3,N37,=+N22,1
Feuil3,O37,=+O22,1
Feuil3,C38,=+Org!M63,1
Feuil3,D38,=+Org!F63,1
Feuil3,E38,=+C38*D38,2
Feuil3,F38,=+Org!J112,1
Feuil3,H38,=+G38+E38,2
Feuil3,I38,=+H38*0.05,1
Feuil3,J38,=+H38*0.13,1
Feuil3,K38,=+H38+I38+J38,3
Feuil3,L38,"=+IF((D38+F38)<350000,2000,(D38+F38)*0.2)",4
Feuil3,M38,=+H38*1%,1
Feuil3,N38,=+H38*1%,1
Feuil3,O38,=+H38-L38-M38-N38,4
Feuil3,C39,=+Org!M64,1
Feuil3,D39,=+Org!F64,1
Feuil3,E39,=+C39*D39,2
Feuil3,F39,=+Org!J125,1
Feuil3,H39,=+G39+E39,2
Feuil3,I39,=+H39*0.05,1
Feuil3,J39,=+H39*0.13,1
Feuil3,K39,=+H39+I39+J39,3
Feuil3,L39,"=+IF((D39+F39)<350000,2000,(D39+F39)*0.2)",4
Feuil3,M39,=+H39*1%,1
Feuil3,N39,=+H39*1%,1
Feuil3,O39,=+H39-L39-M39-N39,4
Feuil3,Q39,=+O39/C39,2
Feuil3,C40,=+Org!M65,1
Feuil3,D40,=+Org!F65,1
Feuil3,E40,=+C40*D40,2
Feuil3,F40,=+Org!J125,1
Feuil3,H40,=+G40+E40,2
Feuil3,I40,=+H40*0.05,1
Feuil3,J40,=+H40*0.13,1
Feuil3,K40,=+H40+I40+J40,3
Feuil3,L40,"=+IF((D40+F40)<350000,2000,(D40+F40)*0.2)",4
Feuil3,M40,=+H40*1%,1
Feuil3,N40,=+H40*1%,1
Feuil3,O40,=+H40-L40-M40-N40,4
Feuil3,C41,=+Org!M66,1
Feuil3,D41,=+Org!F66,1
Feuil3,E41,=+C41*D41,2
Feuil3,F41,=+Org!J113,1
Feuil3,H41,=+G41+E41,2
Feuil3,I41,=+H41*0.05,1
Feuil3,J41,=+H41*0.13,1
Feuil3,K41,=+H41+I41+J41,3
Feuil3,L41,"=+IF((D41+F41)<350000,2000,(D41+F41)*0.2)",4
Feuil3,M41,=+H41*1%,1
Feuil3,N41,=+H41*1%,1
Feuil3,O41,=+H41-L41-M41-N41,4
Feuil3,C42,=+Org!M67,1
Feuil3,D42,=+Org!F67,1
Feuil3,E42,=+C42*D42,2
Feuil3,F42,=+Org!J113,1
Feuil3,H42,=+G42+E42,2
Feuil3,I42,=+H42*0.05,1
Feuil3,J42,=+H42*0.13,1
Feuil3,K42,=+H42+I42+J42,3
Feuil3,L42,"=+IF((D42+F42)<350000,2000,(D42+F42)*0.2)",4
Feuil3,M42,=+H42*1%,1
Feuil3,N42,=+H42*1%,1
Feuil3,O42,=+H42-L42-M42-N42,4
Feuil3,C43,=+Org!M68,1
Feuil3,D43,=+Org!F68,1
Feuil3,E43,=+C43*D43,2
Feuil3,F43,=+Org!J125,1
Feuil3,H43,=+G43+E43,2
Feuil3,I43,=+H43*0.05,1
Feuil3,J43,=+H43*0.13,1
Feuil3,K43,=+H43+I43+J43,3
Feuil3,L43,"=+IF((D43+F43)<350000,2000,(D43+F43)*0.2)",4
Feuil3,M43,=+H43*1%,1
Feuil3,N43,=+H43*1%,1
Feuil3,O43,=+H43-L43-M43-N43,4
Feuil3,C44,=+Org!M69,1
Feuil3,D44,=+Org!F69,1
Feuil3,E44,=+C44*D44,2
Feuil3,F44,=+Org!J125,1
Feuil3,H44,=+G44+E44,2
Feuil3,I44,=+H44*0.05,1
Feuil3,J44,=+H44*0.13,1
Feuil3,K44,=+H44+I44+J44,3
Feuil3,L44,"=+IF((D44+F44)<350000,2000,(D44+F44)*0.2)",4
Feuil3,M44,=+H44*1%,1
Feuil3,N44,=+H44*1%,1
Feuil3,O44,=+H44-L44-M44-N44,4
Feuil3,C45,=+Org!M70,1
Feuil3,D45,=+Org!F70,1
Feuil3,E45,=+C45*D45,2
Feuil3,F45,=+Org!J125,1
Feuil3,H45,=+G45+E45,2
Feuil3,I45,=+H45*0.05,1
Feuil3,J45,=+H45*0.13,1
Feuil3,K45,=+H45+I45+J45,3
Feuil3,L45,"=+IF((D45+F45)<350000,2000,(D45+F45)*0.2)",4
Feuil3,M45,=+H45*1%,1
Feuil3,N45,=+H45*1%,1
Feuil3,O45,=+H45-L45-M45-N45,4
Feuil3,C46,=+Org!M71,1
Feuil3,D46,=+Org!F71,1
Feuil3,E46,=+C46*D46,2
Feuil3,F46,=+D46/12,1
Feuil3,H46,=+G46+E46,2
Feuil3,I46,=+H46*0.05,1
Feuil3,J46,=+H46*0.13,1
Feuil3,K46,=+H46+I46+J46,3
Feuil3,L46,"=+IF((D46+F46)<350000,2000,(D46+F46)*0.2)",4
Feuil3,M46,=+H46*1%,1
Feuil3,N46,=+H46*1%,1
Feuil3,O46,=+H46-L46-M46-N46,4
Feuil3,C47,=+Org!M72,1
Feuil3,D47,=+Org!F72,1
Feuil3,E47,=+C47*D47,2
Feuil3,F47,=+D47/12,1
Feuil3,H47,=+G47+E47,2
Feuil3,I47,=+H47*0.05,1
Feuil3,J47,=+H47*0.13,1
Feuil3,K47,=+H47+I47+J47,3
Feuil3,L47,"=+IF((D47+F47)<350000,2000,(D47+F47)*0.2)",4
Feuil3,M47,=+H47*1%,1
Feuil3,N47,=+H47*1%,1
Feuil3,O47,=+H47-L47-M47-N47,4
Feuil3,C48,=+Org!M73,1
Feuil3,D48,=+Org!F73,1
Feuil3,E48,=+C48*D48,2
Feuil3,F48,=+D48/12,1
Feuil3,H48,=+G48+E48,2
Feuil3,I48,=+H48*0.05,1
Feuil3,J48,=+H48*0.13,1
Feuil3,K48,=+H48+I48+J48,3
Feuil3,L48,"=+IF((D48+F48)<350000,2000,(D48+F48)*0.2)",4
Feuil3,M48,=+H48*1%,1
Feuil3,N48,=+H48*1%,1
Feuil3,O48,=+H48-L48-M48-N48,4
Feuil3,C49,=+Org!M74,1
Feuil3,D49,=+Org!F74,1
Feuil3,E49,=+C49*D49,2
Feuil3,F49,=+D49/12,1
Feuil3,H49,=+G49+E49,2
Feuil3,I49,=+H49*0.05,1
Feuil3,J49,=+H49*0.13,1
Feuil3,K49,=+H49+I49+J49,3
Feuil3,L49,"=+IF((D49+F49)<350000,2000,(D49+F49)*0.2)",4
Feuil3,M49,=+H49*1%,1
Feuil3,N49,=+H49*1%,1
Feuil3,O49,=+H49-L49-M49-N49,4
Feuil3,C50,=+Org!M75,1
Feuil3,D50,=+Org!F75,1
Feuil3,E50,=+C50*D50,2
Feuil3,F50,=+D50/12,1
Feuil3,H50,=+G50+E50,2
Feuil3,I50,=+H50*0.05,1
Feuil3,J50,=+H50*0.13,1
Feuil3,K50,=+H50+I50+J50,3
Feuil3,L50,"=+IF((D50+F50)<350000,2000,(D50+F50)*0.2)",4
Feuil3,M50,=+H50*1%,1
Feuil3,N50,=+H50*1%,1
Feuil3,O50,=+H50-L50-M50-N50,4
Feuil3,C51,=+Org!M76,1
Feuil3,D51,=+Org!F76,1
Feuil3,E51,=+C51*D51,2
Feuil3,F51,=+Org!J113,1
Feuil3,H51,=+G51+E51,2
Feuil3,I51,=+H51*0.05,1
Feuil3,J51,=+H51*0.13,1
Feuil3,K51,=+H51+I51+J51,3
Feuil3,L51,"=+IF((D51+F51)<350000,2000,(D51+F51)*0.2)",4
Feuil3,M51,=+H51*1%,1
Feuil3,N51,=+H51*1%,1
Feuil3,O51,=+H51-L51-M51-N51,4
Feuil3,C52,=+Org!M77,1
Feuil3,D52,=+Org!F77,1
Feuil3,E52,=+C52*D52,2
Feuil3,F52,=+Org!J113,1
Feuil3,H52,=+G52+E52,2
Feuil3,I52,=+H52*0.05,1
Feuil3,J52,=+H52*0.13,1
Feuil3,K52,=+H52+I52+J52,3
Feuil3,L52,"=+IF((D52+F52)<350000,2000,(D52+F52)*0.2)",4
Feuil3,M52,=+H52*1%,1
Feuil3,N52,=+H52*1%,1
Feuil3,O52,=+H52-L52-M52-N52,4
Feuil3,C53,=+Org!M78,1
Feuil3,D53,=+Org!F78,1
Feuil3,E53,=+C53*D53,2
Feuil3,F53,=+Org!J113,1
Feuil3,H53,=+G53+E53,2
Feuil3,I53,=+H53*0.05,1
Feuil3,J53,=+H53*0.13,1
Feuil3,K53,=+H53+I53+J53,3
Feuil3,L53,"=+IF((D53+F53)<350000,2000,(D53+F53)*0.2)",4
Feuil3,M53,=+H53*1%,1
Feuil3,N53,=+H53*1%,1
Feuil3,O53,=+H53-L53-M53-N53,4
Feuil3,C54,=SUM(C38:C53),1
Feuil3,E54,=SUM(E38:E53),1
Feuil3,G54,=SUM(G38:G53),1
Feuil3,H54,=SUM(H38:H53),1
Feuil3,I54,=SUM(I38:I53),1
Feuil3,J54,=SUM(J38:J53),1
Feuil3,K54,=SUM(K38:K53),1
Feuil3,L54,=SUM(L38:L53),1
Feuil3,M54,=SUM(M38:M53),1
Feuil3,N54,=SUM(N38:N53),1
Feuil3,O54,=SUM(O38:O53),1
Feuil3,B56,=+B37,1
Feuil3,C56,=+C37,1
Feuil3,D56,=+D37,1
Feuil3,E56,=+E37,1
Feuil3,F56,=+F37,1
Feuil3,G56,=+G37,1
Feuil3,H56,=+H37,1
Feuil3,I56,=+I37,1
Feuil3,J56,=+J37,1
Feuil3,K56,=+K37,1
Feuil3,L56,=+L37,1
Feuil3,M56,=+M37,1
Feuil3,N56,=+N37,1
Feuil3,O56,=+O37,1
Feuil3,C57,=+C54+C27+C20+C12+C33,5
Feuil3,E57,=+E54+E27+E20+E12+E33,5
Feuil3,G57,=+G54+G27+G20+G12+G33,5
Feuil3,H57,=+H54+H27+H20+H12+H33,5
Feuil3,I57,=+I54+I27+I20+I12+I33,5
Feuil3,J57,=+J54+J27+J20+J12+J33,5
Feuil3,K57,=+K54+K27+K20+K12+K33,5
Feuil3,L57,=+L54+L27+L20+L12+L33,5
Feuil3,M57,=+M54+M27+M20+M12+M33,5
Feuil3,N57,=+N54+N27+N20+N12+N33,5
Feuil3,O57,=+O54+O27+O20+O12+O33,5
Feuil3,D61,=+H57,1
Feuil3,E61,=+D61,1
Feuil3,F61,=+E61,1
Feuil3,G61,=+F61,1
Feuil3,H61,=+G61,1
Feuil3,I61,=+H61,1
Feuil3,J61,=+I61,1
Feuil3,K61,=+J61,1
Feuil3,L61,=+K61,1
Feuil3,M61,=+L61,1
Feuil3,N61,=+M61,1
Feuil3,O61,=+N61,1
Feuil3,P61,=SUM(D61:O61),1
Feuil3,D62,=+I57+J57,2
Feuil3,E62,=+D62,1
Feuil3,F62,=+E62,1
Feuil3,G62,=+F62,1
Feuil3,H62,=+G62,1
Feuil3,I62,=+H62,1
Feuil3,J62,=+I62,1
Feuil3,K62,=+J62,1
Feuil3,L62,=+K62,1
Feuil3,M62,=+L62,1
Feuil3,N62,=+M62,1
Feuil3,O62,=+N62,1
Feuil3,P62,=SUM(D62:O62),1
Feuil3,D63,=-D62,1
Feuil3,E63,=+D63,1
Feuil3,F63,=+E63,1
Feuil3,G63,=+F63,1
Feuil3,H63,=+G63,1
Feuil3,I63,=+H63,1
Feuil3,J63,=+I63,1
Feuil3,K63,=+J63,1
Feuil3,L63,=+K63,1
Feuil3,M63,=+L63,1
Feuil3,N63,=+M63,1
Feuil3,O63,=+N63,1
Feuil3,P63,=SUM(D63:O63),1
Feuil3,D64,=+L59,1
Feuil3,E64,=+D64,1
Feuil3,F64,=+E64,1
Feuil3,G64,=+F64,1
Feuil3,H64,=+G64,1
Feuil3,I64,=+H64,1
Feuil3,J64,=+I64,1
Feuil3,K64,=+J64,1
Feuil3,L64,=+K64,1
Feuil3,M64,=+L64,1
Feuil3,N64,=+M64,1
Feuil3,O64,=+N64,1
Feuil3,P64,=SUM(D64:O64),1
Feuil3,D65,=-M57-N57,2
Feuil3,E65,=+D65,1
Feuil3,F65,=+E65,1
Feuil3,G65,=+F65,1
Feuil3,H65,=+G65,1
Feuil3,I65,=+H65,1
Feuil3,J65,=+I65,1
Feuil3,K65,=+J65,1
Feuil3,L65,=+K65,1
Feuil3,M65,=+L65,1
Feuil3,N65,=+M65,1
Feuil3,O65,=+N65,1
Feuil3,P65,=SUM(D65:O65),1
Feuil3,D66,=+O59,1
Feuil3,E66,=+D66,1
Feuil3,F66,=+E66,1
Feuil3,G66,=+F66,1
Feuil3,H66,=+G66,1
Feuil3,I66,=+H66,1
Feuil3,J66,=+I66,1
Feuil3,K66,=+J66,1
Feuil3,L66,=+K66,1
Feuil3,M66,=+L66,1
Feuil3,N66,=+M66,1
Feuil3,O66,=+N66,1
Feuil3,P66,=SUM(D66:O66),1
Feuil3,D67,=SUM(D61:D66),1
Feuil3,P70,=+Sal!P176,1
Feuil3,P71,=+Sal!P177,1
Feuil3,P72,=+Sal!P178,1
Feuil3,P73,=+Sal!P179,1
Feuil3,P74,=+Sal!P180,1
Feuil3,P76,=+P61-P70,2
Feuil3,P77,=+P62-P71,2
CA,C2,=+Production!D8,1
CA,D2,=+Production!E8,1
CA,E2,=+Production!F8,1
CA,F2,=+Production!G8,1
CA,G2,=+Production!H8,1
CA,H2,=+Production!I8,1
CA,I2,=+Production!J8,1
CA,J2,=+Production!K8,1
CA,K2,=+Production!L8,1
CA,L2,=+Production!M8,1
CA,M2,=+Production!N8,1
CA,N2,=+Production!O8,1
CA,O2,=+Production!P8,1
CA,B4,=+'Données SOMIDA'!C96,1
CA,C4,=+Commandes!C28,1
CA,D4,=+Commandes!D28,1
CA,E4,=+Commandes!E28,1
CA,F4,=+Commandes!F28,1
CA,G4,=+Commandes!G28,1
CA,H4,=+Commandes!H28,1
CA,I4,=+Commandes!I28,1
CA,J4,=+Commandes!J28,1
CA,K4,=+Commandes!K28,1
CA,L4,=+Commandes!L28,1
CA,M4,=+Commandes!M28,1
CA,N4,=+Commandes!N28,1
CA,O4,=SUM(C4:N4),1
CA,B5,=+'Données SOMIDA'!C97,1
CA,C5,=+Commandes!C29,1
CA,D5,=+Commandes!D29,1
CA,E5,=+Commandes!E29,1
CA,F5,=+Commandes!F29,1
CA,G5,=+Commandes!G29,1
CA,H5,=+Commandes!H29,1
CA,I5,=+Commandes!I29,1
CA,J5,=+Commandes!J29,1
CA,K5,=+Commandes!K29,1
CA,L5,=+Commandes!L29,1
CA,M5,=+Commandes!M29,1
CA,N5,=+Commandes!N29,1
CA,O5,=SUM(C5:N5),1
CA,B6,=+'Données SOMIDA'!C98,1
CA,C6,=+Commandes!C30,1
CA,D6,=+Commandes!D30,1
CA,E6,=+Commandes!E30,1
CA,F6,=+Commandes!F30,1
CA,G6,=+Commandes!G30,1
CA,H6,=+Commandes!H30,1
CA,I6,=+Commandes!I30,1
CA,J6,=+Commandes!J30,1
CA,K6,=+Commandes!K30,1
CA,L6,=+Commandes!L30,1
CA,M6,=+Commandes!M30,1
CA,N6,=+Commandes!N30,1
CA,O6,=SUM(C6:N6),1
CA,B7,=+'Données SOMIDA'!C99,1
CA,C7,=+Commandes!C31,1
CA,D7,=+Commandes!D31,1
CA,E7,=+Commandes!E31,1
CA,F7,=+Commandes!F31,1
CA,G7,=+Commandes!G31,1
CA,H7,=+Commandes!H31,1
CA,I7,=+Commandes!I31,1
CA,J7,=+Commandes!J31,1
CA,K7,=+Commandes!K31,1
CA,L7,=+Commandes!L31,1
CA,M7,=+Commandes!M31,1
CA,N7,=+Commandes!N31,1
CA,O7,=SUM(C7:N7),1
CA,Q7,=+SUM(O4:O7),1
CA,B9,=+'Données SOMIDA'!C101,1
CA,C9,=+Commandes!C35,1
CA,D9,=+Commandes!D35,1
CA,E9,=+Commandes!E35,1
CA,F9,=+Commandes!F35,1
CA,G9,=+Commandes!G35,1
CA,H9,=+Commandes!H35,1
CA,I9,=+Commandes!I35,1
CA,J9,=+Commandes!J35,1
CA,K9,=+Commandes!K35,1
CA,L9,=+Commandes!L35,1
CA,M9,=+Commandes!M35,1
CA,N9,=+Commandes!N35,1
CA,O9,=SUM(C9:N9),1
CA,B10,=+'Données SOMIDA'!C102,1
CA,C10,=+Commandes!C36,1
CA,D10,=+Commandes!D36,1
CA,E10,=+Commandes!E36,1
CA,F10,=+Commandes!F36,1
CA,G10,=+Commandes!G36,1
CA,H10,=+Commandes!H36,1
CA,I10,=+Commandes!I36,1
CA,J10,=+Commandes!J36,1
CA,K10,=+Commandes!K36,1
CA,L10,=+Commandes!L36,1
CA,M10,=+Commandes!M36,1
CA,N10,=+Commandes!N36,1
CA,O10,=SUM(C10:N10),1
CA,B11,=+'Données SOMIDA'!C103,1
CA,C11,=+Commandes!C37,1
CA,D11,=+Commandes!D37,1
CA,E11,=+Commandes!E37,1
CA,F11,=+Commandes!F37,1
CA,G11,=+Commandes!G37,1
CA,H11,=+Commandes!H37,1
CA,I11,=+Commandes!I37,1
CA,J11,=+Commandes!J37,1
CA,K11,=+Commandes!K37,1
CA,L11,=+Commandes!L37,1
CA,M11,=+Commandes!M37,1
CA,N11,=+Commandes!N37,1
CA,O11,=SUM(C11:N11),1
CA,B12,=+B7,1
CA,C12,=+Commandes!C38,1
CA,D12,=+Commandes!D38,1
CA,E12,=+Commandes!E38,1
CA,F12,=+Commandes!F38,1
CA,G12,=+Commandes!G38,1
CA,H12,=+Commandes!H38,1
CA,I12,=+Commandes!I38,1
CA,J12,=+Commandes!J38,1
CA,K12,=+Commandes!K38,1
CA,L12,=+Commandes!L38,1
CA,M12,=+Commandes!M38,1
CA,N12,=+Commandes!N38,1
CA,O12,=SUM(C12:N12),1
CA,Q12,=+SUM(O9:O12),1
CA,Q13,=SUM(Q7:Q12),1
CA,B14,=+B4,1
CA,C14,=+Commandes!C42,1
CA,D14,=+Commandes!D42,1
CA,E14,=+Commandes!E42,1
CA,F14,=+Commandes!F42,1
CA,G14,=+Commandes!G42,1
CA,H14,=+Commandes!H42,1
CA,I14,=+Commandes!I42,1
CA,J14,=+Commandes!J42,1
CA,K14,=+Commandes!K42,1
CA,L14,=+Commandes!L42,1
CA,M14,=+Commandes!M42,1
CA,N14,=+Commandes!N42,1
CA,O14,=SUM(C14:N14),1
CA,C15,=SUM(C3:C14),1
CA,D15,=SUM(D3:D14),1
CA,E15,=SUM(E3:E14),1
CA,F15,=SUM(F3:F14),1
CA,G15,=SUM(G3:G14),1
CA,H15,=SUM(H3:H14),1
CA,I15,=SUM(I3:I14),1
CA,J15,=SUM(J3:J14),1
CA,K15,=SUM(K3:K14),1
CA,L15,=SUM(L3:L14),1
CA,M15,=SUM(M3:M14),1
CA,N15,=SUM(N3:N14),1
CA,O15,=SUM(O3:O14),1
CA,C17,=+C2,1
CA,D17,=+D2,1
CA,E17,=+E2,1
CA,F17,=+F2,1
CA,G17,=+G2,1
CA,H17,=+H2,1
CA,I17,=+I2,1
CA,J17,=+J2,1
CA,K17,=+K2,1
CA,L17,=+L2,1
CA,M17,=+M2,1
CA,N17,=+N2,1
CA,O17,=+O2,1
CA,B18,=+B3,1
CA,B19,=+B4,1
CA,C19,=+C4*'Données SOMIDA'!$D$79*'Données SOMIDA'!$E$6,3
CA,D19,=+D4*'Données SOMIDA'!$D$79*'Données SOMIDA'!$E$6,3
CA,E19,=+E4*'Données SOMIDA'!$D$79*'Données SOMIDA'!$E$6,3
CA,F19,=+F4*'Données SOMIDA'!$D$79*'Données SOMIDA'!$E$6,3
CA,G19,=+G4*'Données SOMIDA'!$D$79*'Données SOMIDA'!$E$6,3
CA,H19,=+H4*'Données SOMIDA'!$D$79*'Données SOMIDA'!$E$6,3
CA,I19,=+I4*'Données SOMIDA'!$D$79*'Données SOMIDA'!$E$6,3
CA,J19,=+J4*'Données SOMIDA'!$D$79*'Données SOMIDA'!$E$6,3
CA,K19,=+K4*'Données SOMIDA'!$D$79*'Données SOMIDA'!$E$6,3
CA,L19,=+L4*'Données SOMIDA'!$D$79*'Données SOMIDA'!$E$6,3
CA,M19,=+M4*'Données SOMIDA'!$D$79*'Données SOMIDA'!$E$6,3
CA,N19,=+N4*'Données SOMIDA'!$D$79*'Données SOMIDA'!$E$6,3
CA,O19,=SUM(C19:N19),1
CA,B20,=+B5,1
CA,C20,=+C5*'Données SOMIDA'!$D$80*'Données SOMIDA'!$E$6,3
CA,D20,=+D5*'Données SOMIDA'!$D$80*'Données SOMIDA'!$E$6,3
CA,E20,=+E5*'Données SOMIDA'!$D$80*'Données SOMIDA'!$E$6,3
CA,F20,=+F5*'Données SOMIDA'!$D$80*'Données SOMIDA'!$E$6,3
CA,G20,=+G5*'Données SOMIDA'!$D$80*'Données SOMIDA'!$E$6,3
CA,H20,=+H5*'Données SOMIDA'!$D$80*'Données SOMIDA'!$E$6,3
CA,I20,=+I5*'Données SOMIDA'!$D$80*'Données SOMIDA'!$E$6,3
CA,J20,=+J5*'Données SOMIDA'!$D$80*'Données SOMIDA'!$E$6,3
CA,K20,=+K5*'Données SOMIDA'!$D$80*'Données SOMIDA'!$E$6,3
CA,L20,=+L5*'Données SOMIDA'!$D$80*'Données SOMIDA'!$E$6,3
CA,M20,=+M5*'Données SOMIDA'!$D$80*'Données SOMIDA'!$E$6,3
CA,N20,=+N5*'Données SOMIDA'!$D$80*'Données SOMIDA'!$E$6,3
CA,O20,=SUM(C20:N20),1
CA,B21,=+B6,1
CA,C21,=+C6*'Données SOMIDA'!$D$81*'Données SOMIDA'!$E$5,3
CA,D21,=+D6*'Données SOMIDA'!$D$81*'Données SOMIDA'!$E$5,3
CA,E21,=+E6*'Données SOMIDA'!$D$81*'Données SOMIDA'!$E$5,3
CA,F21,=+F6*'Données SOMIDA'!$D$81*'Données SOMIDA'!$E$5,3
CA,G21,=+G6*'Données SOMIDA'!$D$81*'Données SOMIDA'!$E$5,3
CA,H21,=+H6*'Données SOMIDA'!$D$81*'Données SOMIDA'!$E$5,3
CA,I21,=+I6*'Données SOMIDA'!$D$81*'Données SOMIDA'!$E$5,3
CA,J21,=+J6*'Données SOMIDA'!$D$81*'Données SOMIDA'!$E$5,3
CA,K21,=+K6*'Données SOMIDA'!$D$81*'Données SOMIDA'!$E$5,3
CA,L21,=+L6*'Données SOMIDA'!$D$81*'Données SOMIDA'!$E$5,3
CA,M21,=+M6*'Données SOMIDA'!$D$81*'Données SOMIDA'!$E$5,3
CA,N21,=+N6*'Données SOMIDA'!$D$81*'Données SOMIDA'!$E$5,3
CA,O21,=SUM(C21:N21),1
CA,B22,=+B7,1
CA,C22,=+C7*'Données SOMIDA'!$D$82*'Données SOMIDA'!$E$12,3
CA,D22,=+D7*'Données SOMIDA'!$D$82*'Données SOMIDA'!$E$12,3
CA,E22,=+E7*'Données SOMIDA'!$D$82*'Données SOMIDA'!$E$12,3
CA,F22,=+F7*'Données SOMIDA'!$D$82*'Données SOMIDA'!$E$12,3
CA,G22,=+G7*'Données SOMIDA'!$D$82*'Données SOMIDA'!$E$12,3
CA,H22,=+H7*'Données SOMIDA'!$D$82*'Données SOMIDA'!$E$12,3
CA,I22,=+I7*'Données SOMIDA'!$D$82*'Données SOMIDA'!$E$12,3
CA,J22,=+J7*'Données SOMIDA'!$D$82*'Données SOMIDA'!$E$12,3
CA,K22,=+K7*'Données SOMIDA'!$D$82*'Données SOMIDA'!$E$12,3
CA,L22,=+L7*'Données SOMIDA'!$D$82*'Données SOMIDA'!$E$12,3
CA,M22,=+M7*'Données SOMIDA'!$D$82*'Données SOMIDA'!$E$12,3
CA,N22,=+N7*'Données SOMIDA'!$D$82*'Données SOMIDA'!$E$12,3
CA,O22,=SUM(C22:N22),1
CA,B23,=+B8,1
CA,B24,=+B9,1
CA,C24,=+C9*'Données SOMIDA'!$D$79*'Données SOMIDA'!$E$6,3
CA,D24,=+D9*'Données SOMIDA'!$D$79*'Données SOMIDA'!$E$6,3
CA,E24,=+E9*'Données SOMIDA'!$D$79*'Données SOMIDA'!$E$6,3
CA,F24,=+F9*'Données SOMIDA'!$D$79*'Données SOMIDA'!$E$6,3
CA,G24,=+G9*'Données SOMIDA'!$D$79*'Données SOMIDA'!$E$6,3
CA,H24,=+H9*'Données SOMIDA'!$D$79*'Données SOMIDA'!$E$6,3
CA,I24,=+I9*'Données SOMIDA'!$D$79*'Données SOMIDA'!$E$6,3
CA,J24,=+J9*'Données SOMIDA'!$D$79*'Données SOMIDA'!$E$6,3
CA,K24,=+K9*'Données SOMIDA'!$D$79*'Données SOMIDA'!$E$6,3
CA,L24,=+L9*'Données SOMIDA'!$D$79*'Données SOMIDA'!$E$6,3
CA,M24,=+M9*'Données SOMIDA'!$D$79*'Données SOMIDA'!$E$6,3
CA,N24,=+N9*'Données SOMIDA'!$D$79*'Données SOMIDA'!$E$6,3
CA,O24,=SUM(C24:N24),1
CA,B25,=+B10,1
CA,C25,=+C10*'Données SOMIDA'!$D$80*'Données SOMIDA'!$E$6,3
CA,D25,=+D10*'Données SOMIDA'!$D$80*'Données SOMIDA'!$E$6,3
CA,E25,=+E10*'Données SOMIDA'!$D$80*'Données SOMIDA'!$E$6,3
CA,F25,=+F10*'Données SOMIDA'!$D$80*'Données SOMIDA'!$E$6,3
CA,G25,=+G10*'Données SOMIDA'!$D$80*'Données SOMIDA'!$E$6,3
CA,H25,=+H10*'Données SOMIDA'!$D$80*'Données SOMIDA'!$E$6,3
CA,I25,=+I10*'Données SOMIDA'!$D$80*'Données SOMIDA'!$E$6,3
CA,J25,=+J10*'Données SOMIDA'!$D$80*'Données SOMIDA'!$E$6,3
CA,K25,=+K10*'Données SOMIDA'!$D$80*'Données SOMIDA'!$E$6,3
CA,L25,=+L10*'Données SOMIDA'!$D$80*'Données SOMIDA'!$E$6,3
CA,M25,=+M10*'Données SOMIDA'!$D$80*'Données SOMIDA'!$E$6,3
CA,N25,=+N10*'Données SOMIDA'!$D$80*'Données SOMIDA'!$E$6,3
CA,O25,=SUM(C25:N25),1
CA,B26,=+B11,1
CA,C26,=+C11*'Données SOMIDA'!$D$81*'Données SOMIDA'!$E$5,3
CA,D26,=+D11*'Données SOMIDA'!$D$81*'Données SOMIDA'!$E$5,3
CA,E26,=+E11*'Données SOMIDA'!$D$81*'Données SOMIDA'!$E$5,3
CA,F26,=+F11*'Données SOMIDA'!$D$81*'Données SOMIDA'!$E$5,3
CA,G26,=+G11*'Données SOMIDA'!$D$81*'Données SOMIDA'!$E$5,3
CA,H26,=+H11*'Données SOMIDA'!$D$81*'Données SOMIDA'!$E$5,3
CA,I26,=+I11*'Données SOMIDA'!$D$81*'Données SOMIDA'!$E$5,3
CA,J26,=+J11*'Données SOMIDA'!$D$81*'Données SOMIDA'!$E$5,3
CA,K26,=+K11*'Données SOMIDA'!$D$81*'Données SOMIDA'!$E$5,3
CA,L26,=+L11*'Données SOMIDA'!$D$81*'Données SOMIDA'!$E$5,3
CA,M26,=+M11*'Données SOMIDA'!$D$81*'Données SOMIDA'!$E$5,3
CA,N26,=+N11*'Données SOMIDA'!$D$81*'Données SOMIDA'!$E$5,3
CA,O26,=SUM(C26:N26),1
CA,B27,=+B12,1
CA,C27,=+C12*'Données SOMIDA'!$D$82*'Données SOMIDA'!$E$12,3
CA,D27,=+D12*'Données SOMIDA'!$D$82*'Données SOMIDA'!$E$12,3
CA,E27,=+E12*'Données SOMIDA'!$D$82*'Données SOMIDA'!$E$12,3
CA,F27,=+F12*'Données SOMIDA'!$D$82*'Données SOMIDA'!$E$12,3
CA,G27,=+G12*'Données SOMIDA'!$D$82*'Données SOMIDA'!$E$12,3
CA,H27,=+H12*'Données SOMIDA'!$D$82*'Données SOMIDA'!$E$12,3
CA,I27,=+I12*'Données SOMIDA'!$D$82*'Données SOMIDA'!$E$12,3
CA,J27,=+J12*'Données SOMIDA'!$D$82*'Données SOMIDA'!$E$12,3
CA,K27,=+K12*'Données SOMIDA'!$D$82*'Données SOMIDA'!$E$12,3
CA,L27,=+L12*'Données SOMIDA'!$D$82*'Données SOMIDA'!$E$12,3
CA,M27,=+M12*'Données SOMIDA'!$D$82*'Données SOMIDA'!$E$12,3
CA,N27,=+N12*'Données SOMIDA'!$D$82*'Données SOMIDA'!$E$12,3
CA,O27,=SUM(C27:N27),1
CA,B28,=+B13,1
CA,C28,=+C14*'Données SOMIDA'!$D$83*'Données SOMIDA'!$E$6,3
CA,D28,=+D14*'Données SOMIDA'!$D$83*'Données SOMIDA'!$E$6,3
CA,E28,=+E14*'Données SOMIDA'!$D$83*'Données SOMIDA'!$E$6,3
CA,F28,=+F14*'Données SOMIDA'!$D$83*'Données SOMIDA'!$E$6,3
CA,G28,=+G14*'Données SOMIDA'!$D$83*'Données SOMIDA'!$E$6,3
CA,H28,=+H14*'Données SOMIDA'!$D$83*'Données SOMIDA'!$E$6,3
CA,I28,=+I14*'Données SOMIDA'!$D$83*'Données SOMIDA'!$E$6,3
CA,J28,=+J14*'Données SOMIDA'!$D$83*'Données SOMIDA'!$E$6,3
CA,K28,=+K14*'Données SOMIDA'!$D$83*'Données SOMIDA'!$E$6,3
CA,L28,=+L14*'Données SOMIDA'!$D$83*'Données SOMIDA'!$E$6,3
CA,M28,=+M14*'Données SOMIDA'!$D$83*'Données SOMIDA'!$E$6,3
CA,N28,=+N14*'Données SOMIDA'!$D$83*'Données SOMIDA'!$E$6,3
CA,O28,=SUM(C28:N28),1
CA,P29,=+Production!Q65,1
CA,O30,=SUM(C30:N30),1
CA,O31,=SUM(C31:N31),1
CA,C32,=SUM(C18:C31),1
CA,D32,=SUM(D18:D31),1
CA,E32,=SUM(E18:E31),1
CA,F32,=SUM(F18:F31),1
CA,G32,=SUM(G18:G31),1
CA,H32,=SUM(H18:H31),1
CA,I32,=SUM(I18:I31),1
CA,J32,=SUM(J18:J31),1
CA,K32,=SUM(K18:K31),1
CA,L32,=SUM(L18:L31),1
CA,M32,=SUM(M18:M31),1
CA,N32,=SUM(N18:N31),1
CA,O32,=SUM(O18:O31),1
CA,Q32,=SUM('CR Nature FD'!O4:O8),1
CA,R32,=+O32-Q32,2
CA,C33,=+SUM(C30:C31)*0.2,1
CA,D33,=+SUM(D30:D31)*0.2,1
CA,E33,=+SUM(E30:E31)*0.2,1
CA,F33,=+SUM(F30:F31)*0.2,1
CA,G33,=+SUM(G30:G31)*0.2,1
CA,H33,=+SUM(H30:H31)*0.2,1
CA,I33,=+SUM(I30:I31)*0.2,1
CA,J33,=+SUM(J30:J31)*0.2,1
CA,K33,=+SUM(K30:K31)*0.2,1
CA,L33,=+SUM(L30:L31)*0.2,1
CA,M33,=+SUM(M30:M31)*0.2,1
CA,N33,=+SUM(N30:N31)*0.2,1
CA,O33,=+SUM(O30:O31)*0.2,1
CA,C34,=SUM(C32:C33),1
CA,D34,=SUM(D32:D33),1
CA,E34,=SUM(E32:E33),1
CA,F34,=SUM(F32:F33),1
CA,G34,=SUM(G32:G33),1
CA,H34,=SUM(H32:H33),1
CA,I34,=SUM(I32:I33),1
CA,J34,=SUM(J32:J33),1
CA,K34,=SUM(K32:K33),1
CA,L34,=SUM(L32:L33),1
CA,M34,=SUM(M32:M33),1
CA,N34,=SUM(N32:N33),1
CA,O34,=SUM(O32:O33),1
CA,D36,=+C17,1
CA,E36,=+D17,1
CA,F36,=+E17,1
CA,G36,=+F17,1
CA,H36,=+G17,1
CA,I36,=+H17,1
CA,J36,=+I17,1
CA,K36,=+J17,1
CA,L36,=+K17,1
CA,M36,=+L17,1
CA,N36,=+M17,1
CA,O36,=+N17,1
CA,D37,=+C40,1
CA,E37,=+D40,1
CA,F37,=+E40,1
CA,G37,=+F40,1
CA,H37,=+G40,1
CA,I37,=+H40,1
CA,J37,=+I40,1
CA,K37,=+J40,1
CA,L37,=+K40,1
CA,M37,=+L40,1
CA,N37,=+M40,1
CA,O37,=+N40,1
CA,P37,=+D37,1
CA,D38,=+C34/1000,1
CA,E38,=+D34/1000,1
CA,F38,=+E34/1000,1
CA,G38,=+F34/1000,1
CA,H38,=+G34/1000,1
CA,I38,=+H34/1000,1
CA,J38,=+I34/1000,1
CA,K38,=+J34/1000,1
CA,L38,=+K34/1000,1
CA,M38,=+L34/1000,1
CA,N38,=+M34/1000,1
CA,O38,=+N34/1000,1
CA,P38,=SUM(D38:O38),1
CA,D39,=-D38*0.75,1
CA,E39,=-E38*0.9,1
CA,F39,=-F38*0.9,1
CA,G39,=-G38*1.1,1
CA,H39,=-H38*1.1,1
CA,I39,=-I38*1.1,1
CA,J39,=-J38*1.1,1
CA,K39,=-K38*0.95,1
CA,L39,=-L38*0.9,1
CA,M39,=-M38*0.9,1
CA,N39,=-N38*0.9,1
CA,O39,=-O38*0.9,1
CA,P39,=SUM(D39:O39),1
CA,C40,=+AN!C181,1
CA,D40,=SUM(D37:D39),1
CA,E40,=SUM(E37:E39),1
CA,F40,=SUM(F37:F39),1
CA,G40,=SUM(G37:G39),1
CA,H40,=SUM(H37:H39),1
CA,I40,=SUM(I37:I39),1
CA,J40,=SUM(J37:J39),1
CA,K40,=SUM(K37:K39),1
CA,L40,=SUM(L37:L39),1
CA,M40,=SUM(M37:M39),1
CA,N40,=SUM(N37:N39),1
CA,O40,=SUM(O37:O39),1
CA,P40,=SUM(P37:P39),1
CA,C42,=+C17,1
CA,D42,=+D17,1
CA,E42,=+E17,1
CA,F42,=+F17,1
CA,G42,=+G17,1
CA,H42,=+H17,1
CA,I42,=+I17,1
CA,J42,=+J17,1
CA,K42,=+K17,1
CA,L42,=+L17,1
CA,M42,=+M17,1
CA,N42,=+N17,1
CA,O42,=+O17,1
CA,B45,=+B19,1
CA,C45,"=+SUMIF($B$18:$B$31,$B$45,C18:C31)*$C$44",4
CA,D45,"=+SUMIF($B$18:$B$31,$B$45,D18:D31)*$C$44",4
CA,E45,"=+SUMIF($B$18:$B$31,$B$45,E18:E31)*$C$44",4
CA,F45,"=+SUMIF($B$18:$B$31,$B$45,F18:F31)*$C$44",4
CA,G45,"=+SUMIF($B$18:$B$31,$B$45,G18:G31)*$C$44",4
CA,H45,"=+SUMIF($B$18:$B$31,$B$45,H18:H31)*$C$44",4
CA,I45,"=+SUMIF($B$18:$B$31,$B$45,I18:I31)*$C$44",4
CA,J45,"=+SUMIF($B$18:$B$31,$B$45,J18:J31)*$C$44",4
CA,K45,"=+SUMIF($B$18:$B$31,$B$45,K18:K31)*$C$44",4
CA,L45,"=+SUMIF($B$18:$B$31,$B$45,L18:L31)*$C$44",4
CA,M45,"=+SUMIF($B$18:$B$31,$B$45,M18:M31)*$C$44",4
CA,N45,"=+SUMIF($B$18:$B$31,$B$45,N18:N31)*$C$44",4
CA,O45,=SUM(C45:N45),1
CA,B46,=+B20,1
CA,C46,"=+SUMIF($B$18:$B$31,$B$46,C18:C31)*$C$44",4
CA,D46,"=+SUMIF($B$18:$B$31,$B$46,D18:D31)*$C$44",4
CA,E46,"=+SUMIF($B$18:$B$31,$B$46,E18:E31)*$C$44",4
CA,F46,"=+SUMIF($B$18:$B$31,$B$46,F18:F31)*$C$44",4
CA,G46,"=+SUMIF($B$18:$B$31,$B$46,G18:G31)*$C$44",4
CA,H46,"=+SUMIF($B$18:$B$31,$B$46,H18:H31)*$C$44",4
CA,I46,"=+SUMIF($B$18:$B$31,$B$46,I18:I31)*$C$44",4
CA,J46,"=+SUMIF($B$18:$B$31,$B$46,J18:J31)*$C$44",4
CA,K46,"=+SUMIF($B$18:$B$31,$B$46,K18:K31)*$C$44",4
CA,L46,"=+SUMIF($B$18:$B$31,$B$46,L18:L31)*$C$44",4
CA,M46,"=+SUMIF($B$18:$B$31,$B$46,M18:M31)*$C$44",4
CA,N46,"=+SUMIF($B$18:$B$31,$B$46,N18:N31)*$C$44",4
CA,O46,=SUM(C46:N46),1
CA,B47,=+B21,1
CA,C47,"=+SUMIF($B$18:$B$31,$B$47,C18:C31)*$C$44",4
CA,D47,"=+SUMIF($B$18:$B$31,$B$47,D18:D31)*$C$44",4
CA,E47,"=+SUMIF($B$18:$B$31,$B$47,E18:E31)*$C$44",4
CA,F47,"=+SUMIF($B$18:$B$31,$B$47,F18:F31)*$C$44",4
CA,G47,"=+SUMIF($B$18:$B$31,$B$47,G18:G31)*$C$44",4
CA,H47,"=+SUMIF($B$18:$B$31,$B$47,H18:H31)*$C$44",4
CA,I47,"=+SUMIF($B$18:$B$31,$B$47,I18:I31)*$C$44",4
CA,J47,"=+SUMIF($B$18:$B$31,$B$47,J18:J31)*$C$44",4
CA,K47,"=+SUMIF($B$18:$B$31,$B$47,K18:K31)*$C$44",4
CA,L47,"=+SUMIF($B$18:$B$31,$B$47,L18:L31)*$C$44",4
CA,M47,"=+SUMIF($B$18:$B$31,$B$47,M18:M31)*$C$44",4
CA,N47,"=+SUMIF($B$18:$B$31,$B$47,N18:N31)*$C$44",4
CA,O47,=SUM(C47:N47),1
CA,B48,=+B22,1
CA,C48,"=+SUMIF($B$18:$B$31,$B$48,C18:C31)*$C$43",4
CA,D48,"=+SUMIF($B$18:$B$31,$B$48,D18:D31)*$C$43",4
CA,E48,"=+SUMIF($B$18:$B$31,$B$48,E18:E31)*$C$43",4
CA,F48,"=+SUMIF($B$18:$B$31,$B$48,F18:F31)*$C$43",4
CA,G48,"=+SUMIF($B$18:$B$31,$B$48,G18:G31)*$C$43",4
CA,H48,"=+SUMIF($B$18:$B$31,$B$48,H18:H31)*$C$43",4
CA,I48,"=+SUMIF($B$18:$B$31,$B$48,I18:I31)*$C$43",4
CA,J48,"=+SUMIF($B$18:$B$31,$B$48,J18:J31)*$C$43",4
CA,K48,"=+SUMIF($B$18:$B$31,$B$48,K18:K31)*$C$43",4
CA,L48,"=+SUMIF($B$18:$B$31,$B$48,L18:L31)*$C$43",4
CA,M48,"=+SUMIF($B$18:$B$31,$B$48,M18:M31)*$C$43",4
CA,N48,"=+SUMIF($B$18:$B$31,$B$48,N18:N31)*$C$43",4
CA,O48,=SUM(C48:N48),1
CA,B49,=+B28,1
CA,C49,"=+SUMIF($B$18:$B$31,$B$49,C18:C31)*$C$43",4
CA,D49,"=+SUMIF($B$18:$B$31,$B$49,D18:D31)*$C$43",4
CA,E49,"=+SUMIF($B$18:$B$31,$B$49,E18:E31)*$C$43",4
CA,F49,"=+SUMIF($B$18:$B$31,$B$49,F18:F31)*$C$43",4
CA,G49,"=+SUMIF($B$18:$B$31,$B$49,G18:G31)*$C$43",4
CA,H49,"=+SUMIF($B$18:$B$31,$B$49,H18:H31)*$C$43",4
CA,I49,"=+SUMIF($B$18:$B$31,$B$49,I18:I31)*$C$43",4
CA,J49,"=+SUMIF($B$18:$B$31,$B$49,J18:J31)*$C$43",4
CA,K49,"=+SUMIF($B$18:$B$31,$B$49,K18:K31)*$C$43",4
CA,L49,"=+SUMIF($B$18:$B$31,$B$49,L18:L31)*$C$43",4
CA,M49,"=+SUMIF($B$18:$B$31,$B$49,M18:M31)*$C$43",4
CA,N49,"=+SUMIF($B$18:$B$31,$B$49,N18:N31)*$C$43",4
CA,O49,=SUM(C49:N49),1
CA,C50,=SUM(C45:C49),1
CA,D50,=SUM(D45:D49),1
CA,E50,=SUM(E45:E49),1
CA,F50,=SUM(F45:F49),1
CA,G50,=SUM(G45:G49),1
CA,H50,=SUM(H45:H49),1
CA,I50,=SUM(I45:I49),1
CA,J50,=SUM(J45:J49),1
CA,K50,=SUM(K45:K49),1
CA,L50,=SUM(L45:L49),1
CA,M50,=SUM(M45:M49),1
CA,N50,=SUM(N45:N49),1
CA,O50,=SUM(C50:N50),1
CA,C52,=+C42,1
CA,D52,=+D42,1
CA,E52,=+E42,1
CA,F52,=+F42,1
CA,G52,=+G42,1
CA,H52,=+H42,1
CA,I52,=+I42,1
CA,J52,=+J42,1
CA,K52,=+K42,1
CA,L52,=+L42,1
CA,M52,=+M42,1
CA,N52,=+N42,1
CA,O52,=+O42,1
CA,B53,=+Production!C71,1
CA,C53,"=IFERROR(+SUM(C19:C28)/C15,0)",2
CA,D53,"=IFERROR(+SUM(D19:D28)/D15,0)",2
CA,E53,"=IFERROR(+SUM(E19:E28)/E15,0)",2
CA,F53,"=IFERROR(+SUM(F19:F28)/F15,0)",2
CA,G53,"=IFERROR(+SUM(G19:G28)/G15,0)",2
CA,H53,"=IFERROR(+SUM(H19:H28)/H15,0)",2
CA,I53,"=IFERROR(+SUM(I19:I28)/I15,0)",2
CA,J53,"=IFERROR(+SUM(J19:J28)/J15,0)",2
CA,K53,"=IFERROR(+SUM(K19:K28)/K15,0)",2
CA,L53,"=IFERROR(+SUM(L19:L28)/L15,0)",2
CA,M53,"=IFERROR(+SUM(M19:M28)/M15,0)",2
CA,N53,"=IFERROR(+SUM(N19:N28)/N15,0)",2
CA,O53,"=IFERROR(+SUM(O19:O28)/O15,0)",2
CA,Q53,=AVERAGE(C53:N53),1
CA,B54,=+Production!C72,1
CA,C54,=+C53/'Données SOMIDA'!$E$6,2
CA,D54,=+D53/'Données SOMIDA'!$E$6,2
CA,E54,=+E53/'Données SOMIDA'!$E$6,2
CA,F54,=+F53/'Données SOMIDA'!$E$6,2
CA,G54,=+G53/'Données SOMIDA'!$E$6,2
CA,H54,=+H53/'Données SOMIDA'!$E$6,2
CA,I54,=+I53/'Données SOMIDA'!$E$6,2
CA,J54,=+J53/'Données SOMIDA'!$E$6,2
CA,K54,=+K53/'Données SOMIDA'!$E$6,2
CA,L54,=+L53/'Données SOMIDA'!$E$6,2
CA,M54,=+M53/'Données SOMIDA'!$E$6,2
CA,N54,=+N53/'Données SOMIDA'!$E$6,2
CA,O54,=+O53/'Données SOMIDA'!$E$6,2
CA,Q54,=AVERAGE(C54:N54),1
CA,B55,=+Production!C73,1
CA,C55,=+C53/'Données SOMIDA'!$E$5,2
CA,D55,=+D53/'Données SOMIDA'!$E$5,2
CA,E55,=+E53/'Données SOMIDA'!$E$5,2
CA,F55,=+F53/'Données SOMIDA'!$E$5,2
CA,G55,=+G53/'Données SOMIDA'!$E$5,2
CA,H55,=+H53/'Données SOMIDA'!$E$5,2
CA,I55,=+I53/'Données SOMIDA'!$E$5,2
CA,J55,=+J53/'Données SOMIDA'!$E$5,2
CA,K55,=+K53/'Données SOMIDA'!$E$5,2
CA,L55,=+L53/'Données SOMIDA'!$E$5,2
CA,M55,=+M53/'Données SOMIDA'!$E$5,2
CA,N55,=+N53/'Données SOMIDA'!$E$5,2
CA,O55,=+O53/'Données SOMIDA'!$E$5,2
CA,Q55,=AVERAGE(C55:N55),1
CA,G57,"=+SUBTOTAL(9,G59:G166)",1
CA,I57,"=+SUBTOTAL(9,I59:I166)",1
CA,J57,"=+SUBTOTAL(9,J59:J166)",1
CA,K57,"=+SUBTOTAL(9,K59:K166)",1
CA,B59,"=_xlfn.XLOOKUP(C59,'Données SOMIDA'!$C$18:$C$28,'Données SOMIDA'!$B$18:$B$28)",3
CA,C59,=+B3,1
CA,D59,=+C52,1
CA,E59,=+B4,1
CA,F59,"=IF(C59=""FP1"",'Données SOMIDA'!$N$83,VLOOKUP(E59,'Données SOMIDA'!$C$79:$N$85,12,FALSE))",4
CA,G59,=+C$4,1
CA,H59,"=IF(C59=""FP1 COUPE"",'Données SOMIDA'!$G$83,VLOOKUP(E59,'Données SOMIDA'!$C$79:$G$85,5,FALSE))",4
CA,I59,=+G59*H59,2
CA,J59,=+I59/'Données SOMIDA'!$E$11,2
CA,K59,=+I59/'Données SOMIDA'!$E$6,2
CA,B60,"=_xlfn.XLOOKUP(C60,'Données SOMIDA'!$C$18:$C$28,'Données SOMIDA'!$B$18:$B$28)",3
CA,C60,=+C59,1
CA,D60,=+D59,1
CA,E60,=+B5,1
CA,F60,"=IF(C60=""FP1"",'Données SOMIDA'!$N$83,VLOOKUP(E60,'Données SOMIDA'!$C$79:$N$85,12,FALSE))",4
CA,G60,=+C$5,1
CA,H60,"=IF(C60=""FP1 COUPE"",'Données SOMIDA'!$G$83,VLOOKUP(E60,'Données SOMIDA'!$C$79:$G$85,5,FALSE))",4
CA,I60,=+G60*H60,2
CA,J60,=+I60/'Données SOMIDA'!$E$11,2
CA,K60,=+I60/'Données SOMIDA'!$E$6,2
CA,B61,"=_xlfn.XLOOKUP(C61,'Données SOMIDA'!$C$18:$C$28,'Données SOMIDA'!$B$18:$B$28)",3
CA,C61,=+C60,1
CA,D61,=+D60,1
CA,E61,=+B6,1
CA,F61,"=IF(C61=""FP1"",'Données SOMIDA'!$N$83,VLOOKUP(E61,'Données SOMIDA'!$C$79:$N$85,12,FALSE))",4
CA,G61,=+C$6,1
CA,H61,"=IF(C61=""FP1 COUPE"",'Données SOMIDA'!$G$83,VLOOKUP(E61,'Données SOMIDA'!$C$79:$G$85,5,FALSE))",4
CA,I61,=+G61*H61,2
CA,J61,=+I61/'Données SOMIDA'!$E$11,2
CA,K61,=+I61/'Données SOMIDA'!$E$6,2
CA,B62,"=_xlfn.XLOOKUP(C62,'Données SOMIDA'!$C$18:$C$28,'Données SOMIDA'!$B$18:$B$28)",3
CA,C62,=+C61,1
CA,D62,=+D61,1
CA,E62,=+B7,1
CA,F62,"=IF(C62=""FP1"",'Données SOMIDA'!$N$83,VLOOKUP(E62,'Données SOMIDA'!$C$79:$N$85,12,FALSE))",4
CA,G62,=+C$7,1
CA,H62,"=IF(C62=""FP1 COUPE"",'Données SOMIDA'!$G$83,VLOOKUP(E62,'Données SOMIDA'!$C$79:$G$85,5,FALSE))",4
CA,I62,=+G62*H62,2
CA,J62,=+I62/'Données SOMIDA'!$E$11,2
CA,K62,=+I62/'Données SOMIDA'!$E$6,2
CA,B63,"=_xlfn.XLOOKUP(C63,'Données SOMIDA'!$C$18:$C$28,'Données SOMIDA'!$B$18:$B$28)",3
CA,C63,=+B8,1
CA,D63,=+D62,1
CA,E63,=+B9,1
CA,F63,"=IF(C63=""FP1"",'Données SOMIDA'!$N$83,VLOOKUP(E63,'Données SOMIDA'!$C$79:$N$85,12,FALSE))",4
CA,G63,=+C$9,1
CA,H63,"=IF(C63=""FP1 COUPE"",'Données SOMIDA'!$G$83,VLOOKUP(E63,'Données SOMIDA'!$C$79:$G$85,5,FALSE))",4
CA,I63,=+G63*H63,2
CA,J63,=+I63/'Données SOMIDA'!$E$11,2
CA,K63,=+I63/'Données SOMIDA'!$E$6,2
CA,B64,"=_xlfn.XLOOKUP(C64,'Données SOMIDA'!$C$18:$C$28,'Données SOMIDA'!$B$18:$B$28)",3
CA,C64,=+C63,1
CA,D64,=+D63,1
CA,E64,=+B10,1
CA,F64,"=IF(C64=""FP1"",'Données SOMIDA'!$N$83,VLOOKUP(E64,'Données SOMIDA'!$C$79:$N$85,12,FALSE))",4
CA,G64,=+C$10,1
CA,H64,"=IF(C64=""FP1 COUPE"",'Données SOMIDA'!$G$83,VLOOKUP(E64,'Données SOMIDA'!$C$79:$G$85,5,FALSE))",4
CA,I64,=+G64*H64,2
CA,J64,=+I64/'Données SOMIDA'!$E$11,2
CA,K64,=+I64/'Données SOMIDA'!$E$6,2
CA,B65,"=_xlfn.XLOOKUP(C65,'Données SOMIDA'!$C$18:$C$28,'Données SOMIDA'!$B$18:$B$28)",3
CA,C65,=+C64,1
CA,D65,=+D64,1
CA,E65,=+B11,1
CA,F65,"=IF(C65=""FP1"",'Données SOMIDA'!$N$83,VLOOKUP(E65,'Données SOMIDA'!$C$79:$N$85,12,FALSE))",4
CA,G65,=+C$11,1
CA,H65,"=IF(C65=""FP1 COUPE"",'Données SOMIDA'!$G$83,VLOOKUP(E65,'Données SOMIDA'!$C$79:$G$85,5,FALSE))",4
CA,I65,=+G65*H65,2
CA,J65,=+I65/'Données SOMIDA'!$E$11,2
CA,K65,=+I65/'Données SOMIDA'!$E$6,2
CA,B66,"=_xlfn.XLOOKUP(C66,'Données SOMIDA'!$C$18:$C$28,'Données SOMIDA'!$B$18:$B$28)",3
CA,C66,=+C65,1
CA,D66,=+D65,1
CA,E66,=+B12,1
CA,F66,"=IF(C66=""FP1"",'Données SOMIDA'!$N$83,VLOOKUP(E66,'Données SOMIDA'!$C$79:$N$85,12,FALSE))",4
CA,G66,=+$C12,1
CA,H66,"=IF(C66=""FP1 COUPE"",'Données SOMIDA'!$G$83,VLOOKUP(E66,'Données SOMIDA'!$C$79:$G$85,5,FALSE))",4
CA,I66,=+G66*H66,2
CA,J66,=+I66/'Données SOMIDA'!$E$11,2
CA,K66,=+I66/'Données SOMIDA'!$E$6,2
CA,B67,"=_xlfn.XLOOKUP(C67,'Données SOMIDA'!$C$18:$C$28,'Données SOMIDA'!$B$18:$B$28)",3
CA,C67,=+B13,1
CA,D67,=+D66,1
CA,E67,=+B14,1
CA,F67,"=IF(C67=""FP1"",'Données SOMIDA'!$N$83,VLOOKUP(E67,'Données SOMIDA'!$C$79:$N$85,12,FALSE))",4
CA,G67,=+C$14,1
CA,H67,"=IF(C67=""FP1 COUPE"",'Données SOMIDA'!$G$83,VLOOKUP(E67,'Données SOMIDA'!$C$79:$G$85,5,FALSE))",4
CA,I67,=+G67*H67,2
CA,J67,=+I67/'Données SOMIDA'!$E$11,2
CA,K67,=+I67/'Données SOMIDA'!$E$6,2
CA,B68,"=_xlfn.XLOOKUP(C68,'Données SOMIDA'!$C$18:$C$28,'Données SOMIDA'!$B$18:$B$28)",3
CA,C68,=+C59,1
CA,D68,=+D52,1
CA,E68,=+E59,1
CA,F68,"=IF(C68=""FP1"",'Données SOMIDA'!$N$83,VLOOKUP(E68,'Données SOMIDA'!$C$79:$N$85,12,FALSE))",4
CA,G68,=+D$4,1
CA,H68,"=IF(C68=""FP1 COUPE"",'Données SOMIDA'!$G$83,VLOOKUP(E68,'Données SOMIDA'!$C$79:$G$85,5,FALSE))",4
CA,I68,=+G68*H68,2
CA,J68,=+I68/'Données SOMIDA'!$E$11,2
CA,K68,=+I68/'Données SOMIDA'!$E$6,2
CA,B69,"=_xlfn.XLOOKUP(C69,'Données SOMIDA'!$C$18:$C$28,'Données SOMIDA'!$B$18:$B$28)",3
CA,C69,=+C60,1
CA,D69,=+D68,1
CA,E69,=+E60,1
CA,F69,"=IF(C69=""FP1"",'Données SOMIDA'!$N$83,VLOOKUP(E69,'Données SOMIDA'!$C$79:$N$85,12,FALSE))",4
CA,G69,=+D$5,1
CA,H69,"=IF(C69=""FP1 COUPE"",'Données SOMIDA'!$G$83,VLOOKUP(E69,'Données SOMIDA'!$C$79:$G$85,5,FALSE))",4
CA,I69,=+G69*H69,2
CA,J69,=+I69/'Données SOMIDA'!$E$11,2
CA,K69,=+I69/'Données SOMIDA'!$E$6,2
CA,B70,"=_xlfn.XLOOKUP(C70,'Données SOMIDA'!$C$18:$C$28,'Données SOMIDA'!$B$18:$B$28)",3
CA,C70,=+C61,1
CA,D70,=+D69,1
CA,E70,=+E61,1
CA,F70,"=IF(C70=""FP1"",'Données SOMIDA'!$N$83,VLOOKUP(E70,'Données SOMIDA'!$C$79:$N$85,12,FALSE))",4
CA,G70,=+D$6,1
CA,H70,"=IF(C70=""FP1 COUPE"",'Données SOMIDA'!$G$83,VLOOKUP(E70,'Données SOMIDA'!$C$79:$G$85,5,FALSE))",4
CA,I70,=+G70*H70,2
CA,J70,=+I70/'Données SOMIDA'!$E$11,2
CA,K70,=+I70/'Données SOMIDA'!$E$6,2
CA,B71,"=_xlfn.XLOOKUP(C71,'Données SOMIDA'!$C$18:$C$28,'Données SOMIDA'!$B$18:$B$28)",3
CA,C71,=+C62,1
CA,D71,=+D70,1
CA,E71,=+E62,1
CA,F71,"=IF(C71=""FP1"",'Données SOMIDA'!$N$83,VLOOKUP(E71,'Données SOMIDA'!$C$79:$N$85,12,FALSE))",4
CA,G71,=+D$7,1
CA,H71,"=IF(C71=""FP1 COUPE"",'Données SOMIDA'!$G$83,VLOOKUP(E71,'Données SOMIDA'!$C$79:$G$85,5,FALSE))",4
CA,I71,=+G71*H71,2
CA,J71,=+I71/'Données SOMIDA'!$E$11,2
CA,K71,=+I71/'Données SOMIDA'!$E$6,2
CA,B72,"=_xlfn.XLOOKUP(C72,'Données SOMIDA'!$C$18:$C$28,'Données SOMIDA'!$B$18:$B$28)",3
CA,C72,=+C63,1
CA,D72,=+D71,1
CA,E72,=+E63,1
CA,F72,"=IF(C72=""FP1"",'Données SOMIDA'!$N$83,VLOOKUP(E72,'Données SOMIDA'!$C$79:$N$85,12,FALSE))",4
CA,G72,=+D$9,1
CA,H72,"=IF(C72=""FP1 COUPE"",'Données SOMIDA'!$G$83,VLOOKUP(E72,'Données SOMIDA'!$C$79:$G$85,5,FALSE))",4
CA,I72,=+G72*H72,2
CA,J72,=+I72/'Données SOMIDA'!$E$11,2
CA,K72,=+I72/'Données SOMIDA'!$E$6,2
CA,B73,"=_xlfn.XLOOKUP(C73,'Données SOMIDA'!$C$18:$C$28,'Données SOMIDA'!$B$18:$B$28)",3
CA,C73,=+C64,1
CA,D73,=+D72,1
CA,E73,=+E64,1
CA,F73,"=IF(C73=""FP1"",'Données SOMIDA'!$N$83,VLOOKUP(E73,'Données SOMIDA'!$C$79:$N$85,12,FALSE))",4
CA,G73,=+D$10,1
CA,H73,"=IF(C73=""FP1 COUPE"",'Données SOMIDA'!$G$83,VLOOKUP(E73,'Données SOMIDA'!$C$79:$G$85,5,FALSE))",4
CA,I73,=+G73*H73,2
CA,J73,=+I73/'Données SOMIDA'!$E$11,2
CA,K73,=+I73/'Données SOMIDA'!$E$6,2
CA,B74,"=_xlfn.XLOOKUP(C74,'Données SOMIDA'!$C$18:$C$28,'Données SOMIDA'!$B$18:$B$28)",3
CA,C74,=+C65,1
CA,D74,=+D73,1
CA,E74,=+E65,1
CA,F74,"=IF(C74=""FP1"",'Données SOMIDA'!$N$83,VLOOKUP(E74,'Données SOMIDA'!$C$79:$N$85,12,FALSE))",4
CA,G74,=+D$11,1
CA,H74,"=IF(C74=""FP1 COUPE"",'Données SOMIDA'!$G$83,VLOOKUP(E74,'Données SOMIDA'!$C$79:$G$85,5,FALSE))",4
CA,I74,=+G74*H74,2
CA,J74,=+I74/'Données SOMIDA'!$E$11,2
CA,K74,=+I74/'Données SOMIDA'!$E$6,2
CA,B75,"=_xlfn.XLOOKUP(C75,'Données SOMIDA'!$C$18:$C$28,'Données SOMIDA'!$B$18:$B$28)",3
CA,C75,=+C66,1
CA,D75,=+D74,1
CA,E75,=+E66,1
CA,F75,"=IF(C75=""FP1"",'Données SOMIDA'!$N$83,VLOOKUP(E75,'Données SOMIDA'!$C$79:$N$85,12,FALSE))",4
CA,G75,=+D$12,1
CA,H75,"=IF(C75=""FP1 COUPE"",'Données SOMIDA'!$G$83,VLOOKUP(E75,'Données SOMIDA'!$C$79:$G$85,5,FALSE))",4
CA,I75,=+G75*H75,2
CA,J75,=+I75/'Données SOMIDA'!$E$11,2
CA,K75,=+I75/'Données SOMIDA'!$E$6,2
CA,B76,"=_xlfn.XLOOKUP(C76,'Données SOMIDA'!$C$18:$C$28,'Données SOMIDA'!$B$18:$B$28)",3
CA,C76,=+C67,1
CA,D76,=+D75,1
CA,E76,=+E67,1
CA,F76,"=IF(C76=""FP1"",'Données SOMIDA'!$N$83,VLOOKUP(E76,'Données SOMIDA'!$C$79:$N$85,12,FALSE))",4
CA,G76,=+D$14,1
CA,H76,"=IF(C76=""FP1 COUPE"",'Données SOMIDA'!$G$83,VLOOKUP(E76,'Données SOMIDA'!$C$79:$G$85,5,FALSE))",4
CA,I76,=+G76*H76,2
CA,J76,=+I76/'Données SOMIDA'!$E$11,2
CA,K76,=+I76/'Données SOMIDA'!$E$6,2
CA,B77,"=_xlfn.XLOOKUP(C77,'Données SOMIDA'!$C$18:$C$28,'Données SOMIDA'!$B$18:$B$28)",3
CA,C77,=+C68,1
CA,D77,=+E52,1
CA,E77,=+E68,1
CA,F77,"=IF(C77=""FP1"",'Données SOMIDA'!$N$83,VLOOKUP(E77,'Données SOMIDA'!$C$79:$N$85,12,FALSE))",4
CA,G77,=+E$4,1
CA,H77,"=IF(C77=""FP1 COUPE"",'Données SOMIDA'!$G$83,VLOOKUP(E77,'Données SOMIDA'!$C$79:$G$85,5,FALSE))",4
CA,I77,=+G77*H77,2
CA,J77,=+I77/'Données SOMIDA'!$E$11,2
CA,K77,=+I77/'Données SOMIDA'!$E$6,2
CA,M77,"=IFERROR(+N77/L77,0)",2
CA,B78,"=_xlfn.XLOOKUP(C78,'Données SOMIDA'!$C$18:$C$28,'Données SOMIDA'!$B$18:$B$28)",3
CA,C78,=+C69,1
CA,D78,=+D77,1
CA,E78,=+E69,1
CA,F78,"=IF(C78=""FP1"",'Données SOMIDA'!$N$83,VLOOKUP(E78,'Données SOMIDA'!$C$79:$N$85,12,FALSE))",4
CA,G78,=+E$5,1
CA,H78,"=IF(C78=""FP1 COUPE"",'Données SOMIDA'!$G$83,VLOOKUP(E78,'Données SOMIDA'!$C$79:$G$85,5,FALSE))",4
CA,I78,=+G78*H78,2
CA,J78,=+I78/'Données SOMIDA'!$E$11,2
CA,K78,=+I78/'Données SOMIDA'!$E$6,2
CA,M78,"=IFERROR(+N78/L78,0)",2
CA,B79,"=_xlfn.XLOOKUP(C79,'Données SOMIDA'!$C$18:$C$28,'Données SOMIDA'!$B$18:$B$28)",3
CA,C79,=+C70,1
CA,D79,=+D78,1
CA,E79,=+E70,1
CA,F79,"=IF(C79=""FP1"",'Données SOMIDA'!$N$83,VLOOKUP(E79,'Données SOMIDA'!$C$79:$N$85,12,FALSE))",4
CA,G79,=+E$6,1
CA,H79,"=IF(C79=""FP1 COUPE"",'Données SOMIDA'!$G$83,VLOOKUP(E79,'Données SOMIDA'!$C$79:$G$85,5,FALSE))",4
CA,I79,=+G79*H79,2
CA,J79,=+I79/'Données SOMIDA'!$E$11,2
CA,K79,=+I79/'Données SOMIDA'!$E$6,2
CA,M79,"=IFERROR(+N79/L79,0)",2
CA,B80,"=_xlfn.XLOOKUP(C80,'Données SOMIDA'!$C$18:$C$28,'Données SOMIDA'!$B$18:$B$28)",3
CA,C80,=+C71,1
CA,D80,=+D79,1
CA,E80,=+E71,1
CA,F80,"=IF(C80=""FP1"",'Données SOMIDA'!$N$83,VLOOKUP(E80,'Données SOMIDA'!$C$79:$N$85,12,FALSE))",4
CA,G80,=+E$7,1
CA,H80,"=IF(C80=""FP1 COUPE"",'Données SOMIDA'!$G$83,VLOOKUP(E80,'Données SOMIDA'!$C$79:$G$85,5,FALSE))",4
CA,I80,=+G80*H80,2
CA,J80,=+I80/'Données SOMIDA'!$E$11,2
CA,K80,=+I80/'Données SOMIDA'!$E$6,2
CA,M80,"=IFERROR(+N80/L80,0)",2
CA,B81,"=_xlfn.XLOOKUP(C81,'Données SOMIDA'!$C$18:$C$28,'Données SOMIDA'!$B$18:$B$28)",3
CA,C81,=+C72,1
CA,D81,=+D80,1
CA,E81,=+E72,1
CA,F81,"=IF(C81=""FP1"",'Données SOMIDA'!$N$83,VLOOKUP(E81,'Données SOMIDA'!$C$79:$N$85,12,FALSE))",4
CA,G81,=+E$9,1
CA,H81,"=IF(C81=""FP1 COUPE"",'Données SOMIDA'!$G$83,VLOOKUP(E81,'Données SOMIDA'!$C$79:$G$85,5,FALSE))",4
CA,I81,=+G81*H81,2
CA,J81,=+I81/'Données SOMIDA'!$E$11,2
CA,K81,=+I81/'Données SOMIDA'!$E$6,2
CA,M81,"=IFERROR(+N81/L81,0)",2
CA,B82,"=_xlfn.XLOOKUP(C82,'Données SOMIDA'!$C$18:$C$28,'Données SOMIDA'!$B$18:$B$28)",3
CA,C82,=+C73,1
CA,D82,=+D81,1
CA,E82,=+E73,1
CA,F82,"=IF(C82=""FP1"",'Données SOMIDA'!$N$83,VLOOKUP(E82,'Données SOMIDA'!$C$79:$N$85,12,FALSE))",4
CA,G82,=+E$10,1
CA,H82,"=IF(C82=""FP1 COUPE"",'Données SOMIDA'!$G$83,VLOOKUP(E82,'Données SOMIDA'!$C$79:$G$85,5,FALSE))",4
CA,I82,=+G82*H82,2
CA,J82,=+I82/'Données SOMIDA'!$E$11,2
CA,K82,=+I82/'Données SOMIDA'!$E$6,2
CA,M82,"=IFERROR(+N82/L82,0)",2
CA,B83,"=_xlfn.XLOOKUP(C83,'Données SOMIDA'!$C$18:$C$28,'Données SOMIDA'!$B$18:$B$28)",3
CA,C83,=+C74,1
CA,D83,=+D82,1
CA,E83,=+E74,1
CA,F83,"=IF(C83=""FP1"",'Données SOMIDA'!$N$83,VLOOKUP(E83,'Données SOMIDA'!$C$79:$N$85,12,FALSE))",4
CA,G83,=+E$11,1
CA,H83,"=IF(C83=""FP1 COUPE"",'Données SOMIDA'!$G$83,VLOOKUP(E83,'Données SOMIDA'!$C$79:$G$85,5,FALSE))",4
CA,I83,=+G83*H83,2
CA,J83,=+I83/'Données SOMIDA'!$E$11,2
CA,K83,=+I83/'Données SOMIDA'!$E$6,2
CA,M83,"=IFERROR(+N83/L83,0)",2
CA,B84,"=_xlfn.XLOOKUP(C84,'Données SOMIDA'!$C$18:$C$28,'Données SOMIDA'!$B$18:$B$28)",3
CA,C84,=+C75,1
CA,D84,=+D83,1
CA,E84,=+E75,1
CA,F84,"=IF(C84=""FP1"",'Données SOMIDA'!$N$83,VLOOKUP(E84,'Données SOMIDA'!$C$79:$N$85,12,FALSE))",4
CA,G84,=+E$12,1
CA,H84,"=IF(C84=""FP1 COUPE"",'Données SOMIDA'!$G$83,VLOOKUP(E84,'Données SOMIDA'!$C$79:$G$85,5,FALSE))",4
CA,I84,=+G84*H84,2
CA,J84,=+I84/'Données SOMIDA'!$E$11,2
CA,K84,=+I84/'Données SOMIDA'!$E$6,2
CA,M84,"=IFERROR(+N84/L84,0)",2
CA,B85,"=_xlfn.XLOOKUP(C85,'Données SOMIDA'!$C$18:$C$28,'Données SOMIDA'!$B$18:$B$28)",3
CA,C85,=+C76,1
CA,D85,=+D84,1
CA,E85,=+E76,1
CA,F85,"=IF(C85=""FP1"",'Données SOMIDA'!$N$83,VLOOKUP(E85,'Données SOMIDA'!$C$79:$N$85,12,FALSE))",4
CA,G85,=+E$14,1
CA,H85,"=IF(C85=""FP1 COUPE"",'Données SOMIDA'!$G$83,VLOOKUP(E85,'Données SOMIDA'!$C$79:$G$85,5,FALSE))",4
CA,I85,=+G85*H85,2
CA,J85,=+I85/'Données SOMIDA'!$E$11,2
CA,K85,=+I85/'Données SOMIDA'!$E$6,2
CA,M85,"=IFERROR(+N85/L85,0)",2
CA,B86,"=_xlfn.XLOOKUP(C86,'Données SOMIDA'!$C$18:$C$28,'Données SOMIDA'!$B$18:$B$28)",3
CA,C86,=+C77,1
CA,D86,=+F52,1
CA,E86,=+E77,1
CA,F86,"=IF(C86=""FP1"",'Données SOMIDA'!$N$83,VLOOKUP(E86,'Données SOMIDA'!$C$79:$N$85,12,FALSE))",4
CA,G86,=+F$4,1
CA,H86,"=IF(C86=""FP1 COUPE"",'Données SOMIDA'!$G$83,VLOOKUP(E86,'Données SOMIDA'!$C$79:$G$85,5,FALSE))",4
CA,I86,=+G86*H86,2
CA,J86,=+I86/'Données SOMIDA'!$E$11,2
CA,K86,=+I86/'Données SOMIDA'!$E$6,2
CA,M86,"=IFERROR(+N86/L86,0)",2
CA,B87,"=_xlfn.XLOOKUP(C87,'Données SOMIDA'!$C$18:$C$28,'Données SOMIDA'!$B$18:$B$28)",3
CA,C87,=+C78,1
CA,D87,=+D86,1
CA,E87,=+E78,1
CA,F87,"=IF(C87=""FP1"",'Données SOMIDA'!$N$83,VLOOKUP(E87,'Données SOMIDA'!$C$79:$N$85,12,FALSE))",4
CA,G87,=+F$5,1
CA,H87,"=IF(C87=""FP1 COUPE"",'Données SOMIDA'!$G$83,VLOOKUP(E87,'Données SOMIDA'!$C$79:$G$85,5,FALSE))",4
CA,I87,=+G87*H87,2
CA,J87,=+I87/'Données SOMIDA'!$E$11,2
CA,K87,=+I87/'Données SOMIDA'!$E$6,2
CA,M87,"=IFERROR(+N87/L87,0)",2
CA,B88,"=_xlfn.XLOOKUP(C88,'Données SOMIDA'!$C$18:$C$28,'Données SOMIDA'!$B$18:$B$28)",3
CA,C88,=+C79,1
CA,D88,=+D87,1
CA,E88,=+E79,1
CA,F88,"=IF(C88=""FP1"",'Données SOMIDA'!$N$83,VLOOKUP(E88,'Données SOMIDA'!$C$79:$N$85,12,FALSE))",4
CA,G88,=+F$6,1
CA,H88,"=IF(C88=""FP1 COUPE"",'Données SOMIDA'!$G$83,VLOOKUP(E88,'Données SOMIDA'!$C$79:$G$85,5,FALSE))",4
CA,I88,=+G88*H88,2
CA,J88,=+I88/'Données SOMIDA'!$E$11,2
CA,K88,=+I88/'Données SOMIDA'!$E$6,2
CA,M88,"=IFERROR(+N88/L88,0)",2
CA,B89,"=_xlfn.XLOOKUP(C89,'Données SOMIDA'!$C$18:$C$28,'Données SOMIDA'!$B$18:$B$28)",3
CA,C89,=+C80,1
CA,D89,=+D88,1
CA,E89,=+E80,1
CA,F89,"=IF(C89=""FP1"",'Données SOMIDA'!$N$83,VLOOKUP(E89,'Données SOMIDA'!$C$79:$N$85,12,FALSE))",4
CA,G89,=+F$7,1
CA,H89,"=IF(C89=""FP1 COUPE"",'Données SOMIDA'!$G$83,VLOOKUP(E89,'Données SOMIDA'!$C$79:$G$85,5,FALSE))",4
CA,I89,=+G89*H89,2
CA,J89,=+I89/'Données SOMIDA'!$E$11,2
CA,K89,=+I89/'Données SOMIDA'!$E$6,2
CA,M89,"=IFERROR(+N89/L89,0)",2
CA,B90,"=_xlfn.XLOOKUP(C90,'Données SOMIDA'!$C$18:$C$28,'Données SOMIDA'!$B$18:$B$28)",3
CA,C90,=+C81,1
CA,D90,=+D89,1
CA,E90,=+E81,1
CA,F90,"=IF(C90=""FP1"",'Données SOMIDA'!$N$83,VLOOKUP(E90,'Données SOMIDA'!$C$79:$N$85,12,FALSE))",4
CA,G90,=+F$9,1
CA,H90,"=IF(C90=""FP1 COUPE"",'Données SOMIDA'!$G$83,VLOOKUP(E90,'Données SOMIDA'!$C$79:$G$85,5,FALSE))",4
CA,I90,=+G90*H90,2
CA,J90,=+I90/'Données SOMIDA'!$E$11,2
CA,K90,=+I90/'Données SOMIDA'!$E$6,2
CA,M90,"=IFERROR(+N90/L90,0)",2
CA,B91,"=_xlfn.XLOOKUP(C91,'Données SOMIDA'!$C$18:$C$28,'Données SOMIDA'!$B$18:$B$28)",3
CA,C91,=+C82,1
CA,D91,=+D90,1
CA,E91,=+E82,1
CA,F91,"=IF(C91=""FP1"",'Données SOMIDA'!$N$83,VLOOKUP(E91,'Données SOMIDA'!$C$79:$N$85,12,FALSE))",4
CA,G91,=+F$10,1
CA,H91,"=IF(C91=""FP1 COUPE"",'Données SOMIDA'!$G$83,VLOOKUP(E91,'Données SOMIDA'!$C$79:$G$85,5,FALSE))",4
CA,I91,=+G91*H91,2
CA,J91,=+I91/'Données SOMIDA'!$E$11,2
CA,K91,=+I91/'Données SOMIDA'!$E$6,2
CA,M91,"=IFERROR(+N91/L91,0)",2
CA,B92,"=_xlfn.XLOOKUP(C92,'Données SOMIDA'!$C$18:$C$28,'Données SOMIDA'!$B$18:$B$28)",3
CA,C92,=+C83,1
CA,D92,=+D91,1
CA,E92,=+E83,1
CA,F92,"=IF(C92=""FP1"",'Données SOMIDA'!$N$83,VLOOKUP(E92,'Données SOMIDA'!$C$79:$N$85,12,FALSE))",4
CA,G92,=+F$11,1
CA,H92,"=IF(C92=""FP1 COUPE"",'Données SOMIDA'!$G$83,VLOOKUP(E92,'Données SOMIDA'!$C$79:$G$85,5,FALSE))",4
CA,I92,=+G92*H92,2
CA,J92,=+I92/'Données SOMIDA'!$E$11,2
CA,K92,=+I92/'Données SOMIDA'!$E$6,2
CA,M92,"=IFERROR(+N92/L92,0)",2
CA,B93,"=_xlfn.XLOOKUP(C93,'Données SOMIDA'!$C$18:$C$28,'Données SOMIDA'!$B$18:$B$28)",3
CA,C93,=+C84,1
CA,D93,=+D92,1
CA,E93,=+E84,1
CA,F93,"=IF(C93=""FP1"",'Données SOMIDA'!$N$83,VLOOKUP(E93,'Données SOMIDA'!$C$79:$N$85,12,FALSE))",4
CA,G93,=+F$12,1
CA,H93,"=IF(C93=""FP1 COUPE"",'Données SOMIDA'!$G$83,VLOOKUP(E93,'Données SOMIDA'!$C$79:$G$85,5,FALSE))",4
CA,I93,=+G93*H93,2
CA,J93,=+I93/'Données SOMIDA'!$E$11,2
CA,K93,=+I93/'Données SOMIDA'!$E$6,2
CA,M93,"=IFERROR(+N93/L93,0)",2
CA,B94,"=_xlfn.XLOOKUP(C94,'Données SOMIDA'!$C$18:$C$28,'Données SOMIDA'!$B$18:$B$28)",3
CA,C94,=+C85,1
CA,D94,=+D93,1
CA,E94,=+E85,1
CA,F94,"=IF(C94=""FP1"",'Données SOMIDA'!$N$83,VLOOKUP(E94,'Données SOMIDA'!$C$79:$N$85,12,FALSE))",4
CA,G94,=+F$14,1
CA,H94,"=IF(C94=""FP1 COUPE"",'Données SOMIDA'!$G$83,VLOOKUP(E94,'Données SOMIDA'!$C$79:$G$85,5,FALSE))",4
CA,I94,=+G94*H94,2
CA,J94,=+I94/'Données SOMIDA'!$E$11,2
CA,K94,=+I94/'Données SOMIDA'!$E$6,2
CA,M94,"=IFERROR(+N94/L94,0)",2
CA,B95,"=_xlfn.XLOOKUP(C95,'Données SOMIDA'!$C$18:$C$28,'Données SOMIDA'!$B$18:$B$28)",3
CA,C95,=+C86,1
CA,D95,=+G52,1
CA,E95,=+E86,1
CA,F95,"=IF(C95=""FP1"",'Données SOMIDA'!$N$83,VLOOKUP(E95,'Données SOMIDA'!$C$79:$N$85,12,FALSE))",4
CA,G95,=+G$4,1
CA,H95,"=IF(C95=""FP1 COUPE"",'Données SOMIDA'!$G$83,VLOOKUP(E95,'Données SOMIDA'!$C$79:$G$85,5,FALSE))",4
CA,I95,=+G95*H95,2
CA,J95,=+I95/'Données SOMIDA'!$E$11,2
CA,K95,=+I95/'Données SOMIDA'!$E$6,2
CA,M95,"=IFERROR(+N95/L95,0)",2
CA,B96,"=_xlfn.XLOOKUP(C96,'Données SOMIDA'!$C$18:$C$28,'Données SOMIDA'!$B$18:$B$28)",3
CA,C96,=+C87,1
CA,D96,=+D95,1
CA,E96,=+E87,1
CA,F96,"=IF(C96=""FP1"",'Données SOMIDA'!$N$83,VLOOKUP(E96,'Données SOMIDA'!$C$79:$N$85,12,FALSE))",4
CA,G96,=+G$5,1
CA,H96,"=IF(C96=""FP1 COUPE"",'Données SOMIDA'!$G$83,VLOOKUP(E96,'Données SOMIDA'!$C$79:$G$85,5,FALSE))",4
CA,I96,=+G96*H96,2
CA,J96,=+I96/'Données SOMIDA'!$E$11,2
CA,K96,=+I96/'Données SOMIDA'!$E$6,2
CA,M96,"=IFERROR(+N96/L96,0)",2
CA,B97,"=_xlfn.XLOOKUP(C97,'Données SOMIDA'!$C$18:$C$28,'Données SOMIDA'!$B$18:$B$28)",3
CA,C97,=+C88,1
CA,D97,=+D96,1
CA,E97,=+E88,1
CA,F97,"=IF(C97=""FP1"",'Données SOMIDA'!$N$83,VLOOKUP(E97,'Données SOMIDA'!$C$79:$N$85,12,FALSE))",4
CA,G97,=+G$6,1
CA,H97,"=IF(C97=""FP1 COUPE"",'Données SOMIDA'!$G$83,VLOOKUP(E97,'Données SOMIDA'!$C$79:$G$85,5,FALSE))",4
CA,I97,=+G97*H97,2
CA,J97,=+I97/'Données SOMIDA'!$E$11,2
CA,K97,=+I97/'Données SOMIDA'!$E$6,2
CA,M97,"=IFERROR(+N97/L97,0)",2
CA,B98,"=_xlfn.XLOOKUP(C98,'Données SOMIDA'!$C$18:$C$28,'Données SOMIDA'!$B$18:$B$28)",3
CA,C98,=+C89,1
CA,D98,=+D97,1
CA,E98,=+E89,1
CA,F98,"=IF(C98=""FP1"",'Données SOMIDA'!$N$83,VLOOKUP(E98,'Données SOMIDA'!$C$79:$N$85,12,FALSE))",4
CA,G98,=+G$7,1
CA,H98,"=IF(C98=""FP1 COUPE"",'Données SOMIDA'!$G$83,VLOOKUP(E98,'Données SOMIDA'!$C$79:$G$85,5,FALSE))",4
CA,I98,=+G98*H98,2
CA,J98,=+I98/'Données SOMIDA'!$E$11,2
CA,K98,=+I98/'Données SOMIDA'!$E$6,2
CA,M98,"=IFERROR(+N98/L98,0)",2
CA,B99,"=_xlfn.XLOOKUP(C99,'Données SOMIDA'!$C$18:$C$28,'Données SOMIDA'!$B$18:$B$28)",3
CA,C99,=+C90,1
CA,D99,=+D98,1
CA,E99,=+E90,1
CA,F99,"=IF(C99=""FP1"",'Données SOMIDA'!$N$83,VLOOKUP(E99,'Données SOMIDA'!$C$79:$N$85,12,FALSE))",4
CA,G99,=+G$9,1
CA,H99,"=IF(C99=""FP1 COUPE"",'Données SOMIDA'!$G$83,VLOOKUP(E99,'Données SOMIDA'!$C$79:$G$85,5,FALSE))",4
CA,I99,=+G99*H99,2
CA,J99,=+I99/'Données SOMIDA'!$E$11,2
CA,K99,=+I99/'Données SOMIDA'!$E$6,2
CA,M99,"=IFERROR(+N99/L99,0)",2
CA,B100,"=_xlfn.XLOOKUP(C100,'Données SOMIDA'!$C$18:$C$28,'Données SOMIDA'!$B$18:$B$28)",3
CA,C100,=+C91,1
CA,D100,=+D99,1
CA,E100,=+E91,1
CA,F100,"=IF(C100=""FP1"",'Données SOMIDA'!$N$83,VLOOKUP(E100,'Données SOMIDA'!$C$79:$N$85,12,FALSE))",4
CA,G100,=+G$10,1
CA,H100,"=IF(C100=""FP1 COUPE"",'Données SOMIDA'!$G$83,VLOOKUP(E100,'Données SOMIDA'!$C$79:$G$85,5,FALSE))",4
CA,I100,=+G100*H100,2
CA,J100,=+I100/'Données SOMIDA'!$E$11,2
CA,K100,=+I100/'Données SOMIDA'!$E$6,2
CA,M100,"=IFERROR(+N100/L100,0)",2
CA,B101,"=_xlfn.XLOOKUP(C101,'Données SOMIDA'!$C$18:$C$28,'Données SOMIDA'!$B$18:$B$28)",3
CA,C101,=+C92,1
CA,D101,=+D100,1
CA,E101,=+E92,1
CA,F101,"=IF(C101=""FP1"",'Données SOMIDA'!$N$83,VLOOKUP(E101,'Données SOMIDA'!$C$79:$N$85,12,FALSE))",4
CA,G101,=+G$11,1
CA,H101,"=IF(C101=""FP1 COUPE"",'Données SOMIDA'!$G$83,VLOOKUP(E101,'Données SOMIDA'!$C$79:$G$85,5,FALSE))",4
CA,I101,=+G101*H101,2
CA,J101,=+I101/'Données SOMIDA'!$E$11,2
CA,K101,=+I101/'Données SOMIDA'!$E$6,2
CA,M101,"=IFERROR(+N101/L101,0)",2
CA,B102,"=_xlfn.XLOOKUP(C102,'Données SOMIDA'!$C$18:$C$28,'Données SOMIDA'!$B$18:$B$28)",3
CA,C102,=+C93,1
CA,D102,=+D101,1
CA,E102,=+E93,1
CA,F102,"=IF(C102=""FP1"",'Données SOMIDA'!$N$83,VLOOKUP(E102,'Données SOMIDA'!$C$79:$N$85,12,FALSE))",4
CA,G102,=+G$12,1
CA,H102,"=IF(C102=""FP1 COUPE"",'Données SOMIDA'!$G$83,VLOOKUP(E102,'Données SOMIDA'!$C$79:$G$85,5,FALSE))",4
CA,I102,=+G102*H102,2
CA,J102,=+I102/'Données SOMIDA'!$E$11,2
CA,K102,=+I102/'Données SOMIDA'!$E$6,2
CA,M102,"=IFERROR(+N102/L102,0)",2
CA,B103,"=_xlfn.XLOOKUP(C103,'Données SOMIDA'!$C$18:$C$28,'Données SOMIDA'!$B$18:$B$28)",3
CA,C103,=+C94,1
CA,D103,=+D102,1
CA,E103,=+E94,1
CA,F103,"=IF(C103=""FP1"",'Données SOMIDA'!$N$83,VLOOKUP(E103,'Données SOMIDA'!$C$79:$N$85,12,FALSE))",4
CA,G103,=+G$14,1
CA,H103,"=IF(C103=""FP1 COUPE"",'Données SOMIDA'!$G$83,VLOOKUP(E103,'Données SOMIDA'!$C$79:$G$85,5,FALSE))",4
CA,I103,=+G103*H103,2
CA,J103,=+I103/'Données SOMIDA'!$E$11,2
CA,K103,=+I103/'Données SOMIDA'!$E$6,2
CA,M103,"=IFERROR(+N103/L103,0)",2
CA,B104,"=_xlfn.XLOOKUP(C104,'Données SOMIDA'!$C$18:$C$28,'Données SOMIDA'!$B$18:$B$28)",3
CA,C104,=+C95,1
CA,D104,=+H52,1
CA,E104,=+E95,1
CA,F104,"=IF(C104=""FP1"",'Données SOMIDA'!$N$83,VLOOKUP(E104,'Données SOMIDA'!$C$79:$N$85,12,FALSE))",4
CA,G104,=+H$4,1
CA,H104,"=IF(C104=""FP1 COUPE"",'Données SOMIDA'!$G$83,VLOOKUP(E104,'Données SOMIDA'!$C$79:$G$85,5,FALSE))",4
CA,I104,=+G104*H104,2
CA,J104,=+I104/'Données SOMIDA'!$E$11,2
CA,K104,=+I104/'Données SOMIDA'!$E$6,2
CA,M104,"=IFERROR(+N104/L104,0)",2
CA,B105,"=_xlfn.XLOOKUP(C105,'Données SOMIDA'!$C$18:$C$28,'Données SOMIDA'!$B$18:$B$28)",3
CA,C105,=+C96,1
CA,D105,=+D104,1
CA,E105,=+E96,1
CA,F105,"=IF(C105=""FP1"",'Données SOMIDA'!$N$83,VLOOKUP(E105,'Données SOMIDA'!$C$79:$N$85,12,FALSE))",4
CA,G105,=+H$5,1
CA,H105,"=IF(C105=""FP1 COUPE"",'Données SOMIDA'!$G$83,VLOOKUP(E105,'Données SOMIDA'!$C$79:$G$85,5,FALSE))",4
CA,I105,=+G105*H105,2
CA,J105,=+I105/'Données SOMIDA'!$E$11,2
CA,K105,=+I105/'Données SOMIDA'!$E$6,2
CA,M105,"=IFERROR(+N105/L105,0)",2
CA,B106,"=_xlfn.XLOOKUP(C106,'Données SOMIDA'!$C$18:$C$28,'Données SOMIDA'!$B$18:$B$28)",3
CA,C106,=+C97,1
CA,D106,=+D105,1
CA,E106,=+E97,1
CA,F106,"=IF(C106=""FP1"",'Données SOMIDA'!$N$83,VLOOKUP(E106,'Données SOMIDA'!$C$79:$N$85,12,FALSE))",4
CA,G106,=+H$6,1
CA,H106,"=IF(C106=""FP1 COUPE"",'Données SOMIDA'!$G$83,VLOOKUP(E106,'Données SOMIDA'!$C$79:$G$85,5,FALSE))",4
CA,I106,=+G106*H106,2
CA,J106,=+I106/'Données SOMIDA'!$E$11,2
CA,K106,=+I106/'Données SOMIDA'!$E$6,2
CA,M106,"=IFERROR(+N106/L106,0)",2
CA,B107,"=_xlfn.XLOOKUP(C107,'Données SOMIDA'!$C$18:$C$28,'Données SOMIDA'!$B$18:$B$28)",3
CA,C107,=+C98,1
CA,D107,=+D106,1
CA,E107,=+E98,1
CA,F107,"=IF(C107=""FP1"",'Données SOMIDA'!$N$83,VLOOKUP(E107,'Données SOMIDA'!$C$79:$N$85,12,FALSE))",4
CA,G107,=+H$7,1
CA,H107,"=IF(C107=""FP1 COUPE"",'Données SOMIDA'!$G$83,VLOOKUP(E107,'Données SOMIDA'!$C$79:$G$85,5,FALSE))",4
CA,I107,=+G107*H107,2
CA,J107,=+I107/'Données SOMIDA'!$E$11,2
CA,K107,=+I107/'Données SOMIDA'!$E$6,2
CA,M107,"=IFERROR(+N107/L107,0)",2
CA,B108,"=_xlfn.XLOOKUP(C108,'Données SOMIDA'!$C$18:$C$28,'Données SOMIDA'!$B$18:$B$28)",3
CA,C108,=+C99,1
CA,D108,=+D107,1
CA,E108,=+E99,1
CA,F108,"=IF(C108=""FP1"",'Données SOMIDA'!$N$83,VLOOKUP(E108,'Données SOMIDA'!$C$79:$N$85,12,FALSE))",4
CA,G108,=+H$9,1
CA,H108,"=IF(C108=""FP1 COUPE"",'Données SOMIDA'!$G$83,VLOOKUP(E108,'Données SOMIDA'!$C$79:$G$85,5,FALSE))",4
CA,I108,=+G108*H108,2
CA,J108,=+I108/'Données SOMIDA'!$E$11,2
CA,K108,=+I108/'Données SOMIDA'!$E$6,2
CA,M108,"=IFERROR(+N108/L108,0)",2
CA,B109,"=_xlfn.XLOOKUP(C109,'Données SOMIDA'!$C$18:$C$28,'Données SOMIDA'!$B$18:$B$28)",3
CA,C109,=+C100,1
CA,D109,=+D108,1
CA,E109,=+E100,1
CA,F109,"=IF(C109=""FP1"",'Données SOMIDA'!$N$83,VLOOKUP(E109,'Données SOMIDA'!$C$79:$N$85,12,FALSE))",4
CA,G109,=+H$10,1
CA,H109,"=IF(C109=""FP1 COUPE"",'Données SOMIDA'!$G$83,VLOOKUP(E109,'Données SOMIDA'!$C$79:$G$85,5,FALSE))",4
CA,I109,=+G109*H109,2
CA,J109,=+I109/'Données SOMIDA'!$E$11,2
CA,K109,=+I109/'Données SOMIDA'!$E$6,2
CA,M109,"=IFERROR(+N109/L109,0)",2
CA,B110,"=_xlfn.XLOOKUP(C110,'Données SOMIDA'!$C$18:$C$28,'Données SOMIDA'!$B$18:$B$28)",3
CA,C110,=+C101,1
CA,D110,=+D109,1
CA,E110,=+E101,1
CA,F110,"=IF(C110=""FP1"",'Données SOMIDA'!$N$83,VLOOKUP(E110,'Données SOMIDA'!$C$79:$N$85,12,FALSE))",4
CA,G110,=+H$11,1
CA,H110,"=IF(C110=""FP1 COUPE"",'Données SOMIDA'!$G$83,VLOOKUP(E110,'Données SOMIDA'!$C$79:$G$85,5,FALSE))",4
CA,I110,=+G110*H110,2
CA,J110,=+I110/'Données SOMIDA'!$E$11,2
CA,K110,=+I110/'Données SOMIDA'!$E$6,2
CA,M110,"=IFERROR(+N110/L110,0)",2
CA,B111,"=_xlfn.XLOOKUP(C111,'Données SOMIDA'!$C$18:$C$28,'Données SOMIDA'!$B$18:$B$28)",3
CA,C111,=+C102,1
CA,D111,=+D110,1
CA,E111,=+E102,1
CA,F111,"=IF(C111=""FP1"",'Données SOMIDA'!$N$83,VLOOKUP(E111,'Données SOMIDA'!$C$79:$N$85,12,FALSE))",4
CA,G111,=+H$12,1
CA,H111,"=IF(C111=""FP1 COUPE"",'Données SOMIDA'!$G$83,VLOOKUP(E111,'Données SOMIDA'!$C$79:$G$85,5,FALSE))",4
CA,I111,=+G111*H111,2
CA,J111,=+I111/'Données SOMIDA'!$E$11,2
CA,K111,=+I111/'Données SOMIDA'!$E$6,2
CA,M111,"=IFERROR(+N111/L111,0)",2
CA,B112,"=_xlfn.XLOOKUP(C112,'Données SOMIDA'!$C$18:$C$28,'Données SOMIDA'!$B$18:$B$28)",3
CA,C112,=+C103,1
CA,D112,=+D111,1
CA,E112,=+E103,1
CA,F112,"=IF(C112=""FP1"",'Données SOMIDA'!$N$83,VLOOKUP(E112,'Données SOMIDA'!$C$79:$N$85,12,FALSE))",4
CA,G112,=+H$14,1
CA,H112,"=IF(C112=""FP1 COUPE"",'Données SOMIDA'!$G$83,VLOOKUP(E112,'Données SOMIDA'!$C$79:$G$85,5,FALSE))",4
CA,I112,=+G112*H112,2
CA,J112,=+I112/'Données SOMIDA'!$E$11,2
CA,K112,=+I112/'Données SOMIDA'!$E$6,2
CA,M112,"=IFERROR(+N112/L112,0)",2
CA,B113,"=_xlfn.XLOOKUP(C113,'Données SOMIDA'!$C$18:$C$28,'Données SOMIDA'!$B$18:$B$28)",3
CA,C113,=+C104,1
CA,D113,=+I52,1
CA,E113,=+E104,1
CA,F113,"=IF(C113=""FP1"",'Données SOMIDA'!$N$83,VLOOKUP(E113,'Données SOMIDA'!$C$79:$N$85,12,FALSE))",4
CA,G113,=+I$4,1
CA,H113,"=IF(C113=""FP1 COUPE"",'Données SOMIDA'!$G$83,VLOOKUP(E113,'Données SOMIDA'!$C$79:$G$85,5,FALSE))",4
CA,I113,=+G113*H113,2
CA,J113,=+I113/'Données SOMIDA'!$E$11,2
CA,K113,=+I113/'Données SOMIDA'!$E$6,2
CA,M113,"=IFERROR(+N113/L113,0)",2
CA,B114,"=_xlfn.XLOOKUP(C114,'Données SOMIDA'!$C$18:$C$28,'Données SOMIDA'!$B$18:$B$28)",3
CA,C114,=+C105,1
CA,D114,=+D113,1
CA,E114,=+E105,1
CA,F114,"=IF(C114=""FP1"",'Données SOMIDA'!$N$83,VLOOKUP(E114,'Données SOMIDA'!$C$79:$N$85,12,FALSE))",4
CA,G114,=+I$5,1
CA,H114,"=IF(C114=""FP1 COUPE"",'Données SOMIDA'!$G$83,VLOOKUP(E114,'Données SOMIDA'!$C$79:$G$85,5,FALSE))",4
CA,I114,=+G114*H114,2
CA,J114,=+I114/'Données SOMIDA'!$E$11,2
CA,K114,=+I114/'Données SOMIDA'!$E$6,2
CA,B115,"=_xlfn.XLOOKUP(C115,'Données SOMIDA'!$C$18:$C$28,'Données SOMIDA'!$B$18:$B$28)",3
CA,C115,=+C106,1
CA,D115,=+D114,1
CA,E115,=+E106,1
CA,F115,"=IF(C115=""FP1"",'Données SOMIDA'!$N$83,VLOOKUP(E115,'Données SOMIDA'!$C$79:$N$85,12,FALSE))",4
CA,G115,=+I$6,1
CA,H115,"=IF(C115=""FP1 COUPE"",'Données SOMIDA'!$G$83,VLOOKUP(E115,'Données SOMIDA'!$C$79:$G$85,5,FALSE))",4
CA,I115,=+G115*H115,2
CA,J115,=+I115/'Données SOMIDA'!$E$11,2
CA,K115,=+I115/'Données SOMIDA'!$E$6,2
CA,B116,"=_xlfn.XLOOKUP(C116,'Données SOMIDA'!$C$18:$C$28,'Données SOMIDA'!$B$18:$B$28)",3
CA,C116,=+C107,1
CA,D116,=+D115,1
CA,E116,=+E107,1
CA,F116,"=IF(C116=""FP1"",'Données SOMIDA'!$N$83,VLOOKUP(E116,'Données SOMIDA'!$C$79:$N$85,12,FALSE))",4
CA,G116,=+I$7,1
CA,H116,"=IF(C116=""FP1 COUPE"",'Données SOMIDA'!$G$83,VLOOKUP(E116,'Données SOMIDA'!$C$79:$G$85,5,FALSE))",4
CA,I116,=+G116*H116,2
CA,J116,=+I116/'Données SOMIDA'!$E$11,2
CA,K116,=+I116/'Données SOMIDA'!$E$6,2
CA,B117,"=_xlfn.XLOOKUP(C117,'Données SOMIDA'!$C$18:$C$28,'Données SOMIDA'!$B$18:$B$28)",3
CA,C117,=+C108,1
CA,D117,=+D116,1
CA,E117,=+E108,1
CA,F117,"=IF(C117=""FP1"",'Données SOMIDA'!$N$83,VLOOKUP(E117,'Données SOMIDA'!$C$79:$N$85,12,FALSE))",4
CA,G117,=+I$9,1
CA,H117,"=IF(C117=""FP1 COUPE"",'Données SOMIDA'!$G$83,VLOOKUP(E117,'Données SOMIDA'!$C$79:$G$85,5,FALSE))",4
CA,I117,=+G117*H117,2
CA,J117,=+I117/'Données SOMIDA'!$E$11,2
CA,K117,=+I117/'Données SOMIDA'!$E$6,2
CA,B118,"=_xlfn.XLOOKUP(C118,'Données SOMIDA'!$C$18:$C$28,'Données SOMIDA'!$B$18:$B$28)",3
CA,C118,=+C109,1
CA,D118,=+D117,1
CA,E118,=+E109,1
CA,F118,"=IF(C118=""FP1"",'Données SOMIDA'!$N$83,VLOOKUP(E118,'Données SOMIDA'!$C$79:$N$85,12,FALSE))",4
CA,G118,=+I$10,1
CA,H118,"=IF(C118=""FP1 COUPE"",'Données SOMIDA'!$G$83,VLOOKUP(E118,'Données SOMIDA'!$C$79:$G$85,5,FALSE))",4
CA,I118,=+G118*H118,2
CA,J118,=+I118/'Données SOMIDA'!$E$11,2
CA,K118,=+I118/'Données SOMIDA'!$E$6,2
CA,B119,"=_xlfn.XLOOKUP(C119,'Données SOMIDA'!$C$18:$C$28,'Données SOMIDA'!$B$18:$B$28)",3
CA,C119,=+C110,1
CA,D119,=+D118,1
CA,E119,=+E110,1
CA,F119,"=IF(C119=""FP1"",'Données SOMIDA'!$N$83,VLOOKUP(E119,'Données SOMIDA'!$C$79:$N$85,12,FALSE))",4
CA,G119,=+I$11,1
CA,H119,"=IF(C119=""FP1 COUPE"",'Données SOMIDA'!$G$83,VLOOKUP(E119,'Données SOMIDA'!$C$79:$G$85,5,FALSE))",4
CA,I119,=+G119*H119,2
CA,J119,=+I119/'Données SOMIDA'!$E$11,2
CA,K119,=+I119/'Données SOMIDA'!$E$6,2
CA,B120,"=_xlfn.XLOOKUP(C120,'Données SOMIDA'!$C$18:$C$28,'Données SOMIDA'!$B$18:$B$28)",3
CA,C120,=+C111,1
CA,D120,=+D119,1
CA,E120,=+E111,1
CA,F120,"=IF(C120=""FP1"",'Données SOMIDA'!$N$83,VLOOKUP(E120,'Données SOMIDA'!$C$79:$N$85,12,FALSE))",4
CA,G120,=+I$12,1
CA,H120,"=IF(C120=""FP1 COUPE"",'Données SOMIDA'!$G$83,VLOOKUP(E120,'Données SOMIDA'!$C$79:$G$85,5,FALSE))",4
CA,I120,=+G120*H120,2
CA,J120,=+I120/'Données SOMIDA'!$E$11,2
CA,K120,=+I120/'Données SOMIDA'!$E$6,2
CA,B121,"=_xlfn.XLOOKUP(C121,'Données SOMIDA'!$C$18:$C$28,'Données SOMIDA'!$B$18:$B$28)",3
CA,C121,=+C112,1
CA,D121,=+D120,1
CA,E121,=+E112,1
CA,F121,"=IF(C121=""FP1"",'Données SOMIDA'!$N$83,VLOOKUP(E121,'Données SOMIDA'!$C$79:$N$85,12,FALSE))",4
CA,G121,=+I$14,1
CA,H121,"=IF(C121=""FP1 COUPE"",'Données SOMIDA'!$G$83,VLOOKUP(E121,'Données SOMIDA'!$C$79:$G$85,5,FALSE))",4
CA,I121,=+G121*H121,2
CA,J121,=+I121/'Données SOMIDA'!$E$11,2
CA,K121,=+I121/'Données SOMIDA'!$E$6,2
CA,B122,"=_xlfn.XLOOKUP(C122,'Données SOMIDA'!$C$18:$C$28,'Données SOMIDA'!$B$18:$B$28)",3
CA,C122,=+C113,1
CA,D122,=+J52,1
CA,E122,=+E113,1
CA,F122,"=IF(C122=""FP1"",'Données SOMIDA'!$N$83,VLOOKUP(E122,'Données SOMIDA'!$C$79:$N$85,12,FALSE))",4
CA,G122,=+J$4,1
CA,H122,"=IF(C122=""FP1 COUPE"",'Données SOMIDA'!$G$83,VLOOKUP(E122,'Données SOMIDA'!$C$79:$G$85,5,FALSE))",4
CA,I122,=+G122*H122,2
CA,J122,=+I122/'Données SOMIDA'!$E$11,2
CA,K122,=+I122/'Données SOMIDA'!$E$6,2
CA,B123,"=_xlfn.XLOOKUP(C123,'Données SOMIDA'!$C$18:$C$28,'Données SOMIDA'!$B$18:$B$28)",3
CA,C123,=+C114,1
CA,D123,=+D122,1
CA,E123,=+E114,1
CA,F123,"=IF(C123=""FP1"",'Données SOMIDA'!$N$83,VLOOKUP(E123,'Données SOMIDA'!$C$79:$N$85,12,FALSE))",4
CA,G123,=+J$5,1
CA,H123,"=IF(C123=""FP1 COUPE"",'Données SOMIDA'!$G$83,VLOOKUP(E123,'Données SOMIDA'!$C$79:$G$85,5,FALSE))",4
CA,I123,=+G123*H123,2
CA,J123,=+I123/'Données SOMIDA'!$E$11,2
CA,K123,=+I123/'Données SOMIDA'!$E$6,2
CA,B124,"=_xlfn.XLOOKUP(C124,'Données SOMIDA'!$C$18:$C$28,'Données SOMIDA'!$B$18:$B$28)",3
CA,C124,=+C115,1
CA,D124,=+D123,1
CA,E124,=+E115,1
CA,F124,"=IF(C124=""FP1"",'Données SOMIDA'!$N$83,VLOOKUP(E124,'Données SOMIDA'!$C$79:$N$85,12,FALSE))",4
CA,G124,=+J$6,1
CA,H124,"=IF(C124=""FP1 COUPE"",'Données SOMIDA'!$G$83,VLOOKUP(E124,'Données SOMIDA'!$C$79:$G$85,5,FALSE))",4
CA,I124,=+G124*H124,2
CA,J124,=+I124/'Données SOMIDA'!$E$11,2
CA,K124,=+I124/'Données SOMIDA'!$E$6,2
CA,B125,"=_xlfn.XLOOKUP(C125,'Données SOMIDA'!$C$18:$C$28,'Données SOMIDA'!$B$18:$B$28)",3
CA,C125,=+C116,1
CA,D125,=+D124,1
CA,E125,=+E116,1
CA,F125,"=IF(C125=""FP1"",'Données SOMIDA'!$N$83,VLOOKUP(E125,'Données SOMIDA'!$C$79:$N$85,12,FALSE))",4
CA,G125,=+J$7,1
CA,H125,"=IF(C125=""FP1 COUPE"",'Données SOMIDA'!$G$83,VLOOKUP(E125,'Données SOMIDA'!$C$79:$G$85,5,FALSE))",4
CA,I125,=+G125*H125,2
CA,J125,=+I125/'Données SOMIDA'!$E$11,2
CA,K125,=+I125/'Données SOMIDA'!$E$6,2
CA,B126,"=_xlfn.XLOOKUP(C126,'Données SOMIDA'!$C$18:$C$28,'Données SOMIDA'!$B$18:$B$28)",3
CA,C126,=+C117,1
CA,D126,=+D125,1
CA,E126,=+E117,1
CA,F126,"=IF(C126=""FP1"",'Données SOMIDA'!$N$83,VLOOKUP(E126,'Données SOMIDA'!$C$79:$N$85,12,FALSE))",4
CA,G126,=+J$9,1
CA,H126,"=IF(C126=""FP1 COUPE"",'Données SOMIDA'!$G$83,VLOOKUP(E126,'Données SOMIDA'!$C$79:$G$85,5,FALSE))",4
CA,I126,=+G126*H126,2
CA,J126,=+I126/'Données SOMIDA'!$E$11,2
CA,K126,=+I126/'Données SOMIDA'!$E$6,2
CA,B127,"=_xlfn.XLOOKUP(C127,'Données SOMIDA'!$C$18:$C$28,'Données SOMIDA'!$B$18:$B$28)",3
CA,C127,=+C118,1
CA,D127,=+D126,1
CA,E127,=+E118,1
CA,F127,"=IF(C127=""FP1"",'Données SOMIDA'!$N$83,VLOOKUP(E127,'Données SOMIDA'!$C$79:$N$85,12,FALSE))",4
CA,G127,=+J$10,1
CA,H127,"=IF(C127=""FP1 COUPE"",'Données SOMIDA'!$G$83,VLOOKUP(E127,'Données SOMIDA'!$C$79:$G$85,5,FALSE))",4
CA,I127,=+G127*H127,2
CA,J127,=+I127/'Données SOMIDA'!$E$11,2
CA,K127,=+I127/'Données SOMIDA'!$E$6,2
CA,B128,"=_xlfn.XLOOKUP(C128,'Données SOMIDA'!$C$18:$C$28,'Données SOMIDA'!$B$18:$B$28)",3
CA,C128,=+C119,1
CA,D128,=+D127,1
CA,E128,=+E119,1
CA,F128,"=IF(C128=""FP1"",'Données SOMIDA'!$N$83,VLOOKUP(E128,'Données SOMIDA'!$C$79:$N$85,12,FALSE))",4
CA,G128,=+J$11,1
CA,H128,"=IF(C128=""FP1 COUPE"",'Données SOMIDA'!$G$83,VLOOKUP(E128,'Données SOMIDA'!$C$79:$G$85,5,FALSE))",4
CA,I128,=+G128*H128,2
CA,J128,=+I128/'Données SOMIDA'!$E$11,2
CA,K128,=+I128/'Données SOMIDA'!$E$6,2
CA,B129,"=_xlfn.XLOOKUP(C129,'Données SOMIDA'!$C$18:$C$28,'Données SOMIDA'!$B$18:$B$28)",3
CA,C129,=+C120,1
CA,D129,=+D128,1
CA,E129,=+E120,1
CA,F129,"=IF(C129=""FP1"",'Données SOMIDA'!$N$83,VLOOKUP(E129,'Données SOMIDA'!$C$79:$N$85,12,FALSE))",4
CA,G129,=+J$12,1
CA,H129,"=IF(C129=""FP1 COUPE"",'Données SOMIDA'!$G$83,VLOOKUP(E129,'Données SOMIDA'!$C$79:$G$85,5,FALSE))",4
CA,I129,=+G129*H129,2
CA,J129,=+I129/'Données SOMIDA'!$E$11,2
CA,K129,=+I129/'Données SOMIDA'!$E$6,2
CA,B130,"=_xlfn.XLOOKUP(C130,'Données SOMIDA'!$C$18:$C$28,'Données SOMIDA'!$B$18:$B$28)",3
CA,C130,=+C121,1
CA,D130,=+D129,1
CA,E130,=+E121,1
CA,F130,"=IF(C130=""FP1"",'Données SOMIDA'!$N$83,VLOOKUP(E130,'Données SOMIDA'!$C$79:$N$85,12,FALSE))",4
CA,G130,=+J$14,1
CA,H130,"=IF(C130=""FP1 COUPE"",'Données SOMIDA'!$G$83,VLOOKUP(E130,'Données SOMIDA'!$C$79:$G$85,5,FALSE))",4
CA,I130,=+G130*H130,2
CA,J130,=+I130/'Données SOMIDA'!$E$11,2
CA,K130,=+I130/'Données SOMIDA'!$E$6,2
CA,B131,"=_xlfn.XLOOKUP(C131,'Données SOMIDA'!$C$18:$C$28,'Données SOMIDA'!$B$18:$B$28)",3
CA,C131,=+C122,1
CA,D131,=+K52,1
CA,E131,=+E122,1
CA,F131,"=IF(C131=""FP1"",'Données SOMIDA'!$N$83,VLOOKUP(E131,'Données SOMIDA'!$C$79:$N$85,12,FALSE))",4
CA,G131,=+K$4,1
CA,H131,"=IF(C131=""FP1 COUPE"",'Données SOMIDA'!$G$83,VLOOKUP(E131,'Données SOMIDA'!$C$79:$G$85,5,FALSE))",4
CA,I131,=+G131*H131,2
CA,J131,=+I131/'Données SOMIDA'!$E$11,2
CA,K131,=+I131/'Données SOMIDA'!$E$6,2
CA,B132,"=_xlfn.XLOOKUP(C132,'Données SOMIDA'!$C$18:$C$28,'Données SOMIDA'!$B$18:$B$28)",3
CA,C132,=+C123,1
CA,D132,=+D131,1
CA,E132,=+E123,1
CA,F132,"=IF(C132=""FP1"",'Données SOMIDA'!$N$83,VLOOKUP(E132,'Données SOMIDA'!$C$79:$N$85,12,FALSE))",4
CA,G132,=+K$5,1
CA,H132,"=IF(C132=""FP1 COUPE"",'Données SOMIDA'!$G$83,VLOOKUP(E132,'Données SOMIDA'!$C$79:$G$85,5,FALSE))",4
CA,I132,=+G132*H132,2
CA,J132,=+I132/'Données SOMIDA'!$E$11,2
CA,K132,=+I132/'Données SOMIDA'!$E$6,2
CA,B133,"=_xlfn.XLOOKUP(C133,'Données SOMIDA'!$C$18:$C$28,'Données SOMIDA'!$B$18:$B$28)",3
CA,C133,=+C124,1
CA,D133,=+D132,1
CA,E133,=+E124,1
CA,F133,"=IF(C133=""FP1"",'Données SOMIDA'!$N$83,VLOOKUP(E133,'Données SOMIDA'!$C$79:$N$85,12,FALSE))",4
CA,G133,=+K$6,1
CA,H133,"=IF(C133=""FP1 COUPE"",'Données SOMIDA'!$G$83,VLOOKUP(E133,'Données SOMIDA'!$C$79:$G$85,5,FALSE))",4
CA,I133,=+G133*H133,2
CA,J133,=+I133/'Données SOMIDA'!$E$11,2
CA,K133,=+I133/'Données SOMIDA'!$E$6,2
CA,B134,"=_xlfn.XLOOKUP(C134,'Données SOMIDA'!$C$18:$C$28,'Données SOMIDA'!$B$18:$B$28)",3
CA,C134,=+C125,1
CA,D134,=+D133,1
CA,E134,=+E125,1
CA,F134,"=IF(C134=""FP1"",'Données SOMIDA'!$N$83,VLOOKUP(E134,'Données SOMIDA'!$C$79:$N$85,12,FALSE))",4
CA,G134,=+K$7,1
CA,H134,"=IF(C134=""FP1 COUPE"",'Données SOMIDA'!$G$83,VLOOKUP(E134,'Données SOMIDA'!$C$79:$G$85,5,FALSE))",4
CA,I134,=+G134*H134,2
CA,J134,=+I134/'Données SOMIDA'!$E$11,2
CA,K134,=+I134/'Données SOMIDA'!$E$6,2
CA,B135,"=_xlfn.XLOOKUP(C135,'Données SOMIDA'!$C$18:$C$28,'Données SOMIDA'!$B$18:$B$28)",3
CA,C135,=+C126,1
CA,D135,=+D134,1
CA,E135,=+E126,1
CA,F135,"=IF(C135=""FP1"",'Données SOMIDA'!$N$83,VLOOKUP(E135,'Données SOMIDA'!$C$79:$N$85,12,FALSE))",4
CA,G135,=+K$9,1
CA,H135,"=IF(C135=""FP1 COUPE"",'Données SOMIDA'!$G$83,VLOOKUP(E135,'Données SOMIDA'!$C$79:$G$85,5,FALSE))",4
CA,I135,=+G135*H135,2
CA,J135,=+I135/'Données SOMIDA'!$E$11,2
CA,K135,=+I135/'Données SOMIDA'!$E$6,2
CA,B136,"=_xlfn.XLOOKUP(C136,'Données SOMIDA'!$C$18:$C$28,'Données SOMIDA'!$B$18:$B$28)",3
CA,C136,=+C127,1
CA,D136,=+D135,1
CA,E136,=+E127,1
CA,F136,"=IF(C136=""FP1"",'Données SOMIDA'!$N$83,VLOOKUP(E136,'Données SOMIDA'!$C$79:$N$85,12,FALSE))",4
CA,G136,=+K$10,1
CA,H136,"=IF(C136=""FP1 COUPE"",'Données SOMIDA'!$G$83,VLOOKUP(E136,'Données SOMIDA'!$C$79:$G$85,5,FALSE))",4
CA,I136,=+G136*H136,2
CA,J136,=+I136/'Données SOMIDA'!$E$11,2
CA,K136,=+I136/'Données SOMIDA'!$E$6,2
CA,B137,"=_xlfn.XLOOKUP(C137,'Données SOMIDA'!$C$18:$C$28,'Données SOMIDA'!$B$18:$B$28)",3
CA,C137,=+C128,1
CA,D137,=+D136,1
CA,E137,=+E128,1
CA,F137,"=IF(C137=""FP1"",'Données SOMIDA'!$N$83,VLOOKUP(E137,'Données SOMIDA'!$C$79:$N$85,12,FALSE))",4
CA,G137,=+K$11,1
CA,H137,"=IF(C137=""FP1 COUPE"",'Données SOMIDA'!$G$83,VLOOKUP(E137,'Données SOMIDA'!$C$79:$G$85,5,FALSE))",4
CA,I137,=+G137*H137,2
CA,J137,=+I137/'Données SOMIDA'!$E$11,2
CA,K137,=+I137/'Données SOMIDA'!$E$6,2
CA,B138,"=_xlfn.XLOOKUP(C138,'Données SOMIDA'!$C$18:$C$28,'Données SOMIDA'!$B$18:$B$28)",3
CA,C138,=+C129,1
CA,D138,=+D137,1
CA,E138,=+E129,1
CA,F138,"=IF(C138=""FP1"",'Données SOMIDA'!$N$83,VLOOKUP(E138,'Données SOMIDA'!$C$79:$N$85,12,FALSE))",4
CA,G138,=+K$12,1
CA,H138,"=IF(C138=""FP1 COUPE"",'Données SOMIDA'!$G$83,VLOOKUP(E138,'Données SOMIDA'!$C$79:$G$85,5,FALSE))",4
CA,I138,=+G138*H138,2
CA,J138,=+I138/'Données SOMIDA'!$E$11,2
CA,K138,=+I138/'Données SOMIDA'!$E$6,2
CA,B139,"=_xlfn.XLOOKUP(C139,'Données SOMIDA'!$C$18:$C$28,'Données SOMIDA'!$B$18:$B$28)",3
CA,C139,=+C130,1
CA,D139,=+D138,1
CA,E139,=+E130,1
CA,F139,"=IF(C139=""FP1"",'Données SOMIDA'!$N$83,VLOOKUP(E139,'Données SOMIDA'!$C$79:$N$85,12,FALSE))",4
CA,G139,=+K$14,1
CA,H139,"=IF(C139=""FP1 COUPE"",'Données SOMIDA'!$G$83,VLOOKUP(E139,'Données SOMIDA'!$C$79:$G$85,5,FALSE))",4
CA,I139,=+G139*H139,2
CA,J139,=+I139/'Données SOMIDA'!$E$11,2
CA,K139,=+I139/'Données SOMIDA'!$E$6,2
CA,B140,"=_xlfn.XLOOKUP(C140,'Données SOMIDA'!$C$18:$C$28,'Données SOMIDA'!$B$18:$B$28)",3
CA,C140,=+C131,1
CA,D140,=+L52,1
CA,E140,=+E131,1
CA,F140,"=IF(C140=""FP1"",'Données SOMIDA'!$N$83,VLOOKUP(E140,'Données SOMIDA'!$C$79:$N$85,12,FALSE))",4
CA,G140,=+L$4,1
CA,H140,"=IF(C140=""FP1 COUPE"",'Données SOMIDA'!$G$83,VLOOKUP(E140,'Données SOMIDA'!$C$79:$G$85,5,FALSE))",4
CA,I140,=+G140*H140,2
CA,J140,=+I140/'Données SOMIDA'!$E$11,2
CA,K140,=+I140/'Données SOMIDA'!$E$6,2
CA,B141,"=_xlfn.XLOOKUP(C141,'Données SOMIDA'!$C$18:$C$28,'Données SOMIDA'!$B$18:$B$28)",3
CA,C141,=+C132,1
CA,D141,=+D140,1
CA,E141,=+E132,1
CA,F141,"=IF(C141=""FP1"",'Données SOMIDA'!$N$83,VLOOKUP(E141,'Données SOMIDA'!$C$79:$N$85,12,FALSE))",4
CA,G141,=+L$5,1
CA,H141,"=IF(C141=""FP1 COUPE"",'Données SOMIDA'!$G$83,VLOOKUP(E141,'Données SOMIDA'!$C$79:$G$85,5,FALSE))",4
CA,I141,=+G141*H141,2
CA,J141,=+I141/'Données SOMIDA'!$E$11,2
CA,K141,=+I141/'Données SOMIDA'!$E$6,2
CA,B142,"=_xlfn.XLOOKUP(C142,'Données SOMIDA'!$C$18:$C$28,'Données SOMIDA'!$B$18:$B$28)",3
CA,C142,=+C133,1
CA,D142,=+D141,1
CA,E142,=+E133,1
CA,F142,"=IF(C142=""FP1"",'Données SOMIDA'!$N$83,VLOOKUP(E142,'Données SOMIDA'!$C$79:$N$85,12,FALSE))",4
CA,G142,=+L$6,1
CA,H142,"=IF(C142=""FP1 COUPE"",'Données SOMIDA'!$G$83,VLOOKUP(E142,'Données SOMIDA'!$C$79:$G$85,5,FALSE))",4
CA,I142,=+G142*H142,2
CA,J142,=+I142/'Données SOMIDA'!$E$11,2
CA,K142,=+I142/'Données SOMIDA'!$E$6,2
CA,B143,"=_xlfn.XLOOKUP(C143,'Données SOMIDA'!$C$18:$C$28,'Données SOMIDA'!$B$18:$B$28)",3
CA,C143,=+C134,1
CA,D143,=+D142,1
CA,E143,=+E134,1
CA,F143,"=IF(C143=""FP1"",'Données SOMIDA'!$N$83,VLOOKUP(E143,'Données SOMIDA'!$C$79:$N$85,12,FALSE))",4
CA,G143,=+L$7,1
CA,H143,"=IF(C143=""FP1 COUPE"",'Données SOMIDA'!$G$83,VLOOKUP(E143,'Données SOMIDA'!$C$79:$G$85,5,FALSE))",4
CA,I143,=+G143*H143,2
CA,J143,=+I143/'Données SOMIDA'!$E$11,2
CA,K143,=+I143/'Données SOMIDA'!$E$6,2
CA,B144,"=_xlfn.XLOOKUP(C144,'Données SOMIDA'!$C$18:$C$28,'Données SOMIDA'!$B$18:$B$28)",3
CA,C144,=+C135,1
CA,D144,=+D143,1
CA,E144,=+E135,1
CA,F144,"=IF(C144=""FP1"",'Données SOMIDA'!$N$83,VLOOKUP(E144,'Données SOMIDA'!$C$79:$N$85,12,FALSE))",4
CA,G144,=+L$9,1
CA,H144,"=IF(C144=""FP1 COUPE"",'Données SOMIDA'!$G$83,VLOOKUP(E144,'Données SOMIDA'!$C$79:$G$85,5,FALSE))",4
CA,I144,=+G144*H144,2
CA,J144,=+I144/'Données SOMIDA'!$E$11,2
CA,K144,=+I144/'Données SOMIDA'!$E$6,2
CA,B145,"=_xlfn.XLOOKUP(C145,'Données SOMIDA'!$C$18:$C$28,'Données SOMIDA'!$B$18:$B$28)",3
CA,C145,=+C136,1
CA,D145,=+D144,1
CA,E145,=+E136,1
CA,F145,"=IF(C145=""FP1"",'Données SOMIDA'!$N$83,VLOOKUP(E145,'Données SOMIDA'!$C$79:$N$85,12,FALSE))",4
CA,G145,=+L$10,1
CA,H145,"=IF(C145=""FP1 COUPE"",'Données SOMIDA'!$G$83,VLOOKUP(E145,'Données SOMIDA'!$C$79:$G$85,5,FALSE))",4
CA,I145,=+G145*H145,2
CA,J145,=+I145/'Données SOMIDA'!$E$11,2
CA,K145,=+I145/'Données SOMIDA'!$E$6,2
CA,B146,"=_xlfn.XLOOKUP(C146,'Données SOMIDA'!$C$18:$C$28,'Données SOMIDA'!$B$18:$B$28)",3
CA,C146,=+C137,1
CA,D146,=+D145,1
CA,E146,=+E137,1
CA,F146,"=IF(C146=""FP1"",'Données SOMIDA'!$N$83,VLOOKUP(E146,'Données SOMIDA'!$C$79:$N$85,12,FALSE))",4
CA,G146,=+L$11,1
CA,H146,"=IF(C146=""FP1 COUPE"",'Données SOMIDA'!$G$83,VLOOKUP(E146,'Données SOMIDA'!$C$79:$G$85,5,FALSE))",4
CA,I146,=+G146*H146,2
CA,J146,=+I146/'Données SOMIDA'!$E$11,2
CA,K146,=+I146/'Données SOMIDA'!$E$6,2
CA,B147,"=_xlfn.XLOOKUP(C147,'Données SOMIDA'!$C$18:$C$28,'Données SOMIDA'!$B$18:$B$28)",3
CA,C147,=+C138,1
CA,D147,=+D146,1
CA,E147,=+E138,1
CA,F147,"=IF(C147=""FP1"",'Données SOMIDA'!$N$83,VLOOKUP(E147,'Données SOMIDA'!$C$79:$N$85,12,FALSE))",4
CA,G147,=+L$12,1
CA,H147,"=IF(C147=""FP1 COUPE"",'Données SOMIDA'!$G$83,VLOOKUP(E147,'Données SOMIDA'!$C$79:$G$85,5,FALSE))",4
CA,I147,=+G147*H147,2
CA,J147,=+I147/'Données SOMIDA'!$E$11,2
CA,K147,=+I147/'Données SOMIDA'!$E$6,2
CA,B148,"=_xlfn.XLOOKUP(C148,'Données SOMIDA'!$C$18:$C$28,'Données SOMIDA'!$B$18:$B$28)",3
CA,C148,=+C139,1
CA,D148,=+D147,1
CA,E148,=+E139,1
CA,F148,"=IF(C148=""FP1"",'Données SOMIDA'!$N$83,VLOOKUP(E148,'Données SOMIDA'!$C$79:$N$85,12,FALSE))",4
CA,G148,=+L$14,1
CA,H148,"=IF(C148=""FP1 COUPE"",'Données SOMIDA'!$G$83,VLOOKUP(E148,'Données SOMIDA'!$C$79:$G$85,5,FALSE))",4
CA,I148,=+G148*H148,2
CA,J148,=+I148/'Données SOMIDA'!$E$11,2
CA,K148,=+I148/'Données SOMIDA'!$E$6,2
CA,B149,"=_xlfn.XLOOKUP(C149,'Données SOMIDA'!$C$18:$C$28,'Données SOMIDA'!$B$18:$B$28)",3
CA,C149,=+C140,1
CA,D149,=+M52,1
CA,E149,=+E140,1
CA,F149,"=IF(C149=""FP1"",'Données SOMIDA'!$N$83,VLOOKUP(E149,'Données SOMIDA'!$C$79:$N$85,12,FALSE))",4
CA,G149,=+M$4,1
CA,H149,"=IF(C149=""FP1 COUPE"",'Données SOMIDA'!$G$83,VLOOKUP(E149,'Données SOMIDA'!$C$79:$G$85,5,FALSE))",4
CA,I149,=+G149*H149,2
CA,J149,=+I149/'Données SOMIDA'!$E$11,2
CA,K149,=+I149/'Données SOMIDA'!$E$6,2
CA,B150,"=_xlfn.XLOOKUP(C150,'Données SOMIDA'!$C$18:$C$28,'Données SOMIDA'!$B$18:$B$28)",3
CA,C150,=+C141,1
CA,D150,=+D149,1
CA,E150,=+E141,1
CA,F150,"=IF(C150=""FP1"",'Données SOMIDA'!$N$83,VLOOKUP(E150,'Données SOMIDA'!$C$79:$N$85,12,FALSE))",4
CA,G150,=+M$5,1
CA,H150,"=IF(C150=""FP1 COUPE"",'Données SOMIDA'!$G$83,VLOOKUP(E150,'Données SOMIDA'!$C$79:$G$85,5,FALSE))",4
CA,I150,=+G150*H150,2
CA,J150,=+I150/'Données SOMIDA'!$E$11,2
CA,K150,=+I150/'Données SOMIDA'!$E$6,2
CA,B151,"=_xlfn.XLOOKUP(C151,'Données SOMIDA'!$C$18:$C$28,'Données SOMIDA'!$B$18:$B$28)",3
CA,C151,=+C142,1
CA,D151,=+D150,1
CA,E151,=+E142,1
CA,F151,"=IF(C151=""FP1"",'Données SOMIDA'!$N$83,VLOOKUP(E151,'Données SOMIDA'!$C$79:$N$85,12,FALSE))",4
CA,G151,=+M$6,1
CA,H151,"=IF(C151=""FP1 COUPE"",'Données SOMIDA'!$G$83,VLOOKUP(E151,'Données SOMIDA'!$C$79:$G$85,5,FALSE))",4
CA,I151,=+G151*H151,2
CA,J151,=+I151/'Données SOMIDA'!$E$11,2
CA,K151,=+I151/'Données SOMIDA'!$E$6,2
CA,B152,"=_xlfn.XLOOKUP(C152,'Données SOMIDA'!$C$18:$C$28,'Données SOMIDA'!$B$18:$B$28)",3
CA,C152,=+C143,1
CA,D152,=+D151,1
CA,E152,=+E143,1
CA,F152,"=IF(C152=""FP1"",'Données SOMIDA'!$N$83,VLOOKUP(E152,'Données SOMIDA'!$C$79:$N$85,12,FALSE))",4
CA,G152,=+M$7,1
CA,H152,"=IF(C152=""FP1 COUPE"",'Données SOMIDA'!$G$83,VLOOKUP(E152,'Données SOMIDA'!$C$79:$G$85,5,FALSE))",4
CA,I152,=+G152*H152,2
CA,J152,=+I152/'Données SOMIDA'!$E$11,2
CA,K152,=+I152/'Données SOMIDA'!$E$6,2
CA,B153,"=_xlfn.XLOOKUP(C153,'Données SOMIDA'!$C$18:$C$28,'Données SOMIDA'!$B$18:$B$28)",3
CA,C153,=+C144,1
CA,D153,=+D152,1
CA,E153,=+E144,1
CA,F153,"=IF(C153=""FP1"",'Données SOMIDA'!$N$83,VLOOKUP(E153,'Données SOMIDA'!$C$79:$N$85,12,FALSE))",4
CA,G153,=+M$9,1
CA,H153,"=IF(C153=""FP1 COUPE"",'Données SOMIDA'!$G$83,VLOOKUP(E153,'Données SOMIDA'!$C$79:$G$85,5,FALSE))",4
CA,I153,=+G153*H153,2
CA,J153,=+I153/'Données SOMIDA'!$E$11,2
CA,K153,=+I153/'Données SOMIDA'!$E$6,2
CA,B154,"=_xlfn.XLOOKUP(C154,'Données SOMIDA'!$C$18:$C$28,'Données SOMIDA'!$B$18:$B$28)",3
CA,C154,=+C145,1
CA,D154,=+D153,1
CA,E154,=+E145,1
CA,F154,"=IF(C154=""FP1"",'Données SOMIDA'!$N$83,VLOOKUP(E154,'Données SOMIDA'!$C$79:$N$85,12,FALSE))",4
CA,G154,=+M$10,1
CA,H154,"=IF(C154=""FP1 COUPE"",'Données SOMIDA'!$G$83,VLOOKUP(E154,'Données SOMIDA'!$C$79:$G$85,5,FALSE))",4
CA,I154,=+G154*H154,2
CA,J154,=+I154/'Données SOMIDA'!$E$11,2
CA,K154,=+I154/'Données SOMIDA'!$E$6,2
CA,B155,"=_xlfn.XLOOKUP(C155,'Données SOMIDA'!$C$18:$C$28,'Données SOMIDA'!$B$18:$B$28)",3
CA,C155,=+C146,1
CA,D155,=+D154,1
CA,E155,=+E146,1
CA,F155,"=IF(C155=""FP1"",'Données SOMIDA'!$N$83,VLOOKUP(E155,'Données SOMIDA'!$C$79:$N$85,12,FALSE))",4
CA,G155,=+M$11,1
CA,H155,"=IF(C155=""FP1 COUPE"",'Données SOMIDA'!$G$83,VLOOKUP(E155,'Données SOMIDA'!$C$79:$G$85,5,FALSE))",4
CA,I155,=+G155*H155,2
CA,J155,=+I155/'Données SOMIDA'!$E$11,2
CA,K155,=+I155/'Données SOMIDA'!$E$6,2
CA,B156,"=_xlfn.XLOOKUP(C156,'Données SOMIDA'!$C$18:$C$28,'Données SOMIDA'!$B$18:$B$28)",3
CA,C156,=+C147,1
CA,D156,=+D155,1
CA,E156,=+E147,1
CA,F156,"=IF(C156=""FP1"",'Données SOMIDA'!$N$83,VLOOKUP(E156,'Données SOMIDA'!$C$79:$N$85,12,FALSE))",4
CA,G156,=+M$12,1
CA,H156,"=IF(C156=""FP1 COUPE"",'Données SOMIDA'!$G$83,VLOOKUP(E156,'Données SOMIDA'!$C$79:$G$85,5,FALSE))",4
CA,I156,=+G156*H156,2
CA,J156,=+I156/'Données SOMIDA'!$E$11,2
CA,K156,=+I156/'Données SOMIDA'!$E$6,2
CA,B157,"=_xlfn.XLOOKUP(C157,'Données SOMIDA'!$C$18:$C$28,'Données SOMIDA'!$B$18:$B$28)",3
CA,C157,=+C148,1
CA,D157,=+D156,1
CA,E157,=+E148,1
CA,F157,"=IF(C157=""FP1"",'Données SOMIDA'!$N$83,VLOOKUP(E157,'Données SOMIDA'!$C$79:$N$85,12,FALSE))",4
CA,G157,=+M$14,1
CA,H157,"=IF(C157=""FP1 COUPE"",'Données SOMIDA'!$G$83,VLOOKUP(E157,'Données SOMIDA'!$C$79:$G$85,5,FALSE))",4
CA,I157,=+G157*H157,2
CA,J157,=+I157/'Données SOMIDA'!$E$11,2
CA,K157,=+I157/'Données SOMIDA'!$E$6,2
CA,B158,"=_xlfn.XLOOKUP(C158,'Données SOMIDA'!$C$18:$C$28,'Données SOMIDA'!$B$18:$B$28)",3
CA,C158,=+C149,1
CA,D158,=+N52,1
CA,E158,=+E149,1
CA,F158,"=IF(C158=""FP1"",'Données SOMIDA'!$N$83,VLOOKUP(E158,'Données SOMIDA'!$C$79:$N$85,12,FALSE))",4
CA,G158,=+N$4,1
CA,H158,"=IF(C158=""FP1 COUPE"",'Données SOMIDA'!$G$83,VLOOKUP(E158,'Données SOMIDA'!$C$79:$G$85,5,FALSE))",4
CA,I158,=+G158*H158,2
CA,J158,=+I158/'Données SOMIDA'!$E$11,2
CA,K158,=+I158/'Données SOMIDA'!$E$6,2
CA,B159,"=_xlfn.XLOOKUP(C159,'Données SOMIDA'!$C$18:$C$28,'Données SOMIDA'!$B$18:$B$28)",3
CA,C159,=+C150,1
CA,D159,=+D158,1
CA,E159,=+E150,1
CA,F159,"=IF(C159=""FP1"",'Données SOMIDA'!$N$83,VLOOKUP(E159,'Données SOMIDA'!$C$79:$N$85,12,FALSE))",4
CA,G159,=+N$5,1
CA,H159,"=IF(C159=""FP1 COUPE"",'Données SOMIDA'!$G$83,VLOOKUP(E159,'Données SOMIDA'!$C$79:$G$85,5,FALSE))",4
CA,I159,=+G159*H159,2
CA,J159,=+I159/'Données SOMIDA'!$E$11,2
CA,K159,=+I159/'Données SOMIDA'!$E$6,2
CA,B160,"=_xlfn.XLOOKUP(C160,'Données SOMIDA'!$C$18:$C$28,'Données SOMIDA'!$B$18:$B$28)",3
CA,C160,=+C151,1
CA,D160,=+D159,1
CA,E160,=+E151,1
CA,F160,"=IF(C160=""FP1"",'Données SOMIDA'!$N$83,VLOOKUP(E160,'Données SOMIDA'!$C$79:$N$85,12,FALSE))",4
CA,G160,=+N$6,1
CA,H160,"=IF(C160=""FP1 COUPE"",'Données SOMIDA'!$G$83,VLOOKUP(E160,'Données SOMIDA'!$C$79:$G$85,5,FALSE))",4
CA,I160,=+G160*H160,2
CA,J160,=+I160/'Données SOMIDA'!$E$11,2
CA,K160,=+I160/'Données SOMIDA'!$E$6,2
CA,B161,"=_xlfn.XLOOKUP(C161,'Données SOMIDA'!$C$18:$C$28,'Données SOMIDA'!$B$18:$B$28)",3
CA,C161,=+C152,1
CA,D161,=+D160,1
CA,E161,=+E152,1
CA,F161,"=IF(C161=""FP1"",'Données SOMIDA'!$N$83,VLOOKUP(E161,'Données SOMIDA'!$C$79:$N$85,12,FALSE))",4
CA,G161,=+N$7,1
CA,H161,"=IF(C161=""FP1 COUPE"",'Données SOMIDA'!$G$83,VLOOKUP(E161,'Données SOMIDA'!$C$79:$G$85,5,FALSE))",4
CA,I161,=+G161*H161,2
CA,J161,=+I161/'Données SOMIDA'!$E$11,2
CA,K161,=+I161/'Données SOMIDA'!$E$6,2
CA,B162,"=_xlfn.XLOOKUP(C162,'Données SOMIDA'!$C$18:$C$28,'Données SOMIDA'!$B$18:$B$28)",3
CA,C162,=+C153,1
CA,D162,=+D161,1
CA,E162,=+E153,1
CA,F162,"=IF(C162=""FP1"",'Données SOMIDA'!$N$83,VLOOKUP(E162,'Données SOMIDA'!$C$79:$N$85,12,FALSE))",4
CA,G162,=+N$9,1
CA,H162,"=IF(C162=""FP1 COUPE"",'Données SOMIDA'!$G$83,VLOOKUP(E162,'Données SOMIDA'!$C$79:$G$85,5,FALSE))",4
CA,I162,=+G162*H162,2
CA,J162,=+I162/'Données SOMIDA'!$E$11,2
CA,K162,=+I162/'Données SOMIDA'!$E$6,2
CA,B163,"=_xlfn.XLOOKUP(C163,'Données SOMIDA'!$C$18:$C$28,'Données SOMIDA'!$B$18:$B$28)",3
CA,C163,=+C154,1
CA,D163,=+D162,1
CA,E163,=+E154,1
CA,F163,"=IF(C163=""FP1"",'Données SOMIDA'!$N$83,VLOOKUP(E163,'Données SOMIDA'!$C$79:$N$85,12,FALSE))",4
CA,G163,=+N$10,1
CA,H163,"=IF(C163=""FP1 COUPE"",'Données SOMIDA'!$G$83,VLOOKUP(E163,'Données SOMIDA'!$C$79:$G$85,5,FALSE))",4
CA,I163,=+G163*H163,2
CA,J163,=+I163/'Données SOMIDA'!$E$11,2
CA,K163,=+I163/'Données SOMIDA'!$E$6,2
CA,B164,"=_xlfn.XLOOKUP(C164,'Données SOMIDA'!$C$18:$C$28,'Données SOMIDA'!$B$18:$B$28)",3
CA,C164,=+C155,1
CA,D164,=+D163,1
CA,E164,=+E155,1
CA,F164,"=IF(C164=""FP1"",'Données SOMIDA'!$N$83,VLOOKUP(E164,'Données SOMIDA'!$C$79:$N$85,12,FALSE))",4
CA,G164,=+N$11,1
CA,H164,"=IF(C164=""FP1 COUPE"",'Données SOMIDA'!$G$83,VLOOKUP(E164,'Données SOMIDA'!$C$79:$G$85,5,FALSE))",4
CA,I164,=+G164*H164,2
CA,J164,=+I164/'Données SOMIDA'!$E$11,2
CA,K164,=+I164/'Données SOMIDA'!$E$6,2
CA,B165,"=_xlfn.XLOOKUP(C165,'Données SOMIDA'!$C$18:$C$28,'Données SOMIDA'!$B$18:$B$28)",3
CA,C165,=+C156,1
CA,D165,=+D164,1
CA,E165,=+E156,1
CA,F165,"=IF(C165=""FP1"",'Données SOMIDA'!$N$83,VLOOKUP(E165,'Données SOMIDA'!$C$79:$N$85,12,FALSE))",4
CA,G165,=+N$12,1
CA,H165,"=IF(C165=""FP1 COUPE"",'Données SOMIDA'!$G$83,VLOOKUP(E165,'Données SOMIDA'!$C$79:$G$85,5,FALSE))",4
CA,I165,=+G165*H165,2
CA,J165,=+I165/'Données SOMIDA'!$E$11,2
CA,K165,=+I165/'Données SOMIDA'!$E$6,2
CA,B166,"=_xlfn.XLOOKUP(C166,'Données SOMIDA'!$C$18:$C$28,'Données SOMIDA'!$B$18:$B$28)",3
CA,C166,=+C157,1
CA,D166,=+D165,1
CA,E166,=+E157,1
CA,F166,"=IF(C166=""FP1"",'Données SOMIDA'!$N$83,VLOOKUP(E166,'Données SOMIDA'!$C$79:$N$85,12,FALSE))",4
CA,G166,=+N$14,1
CA,H166,"=IF(C166=""FP1 COUPE"",'Données SOMIDA'!$G$83,VLOOKUP(E166,'Données SOMIDA'!$C$79:$G$85,5,FALSE))",4
CA,I166,=+G166*H166,2
CA,J166,=+I166/'Données SOMIDA'!$E$11,2
CA,K166,=+I166/'Données SOMIDA'!$E$6,2
CA,G167,=SUM(G59:G166),1
CA,H167,"=IFERROR(+I167/G167,"""")",2
CA,I167,=SUM(I59:I166),1
CA,J167,=SUM(J59:J166),1
CA,K167,=SUM(K59:K166),1
CA,I168,"=IFERROR(+I167/G167,"""")",2
CA,J168,"=IFERROR(+J167/H167,"""")",2
CA,K168,"=IFERROR(+K167/I167,"""")",2
CA,B170,"=_xlfn.XLOOKUP(C170,'Données SOMIDA'!$C$18:$C$28,'Données SOMIDA'!$B$18:$B$28)",3
CA,F170,"=IF(C170=""FP1"",'Données SOMIDA'!$N$83,VLOOKUP(E170,'Données SOMIDA'!$C$79:$N$85,12,FALSE))",4
CA,H170,=+'Données SOMIDA'!$E$27,1
CA,I170,=+'Données SOMIDA'!$E$27,1
CA,J170,=+I170/'Données SOMIDA'!$E$11,2
CA,K170,=+I170/'Données SOMIDA'!$E$6,2
CA,B171,"=_xlfn.XLOOKUP(C171,'Données SOMIDA'!$C$18:$C$28,'Données SOMIDA'!$B$18:$B$28)",3
CA,F171,"=IF(C171=""FP1"",'Données SOMIDA'!$N$83,VLOOKUP(E171,'Données SOMIDA'!$C$79:$N$85,12,FALSE))",4
CA,H171,=+'Données SOMIDA'!$E$28,1
CA,I171,=+'Données SOMIDA'!$E$28,1
CA,J171,=+I171/'Données SOMIDA'!$E$11,2
CA,K171,=+I171/'Données SOMIDA'!$E$6,2
CA,B172,"=_xlfn.XLOOKUP(C172,'Données SOMIDA'!$C$18:$C$28,'Données SOMIDA'!$B$18:$B$28)",3
CA,F172,"=IF(C172=""FP1"",'Données SOMIDA'!$N$83,VLOOKUP(E172,'Données SOMIDA'!$C$79:$N$85,12,FALSE))",4
CA,H172,=+'Données SOMIDA'!$E$27,1
CA,I172,=+'Données SOMIDA'!$E$27,1
CA,J172,=+I172/'Données SOMIDA'!$E$11,2
CA,K172,=+I172/'Données SOMIDA'!$E$6,2
CA,B173,"=_xlfn.XLOOKUP(C173,'Données SOMIDA'!$C$18:$C$28,'Données SOMIDA'!$B$18:$B$28)",3
CA,F173,"=IF(C173=""FP1"",'Données SOMIDA'!$N$83,VLOOKUP(E173,'Données SOMIDA'!$C$79:$N$85,12,FALSE))",4
CA,H173,=+'Données SOMIDA'!$E$28,1
CA,I173,=+'Données SOMIDA'!$E$28,1
CA,J173,=+I173/'Données SOMIDA'!$E$11,2
CA,K173,=+I173/'Données SOMIDA'!$E$6,2
CA,B174,"=_xlfn.XLOOKUP(C174,'Données SOMIDA'!$C$18:$C$28,'Données SOMIDA'!$B$18:$B$28)",3
CA,F174,"=IF(C174=""FP1"",'Données SOMIDA'!$N$83,VLOOKUP(E174,'Données SOMIDA'!$C$79:$N$85,12,FALSE))",4
CA,H174,=+'Données SOMIDA'!$E$27,1
CA,I174,=+'Données SOMIDA'!$E$27,1
CA,J174,=+I174/'Données SOMIDA'!$E$11,2
CA,K174,=+I174/'Données SOMIDA'!$E$6,2
CA,B175,"=_xlfn.XLOOKUP(C175,'Données SOMIDA'!$C$18:$C$28,'Données SOMIDA'!$B$18:$B$28)",3
CA,F175,"=IF(C175=""FP1"",'Données SOMIDA'!$N$83,VLOOKUP(E175,'Données SOMIDA'!$C$79:$N$85,12,FALSE))",4
CA,H175,=+'Données SOMIDA'!$E$28,1
CA,I175,=+'Données SOMIDA'!$E$28,1
CA,J175,=+I175/'Données SOMIDA'!$E$11,2
CA,K175,=+I175/'Données SOMIDA'!$E$6,2
CA,B176,"=_xlfn.XLOOKUP(C176,'Données SOMIDA'!$C$18:$C$28,'Données SOMIDA'!$B$18:$B$28)",3
CA,F176,"=IF(C176=""FP1"",'Données SOMIDA'!$N$83,VLOOKUP(E176,'Données SOMIDA'!$C$79:$N$85,12,FALSE))",4
CA,H176,=+'Données SOMIDA'!$E$27,1
CA,I176,=+'Données SOMIDA'!$E$27,1
CA,J176,=+I176/'Données SOMIDA'!$E$11,2
CA,K176,=+I176/'Données SOMIDA'!$E$6,2
CA,B177,"=_xlfn.XLOOKUP(C177,'Données SOMIDA'!$C$18:$C$28,'Données SOMIDA'!$B$18:$B$28)",3
CA,F177,"=IF(C177=""FP1"",'Données SOMIDA'!$N$83,VLOOKUP(E177,'Données SOMIDA'!$C$79:$N$85,12,FALSE))",4
CA,H177,=+'Données SOMIDA'!$E$28,1
CA,I177,=+'Données SOMIDA'!$E$28,1
CA,J177,=+I177/'Données SOMIDA'!$E$11,2
CA,K177,=+I177/'Données SOMIDA'!$E$6,2
CA,B178,"=_xlfn.XLOOKUP(C178,'Données SOMIDA'!$C$18:$C$28,'Données SOMIDA'!$B$18:$B$28)",3
CA,F178,"=IF(C178=""FP1"",'Données SOMIDA'!$N$83,VLOOKUP(E178,'Données SOMIDA'!$C$79:$N$85,12,FALSE))",4
CA,H178,=+'Données SOMIDA'!$E$27,1
CA,I178,=+'Données SOMIDA'!$E$27,1
CA,J178,=+I178/'Données SOMIDA'!$E$11,2
CA,K178,=+I178/'Données SOMIDA'!$E$6,2
CA,B179,"=_xlfn.XLOOKUP(C179,'Données SOMIDA'!$C$18:$C$28,'Données SOMIDA'!$B$18:$B$28)",3
CA,F179,"=IF(C179=""FP1"",'Données SOMIDA'!$N$83,VLOOKUP(E179,'Données SOMIDA'!$C$79:$N$85,12,FALSE))",4
CA,H179,=+'Données SOMIDA'!$E$28,1
CA,I179,=+'Données SOMIDA'!$E$28,1
CA,J179,=+I179/'Données SOMIDA'!$E$11,2
CA,K179,=+I179/'Données SOMIDA'!$E$6,2
CA,B180,"=_xlfn.XLOOKUP(C180,'Données SOMIDA'!$C$18:$C$28,'Données SOMIDA'!$B$18:$B$28)",3
CA,F180,"=IF(C180=""FP1"",'Données SOMIDA'!$N$83,VLOOKUP(E180,'Données SOMIDA'!$C$79:$N$85,12,FALSE))",4
CA,H180,=+'Données SOMIDA'!$E$27,1
CA,I180,=+'Données SOMIDA'!$E$27,1
CA,J180,=+I180/'Données SOMIDA'!$E$11,2
CA,K180,=+I180/'Données SOMIDA'!$E$6,2
CA,B181,"=_xlfn.XLOOKUP(C181,'Données SOMIDA'!$C$18:$C$28,'Données SOMIDA'!$B$18:$B$28)",3
CA,F181,"=IF(C181=""FP1"",'Données SOMIDA'!$N$83,VLOOKUP(E181,'Données SOMIDA'!$C$79:$N$85,12,FALSE))",4
CA,H181,=+'Données SOMIDA'!$E$28,1
CA,I181,=+'Données SOMIDA'!$E$28,1
CA,J181,=+I181/'Données SOMIDA'!$E$11,2
CA,K181,=+I181/'Données SOMIDA'!$E$6,2
CA,B182,"=_xlfn.XLOOKUP(C182,'Données SOMIDA'!$C$18:$C$28,'Données SOMIDA'!$B$18:$B$28)",3
CA,F182,"=IF(C182=""FP1"",'Données SOMIDA'!$N$83,VLOOKUP(E182,'Données SOMIDA'!$C$79:$N$85,12,FALSE))",4
CA,H182,=+'Données SOMIDA'!$E$27,1
CA,I182,=+'Données SOMIDA'!$E$27,1
CA,J182,=+I182/'Données SOMIDA'!$E$11,2
CA,K182,=+I182/'Données SOMIDA'!$E$6,2
CA,B183,"=_xlfn.XLOOKUP(C183,'Données SOMIDA'!$C$18:$C$28,'Données SOMIDA'!$B$18:$B$28)",3
CA,F183,"=IF(C183=""FP1"",'Données SOMIDA'!$N$83,VLOOKUP(E183,'Données SOMIDA'!$C$79:$N$85,12,FALSE))",4
CA,H183,=+'Données SOMIDA'!$E$28,1
CA,I183,=+'Données SOMIDA'!$E$28,1
CA,J183,=+I183/'Données SOMIDA'!$E$11,2
CA,K183,=+I183/'Données SOMIDA'!$E$6,2
CA,B184,"=_xlfn.XLOOKUP(C184,'Données SOMIDA'!$C$18:$C$28,'Données SOMIDA'!$B$18:$B$28)",3
CA,F184,"=IF(C184=""FP1"",'Données SOMIDA'!$N$83,VLOOKUP(E184,'Données SOMIDA'!$C$79:$N$85,12,FALSE))",4
CA,H184,=+'Données SOMIDA'!$E$27,1
CA,I184,=+'Données SOMIDA'!$E$27,1
CA,J184,=+I184/'Données SOMIDA'!$E$11,2
CA,K184,=+I184/'Données SOMIDA'!$E$6,2
CA,B185,"=_xlfn.XLOOKUP(C185,'Données SOMIDA'!$C$18:$C$28,'Données SOMIDA'!$B$18:$B$28)",3
CA,F185,"=IF(C185=""FP1"",'Données SOMIDA'!$N$83,VLOOKUP(E185,'Données SOMIDA'!$C$79:$N$85,12,FALSE))",4
CA,H185,=+'Données SOMIDA'!$E$28,1
CA,I185,=+'Données SOMIDA'!$E$28,1
CA,J185,=+I185/'Données SOMIDA'!$E$11,2
CA,K185,=+I185/'Données SOMIDA'!$E$6,2
CA,B186,"=_xlfn.XLOOKUP(C186,'Données SOMIDA'!$C$18:$C$28,'Données SOMIDA'!$B$18:$B$28)",3
CA,F186,"=IF(C186=""FP1"",'Données SOMIDA'!$N$83,VLOOKUP(E186,'Données SOMIDA'!$C$79:$N$85,12,FALSE))",4
CA,H186,=+'Données SOMIDA'!$E$27,1
CA,I186,=+'Données SOMIDA'!$E$27,1
CA,J186,=+I186/'Données SOMIDA'!$E$11,2
CA,K186,=+I186/'Données SOMIDA'!$E$6,2
CA,B187,"=_xlfn.XLOOKUP(C187,'Données SOMIDA'!$C$18:$C$28,'Données SOMIDA'!$B$18:$B$28)",3
CA,F187,"=IF(C187=""FP1"",'Données SOMIDA'!$N$83,VLOOKUP(E187,'Données SOMIDA'!$C$79:$N$85,12,FALSE))",4
CA,H187,=+'Données SOMIDA'!$E$28,1
CA,I187,=+'Données SOMIDA'!$E$28,1
CA,J187,=+I187/'Données SOMIDA'!$E$11,2
CA,K187,=+I187/'Données SOMIDA'!$E$6,2
CA,B188,"=_xlfn.XLOOKUP(C188,'Données SOMIDA'!$C$18:$C$28,'Données SOMIDA'!$B$18:$B$28)",3
CA,F188,"=IF(C188=""FP1"",'Données SOMIDA'!$N$83,VLOOKUP(E188,'Données SOMIDA'!$C$79:$N$85,12,FALSE))",4
CA,H188,=+'Données SOMIDA'!$E$27,1
CA,I188,=+'Données SOMIDA'!$E$27,1
CA,J188,=+I188/'Données SOMIDA'!$E$11,2
CA,K188,=+I188/'Données SOMIDA'!$E$6,2
CA,B189,"=_xlfn.XLOOKUP(C189,'Données SOMIDA'!$C$18:$C$28,'Données SOMIDA'!$B$18:$B$28)",3
CA,F189,"=IF(C189=""FP1"",'Données SOMIDA'!$N$83,VLOOKUP(E189,'Données SOMIDA'!$C$79:$N$85,12,FALSE))",4
CA,H189,=+'Données SOMIDA'!$E$28,1
CA,I189,=+'Données SOMIDA'!$E$28,1
CA,J189,=+I189/'Données SOMIDA'!$E$11,2
CA,K189,=+I189/'Données SOMIDA'!$E$6,2
CA,B190,"=_xlfn.XLOOKUP(C190,'Données SOMIDA'!$C$18:$C$28,'Données SOMIDA'!$B$18:$B$28)",3
CA,F190,"=IF(C190=""FP1"",'Données SOMIDA'!$N$83,VLOOKUP(E190,'Données SOMIDA'!$C$79:$N$85,12,FALSE))",4
CA,H190,=+'Données SOMIDA'!$E$27,1
CA,I190,=+'Données SOMIDA'!$E$27,1
CA,J190,=+I190/'Données SOMIDA'!$E$11,2
CA,K190,=+I190/'Données SOMIDA'!$E$6,2
CA,B191,"=_xlfn.XLOOKUP(C191,'Données SOMIDA'!$C$18:$C$28,'Données SOMIDA'!$B$18:$B$28)",3
CA,F191,"=IF(C191=""FP1"",'Données SOMIDA'!$N$83,VLOOKUP(E191,'Données SOMIDA'!$C$79:$N$85,12,FALSE))",4
CA,H191,=+'Données SOMIDA'!$E$28,1
CA,I191,=+'Données SOMIDA'!$E$28,1
CA,J191,=+I191/'Données SOMIDA'!$E$11,2
CA,K191,=+I191/'Données SOMIDA'!$E$6,2
CA,B192,"=_xlfn.XLOOKUP(C192,'Données SOMIDA'!$C$18:$C$28,'Données SOMIDA'!$B$18:$B$28)",3
CA,F192,"=IF(C192=""FP1"",'Données SOMIDA'!$N$83,VLOOKUP(E192,'Données SOMIDA'!$C$79:$N$85,12,FALSE))",4
CA,H192,=+'Données SOMIDA'!$E$27,1
CA,I192,=+'Données SOMIDA'!$E$27,1
CA,J192,=+I192/'Données SOMIDA'!$E$11,2
CA,K192,=+I192/'Données SOMIDA'!$E$6,2
CA,B193,"=_xlfn.XLOOKUP(C193,'Données SOMIDA'!$C$18:$C$28,'Données SOMIDA'!$B$18:$B$28)",3
CA,F193,"=IF(C193=""FP1"",'Données SOMIDA'!$N$83,VLOOKUP(E193,'Données SOMIDA'!$C$79:$N$85,12,FALSE))",4
CA,H193,=+'Données SOMIDA'!$E$28,1
CA,I193,=+'Données SOMIDA'!$E$28,1
CA,J193,=+I193/'Données SOMIDA'!$E$11,2
CA,K193,=+I193/'Données SOMIDA'!$E$6,2
CA,I194,=SUM(I170:I193),1
CA,J194,=SUM(J170:J193),1
CA,K194,=SUM(K170:K193),1
CA,I197,<openpyxl.worksheet.formula.ArrayFormula object at 0x0000026CDE157D50>,0
CA,J197,=+I197/'Données SOMIDA'!$E$11,2
CA,K197,=+I197/'Données SOMIDA'!$E$6,2
CA,J198,=+I198/'Données SOMIDA'!$E$11,2
CA,K198,=+I198/'Données SOMIDA'!$E$6,2
CA,J199,=+I199/'Données SOMIDA'!$E$11,2
CA,K199,=+I199/'Données SOMIDA'!$E$6,2
CA,J200,=+I200/'Données SOMIDA'!$E$11,2
CA,K200,=+I200/'Données SOMIDA'!$E$6,2
CA,J201,=+I201/'Données SOMIDA'!$E$11,2
CA,K201,=+I201/'Données SOMIDA'!$E$6,2
CA,J202,=+I202/'Données SOMIDA'!$E$11,2
CA,K202,=+I202/'Données SOMIDA'!$E$6,2
CA,J203,=+I203/'Données SOMIDA'!$E$11,2
CA,K203,=+I203/'Données SOMIDA'!$E$6,2
CA,J204,=+I204/'Données SOMIDA'!$E$11,2
CA,K204,=+I204/'Données SOMIDA'!$E$6,2
CA,J205,=+I205/'Données SOMIDA'!$E$11,2
CA,K205,=+I205/'Données SOMIDA'!$E$6,2
CA,J206,=+I206/'Données SOMIDA'!$E$11,2
CA,K206,=+I206/'Données SOMIDA'!$E$6,2
CA,J207,=+I207/'Données SOMIDA'!$E$11,2
CA,K207,=+I207/'Données SOMIDA'!$E$6,2
CA,J208,=+I208/'Données SOMIDA'!$E$11,2
CA,K208,=+I208/'Données SOMIDA'!$E$6,2
CA,I209,=SUM(I197:I208),1
CA,J209,=SUM(J197:J208),1
CA,K209,=SUM(K197:K208),1
Sal,B3,=+'Besoins en micas'!B82,1
Sal,D3,=+'Besoins en micas'!C82,1
Sal,E3,=+'Besoins en micas'!D82,1
Sal,F3,=+'Besoins en micas'!E82,1
Sal,G3,=+'Besoins en micas'!F82,1
Sal,H3,=+'Besoins en micas'!G82,1
Sal,I3,=+'Besoins en micas'!H82,1
Sal,J3,=+'Besoins en micas'!I82,1
Sal,K3,=+'Besoins en micas'!J82,1
Sal,L3,=+'Besoins en micas'!K82,1
Sal,M3,=+'Besoins en micas'!L82,1
Sal,N3,=+'Besoins en micas'!M82,1
Sal,O3,=+'Besoins en micas'!N82,1
Sal,P3,=+'Besoins en micas'!O82,1
Sal,R3,=+P3/$P$7,2
Sal,B4,=+'Besoins en micas'!B83,1
Sal,D4,=+'Besoins en micas'!C83,1
Sal,E4,=+'Besoins en micas'!D83,1
Sal,F4,=+'Besoins en micas'!E83,1
Sal,G4,=+'Besoins en micas'!F83,1
Sal,H4,=+'Besoins en micas'!G83,1
Sal,I4,=+'Besoins en micas'!H83,1
Sal,J4,=+'Besoins en micas'!I83,1
Sal,K4,=+'Besoins en micas'!J83,1
Sal,L4,=+'Besoins en micas'!K83,1
Sal,M4,=+'Besoins en micas'!L83,1
Sal,N4,=+'Besoins en micas'!M83,1
Sal,O4,=+'Besoins en micas'!N83,1
Sal,P4,=+'Besoins en micas'!O83,1
Sal,R4,=+P4/$P$7,2
Sal,B5,=+'Besoins en micas'!B84,1
Sal,D5,=+'Besoins en micas'!C84,1
Sal,E5,=+'Besoins en micas'!D84,1
Sal,F5,=+'Besoins en micas'!E84,1
Sal,G5,=+'Besoins en micas'!F84,1
Sal,H5,=+'Besoins en micas'!G84,1
Sal,I5,=+'Besoins en micas'!H84,1
Sal,J5,=+'Besoins en micas'!I84,1
Sal,K5,=+'Besoins en micas'!J84,1
Sal,L5,=+'Besoins en micas'!K84,1
Sal,M5,=+'Besoins en micas'!L84,1
Sal,N5,=+'Besoins en micas'!M84,1
Sal,O5,=+'Besoins en micas'!N84,1
Sal,P5,=+'Besoins en micas'!O84,1
Sal,R5,=+P5/$P$7,2
Sal,B6,=+'Besoins en micas'!B85,1
Sal,D6,=+'Besoins en micas'!C85,1
Sal,E6,=+'Besoins en micas'!D85,1
Sal,F6,=+'Besoins en micas'!E85,1
Sal,G6,=+'Besoins en micas'!F85,1
Sal,H6,=+'Besoins en micas'!G85,1
Sal,I6,=+'Besoins en micas'!H85,1
Sal,J6,=+'Besoins en micas'!I85,1
Sal,K6,=+'Besoins en micas'!J85,1
Sal,L6,=+'Besoins en micas'!K85,1
Sal,M6,=+'Besoins en micas'!L85,1
Sal,N6,=+'Besoins en micas'!M85,1
Sal,O6,=+'Besoins en micas'!N85,1
Sal,P6,=+'Besoins en micas'!O85,1
Sal,R6,=+P6/$P$7,2
Sal,D7,=SUM(D3:D6),1
Sal,E7,=SUM(E3:E6),1
Sal,F7,=SUM(F3:F6),1
Sal,G7,=SUM(G3:G6),1
Sal,H7,=SUM(H3:H6),1
Sal,I7,=SUM(I3:I6),1
Sal,J7,=SUM(J3:J6),1
Sal,K7,=SUM(K3:K6),1
Sal,L7,=SUM(L3:L6),1
Sal,M7,=SUM(M3:M6),1
Sal,N7,=SUM(N3:N6),1
Sal,O7,=SUM(O3:O6),1
Sal,P7,=SUM(P3:P6),1
Sal,R7,=SUM(R3:R6),1
Sal,P8,=SUM(D8:O8),1
Sal,D13,=+D2,1
Sal,E13,=+E2,1
Sal,F13,=+F2,1
Sal,G13,=+G2,1
Sal,H13,=+H2,1
Sal,I13,=+I2,1
Sal,J13,=+J2,1
Sal,K13,=+K2,1
Sal,L13,=+L2,1
Sal,M13,=+M2,1
Sal,N13,=+N2,1
Sal,O13,=+O2,1
Sal,P13,=+P2,1
Sal,D15,=+$C$15*D8*$C$10,3
Sal,E15,=+$C$15*E8*$C$10,3
Sal,F15,=+$C$15*F8*$C$10,3
Sal,G15,=+$C$15*G8*$C$10,3
Sal,H15,=+$C$15*H8*$C$10,3
Sal,I15,=+$C$15*I8*$C$10,3
Sal,J15,=+$C$15*J8*$C$10,3
Sal,K15,=+$C$15*K8*$C$10,3
Sal,L15,=+$C$15*L8*$C$10,3
Sal,M15,=+$C$15*M8*$C$10,3
Sal,N15,=+$C$15*N8*$C$10,3
Sal,O15,=+$C$15*O8*$C$10,3
Sal,P15,=SUM(D15:O15),1
Sal,D17,=+$C$17*D8*$C$10,3
Sal,E17,=+$C$17*E8*$C$10,3
Sal,F17,=+$C$17*F8*$C$10,3
Sal,G17,=+$C$17*G8*$C$10,3
Sal,H17,=+$C$17*H8*$C$10,3
Sal,I17,=+$C$17*I8*$C$10,3
Sal,J17,=+$C$17*J8*$C$10,3
Sal,K17,=+$C$17*K8*$C$10,3
Sal,L17,=+$C$17*L8*$C$10,3
Sal,M17,=+$C$17*M8*$C$10,3
Sal,N17,=+$C$17*N8*$C$10,3
Sal,O17,=+$C$17*O8*$C$10,3
Sal,P17,=SUM(D17:O17),1
Sal,D18,=+$C$18*$C$10*D8/2,3
Sal,E18,=+$C$18*$C$10*E8/2,3
Sal,F18,=+$C$18*$C$10*F8/2,3
Sal,G18,=+$C$18*$C$10*G8/2,3
Sal,H18,=+$C$18*$C$10*H8/2,3
Sal,I18,=+$C$18*$C$10*I8/2,3
Sal,J18,=+$C$18*$C$10*J8/2,3
Sal,K18,=+$C$18*$C$10*K8/2,3
Sal,L18,=+$C$18*$C$10*L8/2,3
Sal,M18,=+$C$18*$C$10*M8/2,3
Sal,N18,=+$C$18*$C$10*N8/2,3
Sal,O18,=+$C$18*$C$10*O8/2,3
Sal,P18,=SUM(D18:O18),1
Sal,D20,=+$C$20*$C$10*25,2
Sal,E20,=+$C$20*$C$10*25,2
Sal,F20,=+$C$20*$C$10*25,2
Sal,G20,=+$C$20*$C$10*25,2
Sal,H20,=+$C$20*$C$10*25,2
Sal,I20,=+$C$20*$C$10*25,2
Sal,J20,=+$C$20*$C$10*25,2
Sal,K20,=+$C$20*$C$10*25,2
Sal,L20,=+$C$20*$C$10*25,2
Sal,M20,=+$C$20*$C$10*25,2
Sal,N20,=+$C$20*$C$10*25,2
Sal,O20,=+$C$20*$C$10*25,2
Sal,P20,=SUM(D20:O20),1
Sal,D22,=+$C$22*$C$10*25,2
Sal,E22,=+$C$22*$C$10*25,2
Sal,F22,=+$C$22*$C$10*25,2
Sal,G22,=+$C$22*$C$10*25,2
Sal,H22,=+$C$22*$C$10*25,2
Sal,I22,=+$C$22*$C$10*25,2
Sal,J22,=+$C$22*$C$10*25,2
Sal,K22,=+$C$22*$C$10*25,2
Sal,L22,=+$C$22*$C$10*25,2
Sal,M22,=+$C$22*$C$10*25,2
Sal,N22,=+$C$22*$C$10*25,2
Sal,O22,=+$C$22*$C$10*25,2
Sal,P22,=SUM(D22:O22),1
Sal,D23,=+$C$23*$C$10*25,2
Sal,E23,=+$C$23*$C$10*25,2
Sal,F23,=+$C$23*$C$10*25,2
Sal,G23,=+$C$23*$C$10*25,2
Sal,H23,=+$C$23*$C$10*25,2
Sal,I23,=+$C$23*$C$10*25,2
Sal,J23,=+$C$23*$C$10*25,2
Sal,K23,=+$C$23*$C$10*25,2
Sal,L23,=+$C$23*$C$10*25,2
Sal,M23,=+$C$23*$C$10*25,2
Sal,N23,=+$C$23*$C$10*25,2
Sal,O23,=+$C$23*$C$10*25,2
Sal,P23,=SUM(D23:O23),1
Sal,C24,=SUM(C15:C23),1
Sal,D24,=SUM(D15:D23),1
Sal,E24,=SUM(E15:E23),1
Sal,F24,=SUM(F15:F23),1
Sal,G24,=SUM(G15:G23),1
Sal,H24,=SUM(H15:H23),1
Sal,I24,=SUM(I15:I23),1
Sal,J24,=SUM(J15:J23),1
Sal,K24,=SUM(K15:K23),1
Sal,L24,=SUM(L15:L23),1
Sal,M24,=SUM(M15:M23),1
Sal,N24,=SUM(N15:N23),1
Sal,O24,=SUM(O15:O23),1
Sal,P24,=SUM(P15:P23),1
Sal,C25,=+C24,1
Sal,D25,=+D24*1%,1
Sal,E25,=+E24*1%,1
Sal,F25,=+F24*1%,1
Sal,G25,=+G24*1%,1
Sal,H25,=+H24*1%,1
Sal,I25,=+I24*1%,1
Sal,J25,=+J24*1%,1
Sal,K25,=+K24*1%,1
Sal,L25,=+L24*1%,1
Sal,M25,=+M24*1%,1
Sal,N25,=+N24*1%,1
Sal,O25,=+O24*1%,1
Sal,P25,=+SUM(D25:O25),1
Sal,C26,=+C25,1
Sal,D26,=+D24+D25,2
Sal,E26,=+E24+E25,2
Sal,F26,=+F24+F25,2
Sal,G26,=+G24+G25,2
Sal,H26,=+H24+H25,2
Sal,I26,=+I24+I25,2
Sal,J26,=+J24+J25,2
Sal,K26,=+K24+K25,2
Sal,L26,=+L24+L25,2
Sal,M26,=+M24+M25,2
Sal,N26,=+N24+N25,2
Sal,O26,=+O24+O25,2
Sal,P26,=+P24+P25,2
Sal,C28,=+C13,1
Sal,D28,=+D13,1
Sal,E28,=+E13,1
Sal,F28,=+F13,1
Sal,G28,=+G13,1
Sal,H28,=+H13,1
Sal,I28,=+I13,1
Sal,J28,=+J13,1
Sal,K28,=+K13,1
Sal,L28,=+L13,1
Sal,M28,=+M13,1
Sal,N28,=+N13,1
Sal,O28,=+O13,1
Sal,P28,=+P13,1
Sal,B30,=+Feuil3!B38,1
Sal,C30,=+Feuil3!C38,1
Sal,D30,=+Feuil3!H38,1
Sal,E30,=+D30,1
Sal,F30,=+E30,1
Sal,G30,=+F30,1
Sal,H30,=+G30,1
Sal,I30,=+H30,1
Sal,J30,=+I30,1
Sal,K30,=+J30,1
Sal,L30,=+K30,1
Sal,M30,=+L30,1
Sal,N30,=+M30,1
Sal,O30,=+N30,1
Sal,P30,=SUM(D30:O30),1
Sal,R30,=+D30/C30,2
Sal,B31,=+Feuil3!B39,1
Sal,C31,=+Feuil3!C39,1
Sal,D31,=+Feuil3!H39,1
Sal,E31,=+D31,1
Sal,F31,=+E31,1
Sal,G31,=+F31,1
Sal,H31,=+G31,1
Sal,I31,=+H31,1
Sal,J31,=+I31,1
Sal,K31,=+J31,1
Sal,L31,=+K31,1
Sal,M31,=+L31,1
Sal,N31,=+M31,1
Sal,O31,=+N31,1
Sal,P31,=SUM(D31:O31),1
Sal,R31,=+D31/C31,2
Sal,B32,=+Feuil3!B40,1
Sal,C32,=+Feuil3!C40,1
Sal,D32,=+Feuil3!H40,1
Sal,E32,=+D32,1
Sal,F32,=+E32,1
Sal,G32,=+F32,1
Sal,H32,=+G32,1
Sal,I32,=+H32,1
Sal,J32,=+I32,1
Sal,K32,=+J32,1
Sal,L32,=+K32,1
Sal,M32,=+L32,1
Sal,N32,=+M32,1
Sal,O32,=+N32,1
Sal,P32,=SUM(D32:O32),1
Sal,R32,=+D32/C32,2
Sal,B33,=+Feuil3!B41,1
Sal,C33,=+Feuil3!C41,1
Sal,D33,=+Feuil3!H41,1
Sal,E33,=+D33,1
Sal,F33,=+E33,1
Sal,G33,=+F33,1
Sal,H33,=+G33,1
Sal,I33,=+H33,1
Sal,J33,=+I33,1
Sal,K33,=+J33,1
Sal,L33,=+K33,1
Sal,M33,=+L33,1
Sal,N33,=+M33,1
Sal,O33,=+N33,1
Sal,P33,=SUM(D33:O33),1
Sal,R33,=+D33/C33,2
Sal,B34,=+Feuil3!B42,1
Sal,C34,=+Feuil3!C42,1
Sal,D34,=+Feuil3!H42,1
Sal,E34,=+D34,1
Sal,F34,=+E34,1
Sal,G34,=+F34,1
Sal,H34,=+G34,1
Sal,I34,=+H34,1
Sal,J34,=+I34,1
Sal,K34,=+J34,1
Sal,L34,=+K34,1
Sal,M34,=+L34,1
Sal,N34,=+M34,1
Sal,O34,=+N34,1
Sal,P34,=SUM(D34:O34),1
Sal,R34,=+D34/C34,2
Sal,B35,=+Feuil3!B43,1
Sal,C35,=+Feuil3!C43,1
Sal,D35,=+Feuil3!H43,1
Sal,E35,=+D35,1
Sal,F35,=+E35,1
Sal,G35,=+F35,1
Sal,H35,=+G35,1
Sal,I35,=+H35,1
Sal,J35,=+I35,1
Sal,K35,=+J35,1
Sal,L35,=+K35,1
Sal,M35,=+L35,1
Sal,N35,=+M35,1
Sal,O35,=+N35,1
Sal,P35,=SUM(D35:O35),1
Sal,R35,=+D35/C35,2
Sal,B36,=+Feuil3!B44,1
Sal,C36,=+Feuil3!C44,1
Sal,D36,=+Feuil3!H44,1
Sal,E36,=+D36,1
Sal,F36,=+E36,1
Sal,G36,=+F36,1
Sal,H36,=+G36,1
Sal,I36,=+H36,1
Sal,J36,=+I36,1
Sal,K36,=+J36,1
Sal,L36,=+K36,1
Sal,M36,=+L36,1
Sal,N36,=+M36,1
Sal,O36,=+N36,1
Sal,P36,=SUM(D36:O36),1
Sal,R36,=+D36/C36,2
Sal,B37,=+Feuil3!B45,1
Sal,C37,=+Feuil3!C45,1
Sal,D37,=+Feuil3!H45,1
Sal,E37,=+D37,1
Sal,F37,=+E37,1
Sal,G37,=+F37,1
Sal,H37,=+G37,1
Sal,I37,=+H37,1
Sal,J37,=+I37,1
Sal,K37,=+J37,1
Sal,L37,=+K37,1
Sal,M37,=+L37,1
Sal,N37,=+M37,1
Sal,O37,=+N37,1
Sal,P37,=SUM(D37:O37),1
Sal,R37,=+D37/C37,2
Sal,B38,=+Feuil3!B46,1
Sal,C38,=+Feuil3!C46,1
Sal,D38,=+Feuil3!H46,1
Sal,E38,=+D38,1
Sal,F38,=+E38,1
Sal,G38,=+F38,1
Sal,H38,=+G38,1
Sal,I38,=+H38,1
Sal,J38,=+I38,1
Sal,K38,=+J38,1
Sal,L38,=+K38,1
Sal,M38,=+L38,1
Sal,N38,=+M38,1
Sal,O38,=+N38,1
Sal,P38,=SUM(D38:O38),1
Sal,R38,=+D38/C38,2
Sal,B39,=+Feuil3!B47,1
Sal,C39,=+Feuil3!C47,1
Sal,D39,=+Feuil3!H47,1
Sal,E39,=+D39,1
Sal,F39,=+E39,1
Sal,G39,=+F39,1
Sal,H39,=+G39,1
Sal,I39,=+H39,1
Sal,J39,=+I39,1
Sal,K39,=+J39,1
Sal,L39,=+K39,1
Sal,M39,=+L39,1
Sal,N39,=+M39,1
Sal,O39,=+N39,1
Sal,P39,=SUM(D39:O39),1
Sal,R39,=+D39/C39,2
Sal,B40,=+Feuil3!B48,1
Sal,C40,=+Feuil3!C48,1
Sal,D40,=+Feuil3!H48,1
Sal,E40,=+D40,1
Sal,F40,=+E40,1
Sal,G40,=+F40,1
Sal,H40,=+G40,1
Sal,I40,=+H40,1
Sal,J40,=+I40,1
Sal,K40,=+J40,1
Sal,L40,=+K40,1
Sal,M40,=+L40,1
Sal,N40,=+M40,1
Sal,O40,=+N40,1
Sal,P40,=SUM(D40:O40),1
Sal,R40,=+D40/C40,2
Sal,B41,=+Feuil3!B49,1
Sal,C41,=+Feuil3!C49,1
Sal,D41,=+Feuil3!H49,1
Sal,E41,=+D41,1
Sal,F41,=+E41,1
Sal,G41,=+F41,1
Sal,H41,=+G41,1
Sal,I41,=+H41,1
Sal,J41,=+I41,1
Sal,K41,=+J41,1
Sal,L41,=+K41,1
Sal,M41,=+L41,1
Sal,N41,=+M41,1
Sal,O41,=+N41,1
Sal,P41,=SUM(D41:O41),1
Sal,R41,=+D41/C41,2
Sal,B42,=+Feuil3!B50,1
Sal,C42,=+Feuil3!C50,1
Sal,D42,=+Feuil3!H50,1
Sal,E42,=+D42,1
Sal,F42,=+E42,1
Sal,G42,=+F42,1
Sal,H42,=+G42,1
Sal,I42,=+H42,1
Sal,J42,=+I42,1
Sal,K42,=+J42,1
Sal,L42,=+K42,1
Sal,M42,=+L42,1
Sal,N42,=+M42,1
Sal,O42,=+N42,1
Sal,P42,=SUM(D42:O42),1
Sal,R42,=+D42/C42,2
Sal,B43,=+Feuil3!B51,1
Sal,C43,=+Feuil3!C51,1
Sal,D43,=+Feuil3!H51,1
Sal,E43,=+D43,1
Sal,F43,=+E43,1
Sal,G43,=+F43,1
Sal,H43,=+G43,1
Sal,I43,=+H43,1
Sal,J43,=+I43,1
Sal,K43,=+J43,1
Sal,L43,=+K43,1
Sal,M43,=+L43,1
Sal,N43,=+M43,1
Sal,O43,=+N43,1
Sal,P43,=SUM(D43:O43),1
Sal,R43,=+D43/C43,2
Sal,B44,=+Feuil3!B52,1
Sal,C44,=+Feuil3!C52,1
Sal,D44,=+Feuil3!H52,1
Sal,E44,=+D44,1
Sal,F44,=+E44,1
Sal,G44,=+F44,1
Sal,H44,=+G44,1
Sal,I44,=+H44,1
Sal,J44,=+I44,1
Sal,K44,=+J44,1
Sal,L44,=+K44,1
Sal,M44,=+L44,1
Sal,N44,=+M44,1
Sal,O44,=+N44,1
Sal,P44,=SUM(D44:O44),1
Sal,R44,=+D44/C44,2
Sal,B45,=+Feuil3!B53,1
Sal,C45,=+Feuil3!C53,1
Sal,D45,=+Feuil3!H53,1
Sal,E45,=+D45,1
Sal,F45,=+E45,1
Sal,G45,=+F45,1
Sal,H45,=+G45,1
Sal,I45,=+H45,1
Sal,J45,=+I45,1
Sal,K45,=+J45,1
Sal,L45,=+K45,1
Sal,M45,=+L45,1
Sal,N45,=+M45,1
Sal,O45,=+N45,1
Sal,P45,=SUM(D45:O45),1
Sal,R45,=+D45/C45,2
Sal,C46,=SUM(C30:C45),1
Sal,D46,=SUM(D30:D45),1
Sal,E46,=SUM(E30:E45),1
Sal,F46,=SUM(F30:F45),1
Sal,G46,=SUM(G30:G45),1
Sal,H46,=SUM(H30:H45),1
Sal,I46,=SUM(I30:I45),1
Sal,J46,=SUM(J30:J45),1
Sal,K46,=SUM(K30:K45),1
Sal,L46,=SUM(L30:L45),1
Sal,M46,=SUM(M30:M45),1
Sal,N46,=SUM(N30:N45),1
Sal,O46,=SUM(O30:O45),1
Sal,P46,=SUM(P30:P45),1
Sal,A47,=+Feuil3!A3,1
Sal,B48,=+Feuil3!B5,1
Sal,C48,=+Feuil3!C5,1
Sal,D48,=+Feuil3!H5,1
Sal,E48,=+D48,1
Sal,F48,=+E48,1
Sal,G48,=+F48,1
Sal,H48,=+G48,1
Sal,I48,=+H48,1
Sal,J48,=+I48,1
Sal,K48,=+J48,1
Sal,L48,=+K48,1
Sal,M48,=+L48,1
Sal,N48,=+M48,1
Sal,O48,=+N48,1
Sal,P48,=SUM(D48:O48),1
Sal,R48,=+D48/C48,2
Sal,B49,=+Feuil3!B6,1
Sal,C49,=+Feuil3!C6,1
Sal,D49,=+Feuil3!H6,1
Sal,E49,=+D49,1
Sal,F49,=+E49,1
Sal,G49,=+F49,1
Sal,H49,=+G49,1
Sal,I49,=+H49,1
Sal,J49,=+I49,1
Sal,K49,=+J49,1
Sal,L49,=+K49,1
Sal,M49,=+L49,1
Sal,N49,=+M49,1
Sal,O49,=+N49,1
Sal,P49,=SUM(D49:O49),1
Sal,R49,=+D49/C49,2
Sal,B50,=+Feuil3!B7,1
Sal,C50,=+Feuil3!C7,1
Sal,D50,=+Feuil3!H7,1
Sal,E50,=+D50,1
Sal,F50,=+E50,1
Sal,G50,=+F50,1
Sal,H50,=+G50,1
Sal,I50,=+H50,1
Sal,J50,=+I50,1
Sal,K50,=+J50,1
Sal,L50,=+K50,1
Sal,M50,=+L50,1
Sal,N50,=+M50,1
Sal,O50,=+N50,1
Sal,P50,=SUM(D50:O50),1
Sal,R50,=+D50/C50,2
Sal,B51,=+Feuil3!B8,1
Sal,C51,=+Feuil3!C8,1
Sal,D51,=+Feuil3!H8,1
Sal,E51,=+D51,1
Sal,F51,=+E51,1
Sal,G51,=+F51,1
Sal,H51,=+G51,1
Sal,I51,=+H51,1
Sal,J51,=+I51,1
Sal,K51,=+J51,1
Sal,L51,=+K51,1
Sal,M51,=+L51,1
Sal,N51,=+M51,1
Sal,O51,=+N51,1
Sal,P51,=SUM(D51:O51),1
Sal,R51,=+D51/C51,2
Sal,B52,=+Feuil3!B9,1
Sal,C52,=+Feuil3!C9,1
Sal,D52,=+Feuil3!H9,1
Sal,E52,=+D52,1
Sal,F52,=+E52,1
Sal,G52,=+F52,1
Sal,H52,=+G52,1
Sal,I52,=+H52,1
Sal,J52,=+I52,1
Sal,K52,=+J52,1
Sal,L52,=+K52,1
Sal,M52,=+L52,1
Sal,N52,=+M52,1
Sal,O52,=+N52,1
Sal,P52,=SUM(D52:O52),1
Sal,R52,=+D52/C52,2
Sal,B53,=+Feuil3!B10,1
Sal,C53,=+Feuil3!C10,1
Sal,D53,=+Feuil3!H10,1
Sal,E53,=+D53,1
Sal,F53,=+E53,1
Sal,G53,=+F53,1
Sal,H53,=+G53,1
Sal,I53,=+H53,1
Sal,J53,=+I53,1
Sal,K53,=+J53,1
Sal,L53,=+K53,1
Sal,M53,=+L53,1
Sal,N53,=+M53,1
Sal,O53,=+N53,1
Sal,P53,=SUM(D53:O53),1
Sal,R53,=+D53/C53,2
Sal,B54,=+Feuil3!B11,1
Sal,C54,=+Feuil3!C11,1
Sal,D54,=+Feuil3!H11,1
Sal,E54,=+D54,1
Sal,F54,=+E54,1
Sal,G54,=+F54,1
Sal,H54,=+G54,1
Sal,I54,=+H54,1
Sal,J54,=+I54,1
Sal,K54,=+J54,1
Sal,L54,=+K54,1
Sal,M54,=+L54,1
Sal,N54,=+M54,1
Sal,O54,=+N54,1
Sal,P54,=SUM(D54:O54),1
Sal,R54,=+D54/C54,2
Sal,A55,=+Feuil3!A14,1
Sal,B56,=+Feuil3!B16,1
Sal,C56,=+Feuil3!C16,1
Sal,D56,=+Feuil3!H16,1
Sal,E56,=+D56,1
Sal,F56,=+E56,1
Sal,G56,=+F56,1
Sal,H56,=+G56,1
Sal,I56,=+H56,1
Sal,J56,=+I56,1
Sal,K56,=+J56,1
Sal,L56,=+K56,1
Sal,M56,=+L56,1
Sal,N56,=+M56,1
Sal,O56,=+N56,1
Sal,P56,=SUM(D56:O56),1
Sal,R56,=+D56/C56,2
Sal,B57,=+Feuil3!B17,1
Sal,C57,=+Feuil3!C17,1
Sal,D57,=+Feuil3!H17,1
Sal,E57,=+D57,1
Sal,F57,=+E57,1
Sal,G57,=+F57,1
Sal,H57,=+G57,1
Sal,I57,=+H57,1
Sal,J57,=+I57,1
Sal,K57,=+J57,1
Sal,L57,=+K57,1
Sal,M57,=+L57,1
Sal,N57,=+M57,1
Sal,O57,=+N57,1
Sal,P57,=SUM(D57:O57),1
Sal,R57,=+D57/C57,2
Sal,B58,=+Feuil3!B18,1
Sal,C58,=+Feuil3!C18,1
Sal,E58,=+D58,1
Sal,F58,=+E58,1
Sal,G58,=+F58,1
Sal,H58,=+G58,1
Sal,I58,=+H58,1
Sal,J58,=+I58,1
Sal,K58,=+J58,1
Sal,L58,=+K58,1
Sal,M58,=+L58,1
Sal,N58,=+M58,1
Sal,O58,=+N58,1
Sal,P58,=SUM(D58:O58),1
Sal,R58,=+D58/C58,2
Sal,B59,=+Feuil3!B19,1
Sal,C59,=+Feuil3!C19,1
Sal,D59,=+Feuil3!H19,1
Sal,E59,=+D59,1
Sal,F59,=+E59,1
Sal,G59,=+F59,1
Sal,H59,=+G59,1
Sal,I59,=+H59,1
Sal,J59,=+I59,1
Sal,K59,=+J59,1
Sal,L59,=+K59,1
Sal,M59,=+L59,1
Sal,N59,=+M59,1
Sal,O59,=+N59,1
Sal,P59,=SUM(D59:O59),1
Sal,R59,=+D59/C59,2
Sal,C60,=SUM(C48:C59),1
Sal,D60,=SUM(D48:D59),1
Sal,E60,=SUM(E48:E59),1
Sal,F60,=SUM(F48:F59),1
Sal,G60,=SUM(G48:G59),1
Sal,H60,=SUM(H48:H59),1
Sal,I60,=SUM(I48:I59),1
Sal,J60,=SUM(J48:J59),1
Sal,K60,=SUM(K48:K59),1
Sal,L60,=SUM(L48:L59),1
Sal,M60,=SUM(M48:M59),1
Sal,N60,=SUM(N48:N59),1
Sal,O60,=SUM(O48:O59),1
Sal,P60,=SUM(P48:P59),1
Sal,A61,=+Feuil3!A21,1
Sal,B62,=+Feuil3!B23,1
Sal,C62,=+Feuil3!C23,1
Sal,D62,=+Feuil3!H23,1
Sal,E62,=+D62,1
Sal,F62,=+E62,1
Sal,G62,=+F62,1
Sal,H62,=+G62,1
Sal,I62,=+H62,1
Sal,J62,=+I62,1
Sal,K62,=+J62,1
Sal,L62,=+K62,1
Sal,M62,=+L62,1
Sal,N62,=+M62,1
Sal,O62,=+N62,1
Sal,P62,=SUM(D62:O62),1
Sal,R62,=+D62/C62,2
Sal,B63,=+Feuil3!B24,1
Sal,C63,=+Feuil3!C24,1
Sal,D63,=+Feuil3!H24,1
Sal,E63,=+D63,1
Sal,F63,=+E63,1
Sal,G63,=+F63,1
Sal,H63,=+G63,1
Sal,I63,=+H63,1
Sal,J63,=+I63,1
Sal,K63,=+J63,1
Sal,L63,=+K63,1
Sal,M63,=+L63,1
Sal,N63,=+M63,1
Sal,O63,=+N63,1
Sal,P63,=SUM(D63:O63),1
Sal,R63,=+D63/C63,2
Sal,B64,=+Feuil3!B25,1
Sal,C64,=+Feuil3!C25,1
Sal,D64,=+Feuil3!H25,1
Sal,E64,=+D64,1
Sal,F64,=+E64,1
Sal,G64,=+F64,1
Sal,H64,=+G64,1
Sal,I64,=+H64,1
Sal,J64,=+I64,1
Sal,K64,=+J64,1
Sal,L64,=+K64,1
Sal,M64,=+L64,1
Sal,N64,=+M64,1
Sal,O64,=+N64,1
Sal,P64,=SUM(D64:O64),1
Sal,R64,=+D64/C64,2
Sal,B65,=+Feuil3!B26,1
Sal,C65,=+Feuil3!C26,1
Sal,D65,=+Feuil3!H26,1
Sal,E65,=+D65,1
Sal,F65,=+E65,1
Sal,G65,=+F65,1
Sal,H65,=+G65,1
Sal,I65,=+H65,1
Sal,J65,=+I65,1
Sal,K65,=+J65,1
Sal,L65,=+K65,1
Sal,M65,=+L65,1
Sal,N65,=+M65,1
Sal,O65,=+N65,1
Sal,P65,=SUM(D65:O65),1
Sal,R65,=+D65/C65,2
Sal,C66,=SUM(C62:C65),1
Sal,D66,=SUM(D62:D65),1
Sal,E66,=SUM(E62:E65),1
Sal,F66,=SUM(F62:F65),1
Sal,G66,=SUM(G62:G65),1
Sal,H66,=SUM(H62:H65),1
Sal,I66,=SUM(I62:I65),1
Sal,J66,=SUM(J62:J65),1
Sal,K66,=SUM(K62:K65),1
Sal,L66,=SUM(L62:L65),1
Sal,M66,=SUM(M62:M65),1
Sal,N66,=SUM(N62:N65),1
Sal,O66,=SUM(O62:O65),1
Sal,P66,=SUM(P62:P65),1
Sal,A67,=+Feuil3!A29,1
Sal,B68,=+Feuil3!B31,1
Sal,C68,=+Feuil3!C31,1
Sal,D68,=+Feuil3!H31,1
Sal,E68,=+D68,1
Sal,F68,=+E68,1
Sal,G68,=+F68,1
Sal,H68,=+G68,1
Sal,I68,=+H68,1
Sal,J68,=+I68,1
Sal,K68,=+J68,1
Sal,L68,=+K68,1
Sal,M68,=+L68,1
Sal,N68,=+M68,1
Sal,O68,=+N68,1
Sal,P68,=SUM(D68:O68),1
Sal,R68,=+D68/C68,2
Sal,B69,=+Feuil3!B32,1
Sal,C69,=+Feuil3!C32,1
Sal,D69,=+Feuil3!H32,1
Sal,E69,=+D69,1
Sal,F69,=+E69,1
Sal,G69,=+F69,1
Sal,H69,=+G69,1
Sal,I69,=+H69,1
Sal,J69,=+I69,1
Sal,K69,=+J69,1
Sal,L69,=+K69,1
Sal,M69,=+L69,1
Sal,N69,=+M69,1
Sal,O69,=+N69,1
Sal,P69,=SUM(D69:O69),1
Sal,R69,=+D69/C69,2
Sal,C70,=SUM(C68:C69),1
Sal,D70,=SUM(D68:D69),1
Sal,E70,=SUM(E68:E69),1
Sal,F70,=SUM(F68:F69),1
Sal,G70,=SUM(G68:G69),1
Sal,H70,=SUM(H68:H69),1
Sal,I70,=SUM(I68:I69),1
Sal,J70,=SUM(J68:J69),1
Sal,K70,=SUM(K68:K69),1
Sal,L70,=SUM(L68:L69),1
Sal,M70,=SUM(M68:M69),1
Sal,N70,=SUM(N68:N69),1
Sal,O70,=SUM(O68:O69),1
Sal,P70,=SUM(P68:P69),1
Sal,C71,=+C70+C66+C60+C46,4
Sal,D71,=+D70+D66+D60+D46,4
Sal,E71,=+E70+E66+E60+E46,4
Sal,F71,=+F70+F66+F60+F46,4
Sal,G71,=+G70+G66+G60+G46,4
Sal,H71,=+H70+H66+H60+H46,4
Sal,I71,=+I70+I66+I60+I46,4
Sal,J71,=+J70+J66+J60+J46,4
Sal,K71,=+K70+K66+K60+K46,4
Sal,L71,=+L70+L66+L60+L46,4
Sal,M71,=+M70+M66+M60+M46,4
Sal,N71,=+N70+N66+N60+N46,4
Sal,O71,=+O70+O66+O60+O46,4
Sal,P71,=+P70+P66+P60+P46,4
Sal,D73,=+D28,1
Sal,E73,=+E28,1
Sal,F73,=+F28,1
Sal,G73,=+G28,1
Sal,H73,=+H28,1
Sal,I73,=+I28,1
Sal,J73,=+J28,1
Sal,K73,=+K28,1
Sal,L73,=+L28,1
Sal,M73,=+M28,1
Sal,N73,=+N28,1
Sal,O73,=+O28,1
Sal,P73,=+P28,1
Sal,A74,=+A29,1
Sal,A75,=+A30,1
Sal,B75,=+B30,1
Sal,C75,=+C30,1
Sal,D75,=+Primes!D48,1
Sal,E75,=+Primes!E48,1
Sal,F75,=+Primes!F48,1
Sal,G75,=+Primes!G48,1
Sal,H75,=+Primes!H48,1
Sal,I75,=+Primes!I48,1
Sal,J75,=+Primes!J48,1
Sal,K75,=+Primes!K48,1
Sal,L75,=+Primes!L48,1
Sal,M75,=+Primes!M48,1
Sal,N75,=+Primes!N48,1
Sal,O75,=+Primes!O48,1
Sal,P75,=SUM(D75:O75),1
Sal,R75,=+D75/C75,2
Sal,A76,=+A31,1
Sal,B76,=+B31,1
Sal,C76,=+C31,1
Sal,D76,=+Primes!D49,1
Sal,E76,=+Primes!E49,1
Sal,F76,=+Primes!F49,1
Sal,G76,=+Primes!G49,1
Sal,H76,=+Primes!H49,1
Sal,I76,=+Primes!I49,1
Sal,J76,=+Primes!J49,1
Sal,K76,=+Primes!K49,1
Sal,L76,=+Primes!L49,1
Sal,M76,=+Primes!M49,1
Sal,N76,=+Primes!N49,1
Sal,O76,=+Primes!O49,1
Sal,P76,=SUM(D76:O76),1
Sal,R76,=+D76/C76,2
Sal,A77,=+A32,1
Sal,B77,=+B32,1
Sal,C77,=+C32,1
Sal,D77,=+Primes!D50,1
Sal,E77,=+Primes!E50,1
Sal,F77,=+Primes!F50,1
Sal,G77,=+Primes!G50,1
Sal,H77,=+Primes!H50,1
Sal,I77,=+Primes!I50,1
Sal,J77,=+Primes!J50,1
Sal,K77,=+Primes!K50,1
Sal,L77,=+Primes!L50,1
Sal,M77,=+Primes!M50,1
Sal,N77,=+Primes!N50,1
Sal,O77,=+Primes!O50,1
Sal,P77,=SUM(D77:O77),1
Sal,R77,=+D77/C77,2
Sal,A78,=+A33,1
Sal,B78,=+B33,1
Sal,C78,=+C33,1
Sal,D78,=+Primes!D99,1
Sal,E78,=+Primes!E99,1
Sal,F78,=+Primes!F99,1
Sal,G78,=+Primes!G99,1
Sal,H78,=+Primes!H99,1
Sal,I78,=+Primes!I99,1
Sal,J78,=+Primes!J99,1
Sal,K78,=+Primes!K99,1
Sal,L78,=+Primes!L99,1
Sal,M78,=+Primes!M99,1
Sal,N78,=+Primes!N99,1
Sal,O78,=+Primes!O99,1
Sal,P78,=SUM(D78:O78),1
Sal,R78,=+D78/C78,2
Sal,A79,=+A34,1
Sal,B79,=+B34,1
Sal,C79,=+C34,1
Sal,D79,=+Primes!D100,1
Sal,E79,=+Primes!E100,1
Sal,F79,=+Primes!F100,1
Sal,G79,=+Primes!G100,1
Sal,H79,=+Primes!H100,1
Sal,I79,=+Primes!I100,1
Sal,J79,=+Primes!J100,1
Sal,K79,=+Primes!K100,1
Sal,L79,=+Primes!L100,1
Sal,M79,=+Primes!M100,1
Sal,N79,=+Primes!N100,1
Sal,O79,=+Primes!O100,1
Sal,P79,=SUM(D79:O79),1
Sal,R79,=+D79/C79,2
Sal,A80,=+A35,1
Sal,B80,=+B35,1
Sal,C80,=+C35,1
Sal,D80,=+Primes!D51,1
Sal,E80,=+Primes!E51,1
Sal,F80,=+Primes!F51,1
Sal,G80,=+Primes!G51,1
Sal,H80,=+Primes!H51,1
Sal,I80,=+Primes!I51,1
Sal,J80,=+Primes!J51,1
Sal,K80,=+Primes!K51,1
Sal,L80,=+Primes!L51,1
Sal,M80,=+Primes!M51,1
Sal,N80,=+Primes!N51,1
Sal,O80,=+Primes!O51,1
Sal,P80,=SUM(D80:O80),1
Sal,R80,=+D80/C80,2
Sal,A81,=+A36,1
Sal,B81,=+B36,1
Sal,C81,=+C36,1
Sal,D81,=+Primes!D101,1
Sal,E81,=+Primes!E101,1
Sal,F81,=+Primes!F101,1
Sal,G81,=+Primes!G101,1
Sal,H81,=+Primes!H101,1
Sal,I81,=+Primes!I101,1
Sal,J81,=+Primes!J101,1
Sal,K81,=+Primes!K101,1
Sal,L81,=+Primes!L101,1
Sal,M81,=+Primes!M101,1
Sal,N81,=+Primes!N101,1
Sal,O81,=+Primes!O101,1
Sal,P81,=SUM(D81:O81),1
Sal,R81,=+D81/C81,2
Sal,A82,=+A37,1
Sal,B82,=+B37,1
Sal,C82,=+C37,1
Sal,D82,=+Primes!D102,1
Sal,E82,=+Primes!E102,1
Sal,F82,=+Primes!F102,1
Sal,G82,=+Primes!G102,1
Sal,H82,=+Primes!H102,1
Sal,I82,=+Primes!I102,1
Sal,J82,=+Primes!J102,1
Sal,K82,=+Primes!K102,1
Sal,L82,=+Primes!L102,1
Sal,M82,=+Primes!M102,1
Sal,N82,=+Primes!N102,1
Sal,O82,=+Primes!O102,1
Sal,P82,=SUM(D82:O82),1
Sal,R82,=+D82/C82,2
Sal,A83,=+A38,1
Sal,B83,=+B38,1
Sal,C83,=+C38,1
Sal,D83,=+Primes!D52,1
Sal,E83,=+Primes!E52,1
Sal,F83,=+Primes!F52,1
Sal,G83,=+Primes!G52,1
Sal,H83,=+Primes!H52,1
Sal,I83,=+Primes!I52,1
Sal,J83,=+Primes!J52,1
Sal,K83,=+Primes!K52,1
Sal,L83,=+Primes!L52,1
Sal,M83,=+Primes!M52,1
Sal,N83,=+Primes!N52,1
Sal,O83,=+Primes!O52,1
Sal,P83,=SUM(D83:O83),1
Sal,R83,=+D83/C83,2
Sal,A84,=+A39,1
Sal,B84,=+B39,1
Sal,C84,=+C39,1
Sal,D84,=+Primes!D103,1
Sal,E84,=+Primes!E103,1
Sal,F84,=+Primes!F103,1
Sal,G84,=+Primes!G103,1
Sal,H84,=+Primes!H103,1
Sal,I84,=+Primes!I103,1
Sal,J84,=+Primes!J103,1
Sal,K84,=+Primes!K103,1
Sal,L84,=+Primes!L103,1
Sal,M84,=+Primes!M103,1
Sal,N84,=+Primes!N103,1
Sal,O84,=+Primes!O103,1
Sal,P84,=SUM(D84:O84),1
Sal,R84,=+D84/C84,2
Sal,A85,=+A40,1
Sal,B85,=+B40,1
Sal,C85,=+C40,1
Sal,D85,=+Primes!D104,1
Sal,E85,=+Primes!E104,1
Sal,F85,=+Primes!F104,1
Sal,G85,=+Primes!G104,1
Sal,H85,=+Primes!H104,1
Sal,I85,=+Primes!I104,1
Sal,J85,=+Primes!J104,1
Sal,K85,=+Primes!K104,1
Sal,L85,=+Primes!L104,1
Sal,M85,=+Primes!M104,1
Sal,N85,=+Primes!N104,1
Sal,O85,=+Primes!O104,1
Sal,P85,=SUM(D85:O85),1
Sal,R85,=+D85/C85,2
Sal,A86,=+A41,1
Sal,B86,=+B41,1
Sal,C86,=+C41,1
Sal,D86,=+Primes!D105,1
Sal,E86,=+Primes!E105,1
Sal,F86,=+Primes!F105,1
Sal,G86,=+Primes!G105,1
Sal,H86,=+Primes!H105,1
Sal,I86,=+Primes!I105,1
Sal,J86,=+Primes!J105,1
Sal,K86,=+Primes!K105,1
Sal,L86,=+Primes!L105,1
Sal,M86,=+Primes!M105,1
Sal,N86,=+Primes!N105,1
Sal,O86,=+Primes!O105,1
Sal,P86,=SUM(D86:O86),1
Sal,R86,=+D86/C86,2
Sal,A87,=+A42,1
Sal,B87,=+B42,1
Sal,C87,=+C42,1
Sal,D87,=+Primes!D106,1
Sal,E87,=+Primes!E106,1
Sal,F87,=+Primes!F106,1
Sal,G87,=+Primes!G106,1
Sal,H87,=+Primes!H106,1
Sal,I87,=+Primes!I106,1
Sal,J87,=+Primes!J106,1
Sal,K87,=+Primes!K106,1
Sal,L87,=+Primes!L106,1
Sal,M87,=+Primes!M106,1
Sal,N87,=+Primes!N106,1
Sal,O87,=+Primes!O106,1
Sal,P87,=SUM(D87:O87),1
Sal,R87,=+D87/C87,2
Sal,A88,=+A43,1
Sal,B88,=+B43,1
Sal,C88,=+C43,1
Sal,D88,=+Primes!D53,1
Sal,E88,=+Primes!E53,1
Sal,F88,=+Primes!F53,1
Sal,G88,=+Primes!G53,1
Sal,H88,=+Primes!H53,1
Sal,I88,=+Primes!I53,1
Sal,J88,=+Primes!J53,1
Sal,K88,=+Primes!K53,1
Sal,L88,=+Primes!L53,1
Sal,M88,=+Primes!M53,1
Sal,N88,=+Primes!N53,1
Sal,O88,=+Primes!O53,1
Sal,P88,=SUM(D88:O88),1
Sal,R88,=+D88/C88,2
Sal,A89,=+A44,1
Sal,B89,=+B44,1
Sal,C89,=+C44,1
Sal,D89,=+Primes!D54,1
Sal,E89,=+Primes!E54,1
Sal,F89,=+Primes!F54,1
Sal,G89,=+Primes!G54,1
Sal,H89,=+Primes!H54,1
Sal,I89,=+Primes!I54,1
Sal,J89,=+Primes!J54,1
Sal,K89,=+Primes!K54,1
Sal,L89,=+Primes!L54,1
Sal,M89,=+Primes!M54,1
Sal,N89,=+Primes!N54,1
Sal,O89,=+Primes!O54,1
Sal,P89,=SUM(D89:O89),1
Sal,R89,=+D89/C89,2
Sal,A90,=+A45,1
Sal,B90,=+B45,1
Sal,C90,=+C45,1
Sal,D90,=+Primes!D55,1
Sal,E90,=+Primes!E55,1
Sal,F90,=+Primes!F55,1
Sal,G90,=+Primes!G55,1
Sal,H90,=+Primes!H55,1
Sal,I90,=+Primes!I55,1
Sal,J90,=+Primes!J55,1
Sal,K90,=+Primes!K55,1
Sal,L90,=+Primes!L55,1
Sal,M90,=+Primes!M55,1
Sal,N90,=+Primes!N55,1
Sal,O90,=+Primes!O55,1
Sal,P90,=SUM(D90:O90),1
Sal,R90,=+D90/C90,2
Sal,C91,=SUM(C75:C90),1
Sal,D91,=SUM(D75:D90),1
Sal,E91,=SUM(E75:E90),1
Sal,F91,=SUM(F75:F90),1
Sal,G91,=SUM(G75:G90),1
Sal,H91,=SUM(H75:H90),1
Sal,I91,=SUM(I75:I90),1
Sal,J91,=SUM(J75:J90),1
Sal,K91,=SUM(K75:K90),1
Sal,L91,=SUM(L75:L90),1
Sal,M91,=SUM(M75:M90),1
Sal,N91,=SUM(N75:N90),1
Sal,O91,=SUM(O75:O90),1
Sal,P91,=SUM(P75:P90),1
Sal,A92,=+A47,1
Sal,A93,=+A48,1
Sal,B93,=+B48,1
Sal,C93,=+C48,1
Sal,D93,=+Primes!D42,1
Sal,E93,=+Primes!E42,1
Sal,F93,=+Primes!F42,1
Sal,G93,=+Primes!G42,1
Sal,H93,=+Primes!H42,1
Sal,I93,=+Primes!I42,1
Sal,J93,=+Primes!J42,1
Sal,K93,=+Primes!K42,1
Sal,L93,=+Primes!L42,1
Sal,M93,=+Primes!M42,1
Sal,N93,=+Primes!N42,1
Sal,O93,=+Primes!O42,1
Sal,P93,=SUM(D93:O93),1
Sal,R93,=+D93/C93,2
Sal,A94,=+A49,1
Sal,B94,=+B49,1
Sal,C94,=+C49,1
Sal,D94,=+Primes!D43,1
Sal,E94,=+Primes!E43,1
Sal,F94,=+Primes!F43,1
Sal,G94,=+Primes!G43,1
Sal,H94,=+Primes!H43,1
Sal,I94,=+Primes!I43,1
Sal,J94,=+Primes!J43,1
Sal,K94,=+Primes!K43,1
Sal,L94,=+Primes!L43,1
Sal,M94,=+Primes!M43,1
Sal,N94,=+Primes!N43,1
Sal,O94,=+Primes!O43,1
Sal,P94,=SUM(D94:O94),1
Sal,R94,=+D94/C94,2
Sal,A95,=+A50,1
Sal,B95,=+B50,1
Sal,C95,=+C50,1
Sal,D95,=+Primes!D44,1
Sal,E95,=+Primes!E44,1
Sal,F95,=+Primes!F44,1
Sal,G95,=+Primes!G44,1
Sal,H95,=+Primes!H44,1
Sal,I95,=+Primes!I44,1
Sal,J95,=+Primes!J44,1
Sal,K95,=+Primes!K44,1
Sal,L95,=+Primes!L44,1
Sal,M95,=+Primes!M44,1
Sal,N95,=+Primes!N44,1
Sal,O95,=+Primes!O44,1
Sal,P95,=SUM(D95:O95),1
Sal,R95,=+D95/C95,2
Sal,A96,=+A51,1
Sal,B96,=+B51,1
Sal,C96,=+C51,1
Sal,D96,=+Primes!D45,1
Sal,E96,=+Primes!E45,1
Sal,F96,=+Primes!F45,1
Sal,G96,=+Primes!G45,1
Sal,H96,=+Primes!H45,1
Sal,I96,=+Primes!I45,1
Sal,J96,=+Primes!J45,1
Sal,K96,=+Primes!K45,1
Sal,L96,=+Primes!L45,1
Sal,M96,=+Primes!M45,1
Sal,N96,=+Primes!N45,1
Sal,O96,=+Primes!O45,1
Sal,P96,=SUM(D96:O96),1
Sal,R96,=+D96/C96,2
Sal,A97,=+A52,1
Sal,B97,=+B52,1
Sal,C97,=+C52,1
Sal,D97,=+Primes!D74,1
Sal,E97,=+Primes!E74,1
Sal,F97,=+Primes!F74,1
Sal,G97,=+Primes!G74,1
Sal,H97,=+Primes!H74,1
Sal,I97,=+Primes!I74,1
Sal,J97,=+Primes!J74,1
Sal,K97,=+Primes!K74,1
Sal,L97,=+Primes!L74,1
Sal,M97,=+Primes!M74,1
Sal,N97,=+Primes!N74,1
Sal,O97,=+Primes!O74,1
Sal,P97,=SUM(D97:O97),1
Sal,R97,=+D97/C97,2
Sal,A98,=+A53,1
Sal,B98,=+B53,1
Sal,C98,=+C53,1
Sal,D98,=+Primes!D75,1
Sal,E98,=+Primes!E75,1
Sal,F98,=+Primes!F75,1
Sal,G98,=+Primes!G75,1
Sal,H98,=+Primes!H75,1
Sal,I98,=+Primes!I75,1
Sal,J98,=+Primes!J75,1
Sal,K98,=+Primes!K75,1
Sal,L98,=+Primes!L75,1
Sal,M98,=+Primes!M75,1
Sal,N98,=+Primes!N75,1
Sal,O98,=+Primes!O75,1
Sal,P98,=SUM(D98:O98),1
Sal,R98,=+D98/C98,2
Sal,A99,=+A54,1
Sal,B99,=+B54,1
Sal,C99,=+C54,1
Sal,D99,=+Primes!D76,1
Sal,E99,=+Primes!E76,1
Sal,F99,=+Primes!F76,1
Sal,G99,=+Primes!G76,1
Sal,H99,=+Primes!H76,1
Sal,I99,=+Primes!I76,1
Sal,J99,=+Primes!J76,1
Sal,K99,=+Primes!K76,1
Sal,L99,=+Primes!L76,1
Sal,M99,=+Primes!M76,1
Sal,N99,=+Primes!N76,1
Sal,O99,=+Primes!O76,1
Sal,P99,=SUM(D99:O99),1
Sal,R99,=+D99/C99,2
Sal,A100,=+A55,1
Sal,B101,=+B56,1
Sal,C101,=+C56,1
Sal,P101,=SUM(D101:O101),1
Sal,R101,=+D101/C101,2
Sal,B102,=+B57,1
Sal,C102,=+C57,1
Sal,P102,=SUM(D102:O102),1
Sal,R102,=+D102/C102,2
Sal,B103,=+B58,1
Sal,C103,=+C58,1
Sal,P103,=SUM(D103:O103),1
Sal,R103,=+D103/C103,2
Sal,B104,=+B59,1
Sal,C104,=+C59,1
Sal,P104,=SUM(D104:O104),1
Sal,R104,=+D104/C104,2
Sal,C105,=SUM(C93:C104),1
Sal,D105,=SUM(D93:D104),1
Sal,E105,=SUM(E93:E104),1
Sal,F105,=SUM(F93:F104),1
Sal,G105,=SUM(G93:G104),1
Sal,H105,=SUM(H93:H104),1
Sal,I105,=SUM(I93:I104),1
Sal,J105,=SUM(J93:J104),1
Sal,K105,=SUM(K93:K104),1
Sal,L105,=SUM(L93:L104),1
Sal,M105,=SUM(M93:M104),1
Sal,N105,=SUM(N93:N104),1
Sal,O105,=SUM(O93:O104),1
Sal,P105,=SUM(P93:P104),1
Sal,A106,=+A61,1
Sal,A107,=+A62,1
Sal,B107,=+B62,1
Sal,C107,=+Primes!B36,1
Sal,D107,=+Primes!D36,1
Sal,E107,=+Primes!E36,1
Sal,F107,=+Primes!F36,1
Sal,G107,=+Primes!G36,1
Sal,H107,=+Primes!H36,1
Sal,I107,=+Primes!I36,1
Sal,J107,=+Primes!J36,1
Sal,K107,=+Primes!K36,1
Sal,L107,=+Primes!L36,1
Sal,M107,=+Primes!M36,1
Sal,N107,=+Primes!N36,1
Sal,O107,=+Primes!O36,1
Sal,P107,=SUM(D107:O107),1
Sal,A108,=+A63,1
Sal,B108,=+B63,1
Sal,C108,=+Primes!B37,1
Sal,D108,=+Primes!D37,1
Sal,E108,=+Primes!E37,1
Sal,F108,=+Primes!F37,1
Sal,G108,=+Primes!G37,1
Sal,H108,=+Primes!H37,1
Sal,I108,=+Primes!I37,1
Sal,J108,=+Primes!J37,1
Sal,K108,=+Primes!K37,1
Sal,L108,=+Primes!L37,1
Sal,M108,=+Primes!M37,1
Sal,N108,=+Primes!N37,1
Sal,O108,=+Primes!O37,1
Sal,P108,=SUM(D108:O108),1
Sal,A109,=+A64,1
Sal,B109,=+B64,1
Sal,C109,=+Primes!B38,1
Sal,D109,=+Primes!D38,1
Sal,E109,=+Primes!E38,1
Sal,F109,=+Primes!F38,1
Sal,G109,=+Primes!G38,1
Sal,H109,=+Primes!H38,1
Sal,I109,=+Primes!I38,1
Sal,J109,=+Primes!J38,1
Sal,K109,=+Primes!K38,1
Sal,L109,=+Primes!L38,1
Sal,M109,=+Primes!M38,1
Sal,N109,=+Primes!N38,1
Sal,O109,=+Primes!O38,1
Sal,P109,=SUM(D109:O109),1
Sal,A110,=+A65,1
Sal,B110,=+B65,1
Sal,C110,=+Primes!B39,1
Sal,D110,=+Primes!D39,1
Sal,E110,=+Primes!E39,1
Sal,F110,=+Primes!F39,1
Sal,G110,=+Primes!G39,1
Sal,H110,=+Primes!H39,1
Sal,I110,=+Primes!I39,1
Sal,J110,=+Primes!J39,1
Sal,K110,=+Primes!K39,1
Sal,L110,=+Primes!L39,1
Sal,M110,=+Primes!M39,1
Sal,N110,=+Primes!N39,1
Sal,O110,=+Primes!O39,1
Sal,P110,=SUM(D110:O110),1
Sal,C111,=SUM(C107:C110),1
Sal,D111,=SUM(D107:D110),1
Sal,E111,=SUM(E107:E110),1
Sal,F111,=SUM(F107:F110),1
Sal,G111,=SUM(G107:G110),1
Sal,H111,=SUM(H107:H110),1
Sal,I111,=SUM(I107:I110),1
Sal,J111,=SUM(J107:J110),1
Sal,K111,=SUM(K107:K110),1
Sal,L111,=SUM(L107:L110),1
Sal,M111,=SUM(M107:M110),1
Sal,N111,=SUM(N107:N110),1
Sal,O111,=SUM(O107:O110),1
Sal,P111,=SUM(P107:P110),1
Sal,A112,=+A67,1
Sal,B113,=+B68,1
Sal,C113,=+C68,1
Sal,P113,=SUM(D113:O113),1
Sal,B114,=+B69,1
Sal,C114,=+C69,1
Sal,P114,=SUM(D114:O114),1
Sal,C115,=SUM(C113:C114),1
Sal,D115,=SUM(D113:D114),1
Sal,E115,=SUM(E113:E114),1
Sal,F115,=SUM(F113:F114),1
Sal,G115,=SUM(G113:G114),1
Sal,H115,=SUM(H113:H114),1
Sal,I115,=SUM(I113:I114),1
Sal,J115,=SUM(J113:J114),1
Sal,K115,=SUM(K113:K114),1
Sal,L115,=SUM(L113:L114),1
Sal,M115,=SUM(M113:M114),1
Sal,N115,=SUM(N113:N114),1
Sal,O115,=SUM(O113:O114),1
Sal,P115,=SUM(P113:P114),1
Sal,C116,=+C115+C111+C105+C91,4
Sal,D116,=+D115+D111+D105+D91,4
Sal,E116,=+E115+E111+E105+E91,4
Sal,F116,=+F115+F111+F105+F91,4
Sal,G116,=+G115+G111+G105+G91,4
Sal,H116,=+H115+H111+H105+H91,4
Sal,I116,=+I115+I111+I105+I91,4
Sal,J116,=+J115+J111+J105+J91,4
Sal,K116,=+K115+K111+K105+K91,4
Sal,L116,=+L115+L111+L105+L91,4
Sal,M116,=+M115+M111+M105+M91,4
Sal,N116,=+N115+N111+N105+N91,4
Sal,O116,=+O115+O111+O105+O91,4
Sal,P116,=+P115+P111+P105+P91,4
Sal,C119,=+C73,1
Sal,D119,=+D73,1
Sal,E119,=+E73,1
Sal,F119,=+F73,1
Sal,G119,=+G73,1
Sal,H119,=+H73,1
Sal,I119,=+I73,1
Sal,J119,=+J73,1
Sal,K119,=+K73,1
Sal,L119,=+L73,1
Sal,M119,=+M73,1
Sal,N119,=+N73,1
Sal,O119,=+O73,1
Sal,P119,=+P73,1
Sal,A120,=+A29,1
Sal,B121,=+B30,1
Sal,C121,=+C30,1
Sal,D121,=+D30+D75,2
Sal,E121,=+E30+E75,2
Sal,F121,=+F30+F75,2
Sal,G121,=+G30+G75,2
Sal,H121,=+H30+H75,2
Sal,I121,=+I30+I75,2
Sal,J121,=+J30+J75,2
Sal,K121,=+K30+K75,2
Sal,L121,=+L30+L75,2
Sal,M121,=+M30+M75,2
Sal,N121,=+N30+N75,2
Sal,O121,=+O30+O75,2
Sal,P121,=SUM(D121:O121),1
Sal,R121,=+E121/C121,2
Sal,B122,=+B31,1
Sal,C122,=+C31,1
Sal,D122,=+D31+D76,2
Sal,E122,=+E31+E76,2
Sal,F122,=+F31+F76,2
Sal,G122,=+G31+G76,2
Sal,H122,=+H31+H76,2
Sal,I122,=+I31+I76,2
Sal,J122,=+J31+J76,2
Sal,K122,=+K31+K76,2
Sal,L122,=+L31+L76,2
Sal,M122,=+M31+M76,2
Sal,N122,=+N31+N76,2
Sal,O122,=+O31+O76,2
Sal,P122,=SUM(D122:O122),1
Sal,R122,=+E122/C122,2
Sal,B123,=+B32,1
Sal,C123,=+C32,1
Sal,D123,=+D32+D77,2
Sal,E123,=+E32+E77,2
Sal,F123,=+F32+F77,2
Sal,G123,=+G32+G77,2
Sal,H123,=+H32+H77,2
Sal,I123,=+I32+I77,2
Sal,J123,=+J32+J77,2
Sal,K123,=+K32+K77,2
Sal,L123,=+L32+L77,2
Sal,M123,=+M32+M77,2
Sal,N123,=+N32+N77,2
Sal,O123,=+O32+O77,2
Sal,P123,=SUM(D123:O123),1
Sal,R123,=+E123/C123,2
Sal,B124,=+B33,1
Sal,C124,=+C33,1
Sal,D124,=+D33+D78,2
Sal,E124,=+E33+E78,2
Sal,F124,=+F33+F78,2
Sal,G124,=+G33+G78,2
Sal,H124,=+H33+H78,2
Sal,I124,=+I33+I78,2
Sal,J124,=+J33+J78,2
Sal,K124,=+K33+K78,2
Sal,L124,=+L33+L78,2
Sal,M124,=+M33+M78,2
Sal,N124,=+N33+N78,2
Sal,O124,=+O33+O78,2
Sal,P124,=SUM(D124:O124),1
Sal,R124,=+E124/C124,2
Sal,B125,=+B34,1
Sal,C125,=+C34,1
Sal,D125,=+D34+D79,2
Sal,E125,=+E34+E79,2
Sal,F125,=+F34+F79,2
Sal,G125,=+G34+G79,2
Sal,H125,=+H34+H79,2
Sal,I125,=+I34+I79,2
Sal,J125,=+J34+J79,2
Sal,K125,=+K34+K79,2
Sal,L125,=+L34+L79,2
Sal,M125,=+M34+M79,2
Sal,N125,=+N34+N79,2
Sal,O125,=+O34+O79,2
Sal,P125,=SUM(D125:O125),1
Sal,R125,=+E125/C125,2
Sal,B126,=+B35,1
Sal,C126,=+C35,1
Sal,D126,=+D35+D80,2
Sal,E126,=+E35+E80,2
Sal,F126,=+F35+F80,2
Sal,G126,=+G35+G80,2
Sal,H126,=+H35+H80,2
Sal,I126,=+I35+I80,2
Sal,J126,=+J35+J80,2
Sal,K126,=+K35+K80,2
Sal,L126,=+L35+L80,2
Sal,M126,=+M35+M80,2
Sal,N126,=+N35+N80,2
Sal,O126,=+O35+O80,2
Sal,P126,=SUM(D126:O126),1
Sal,R126,=+E126/C126,2
Sal,B127,=+B36,1
Sal,C127,=+C36,1
Sal,D127,=+D36+D81,2
Sal,E127,=+E36+E81,2
Sal,F127,=+F36+F81,2
Sal,G127,=+G36+G81,2
Sal,H127,=+H36+H81,2
Sal,I127,=+I36+I81,2
Sal,J127,=+J36+J81,2
Sal,K127,=+K36+K81,2
Sal,L127,=+L36+L81,2
Sal,M127,=+M36+M81,2
Sal,N127,=+N36+N81,2
Sal,O127,=+O36+O81,2
Sal,P127,=SUM(D127:O127),1
Sal,R127,=+E127/C127,2
Sal,B128,=+B37,1
Sal,C128,=+C37,1
Sal,D128,=+D37+D82,2
Sal,E128,=+E37+E82,2
Sal,F128,=+F37+F82,2
Sal,G128,=+G37+G82,2
Sal,H128,=+H37+H82,2
Sal,I128,=+I37+I82,2
Sal,J128,=+J37+J82,2
Sal,K128,=+K37+K82,2
Sal,L128,=+L37+L82,2
Sal,M128,=+M37+M82,2
Sal,N128,=+N37+N82,2
Sal,O128,=+O37+O82,2
Sal,P128,=SUM(D128:O128),1
Sal,R128,=+E128/C128,2
Sal,B129,=+B38,1
Sal,C129,=+C38,1
Sal,D129,=+D38+D83,2
Sal,E129,=+E38+E83,2
Sal,F129,=+F38+F83,2
Sal,G129,=+G38+G83,2
Sal,H129,=+H38+H83,2
Sal,I129,=+I38+I83,2
Sal,J129,=+J38+J83,2
Sal,K129,=+K38+K83,2
Sal,L129,=+L38+L83,2
Sal,M129,=+M38+M83,2
Sal,N129,=+N38+N83,2
Sal,O129,=+O38+O83,2
Sal,P129,=SUM(D129:O129),1
Sal,R129,=+E129/C129,2
Sal,B130,=+B39,1
Sal,C130,=+C39,1
Sal,D130,=+D39+D84,2
Sal,E130,=+E39+E84,2
Sal,F130,=+F39+F84,2
Sal,G130,=+G39+G84,2
Sal,H130,=+H39+H84,2
Sal,I130,=+I39+I84,2
Sal,J130,=+J39+J84,2
Sal,K130,=+K39+K84,2
Sal,L130,=+L39+L84,2
Sal,M130,=+M39+M84,2
Sal,N130,=+N39+N84,2
Sal,O130,=+O39+O84,2
Sal,P130,=SUM(D130:O130),1
Sal,R130,=+E130/C130,2
Sal,B131,=+B40,1
Sal,C131,=+C40,1
Sal,D131,=+D40+D85,2
Sal,E131,=+E40+E85,2
Sal,F131,=+F40+F85,2
Sal,G131,=+G40+G85,2
Sal,H131,=+H40+H85,2
Sal,I131,=+I40+I85,2
Sal,J131,=+J40+J85,2
Sal,K131,=+K40+K85,2
Sal,L131,=+L40+L85,2
Sal,M131,=+M40+M85,2
Sal,N131,=+N40+N85,2
Sal,O131,=+O40+O85,2
Sal,P131,=SUM(D131:O131),1
Sal,R131,=+E131/C131,2
Sal,B132,=+B41,1
Sal,C132,=+C41,1
Sal,D132,=+D41+D86,2
Sal,E132,=+E41+E86,2
Sal,F132,=+F41+F86,2
Sal,G132,=+G41+G86,2
Sal,H132,=+H41+H86,2
Sal,I132,=+I41+I86,2
Sal,J132,=+J41+J86,2
Sal,K132,=+K41+K86,2
Sal,L132,=+L41+L86,2
Sal,M132,=+M41+M86,2
Sal,N132,=+N41+N86,2
Sal,O132,=+O41+O86,2
Sal,P132,=SUM(D132:O132),1
Sal,R132,=+E132/C132,2
Sal,B133,=+B42,1
Sal,C133,=+C42,1
Sal,D133,=+D42+D87,2
Sal,E133,=+E42+E87,2
Sal,F133,=+F42+F87,2
Sal,G133,=+G42+G87,2
Sal,H133,=+H42+H87,2
Sal,I133,=+I42+I87,2
Sal,J133,=+J42+J87,2
Sal,K133,=+K42+K87,2
Sal,L133,=+L42+L87,2
Sal,M133,=+M42+M87,2
Sal,N133,=+N42+N87,2
Sal,O133,=+O42+O87,2
Sal,P133,=SUM(D133:O133),1
Sal,R133,=+E133/C133,2
Sal,B134,=+B43,1
Sal,C134,=+C43,1
Sal,D134,=+D43+D88,2
Sal,E134,=+E43+E88,2
Sal,F134,=+F43+F88,2
Sal,G134,=+G43+G88,2
Sal,H134,=+H43+H88,2
Sal,I134,=+I43+I88,2
Sal,J134,=+J43+J88,2
Sal,K134,=+K43+K88,2
Sal,L134,=+L43+L88,2
Sal,M134,=+M43+M88,2
Sal,N134,=+N43+N88,2
Sal,O134,=+O43+O88,2
Sal,P134,=SUM(D134:O134),1
Sal,R134,=+E134/C134,2
Sal,B135,=+B44,1
Sal,C135,=+C44,1
Sal,D135,=+D44+D89,2
Sal,E135,=+E44+E89,2
Sal,F135,=+F44+F89,2
Sal,G135,=+G44+G89,2
Sal,H135,=+H44+H89,2
Sal,I135,=+I44+I89,2
Sal,J135,=+J44+J89,2
Sal,K135,=+K44+K89,2
Sal,L135,=+L44+L89,2
Sal,M135,=+M44+M89,2
Sal,N135,=+N44+N89,2
Sal,O135,=+O44+O89,2
Sal,P135,=SUM(D135:O135),1
Sal,R135,=+E135/C135,2
Sal,B136,=+B45,1
Sal,C136,=+C45,1
Sal,D136,=+D45+D90,2
Sal,E136,=+E45+E90,2
Sal,F136,=+F45+F90,2
Sal,G136,=+G45+G90,2
Sal,H136,=+H45+H90,2
Sal,I136,=+I45+I90,2
Sal,J136,=+J45+J90,2
Sal,K136,=+K45+K90,2
Sal,L136,=+L45+L90,2
Sal,M136,=+M45+M90,2
Sal,N136,=+N45+N90,2
Sal,O136,=+O45+O90,2
Sal,P136,=SUM(D136:O136),1
Sal,R136,=+E136/C136,2
Sal,A137,=+A47,1
Sal,B138,=+B48,1
Sal,C138,=+C48,1
Sal,D138,=+D48+D93,2
Sal,E138,=+E48+E93,2
Sal,F138,=+F48+F93,2
Sal,G138,=+G48+G93,2
Sal,H138,=+H48+H93,2
Sal,I138,=+I48+I93,2
Sal,J138,=+J48+J93,2
Sal,K138,=+K48+K93,2
Sal,L138,=+L48+L93,2
Sal,M138,=+M48+M93,2
Sal,N138,=+N48+N93,2
Sal,O138,=+O48+O93,2
Sal,P138,=SUM(D138:O138),1
Sal,R138,=+E138/C138,2
Sal,B139,=+B49,1
Sal,C139,=+C49,1
Sal,D139,=+D49+D94,2
Sal,E139,=+E49+E94,2
Sal,F139,=+F49+F94,2
Sal,G139,=+G49+G94,2
Sal,H139,=+H49+H94,2
Sal,I139,=+I49+I94,2
Sal,J139,=+J49+J94,2
Sal,K139,=+K49+K94,2
Sal,L139,=+L49+L94,2
Sal,M139,=+M49+M94,2
Sal,N139,=+N49+N94,2
Sal,O139,=+O49+O94,2
Sal,P139,=SUM(D139:O139),1
Sal,R139,=+E139/C139,2
Sal,B140,=+B50,1
Sal,C140,=+C50,1
Sal,D140,=+D50+D95,2
Sal,E140,=+E50+E95,2
Sal,F140,=+F50+F95,2
Sal,G140,=+G50+G95,2
Sal,H140,=+H50+H95,2
Sal,I140,=+I50+I95,2
Sal,J140,=+J50+J95,2
Sal,K140,=+K50+K95,2
Sal,L140,=+L50+L95,2
Sal,M140,=+M50+M95,2
Sal,N140,=+N50+N95,2
Sal,O140,=+O50+O95,2
Sal,P140,=SUM(D140:O140),1
Sal,R140,=+E140/C140,2
Sal,B141,=+B51,1
Sal,C141,=+C51,1
Sal,D141,=+D51+D96,2
Sal,E141,=+E51+E96,2
Sal,F141,=+F51+F96,2
Sal,G141,=+G51+G96,2
Sal,H141,=+H51+H96,2
Sal,I141,=+I51+I96,2
Sal,J141,=+J51+J96,2
Sal,K141,=+K51+K96,2
Sal,L141,=+L51+L96,2
Sal,M141,=+M51+M96,2
Sal,N141,=+N51+N96,2
Sal,O141,=+O51+O96,2
Sal,P141,=SUM(D141:O141),1
Sal,R141,=+E141/C141,2
Sal,B142,=+B52,1
Sal,C142,=+C52,1
Sal,D142,=+D52+D97,2
Sal,E142,=+E52+E97,2
Sal,F142,=+F52+F97,2
Sal,G142,=+G52+G97,2
Sal,H142,=+H52+H97,2
Sal,I142,=+I52+I97,2
Sal,J142,=+J52+J97,2
Sal,K142,=+K52+K97,2
Sal,L142,=+L52+L97,2
Sal,M142,=+M52+M97,2
Sal,N142,=+N52+N97,2
Sal,O142,=+O52+O97,2
Sal,P142,=SUM(D142:O142),1
Sal,R142,=+E142/C142,2
Sal,B143,=+B53,1
Sal,C143,=+C53,1
Sal,D143,=+D53+D98,2
Sal,E143,=+E53+E98,2
Sal,F143,=+F53+F98,2
Sal,G143,=+G53+G98,2
Sal,H143,=+H53+H98,2
Sal,I143,=+I53+I98,2
Sal,J143,=+J53+J98,2
Sal,K143,=+K53+K98,2
Sal,L143,=+L53+L98,2
Sal,M143,=+M53+M98,2
Sal,N143,=+N53+N98,2
Sal,O143,=+O53+O98,2
Sal,P143,=SUM(D143:O143),1
Sal,R143,=+E143/C143,2
Sal,B144,=+B54,1
Sal,C144,=+C54,1
Sal,D144,=+D54+D99,2
Sal,E144,=+E54+E99,2
Sal,F144,=+F54+F99,2
Sal,G144,=+G54+G99,2
Sal,H144,=+H54+H99,2
Sal,I144,=+I54+I99,2
Sal,J144,=+J54+J99,2
Sal,K144,=+K54+K99,2
Sal,L144,=+L54+L99,2
Sal,M144,=+M54+M99,2
Sal,N144,=+N54+N99,2
Sal,O144,=+O54+O99,2
Sal,P144,=SUM(D144:O144),1
Sal,R144,=+E144/C144,2
Sal,A145,=+A55,1
Sal,B146,=+B56,1
Sal,C146,=+C56,1
Sal,D146,=+D56+D101,2
Sal,E146,=+E56+E101,2
Sal,F146,=+F56+F101,2
Sal,G146,=+G56+G101,2
Sal,H146,=+H56+H101,2
Sal,I146,=+I56+I101,2
Sal,J146,=+J56+J101,2
Sal,K146,=+K56+K101,2
Sal,L146,=+L56+L101,2
Sal,M146,=+M56+M101,2
Sal,N146,=+N56+N101,2
Sal,O146,=+O56+O101,2
Sal,P146,=SUM(D146:O146),1
Sal,R146,=+E146/C146,2
Sal,B147,=+B57,1
Sal,C147,=+C57,1
Sal,D147,=+D57+D102,2
Sal,E147,=+E57+E102,2
Sal,F147,=+F57+F102,2
Sal,G147,=+G57+G102,2
Sal,H147,=+H57+H102,2
Sal,I147,=+I57+I102,2
Sal,J147,=+J57+J102,2
Sal,K147,=+K57+K102,2
Sal,L147,=+L57+L102,2
Sal,M147,=+M57+M102,2
Sal,N147,=+N57+N102,2
Sal,O147,=+O57+O102,2
Sal,P147,=SUM(D147:O147),1
Sal,R147,=+E147/C147,2
Sal,B148,=+B58,1
Sal,C148,=+C58,1
Sal,D148,=+D58+D103,2
Sal,E148,=+E58+E103,2
Sal,F148,=+F58+F103,2
Sal,G148,=+G58+G103,2
Sal,H148,=+H58+H103,2
Sal,I148,=+I58+I103,2
Sal,J148,=+J58+J103,2
Sal,K148,=+K58+K103,2
Sal,L148,=+L58+L103,2
Sal,M148,=+M58+M103,2
Sal,N148,=+N58+N103,2
Sal,O148,=+O58+O103,2
Sal,P148,=SUM(D148:O148),1
Sal,R148,=+E148/C148,2
Sal,B149,=+B59,1
Sal,C149,=+C59,1
Sal,D149,=+D59+D104,2
Sal,E149,=+E59+E104,2
Sal,F149,=+F59+F104,2
Sal,G149,=+G59+G104,2
Sal,H149,=+H59+H104,2
Sal,I149,=+I59+I104,2
Sal,J149,=+J59+J104,2
Sal,K149,=+K59+K104,2
Sal,L149,=+L59+L104,2
Sal,M149,=+M59+M104,2
Sal,N149,=+N59+N104,2
Sal,O149,=+O59+O104,2
Sal,P149,=SUM(D149:O149),1
Sal,R149,=+E149/C149,2
Sal,A150,=+A61,1
Sal,B151,=+B62,1
Sal,C151,=+C62,1
Sal,D151,=+D62+D107,2
Sal,E151,=+E62+E107,2
Sal,F151,=+F62+F107,2
Sal,G151,=+G62+G107,2
Sal,H151,=+H62+H107,2
Sal,I151,=+I62+I107,2
Sal,J151,=+J62+J107,2
Sal,K151,=+K62+K107,2
Sal,L151,=+L62+L107,2
Sal,M151,=+M62+M107,2
Sal,N151,=+N62+N107,2
Sal,O151,=+O62+O107,2
Sal,P151,=SUM(D151:O151),1
Sal,R151,=+E151/C151,2
Sal,B152,=+B63,1
Sal,C152,=+C63,1
Sal,D152,=+D63+D108,2
Sal,E152,=+E63+E108,2
Sal,F152,=+F63+F108,2
Sal,G152,=+G63+G108,2
Sal,H152,=+H63+H108,2
Sal,I152,=+I63+I108,2
Sal,J152,=+J63+J108,2
Sal,K152,=+K63+K108,2
Sal,L152,=+L63+L108,2
Sal,M152,=+M63+M108,2
Sal,N152,=+N63+N108,2
Sal,O152,=+O63+O108,2
Sal,P152,=SUM(D152:O152),1
Sal,R152,=+E152/C152,2
Sal,B153,=+B64,1
Sal,C153,=+C64,1
Sal,D153,=+D64+D109,2
Sal,E153,=+E64+E109,2
Sal,F153,=+F64+F109,2
Sal,G153,=+G64+G109,2
Sal,H153,=+H64+H109,2
Sal,I153,=+I64+I109,2
Sal,J153,=+J64+J109,2
Sal,K153,=+K64+K109,2
Sal,L153,=+L64+L109,2
Sal,M153,=+M64+M109,2
Sal,N153,=+N64+N109,2
Sal,O153,=+O64+O109,2
Sal,P153,=SUM(D153:O153),1
Sal,R153,=+E153/C153,2
Sal,B154,=+B65,1
Sal,C154,=+C65,1
Sal,D154,=+D65+D110,2
Sal,E154,=+E65+E110,2
Sal,F154,=+F65+F110,2
Sal,G154,=+G65+G110,2
Sal,H154,=+H65+H110,2
Sal,I154,=+I65+I110,2
Sal,J154,=+J65+J110,2
Sal,K154,=+K65+K110,2
Sal,L154,=+L65+L110,2
Sal,M154,=+M65+M110,2
Sal,N154,=+N65+N110,2
Sal,O154,=+O65+O110,2
Sal,P154,=SUM(D154:O154),1
Sal,R154,=+E154/C154,2
Sal,A155,=+A67,1
Sal,B156,=+B68,1
Sal,C156,=+C68,1
Sal,D156,=+D68,1
Sal,E156,=+E68,1
Sal,F156,=+F68,1
Sal,G156,=+G68,1
Sal,H156,=+H68,1
Sal,I156,=+I68,1
Sal,J156,=+J68,1
Sal,K156,=+K68,1
Sal,L156,=+L68,1
Sal,M156,=+M68,1
Sal,N156,=+N68,1
Sal,O156,=+O68,1
Sal,P156,=SUM(D156:O156),1
Sal,R156,=+E156/C156,2
Sal,B157,=+B69,1
Sal,C157,=+C69,1
Sal,D157,=+D69,1
Sal,E157,=+E69,1
Sal,F157,=+F69,1
Sal,G157,=+G69,1
Sal,H157,=+H69,1
Sal,I157,=+I69,1
Sal,J157,=+J69,1
Sal,K157,=+K69,1
Sal,L157,=+L69,1
Sal,M157,=+M69,1
Sal,N157,=+N69,1
Sal,O157,=+O69,1
Sal,P157,=SUM(D157:O157),1
Sal,R157,=+E157/C157,2
Sal,C158,=SUM(C121:C157),1
Sal,D158,=SUM(D121:D157),1
Sal,E158,=SUM(E121:E157),1
Sal,F158,=SUM(F121:F157),1
Sal,G158,=SUM(G121:G157),1
Sal,H158,=SUM(H121:H157),1
Sal,I158,=SUM(I121:I157),1
Sal,J158,=SUM(J121:J157),1
Sal,K158,=SUM(K121:K157),1
Sal,L158,=SUM(L121:L157),1
Sal,M158,=SUM(M121:M157),1
Sal,N158,=SUM(N121:N157),1
Sal,O158,=SUM(O121:O157),1
Sal,P158,=SUM(P121:P157),1
Sal,D160,=+D24,1
Sal,E160,=+E24,1
Sal,F160,=+F24,1
Sal,G160,=+G24,1
Sal,H160,=+H24,1
Sal,I160,=+I24,1
Sal,J160,=+J24,1
Sal,K160,=+K24,1
Sal,L160,=+L24,1
Sal,M160,=+M24,1
Sal,N160,=+N24,1
Sal,O160,=+O24,1
Sal,P160,=SUM(D160:O160),1
Sal,B161,=+B167,1
Sal,D161,=+D25,1
Sal,E161,=+E25,1
Sal,F161,=+F25,1
Sal,G161,=+G25,1
Sal,H161,=+H25,1
Sal,I161,=+I25,1
Sal,J161,=+J25,1
Sal,K161,=+K25,1
Sal,L161,=+L25,1
Sal,M161,=+M25,1
Sal,N161,=+N25,1
Sal,O161,=+O25,1
Sal,P161,=SUM(D161:O161),1
Sal,D162,=-D160*1%,1
Sal,E162,=-E160*1%,1
Sal,F162,=-F160*1%,1
Sal,G162,=-G160*1%,1
Sal,H162,=-H160*1%,1
Sal,I162,=-I160*1%,1
Sal,J162,=-J160*1%,1
Sal,K162,=-K160*1%,1
Sal,L162,=-L160*1%,1
Sal,M162,=-M160*1%,1
Sal,N162,=-N160*1%,1
Sal,O162,=-O160*1%,1
Sal,P162,=SUM(D162:O162),1
Sal,D163,=-$C$164*2000,1
Sal,E163,=-$C$164*2000,1
Sal,F163,=-$C$164*2000,1
Sal,G163,=-$C$164*2000,1
Sal,H163,=-$C$164*2000,1
Sal,I163,=-$C$164*2000,1
Sal,J163,=-$C$164*2000,1
Sal,K163,=-$C$164*2000,1
Sal,L163,=-$C$164*2000,1
Sal,M163,=-$C$164*2000,1
Sal,N163,=-$C$164*2000,1
Sal,O163,=-$C$164*2000,1
Sal,P163,=+O163,1
Sal,C164,=+C24,1
Sal,D164,=-SUM(D160:D163),1
Sal,E164,=-SUM(E160:E163),1
Sal,F164,=-SUM(F160:F163),1
Sal,G164,=-SUM(G160:G163),1
Sal,H164,=-SUM(H160:H163),1
Sal,I164,=-SUM(I160:I163),1
Sal,J164,=-SUM(J160:J163),1
Sal,K164,=-SUM(K160:K163),1
Sal,L164,=-SUM(L160:L163),1
Sal,M164,=-SUM(M160:M163),1
Sal,N164,=-SUM(N160:N163),1
Sal,O164,=-SUM(O160:O163),1
Sal,P164,=SUM(D164:O164),1
Sal,D166,=+D158,1
Sal,E166,=+E158,1
Sal,F166,=+F158,1
Sal,G166,=+G158,1
Sal,H166,=+H158,1
Sal,I166,=+I158,1
Sal,J166,=+J158,1
Sal,K166,=+K158,1
Sal,L166,=+L158,1
Sal,M166,=+M158,1
Sal,N166,=+N158,1
Sal,O166,=+O158,1
Sal,P166,=SUM(D166:O166),1
Sal,D167,=+D166*0.18,1
Sal,E167,=+E166*0.18,1
Sal,F167,=+F166*0.18,1
Sal,G167,=+G166*0.18,1
Sal,H167,=+H166*0.18,1
Sal,I167,=+I166*0.18,1
Sal,J167,=+J166*0.18,1
Sal,K167,=+K166*0.18,1
Sal,L167,=+L166*0.18,1
Sal,M167,=+M166*0.18,1
Sal,N167,=+N166*0.18,1
Sal,O167,=+O166*0.18,1
Sal,P167,=SUM(D167:O167),1
Sal,D168,=-D167/8,1
Sal,E168,=-E167/8,1
Sal,F168,=-F167/8,1
Sal,G168,=-G167/8,1
Sal,H168,=-H167/8,1
Sal,I168,=-I167/8,1
Sal,J168,=-J167/8,1
Sal,K168,=-K167/8,1
Sal,L168,=-L167/8,1
Sal,M168,=-M167/8,1
Sal,N168,=-N167/8,1
Sal,O168,=-O167/8,1
Sal,P168,=SUM(D168:O168),1
Sal,D169,=-D167,1
Sal,E169,=-E167,1
Sal,F169,=-F167,1
Sal,G169,=-G167,1
Sal,H169,=-H167,1
Sal,I169,=-I167,1
Sal,J169,=-J167,1
Sal,K169,=-K167,1
Sal,L169,=-L167,1
Sal,M169,=-M167,1
Sal,N169,=-N167,1
Sal,O169,=-O167,1
Sal,P169,=SUM(D169:O169),1
Sal,D170,=-D166*18%,1
Sal,E170,=-E166*18%,1
Sal,F170,=-F166*18%,1
Sal,G170,=-G166*18%,1
Sal,H170,=-H166*18%,1
Sal,I170,=-I166*18%,1
Sal,J170,=-J166*18%,1
Sal,K170,=-K166*18%,1
Sal,L170,=-L166*18%,1
Sal,M170,=-M166*18%,1
Sal,N170,=-N166*18%,1
Sal,O170,=-O166*18%,1
Sal,P170,=SUM(D170:O170),1
Sal,C171,=+C164+C158,2
Sal,D171,=-SUM(D166:D170),1
Sal,E171,=-SUM(E166:E170),1
Sal,F171,=-SUM(F166:F170),1
Sal,G171,=-SUM(G166:G170),1
Sal,H171,=-SUM(H166:H170),1
Sal,I171,=-SUM(I166:I170),1
Sal,J171,=-SUM(J166:J170),1
Sal,K171,=-SUM(K166:K170),1
Sal,L171,=-SUM(L166:L170),1
Sal,M171,=-SUM(M166:M170),1
Sal,N171,=-SUM(N166:N170),1
Sal,O171,=-SUM(O166:O170),1
Sal,P171,=SUM(D171:O171),1
Sal,D173,=+D73,1
Sal,E173,=+E73,1
Sal,F173,=+F73,1
Sal,G173,=+G73,1
Sal,H173,=+H73,1
Sal,I173,=+I73,1
Sal,J173,=+J73,1
Sal,K173,=+K73,1
Sal,L173,=+L73,1
Sal,M173,=+M73,1
Sal,N173,=+N73,1
Sal,O173,=+O73,1
Sal,P173,=+P73,1
Sal,D174,=+D176+D177,2
Sal,E174,=+E176+E177,2
Sal,F174,=+F176+F177,2
Sal,G174,=+G176+G177,2
Sal,H174,=+H176+H177,2
Sal,I174,=+I176+I177,2
Sal,J174,=+J176+J177,2
Sal,K174,=+K176+K177,2
Sal,L174,=+L176+L177,2
Sal,M174,=+M176+M177,2
Sal,N174,=+N176+N177,2
Sal,O174,=+O176+O177,2
Sal,P174,=+P176+P177,2
Sal,D176,=+D160+D166,2
Sal,E176,=+E160+E166,2
Sal,F176,=+F160+F166,2
Sal,G176,=+G160+G166,2
Sal,H176,=+H160+H166,2
Sal,I176,=+I160+I166,2
Sal,J176,=+J160+J166,2
Sal,K176,=+K160+K166,2
Sal,L176,=+L160+L166,2
Sal,M176,=+M160+M166,2
Sal,N176,=+N160+N166,2
Sal,O176,=+O160+O166,2
Sal,P176,=SUM(D176:O176),1
Sal,D177,=+D161+D167,2
Sal,E177,=+E161+E167,2
Sal,F177,=+F161+F167,2
Sal,G177,=+G161+G167,2
Sal,H177,=+H161+H167,2
Sal,I177,=+I161+I167,2
Sal,J177,=+J161+J167,2
Sal,K177,=+K161+K167,2
Sal,L177,=+L161+L167,2
Sal,M177,=+M161+M167,2
Sal,N177,=+N161+N167,2
Sal,O177,=+O161+O167,2
Sal,P177,=SUM(D177:O177),1
Sal,D178,=+D162+D168,2
Sal,E178,=+E162+E168,2
Sal,F178,=+F162+F168,2
Sal,G178,=+G162+G168,2
Sal,H178,=+H162+H168,2
Sal,I178,=+I162+I168,2
Sal,J178,=+J162+J168,2
Sal,K178,=+K162+K168,2
Sal,L178,=+L162+L168,2
Sal,M178,=+M162+M168,2
Sal,N178,=+N162+N168,2
Sal,O178,=+O162+O168,2
Sal,P178,=SUM(D178:O178),1
Sal,D179,=+D169,1
Sal,E179,=+E169,1
Sal,F179,=+F169,1
Sal,G179,=+G169,1
Sal,H179,=+H169,1
Sal,I179,=+I169,1
Sal,J179,=+J169,1
Sal,K179,=+K169,1
Sal,L179,=+L169,1
Sal,M179,=+M169,1
Sal,N179,=+N169,1
Sal,O179,=+O169,1
Sal,P179,=SUM(D179:O179),1
Sal,D180,=+D163+D170,2
Sal,E180,=+E163+E170,2
Sal,F180,=+F163+F170,2
Sal,G180,=+G163+G170,2
Sal,H180,=+H163+H170,2
Sal,I180,=+I163+I170,2
Sal,J180,=+J163+J170,2
Sal,K180,=+K163+K170,2
Sal,L180,=+L163+L170,2
Sal,M180,=+M163+M170,2
Sal,N180,=+N163+N170,2
Sal,O180,=+O163+O170,2
Sal,P180,=SUM(D180:O180),1
Sal,D181,=D164+D171,2
Sal,E181,=E164+E171,2
Sal,F181,=F164+F171,2
Sal,G181,=G164+G171,2
Sal,H181,=H164+H171,2
Sal,I181,=I164+I171,2
Sal,J181,=J164+J171,2
Sal,K181,=K164+K171,2
Sal,L181,=L164+L171,2
Sal,M181,=M164+M171,2
Sal,N181,=N164+N171,2
Sal,O181,=O164+O171,2
Sal,P181,=SUM(D181:O181),1
Sal,D183,"=SUMIF($Q$24:$Q$157,""F"",D24:D157)",2
Sal,E183,"=SUMIF($Q$24:$Q$157,""F"",E24:E157)",2
Sal,F183,"=SUMIF($Q$24:$Q$157,""F"",F24:F157)",2
Sal,G183,"=SUMIF($Q$24:$Q$157,""F"",G24:G157)",2
Sal,H183,"=SUMIF($Q$24:$Q$157,""F"",H24:H157)",2
Sal,I183,"=SUMIF($Q$24:$Q$157,""F"",I24:I157)",2
Sal,J183,"=SUMIF($Q$24:$Q$157,""F"",J24:J157)",2
Sal,K183,"=SUMIF($Q$24:$Q$157,""F"",K24:K157)",2
Sal,L183,"=SUMIF($Q$24:$Q$157,""F"",L24:L157)",2
Sal,M183,"=SUMIF($Q$24:$Q$157,""F"",M24:M157)",2
Sal,N183,"=SUMIF($Q$24:$Q$157,""F"",N24:N157)",2
Sal,O183,"=SUMIF($Q$24:$Q$157,""F"",O24:O157)",2
Sal,P183,=SUM(D183:O183),1
Sal,Q183,"=SUMIF($Q$15:$Q$157,""F"",Q15:Q157)",2
Sal,D184,"=SUMIF($Q$24:$Q$157,""V"",D24:D157)",2
Sal,E184,"=SUMIF($Q$24:$Q$157,""V"",E24:E157)",2
Sal,F184,"=SUMIF($Q$24:$Q$157,""V"",F24:F157)",2
Sal,G184,"=SUMIF($Q$24:$Q$157,""V"",G24:G157)",2
Sal,H184,"=SUMIF($Q$24:$Q$157,""V"",H24:H157)",2
Sal,I184,"=SUMIF($Q$24:$Q$157,""V"",I24:I157)",2
Sal,J184,"=SUMIF($Q$24:$Q$157,""V"",J24:J157)",2
Sal,K184,"=SUMIF($Q$24:$Q$157,""V"",K24:K157)",2
Sal,L184,"=SUMIF($Q$24:$Q$157,""V"",L24:L157)",2
Sal,M184,"=SUMIF($Q$24:$Q$157,""V"",M24:M157)",2
Sal,N184,"=SUMIF($Q$24:$Q$157,""V"",N24:N157)",2
Sal,O184,"=SUMIF($Q$24:$Q$157,""V"",O24:O157)",2
Sal,P184,=SUM(D184:O184),1
Sal,Q184,"=SUMIF($Q$15:$Q$157,""V"",Q15:Q157)",2
Sal,D185,=+D183*0.18,1
Sal,E185,=+E183*0.18,1
Sal,F185,=+F183*0.18,1
Sal,G185,=+G183*0.18,1
Sal,H185,=+H183*0.18,1
Sal,I185,=+I183*0.18,1
Sal,J185,=+J183*0.18,1
Sal,K185,=+K183*0.18,1
Sal,L185,=+L183*0.18,1
Sal,M185,=+M183*0.18,1
Sal,N185,=+N183*0.18,1
Sal,O185,=+O183*0.18,1
Sal,P185,=SUM(D185:O185),1
Sal,Q185,=+Q183*0.18,1
Sal,D186,=(+D184-D24)*18%+D25,3
Sal,E186,=(+E184-E24)*18%+E25,3
Sal,F186,=(+F184-F24)*18%+F25,3
Sal,G186,=(+G184-G24)*18%+G25,3
Sal,H186,=(+H184-H24)*18%+H25,3
Sal,I186,=(+I184-I24)*18%+I25,3
Sal,J186,=(+J184-J24)*18%+J25,3
Sal,K186,=(+K184-K24)*18%+K25,3
Sal,L186,=(+L184-L24)*18%+L25,3
Sal,M186,=(+M184-M24)*18%+M25,3
Sal,N186,=(+N184-N24)*18%+N25,3
Sal,O186,=(+O184-O24)*18%+O25,3
Sal,P186,=SUM(D186:O186),1
Sal,Q186,=+Q184*1%,1
Sal,D187,=+D178+D179,2
Sal,E187,=+E178+E179,2
Sal,F187,=+F178+F179,2
Sal,G187,=+G178+G179,2
Sal,H187,=+H178+H179,2
Sal,I187,=+I178+I179,2
Sal,J187,=+J178+J179,2
Sal,K187,=+K178+K179,2
Sal,L187,=+L178+L179,2
Sal,M187,=+M178+M179,2
Sal,N187,=+N178+N179,2
Sal,O187,=+O178+O179,2
Sal,P187,=SUM(D187:O187),1
Sal,Q187,=+Q178+Q179,2
Sal,D188,=+D180,1
Sal,E188,=+E180,1
Sal,F188,=+F180,1
Sal,G188,=+G180,1
Sal,H188,=+H180,1
Sal,I188,=+I180,1
Sal,J188,=+J180,1
Sal,K188,=+K180,1
Sal,L188,=+L180,1
Sal,M188,=+M180,1
Sal,N188,=+N180,1
Sal,O188,=+O180,1
Sal,P188,=SUM(D188:O188),1
Sal,Q188,=+Q180,1
Sal,D189,=+D181,1
Sal,E189,=+E181,1
Sal,F189,=+F181,1
Sal,G189,=+G181,1
Sal,H189,=+H181,1
Sal,I189,=+I181,1
Sal,J189,=+J181,1
Sal,K189,=+K181,1
Sal,L189,=+L181,1
Sal,M189,=+M181,1
Sal,N189,=+N181,1
Sal,O189,=+O181,1
Sal,P189,=SUM(D189:O189),1
Sal,Q189,=+Q181,1
Sal,D191,=+D173,1
Sal,E191,=+E173,1
Sal,F191,=+F173,1
Sal,G191,=+G173,1
Sal,H191,=+H173,1
Sal,I191,=+I173,1
Sal,J191,=+J173,1
Sal,K191,=+K173,1
Sal,L191,=+L173,1
Sal,M191,=+M173,1
Sal,N191,=+N173,1
Sal,O191,=+O173,1
Sal,P191,=+P173,1
Sal,D192,=+C195,1
Sal,E192,=+D195,1
Sal,F192,=+E195,1
Sal,G192,=+F195,1
Sal,H192,=+G195,1
Sal,I192,=+H195,1
Sal,J192,=+I195,1
Sal,K192,=+J195,1
Sal,L192,=+K195,1
Sal,M192,=+L195,1
Sal,N192,=+M195,1
Sal,O192,=+N195,1
Sal,P192,=+D192,1
Sal,D193,=+D181,1
Sal,E193,=+E181,1
Sal,F193,=+F181,1
Sal,G193,=+G181,1
Sal,H193,=+H181,1
Sal,I193,=+I181,1
Sal,J193,=+J181,1
Sal,K193,=+K181,1
Sal,L193,=+L181,1
Sal,M193,=+M181,1
Sal,N193,=+N181,1
Sal,O193,=+O181,1
Sal,P193,=SUM(D193:O193),1
Sal,D194,=-D192-D193,2
Sal,E194,=-E193,1
Sal,F194,=-F193-F192*0.6,2
Sal,G194,=-G193-G192*0.6,2
Sal,H194,=-H193-H192*0.6,2
Sal,I194,=-I193-I192*0.6,2
Sal,J194,=-J193-J192*0.6,2
Sal,K194,=-K193-K192,2
Sal,L194,=-L193-L192,2
Sal,M194,=-M193-M192,2
Sal,N194,=-N193-N192,2
Sal,O194,=-O193-O192,2
Sal,P194,=SUM(D194:O194),1
Sal,C195,=+C130,1
Sal,D195,=+D192+D193+D194,3
Sal,E195,=+E192+E193+E194,3
Sal,F195,=+F192+F193+F194,3
Sal,G195,=+G192+G193+G194,3
Sal,H195,=+H192+H193+H194,3
Sal,I195,=+I192+I193+I194,3
Sal,J195,=+J192+J193+J194,3
Sal,K195,=+K192+K193+K194,3
Sal,L195,=+L192+L193+L194,3
Sal,M195,=+M192+M193+M194,3
Sal,N195,=+N192+N193+N194,3
Sal,O195,=+O192+O193+O194,3
Sal,P195,=+P192+P193+P194,3
Sal,P196,=+P192+P193+P194+P195,4
Sal,C197,=+C191,1
Sal,D197,=+D191,1
Sal,E197,=+E191,1
Sal,F197,=+F191,1
Sal,G197,=+G191,1
Sal,H197,=+H191,1
Sal,I197,=+I191,1
Sal,J197,=+J191,1
Sal,K197,=+K191,1
Sal,L197,=+L191,1
Sal,M197,=+M191,1
Sal,N197,=+N191,1
Sal,O197,=+O191,1
Sal,P197,=+P191,1
Sal,D198,=+C201,1
Sal,E198,=+D201,1
Sal,F198,=+E201,1
Sal,G198,=+F201,1
Sal,H198,=+G201,1
Sal,I198,=+H201,1
Sal,J198,=+I201,1
Sal,K198,=+J201,1
Sal,L198,=+K201,1
Sal,M198,=+L201,1
Sal,N198,=+M201,1
Sal,O198,=+N201,1
Sal,P198,=+D198,1
Sal,D199,=+D187,1
Sal,E199,=+E187,1
Sal,F199,=+F187,1
Sal,G199,=+G187,1
Sal,H199,=+H187,1
Sal,I199,=+I187,1
Sal,J199,=+J187,1
Sal,K199,=+K187,1
Sal,L199,=+L187,1
Sal,M199,=+M187,1
Sal,N199,=+N187,1
Sal,O199,=+O187,1
Sal,P199,=SUM(D199:O199),1
Sal,G200,=-SUM(D199:F199),1
Sal,J200,=-SUM(G199:I199),1
Sal,M200,=-J199-K199-L199,3
Sal,N200,=-N198-N199,2
Sal,P200,=SUM(D200:O200),1
Sal,C201,=+C131,1
Sal,D201,=+D198+D199+D200,3
Sal,E201,=+E198+E199+E200,3
Sal,F201,=+F198+F199+F200,3
Sal,G201,=+G198+G199+G200,3
Sal,H201,=+H198+H199+H200,3
Sal,I201,=+I198+I199+I200,3
Sal,J201,=+J198+J199+J200,3
Sal,K201,=+K198+K199+K200,3
Sal,L201,=+L198+L199+L200,3
Sal,M201,=+M198+M199+M200,3
Sal,N201,=+N198+N199+N200,3
Sal,O201,=+O198+O199+O200,3
Sal,P201,=+P198+P199+P200,3
Sal,B203,=+B132,1
Sal,C203,=+C197,1
Sal,D203,=+D197,1
Sal,E203,=+E197,1
Sal,F203,=+F197,1
Sal,G203,=+G197,1
Sal,H203,=+H197,1
Sal,I203,=+I197,1
Sal,J203,=+J197,1
Sal,K203,=+K197,1
Sal,L203,=+L197,1
Sal,M203,=+M197,1
Sal,N203,=+N197,1
Sal,O203,=+O197,1
Sal,P203,=+P197,1
Sal,D204,=+C207,1
Sal,E204,=+D207,1
Sal,F204,=+E207,1
Sal,G204,=+F207,1
Sal,H204,=+G207,1
Sal,I204,=+H207,1
Sal,J204,=+I207,1
Sal,K204,=+J207,1
Sal,L204,=+K207,1
Sal,M204,=+L207,1
Sal,N204,=+M207,1
Sal,O204,=+N207,1
Sal,P204,=+D204,1
Sal,P205,=SUM(H205:O205),1
Sal,P206,=SUM(H206:O206),1
Sal,C207,=+C132,1
Sal,D207,=+D204+D205+D206,3
Sal,E207,=+E204+E205+E206,3
Sal,F207,=+F204+F205+F206,3
Sal,G207,=+G204+G205+G206,3
Sal,H207,=+H204+H205+H206,3
Sal,I207,=+I204+I205+I206,3
Sal,J207,=+J204+J205+J206,3
Sal,K207,=+K204+K205+K206,3
Sal,L207,=+L204+L205+L206,3
Sal,M207,=+M204+M205+M206,3
Sal,N207,=+N204+N205+N206,3
Sal,O207,=+O204+O205+O206,3
Sal,P207,=+P204+P205+P206,3
Sal,C209,=+C203,1
Sal,D209,=+D203,1
Sal,E209,=+E203,1
Sal,F209,=+F203,1
Sal,G209,=+G203,1
Sal,H209,=+H203,1
Sal,I209,=+I203,1
Sal,J209,=+J203,1
Sal,K209,=+K203,1
Sal,L209,=+L203,1
Sal,M209,=+M203,1
Sal,N209,=+N203,1
Sal,O209,=+O203,1
Sal,P209,=+P203,1
Sal,D210,=+C213,1
Sal,E210,=+D213,1
Sal,F210,=+E213,1
Sal,G210,=+F213,1
Sal,H210,=+G213,1
Sal,I210,=+H213,1
Sal,J210,=+I213,1
Sal,K210,=+J213,1
Sal,L210,=+K213,1
Sal,M210,=+L213,1
Sal,N210,=+M213,1
Sal,O210,=+N213,1
Sal,P210,=+D210,1
Sal,D211,=+D188,1
Sal,E211,=+E188,1
Sal,F211,=+F188,1
Sal,G211,=+G188,1
Sal,H211,=+H188,1
Sal,I211,=+I188,1
Sal,J211,=+J188,1
Sal,K211,=+K188,1
Sal,L211,=+L188,1
Sal,M211,=+M188,1
Sal,N211,=+N188,1
Sal,O211,=+O188,1
Sal,P211,=SUM(D211:O211),1
Sal,E212,=-E210,1
Sal,F212,=-F210,1
Sal,G212,=-G210,1
Sal,H212,=-H210,1
Sal,I212,=-I210,1
Sal,J212,=-J210,1
Sal,K212,=-K210,1
Sal,L212,=-L210,1
Sal,M212,=-M210,1
Sal,N212,=-N210,1
Sal,O212,=-O210,1
Sal,P212,=SUM(D212:O212),1
Sal,C213,=+C133,1
Sal,D213,=+D210+D211+D212,3
Sal,E213,=+E210+E211+E212,3
Sal,F213,=+F210+F211+F212,3
Sal,G213,=+G210+G211+G212,3
Sal,H213,=+H210+H211+H212,3
Sal,I213,=+I210+I211+I212,3
Sal,J213,=+J210+J211+J212,3
Sal,K213,=+K210+K211+K212,3
Sal,L213,=+L210+L211+L212,3
Sal,M213,=+M210+M211+M212,3
Sal,N213,=+N210+N211+N212,3
Sal,O213,=+O210+O211+O212,3
Sal,P213,=+P210+P211+P212,3
Détails Achats direct,D3,=+'Besoins en micas'!C43,1
Détails Achats direct,E3,=+'Besoins en micas'!D43,1
Détails Achats direct,F3,=+'Besoins en micas'!E43,1
Détails Achats direct,G3,=+'Besoins en micas'!F43,1
Détails Achats direct,H3,=+'Besoins en micas'!G43,1
Détails Achats direct,I3,=+'Besoins en micas'!H43,1
Détails Achats direct,J3,=+'Besoins en micas'!I43,1
Détails Achats direct,K3,=+'Besoins en micas'!J43,1
Détails Achats direct,L3,=+'Besoins en micas'!K43,1
Détails Achats direct,M3,=+'Besoins en micas'!L43,1
Détails Achats direct,N3,=+'Besoins en micas'!M43,1
Détails Achats direct,O3,=+'Besoins en micas'!N43,1
Détails Achats direct,P3,=+'Besoins en micas'!O43,1
Détails Achats direct,C4,=+'Besoins en micas'!B60,1
Détails Achats direct,D4,=+'Besoins en micas'!C60,1
Détails Achats direct,E4,=+'Besoins en micas'!D60,1
Détails Achats direct,F4,=+'Besoins en micas'!E60,1
Détails Achats direct,G4,=+'Besoins en micas'!F60,1
Détails Achats direct,H4,=+'Besoins en micas'!G60,1
Détails Achats direct,I4,=+'Besoins en micas'!H60,1
Détails Achats direct,J4,=+'Besoins en micas'!I60,1
Détails Achats direct,K4,=+'Besoins en micas'!J60,1
Détails Achats direct,L4,=+'Besoins en micas'!K60,1
Détails Achats direct,M4,=+'Besoins en micas'!L60,1
Détails Achats direct,N4,=+'Besoins en micas'!M60,1
Détails Achats direct,O4,=+'Besoins en micas'!N60,1
Détails Achats direct,P4,=SUM(D4:O4),1
Détails Achats direct,C5,=+'Besoins en micas'!B61,1
Détails Achats direct,D5,=+'Besoins en micas'!C61,1
Détails Achats direct,E5,=+'Besoins en micas'!D61,1
Détails Achats direct,F5,=+'Besoins en micas'!E61,1
Détails Achats direct,G5,=+'Besoins en micas'!F61,1
Détails Achats direct,H5,=+'Besoins en micas'!G61,1
Détails Achats direct,I5,=+'Besoins en micas'!H61,1
Détails Achats direct,J5,=+'Besoins en micas'!I61,1
Détails Achats direct,K5,=+'Besoins en micas'!J61,1
Détails Achats direct,L5,=+'Besoins en micas'!K61,1
Détails Achats direct,M5,=+'Besoins en micas'!L61,1
Détails Achats direct,N5,=+'Besoins en micas'!M61,1
Détails Achats direct,O5,=+'Besoins en micas'!N61,1
Détails Achats direct,P5,=SUM(D5:O5),1
Détails Achats direct,C6,=+'Besoins en micas'!B62,1
Détails Achats direct,D6,=+'Besoins en micas'!C62,1
Détails Achats direct,E6,=+'Besoins en micas'!D62,1
Détails Achats direct,F6,=+'Besoins en micas'!E62,1
Détails Achats direct,G6,=+'Besoins en micas'!F62,1
Détails Achats direct,H6,=+'Besoins en micas'!G62,1
Détails Achats direct,I6,=+'Besoins en micas'!H62,1
Détails Achats direct,J6,=+'Besoins en micas'!I62,1
Détails Achats direct,K6,=+'Besoins en micas'!J62,1
Détails Achats direct,L6,=+'Besoins en micas'!K62,1
Détails Achats direct,M6,=+'Besoins en micas'!L62,1
Détails Achats direct,N6,=+'Besoins en micas'!M62,1
Détails Achats direct,O6,=+'Besoins en micas'!N62,1
Détails Achats direct,P6,=SUM(D6:O6),1
Détails Achats direct,C7,=+'Besoins en micas'!B63,1
Détails Achats direct,D7,=+'Besoins en micas'!C63,1
Détails Achats direct,E7,=+'Besoins en micas'!D63,1
Détails Achats direct,F7,=+'Besoins en micas'!E63,1
Détails Achats direct,G7,=+'Besoins en micas'!F63,1
Détails Achats direct,H7,=+'Besoins en micas'!G63,1
Détails Achats direct,I7,=+'Besoins en micas'!H63,1
Détails Achats direct,J7,=+'Besoins en micas'!I63,1
Détails Achats direct,K7,=+'Besoins en micas'!J63,1
Détails Achats direct,L7,=+'Besoins en micas'!K63,1
Détails Achats direct,M7,=+'Besoins en micas'!L63,1
Détails Achats direct,N7,=+'Besoins en micas'!M63,1
Détails Achats direct,O7,=+'Besoins en micas'!N63,1
Détails Achats direct,P7,=SUM(D7:O7),1
Détails Achats direct,C8,=+'Besoins en micas'!B64,1
Détails Achats direct,D8,=SUM(D4:D7),1
Détails Achats direct,E8,=SUM(E4:E7),1
Détails Achats direct,F8,=SUM(F4:F7),1
Détails Achats direct,G8,=SUM(G4:G7),1
Détails Achats direct,H8,=SUM(H4:H7),1
Détails Achats direct,I8,=SUM(I4:I7),1
Détails Achats direct,J8,=SUM(J4:J7),1
Détails Achats direct,K8,=SUM(K4:K7),1
Détails Achats direct,L8,=SUM(L4:L7),1
Détails Achats direct,M8,=SUM(M4:M7),1
Détails Achats direct,N8,=SUM(N4:N7),1
Détails Achats direct,O8,=SUM(O4:O7),1
Détails Achats direct,P8,=SUM(D8:O8),1
Détails Achats direct,C9,=+'Besoins en micas'!B65,1
Détails Achats direct,D9,=+'Besoins en micas'!C65,1
Détails Achats direct,E9,=+'Besoins en micas'!D65,1
Détails Achats direct,F9,=+'Besoins en micas'!E65,1
Détails Achats direct,G9,=+'Besoins en micas'!F65,1
Détails Achats direct,H9,=+'Besoins en micas'!G65,1
Détails Achats direct,I9,=+'Besoins en micas'!H65,1
Détails Achats direct,J9,=+'Besoins en micas'!I65,1
Détails Achats direct,K9,=+'Besoins en micas'!J65,1
Détails Achats direct,L9,=+'Besoins en micas'!K65,1
Détails Achats direct,M9,=+'Besoins en micas'!L65,1
Détails Achats direct,N9,=+'Besoins en micas'!M65,1
Détails Achats direct,O9,=+'Besoins en micas'!N65,1
Détails Achats direct,P9,=SUM(D9:O9),1
Détails Achats direct,C10,=+'Besoins en micas'!B66,1
Détails Achats direct,D10,=+'Besoins en micas'!C66,1
Détails Achats direct,E10,=+'Besoins en micas'!D66,1
Détails Achats direct,F10,=+'Besoins en micas'!E66,1
Détails Achats direct,G10,=+'Besoins en micas'!F66,1
Détails Achats direct,H10,=+'Besoins en micas'!G66,1
Détails Achats direct,I10,=+'Besoins en micas'!H66,1
Détails Achats direct,J10,=+'Besoins en micas'!I66,1
Détails Achats direct,K10,=+'Besoins en micas'!J66,1
Détails Achats direct,L10,=+'Besoins en micas'!K66,1
Détails Achats direct,M10,=+'Besoins en micas'!L66,1
Détails Achats direct,N10,=+'Besoins en micas'!M66,1
Détails Achats direct,O10,=+'Besoins en micas'!N66,1
Détails Achats direct,P10,=SUM(D10:O10),1
Détails Achats direct,C11,=+'Besoins en micas'!B67,1
Détails Achats direct,D11,=+'Besoins en micas'!C67,1
Détails Achats direct,E11,=+'Besoins en micas'!D67,1
Détails Achats direct,F11,=+'Besoins en micas'!E67,1
Détails Achats direct,G11,=+'Besoins en micas'!F67,1
Détails Achats direct,H11,=+'Besoins en micas'!G67,1
Détails Achats direct,I11,=+'Besoins en micas'!H67,1
Détails Achats direct,J11,=+'Besoins en micas'!I67,1
Détails Achats direct,K11,=+'Besoins en micas'!J67,1
Détails Achats direct,L11,=+'Besoins en micas'!K67,1
Détails Achats direct,M11,=+'Besoins en micas'!L67,1
Détails Achats direct,N11,=+'Besoins en micas'!M67,1
Détails Achats direct,O11,=+'Besoins en micas'!N67,1
Détails Achats direct,P11,=SUM(D11:O11),1
Détails Achats direct,C12,=+'Besoins en micas'!B68,1
Détails Achats direct,D12,=+'Besoins en micas'!C68,1
Détails Achats direct,E12,=+'Besoins en micas'!D68,1
Détails Achats direct,F12,=+'Besoins en micas'!E68,1
Détails Achats direct,G12,=+'Besoins en micas'!F68,1
Détails Achats direct,H12,=+'Besoins en micas'!G68,1
Détails Achats direct,I12,=+'Besoins en micas'!H68,1
Détails Achats direct,J12,=+'Besoins en micas'!I68,1
Détails Achats direct,K12,=+'Besoins en micas'!J68,1
Détails Achats direct,L12,=+'Besoins en micas'!K68,1
Détails Achats direct,M12,=+'Besoins en micas'!L68,1
Détails Achats direct,N12,=+'Besoins en micas'!M68,1
Détails Achats direct,O12,=+'Besoins en micas'!N68,1
Détails Achats direct,P12,=SUM(D12:O12),1
Détails Achats direct,C13,=+'Besoins en micas'!B69,1
Détails Achats direct,D13,=SUM(D9:D12),1
Détails Achats direct,E13,=SUM(E9:E12),1
Détails Achats direct,F13,=SUM(F9:F12),1
Détails Achats direct,G13,=SUM(G9:G12),1
Détails Achats direct,H13,=SUM(H9:H12),1
Détails Achats direct,I13,=SUM(I9:I12),1
Détails Achats direct,J13,=SUM(J9:J12),1
Détails Achats direct,K13,=SUM(K9:K12),1
Détails Achats direct,L13,=SUM(L9:L12),1
Détails Achats direct,M13,=SUM(M9:M12),1
Détails Achats direct,N13,=SUM(N9:N12),1
Détails Achats direct,O13,=SUM(O9:O12),1
Détails Achats direct,P13,=SUM(D13:O13),1
Détails Achats direct,D14,=+'Besoins en micas'!C70,1
Détails Achats direct,E14,=+'Besoins en micas'!D70,1
Détails Achats direct,F14,=+'Besoins en micas'!E70,1
Détails Achats direct,G14,=+'Besoins en micas'!F70,1
Détails Achats direct,H14,=+'Besoins en micas'!G70,1
Détails Achats direct,I14,=+'Besoins en micas'!H70,1
Détails Achats direct,J14,=+'Besoins en micas'!I70,1
Détails Achats direct,K14,=+'Besoins en micas'!J70,1
Détails Achats direct,L14,=+'Besoins en micas'!K70,1
Détails Achats direct,M14,=+'Besoins en micas'!L70,1
Détails Achats direct,N14,=+'Besoins en micas'!M70,1
Détails Achats direct,O14,=+'Besoins en micas'!N70,1
Détails Achats direct,P14,=SUM(D14:O14),1
Détails Achats direct,C15,=+'Besoins en micas'!B71,1
Détails Achats direct,D15,=+D13+D8+D14,3
Détails Achats direct,E15,=+E13+E8+E14,3
Détails Achats direct,F15,=+F13+F8+F14,3
Détails Achats direct,G15,=+G13+G8+G14,3
Détails Achats direct,H15,=+H13+H8+H14,3
Détails Achats direct,I15,=+I13+I8+I14,3
Détails Achats direct,J15,=+J13+J8+J14,3
Détails Achats direct,K15,=+K13+K8+K14,3
Détails Achats direct,L15,=+L13+L8+L14,3
Détails Achats direct,M15,=+M13+M8+M14,3
Détails Achats direct,N15,=+N13+N8+N14,3
Détails Achats direct,O15,=+O13+O8+O14,3
Détails Achats direct,P15,=SUM(D15:O15),1
Détails Achats direct,Q15,=+P15-'Besoins en micas'!O109,2
Détails Achats direct,F18,=+D18*1.2,1
Détails Achats direct,F19,=+D19*1.2,1
Détails Achats direct,C21,=+C3,1
Détails Achats direct,D21,=+D3,1
Détails Achats direct,E21,=+E3,1
Détails Achats direct,F21,=+F3,1
Détails Achats direct,G21,=+G3,1
Détails Achats direct,H21,=+H3,1
Détails Achats direct,I21,=+I3,1
Détails Achats direct,J21,=+J3,1
Détails Achats direct,K21,=+K3,1
Détails Achats direct,L21,=+L3,1
Détails Achats direct,M21,=+M3,1
Détails Achats direct,N21,=+N3,1
Détails Achats direct,O21,=+O3,1
Détails Achats direct,P21,=+P3,1
Détails Achats direct,D22,=+SUM(Production!D9:D11),1
Détails Achats direct,E22,=+SUM(Production!E9:E11),1
Détails Achats direct,F22,=+SUM(Production!F9:F11),1
Détails Achats direct,G22,=+SUM(Production!G9:G11),1
Détails Achats direct,H22,=+SUM(Production!H9:H11),1
Détails Achats direct,I22,=+SUM(Production!I9:I11),1
Détails Achats direct,J22,=+SUM(Production!J9:J11),1
Détails Achats direct,K22,=+SUM(Production!K9:K11),1
Détails Achats direct,L22,=+SUM(Production!L9:L11),1
Détails Achats direct,M22,=+SUM(Production!M9:M11),1
Détails Achats direct,N22,=+SUM(Production!N9:N11),1
Détails Achats direct,O22,=+SUM(Production!O9:O11),1
Détails Achats direct,P22,=SUM(D22:O22),1
Détails Achats direct,D24,=+D22/50,1
Détails Achats direct,E24,=+E22/50,1
Détails Achats direct,F24,=+F22/50,1
Détails Achats direct,G24,=+G22/50,1
Détails Achats direct,H24,=+H22/50,1
Détails Achats direct,I24,=+I22/50,1
Détails Achats direct,J24,=+J22/50,1
Détails Achats direct,K24,=+K22/50,1
Détails Achats direct,L24,=+L22/50,1
Détails Achats direct,M24,=+M22/50,1
Détails Achats direct,N24,=+N22/50,1
Détails Achats direct,O24,=+O22/50,1
Détails Achats direct,P24,=SUM(D24:O24),1
Détails Achats direct,C25,=+C19,1
Détails Achats direct,D25,=((+Production!D19+Production!D20+Production!D26+Production!D27))/50,4
Détails Achats direct,E25,=((+Production!E19+Production!E20+Production!E26+Production!E27))/50,4
Détails Achats direct,F25,=((+Production!F19+Production!F20+Production!F26+Production!F27))/50,4
Détails Achats direct,G25,=((+Production!G19+Production!G20+Production!G26+Production!G27))/50,4
Détails Achats direct,H25,=((+Production!H19+Production!H20+Production!H26+Production!H27))/50,4
Détails Achats direct,I25,=((+Production!I19+Production!I20+Production!I26+Production!I27))/50,4
Détails Achats direct,J25,=((+Production!J19+Production!J20+Production!J26+Production!J27))/50,4
Détails Achats direct,K25,=((+Production!K19+Production!K20+Production!K26+Production!K27))/50,4
Détails Achats direct,L25,=((+Production!L19+Production!L20+Production!L26+Production!L27))/50,4
Détails Achats direct,M25,=((+Production!M19+Production!M20+Production!M26+Production!M27))/50,4
Détails Achats direct,N25,=((+Production!N19+Production!N20+Production!N26+Production!N27))/50,4
Détails Achats direct,O25,=((+Production!O19+Production!O20+Production!O26+Production!O27))/50,4
Détails Achats direct,D26,=+D24*$D$18+D25*$D$19,4
Détails Achats direct,E26,=+E24*$D$18+E25*$D$19,4
Détails Achats direct,F26,=+F24*$D$18+F25*$D$19,4
Détails Achats direct,G26,=+G24*$D$18+G25*$D$19,4
Détails Achats direct,H26,=+H24*$D$18+H25*$D$19,4
Détails Achats direct,I26,=+I24*$D$18+I25*$D$19,4
Détails Achats direct,J26,=+J24*$D$18+J25*$D$19,4
Détails Achats direct,K26,=+K24*$D$18+K25*$D$19,4
Détails Achats direct,L26,=+L24*$D$18+L25*$D$19,4
Détails Achats direct,M26,=+M24*$D$18+M25*$D$19,4
Détails Achats direct,N26,=+N24*$D$18+N25*$D$19,4
Détails Achats direct,O26,=+O24*$D$18+O25*$D$19,4
Détails Achats direct,P26,=+P24*$D$18,2
Détails Achats direct,D29,=+D21,1
Détails Achats direct,E29,=+E21,1
Détails Achats direct,F29,=+F21,1
Détails Achats direct,G29,=+G21,1
Détails Achats direct,H29,=+H21,1
Détails Achats direct,I29,=+I21,1
Détails Achats direct,J29,=+J21,1
Détails Achats direct,K29,=+K21,1
Détails Achats direct,L29,=+L21,1
Détails Achats direct,M29,=+M21,1
Détails Achats direct,N29,=+N21,1
Détails Achats direct,O29,=+O21,1
Détails Achats direct,P29,=+P21,1
Détails Achats direct,D31,=430000*3,0
Détails Achats direct,E31,=430000*3,0
Détails Achats direct,F31,=430000*3,0
Détails Achats direct,G31,=430000*3,0
Détails Achats direct,H31,=430000*3,0
Détails Achats direct,I31,=430000*3,0
Détails Achats direct,J31,=430000*3,0
Détails Achats direct,K31,=430000*3,0
Détails Achats direct,L31,=430000*3,0
Détails Achats direct,M31,=430000*3,0
Détails Achats direct,N31,=430000*3,0
Détails Achats direct,O31,=+N31,1
Détails Achats direct,P31,=SUM(D31:O31),1
Détails Achats direct,D32,=+D31*0.1,1
Détails Achats direct,E32,=+E31*0.1,1
Détails Achats direct,F32,=+F31*0.1,1
Détails Achats direct,G32,=+G31*0.1,1
Détails Achats direct,H32,=+H31*0.1,1
Détails Achats direct,I32,=+I31*0.1,1
Détails Achats direct,J32,=+J31*0.1,1
Détails Achats direct,K32,=+K31*0.1,1
Détails Achats direct,L32,=+L31*0.1,1
Détails Achats direct,M32,=+M31*0.1,1
Détails Achats direct,N32,=+N31*0.1,1
Détails Achats direct,O32,=+O31*0.1,1
Détails Achats direct,P32,=SUM(D32:O32),1
Détails Achats direct,E34,=+D34,1
Détails Achats direct,F34,=+E34,1
Détails Achats direct,G34,=+F34,1
Détails Achats direct,H34,=+G34,1
Détails Achats direct,I34,=+H34,1
Détails Achats direct,J34,=+I34,1
Détails Achats direct,K34,=+J34,1
Détails Achats direct,L34,=+K34,1
Détails Achats direct,M34,=+L34,1
Détails Achats direct,N34,=+M34,1
Détails Achats direct,O34,=+N34,1
Détails Achats direct,P34,=SUM(D34:O34),1
Détails Achats direct,E35,=+D35,1
Détails Achats direct,F35,=+E35,1
Détails Achats direct,G35,=+F35,1
Détails Achats direct,H35,=+G35,1
Détails Achats direct,I35,=+H35,1
Détails Achats direct,J35,=+I35,1
Détails Achats direct,K35,=+J35,1
Détails Achats direct,L35,=+K35,1
Détails Achats direct,M35,=+L35,1
Détails Achats direct,N35,=+M35,1
Détails Achats direct,O35,=+N35,1
Détails Achats direct,P35,=SUM(D35:O35),1
Détails Achats direct,D36,=(+Détails!B92*3)*2,1
Détails Achats direct,E36,=+D36,1
Détails Achats direct,F36,=+E36,1
Détails Achats direct,G36,=+F36,1
Détails Achats direct,H36,=+G36,1
Détails Achats direct,I36,=+H36,1
Détails Achats direct,J36,=+I36,1
Détails Achats direct,K36,=+J36,1
Détails Achats direct,L36,=+K36,1
Détails Achats direct,M36,=+L36,1
Détails Achats direct,N36,=+M36,1
Détails Achats direct,O36,=+N36,1
Détails Achats direct,P36,=SUM(D36:O36),1
Détails Achats direct,E37,=+D37,1
Détails Achats direct,F37,=+E37,1
Détails Achats direct,G37,=+F37,1
Détails Achats direct,H37,=+G37,1
Détails Achats direct,O37,=+I37,1
Détails Achats direct,P37,=SUM(D37:O37),1
Détails Achats direct,D38,=(660000/2)*2,0
Détails Achats direct,E38,=+D38,1
Détails Achats direct,F38,=+E38,1
Détails Achats direct,G38,=+F38,1
Détails Achats direct,H38,=+G38,1
Détails Achats direct,I38,=+H38,1
Détails Achats direct,J38,=+I38,1
Détails Achats direct,K38,=+J38,1
Détails Achats direct,L38,=+K38,1
Détails Achats direct,M38,=+L38,1
Détails Achats direct,N38,=+M38,1
Détails Achats direct,O38,=+N38,1
Détails Achats direct,P38,=SUM(D38:O38),1
Détails Achats direct,E39,=+D39,1
Détails Achats direct,F39,=+E39,1
Détails Achats direct,G39,=+F39,1
Détails Achats direct,H39,=+G39,1
Détails Achats direct,I39,=+H39,1
Détails Achats direct,J39,=+I39,1
Détails Achats direct,K39,=+J39,1
Détails Achats direct,L39,=+K39,1
Détails Achats direct,M39,=+L39,1
Détails Achats direct,N39,=+M39,1
Détails Achats direct,O39,=+N39,1
Détails Achats direct,P39,=SUM(D39:O39),1
Détails Achats direct,E40,=+D40,1
Détails Achats direct,F40,=+E40,1
Détails Achats direct,G40,=+F40,1
Détails Achats direct,H40,=+G40,1
Détails Achats direct,I40,=+H40,1
Détails Achats direct,J40,=+I40,1
Détails Achats direct,K40,=+J40,1
Détails Achats direct,L40,=+K40,1
Détails Achats direct,M40,=+L40,1
Détails Achats direct,N40,=+M40,1
Détails Achats direct,O40,=+N40,1
Détails Achats direct,P40,=SUM(D40:O40),1
Détails Achats direct,E41,=+D41,1
Détails Achats direct,F41,=+E41,1
Détails Achats direct,G41,=+F41,1
Détails Achats direct,H41,=+G41,1
Détails Achats direct,I41,=+H41,1
Détails Achats direct,J41,=+I41,1
Détails Achats direct,K41,=+J41,1
Détails Achats direct,L41,=+K41,1
Détails Achats direct,M41,=+L41,1
Détails Achats direct,N41,=+M41,1
Détails Achats direct,O41,=+N41,1
Détails Achats direct,P41,=SUM(D41:O41),1
Détails Achats direct,E42,=+D42,1
Détails Achats direct,F42,=+E42,1
Détails Achats direct,G42,=+F42,1
Détails Achats direct,H42,=+G42,1
Détails Achats direct,I42,=+H42,1
Détails Achats direct,J42,=+I42,1
Détails Achats direct,K42,=+J42,1
Détails Achats direct,L42,=+K42,1
Détails Achats direct,M42,=+L42,1
Détails Achats direct,N42,=+M42,1
Détails Achats direct,O42,=+N42,1
Détails Achats direct,P42,=SUM(D42:O42),1
Détails Achats direct,E43,=+D43,1
Détails Achats direct,F43,=+E43,1
Détails Achats direct,G43,=+F43,1
Détails Achats direct,H43,=+G43,1
Détails Achats direct,I43,=+H43,1
Détails Achats direct,J43,=+I43,1
Détails Achats direct,K43,=+J43,1
Détails Achats direct,L43,=+K43,1
Détails Achats direct,M43,=+L43,1
Détails Achats direct,N43,=+M43,1
Détails Achats direct,O43,=+N43,1
Détails Achats direct,P43,=SUM(D43:O43),1
Détails Achats direct,E44,=+D44,1
Détails Achats direct,F44,=+E44,1
Détails Achats direct,G44,=+F44,1
Détails Achats direct,H44,=+G44,1
Détails Achats direct,I44,=+H44,1
Détails Achats direct,J44,=+I44,1
Détails Achats direct,K44,=+J44,1
Détails Achats direct,L44,=+K44,1
Détails Achats direct,M44,=+L44,1
Détails Achats direct,N44,=+M44,1
Détails Achats direct,O44,=+N44,1
Détails Achats direct,P44,=SUM(D44:O44),1
Détails Achats direct,D45,=(620000/2)*2,0
Détails Achats direct,E45,=+D45,1
Détails Achats direct,F45,=+E45,1
Détails Achats direct,G45,=+F45,1
Détails Achats direct,H45,=+G45,1
Détails Achats direct,I45,=+H45,1
Détails Achats direct,J45,=+I45,1
Détails Achats direct,K45,=+J45,1
Détails Achats direct,L45,=+K45,1
Détails Achats direct,M45,=+L45,1
Détails Achats direct,N45,=+M45,1
Détails Achats direct,O45,=+N45,1
Détails Achats direct,P45,=SUM(D45:O45),1
Détails Achats direct,E46,=+D46,1
Détails Achats direct,F46,=+E46,1
Détails Achats direct,G46,=+F46,1
Détails Achats direct,H46,=+G46,1
Détails Achats direct,I46,=+H46,1
Détails Achats direct,J46,=+I46,1
Détails Achats direct,K46,=+J46,1
Détails Achats direct,L46,=+K46,1
Détails Achats direct,M46,=+L46,1
Détails Achats direct,N46,=+M46,1
Détails Achats direct,O46,=+N46,1
Détails Achats direct,P46,=SUM(D46:O46),1
Détails Achats direct,E47,=+D47,1
Détails Achats direct,F47,=+E47,1
Détails Achats direct,G47,=+F47,1
Détails Achats direct,H47,=+G47,1
Détails Achats direct,I47,=+H47,1
Détails Achats direct,J47,=+I47,1
Détails Achats direct,K47,=+J47,1
Détails Achats direct,L47,=+K47,1
Détails Achats direct,M47,=+L47,1
Détails Achats direct,N47,=+M47,1
Détails Achats direct,O47,=+N47,1
Détails Achats direct,P47,=SUM(D47:O47),1
Détails Achats direct,E48,=+D48,1
Détails Achats direct,F48,=+E48,1
Détails Achats direct,G48,=+F48,1
Détails Achats direct,H48,=+G48,1
Détails Achats direct,I48,=+H48,1
Détails Achats direct,J48,=+I48,1
Détails Achats direct,K48,=+J48,1
Détails Achats direct,L48,=+K48,1
Détails Achats direct,M48,=+L48,1
Détails Achats direct,N48,=+M48,1
Détails Achats direct,O48,=+N48,1
Détails Achats direct,P48,=SUM(D48:O48),1
Détails Achats direct,E49,=+D49,1
Détails Achats direct,F49,=+E49,1
Détails Achats direct,G49,=+F49,1
Détails Achats direct,H49,=+G49,1
Détails Achats direct,I49,=+H49,1
Détails Achats direct,J49,=+I49,1
Détails Achats direct,K49,=+J49,1
Détails Achats direct,L49,=+K49,1
Détails Achats direct,M49,=+L49,1
Détails Achats direct,N49,=+M49,1
Détails Achats direct,O49,=+N49,1
Détails Achats direct,P49,=SUM(D49:O49),1
Détails Achats direct,D50,=SUM(D31:D49),1
Détails Achats direct,E50,=SUM(E31:E49),1
Détails Achats direct,F50,=SUM(F31:F49),1
Détails Achats direct,G50,=SUM(G31:G49),1
Détails Achats direct,H50,=SUM(H31:H49),1
Détails Achats direct,I50,=SUM(I31:I49),1
Détails Achats direct,J50,=SUM(J31:J49),1
Détails Achats direct,K50,=SUM(K31:K49),1
Détails Achats direct,L50,=SUM(L31:L49),1
Détails Achats direct,M50,=SUM(M31:M49),1
Détails Achats direct,N50,=SUM(N31:N49),1
Détails Achats direct,O50,=SUM(O31:O49),1
Détails Achats direct,P50,=SUM(P31:P49),1
Primes,D2,=+Commandes!C9,1
Primes,E2,=+Commandes!D9,1
Primes,F2,=+Commandes!E9,1
Primes,G2,=+Commandes!F9,1
Primes,H2,=+Commandes!G9,1
Primes,I2,=+Commandes!H9,1
Primes,J2,=+Commandes!I9,1
Primes,K2,=+Commandes!J9,1
Primes,L2,=+Commandes!K9,1
Primes,M2,=+Commandes!L9,1
Primes,N2,=+Commandes!M9,1
Primes,O2,=+Commandes!N9,1
Primes,P2,=+Commandes!O9,1
Primes,C3,=+'Besoins en micas'!B3,1
Primes,D3,=+'Besoins en micas'!C3,1
Primes,E3,=+'Besoins en micas'!D3,1
Primes,F3,=+'Besoins en micas'!E3,1
Primes,G3,=+'Besoins en micas'!F3,1
Primes,H3,=+'Besoins en micas'!G3,1
Primes,I3,=+'Besoins en micas'!H3,1
Primes,J3,=+'Besoins en micas'!I3,1
Primes,K3,=+'Besoins en micas'!J3,1
Primes,L3,=+'Besoins en micas'!K3,1
Primes,M3,=+'Besoins en micas'!L3,1
Primes,N3,=+'Besoins en micas'!M3,1
Primes,O3,=+'Besoins en micas'!N3,1
Primes,P3,=SUM(D3:O3),1
Primes,C4,=+'Besoins en micas'!B4,1
Primes,D4,=+'Besoins en micas'!C4,1
Primes,E4,=+'Besoins en micas'!D4,1
Primes,F4,=+'Besoins en micas'!E4,1
Primes,G4,=+'Besoins en micas'!F4,1
Primes,H4,=+'Besoins en micas'!G4,1
Primes,I4,=+'Besoins en micas'!H4,1
Primes,J4,=+'Besoins en micas'!I4,1
Primes,K4,=+'Besoins en micas'!J4,1
Primes,L4,=+'Besoins en micas'!K4,1
Primes,M4,=+'Besoins en micas'!L4,1
Primes,N4,=+'Besoins en micas'!M4,1
Primes,O4,=+'Besoins en micas'!N4,1
Primes,P4,=SUM(D4:O4),1
Primes,C5,=+'Besoins en micas'!B5,1
Primes,D5,=+'Besoins en micas'!C5,1
Primes,E5,=+'Besoins en micas'!D5,1
Primes,F5,=+'Besoins en micas'!E5,1
Primes,G5,=+'Besoins en micas'!F5,1
Primes,H5,=+'Besoins en micas'!G5,1
Primes,I5,=+'Besoins en micas'!H5,1
Primes,J5,=+'Besoins en micas'!I5,1
Primes,K5,=+'Besoins en micas'!J5,1
Primes,L5,=+'Besoins en micas'!K5,1
Primes,M5,=+'Besoins en micas'!L5,1
Primes,N5,=+'Besoins en micas'!M5,1
Primes,O5,=+'Besoins en micas'!N5,1
Primes,P5,=SUM(D5:O5),1
Primes,D6,=SUM(D3:D5),1
Primes,E6,=SUM(E3:E5),1
Primes,F6,=SUM(F3:F5),1
Primes,G6,=SUM(G3:G5),1
Primes,H6,=SUM(H3:H5),1
Primes,I6,=SUM(I3:I5),1
Primes,J6,=SUM(J3:J5),1
Primes,K6,=SUM(K3:K5),1
Primes,L6,=SUM(L3:L5),1
Primes,M6,=SUM(M3:M5),1
Primes,N6,=SUM(N3:N5),1
Primes,O6,=SUM(O3:O5),1
Primes,P6,=SUM(P3:P5),1
Primes,B8,=+'Données SOMIDA'!D62,1
Primes,C8,=+'Données SOMIDA'!C62,1
Primes,D8,=+$B$8*D6,2
Primes,E8,=+$B$8*E6,2
Primes,F8,=+$B$8*F6,2
Primes,G8,=+$B$8*G6,2
Primes,H8,=+$B$8*H6,2
Primes,I8,=+$B$8*I6,2
Primes,J8,=+$B$8*J6,2
Primes,K8,=+$B$8*K6,2
Primes,L8,=+$B$8*L6,2
Primes,M8,=+$B$8*M6,2
Primes,N8,=+$B$8*N6,2
Primes,O8,=+$B$8*O6,2
Primes,P8,=SUM(D8:O8),1
Primes,B9,=+'Données SOMIDA'!D63,1
Primes,C9,=+'Données SOMIDA'!C63,1
Primes,D9,=+$B$9*D6,2
Primes,E9,=+$B$9*E6,2
Primes,F9,=+$B$9*F6,2
Primes,G9,=+$B$9*G6,2
Primes,H9,=+$B$9*H6,2
Primes,I9,=+$B$9*I6,2
Primes,J9,=+$B$9*J6,2
Primes,K9,=+$B$9*K6,2
Primes,L9,=+$B$9*L6,2
Primes,M9,=+$B$9*M6,2
Primes,N9,=+$B$9*N6,2
Primes,O9,=+$B$9*O6,2
Primes,P9,=SUM(D9:O9),1
Primes,B10,=+'Données SOMIDA'!D64,1
Primes,C10,=+'Données SOMIDA'!C64,1
Primes,D10,=+$B$10*D6,2
Primes,E10,=+$B$10*E6,2
Primes,F10,=+$B$10*F6,2
Primes,G10,=+$B$10*G6,2
Primes,H10,=+$B$10*H6,2
Primes,I10,=+$B$10*I6,2
Primes,J10,=+$B$10*J6,2
Primes,K10,=+$B$10*K6,2
Primes,L10,=+$B$10*L6,2
Primes,M10,=+$B$10*M6,2
Primes,N10,=+$B$10*N6,2
Primes,O10,=+$B$10*O6,2
Primes,P10,=SUM(D10:O10),1
Primes,B11,=+'Données SOMIDA'!D65,1
Primes,C11,=+'Données SOMIDA'!C65,1
Primes,D11,=+$B$11*D6,2
Primes,E11,=+$B$11*E6,2
Primes,F11,=+$B$11*F6,2
Primes,G11,=+$B$11*G6,2
Primes,H11,=+$B$11*H6,2
Primes,I11,=+$B$11*I6,2
Primes,J11,=+$B$11*J6,2
Primes,K11,=+$B$11*K6,2
Primes,L11,=+$B$11*L6,2
Primes,M11,=+$B$11*M6,2
Primes,N11,=+$B$11*N6,2
Primes,O11,=+$B$11*O6,2
Primes,P11,=SUM(D11:O11),1
Primes,B12,=+'Données SOMIDA'!D66,1
Primes,C12,=+'Données SOMIDA'!C66,1
Primes,D12,=+$B$12*D6,2
Primes,E12,=+$B$12*E6,2
Primes,F12,=+$B$12*F6,2
Primes,G12,=+$B$12*G6,2
Primes,H12,=+$B$12*H6,2
Primes,I12,=+$B$12*I6,2
Primes,J12,=+$B$12*J6,2
Primes,K12,=+$B$12*K6,2
Primes,L12,=+$B$12*L6,2
Primes,M12,=+$B$12*M6,2
Primes,N12,=+$B$12*N6,2
Primes,O12,=+$B$12*O6,2
Primes,P12,=SUM(D12:O12),1
Primes,C16,=+C23,1
Primes,D16,=2.5*25,0
Primes,F16,=+Org!M34,1
Primes,G16,=+D16*F16*$G$15*1000,3
Primes,H16,=+D16*F16*$H$15*1000,3
Primes,I16,=+$D$16*$F$16*$I$15*1000,3
Primes,J16,=+D16*F16*$J$15*1000,3
Primes,C17,=+C24,1
Primes,D17,=2.5*25,0
Primes,F17,=+Org!AL15,1
Primes,G17,=+D17*F17*$G$15*1000,3
Primes,H17,=+D17*F17*$H$15*1000,3
Primes,I17,=+$D$17*$F$17*$I$15*1000,3
Primes,J17,=+D17*F17*$J$15*1000,3
Primes,C18,=+C25,1
Primes,D18,=2.5*25,0
Primes,F18,=+Org!M64,1
Primes,G18,=+D18*F18*$G$15*1000,3
Primes,H18,=+D18*F18*$H$15*1000,3
Primes,I18,=+$D$18*$F$18*$I$15*1000,3
Primes,J18,=+D18*F18*$J$15*1000,3
Primes,C19,=+C26,1
Primes,D19,=2.5*25,0
Primes,G19,=+D19*F19*$G$15*1000,3
Primes,H19,=+D19*F19*$H$15*1000,3
Primes,I19,=+$D$19*$F$19*$I$15*1000,3
Primes,J19,=+D19*F19*$J$15*1000,3
Primes,H20,=+G20*2,1
Primes,I20,=+H20+G20,2
Primes,J20,=+I20+G20,2
Primes,D22,=+'Besoins en micas'!C59,1
Primes,E22,=+'Besoins en micas'!D59,1
Primes,F22,=+'Besoins en micas'!E59,1
Primes,G22,=+'Besoins en micas'!F59,1
Primes,H22,=+'Besoins en micas'!G59,1
Primes,I22,=+'Besoins en micas'!H59,1
Primes,J22,=+'Besoins en micas'!I59,1
Primes,K22,=+'Besoins en micas'!J59,1
Primes,L22,=+'Besoins en micas'!K59,1
Primes,M22,=+'Besoins en micas'!L59,1
Primes,N22,=+'Besoins en micas'!M59,1
Primes,O22,=+'Besoins en micas'!N59,1
Primes,P22,=+'Besoins en micas'!O59,1
Primes,C23,=+'Besoins en micas'!B87,1
Primes,D23,=+D8,1
Primes,E23,=+E8,1
Primes,F23,=+F8,1
Primes,G23,=+G8,1
Primes,H23,=+H8,1
Primes,I23,=+I8,1
Primes,J23,=+J8,1
Primes,K23,=+K8,1
Primes,L23,=+L8,1
Primes,M23,=+M8,1
Primes,N23,=+N8,1
Primes,O23,=+O8,1
Primes,P23,=SUM(D23:O23),1
Primes,C24,=+'Besoins en micas'!B88,1
Primes,D24,=+D9,1
Primes,E24,=+E9,1
Primes,F24,=+F9,1
Primes,G24,=+G9,1
Primes,H24,=+H9,1
Primes,I24,=+I9,1
Primes,J24,=+J9,1
Primes,K24,=+K9,1
Primes,L24,=+L9,1
Primes,M24,=+M9,1
Primes,N24,=+N9,1
Primes,O24,=+O9,1
Primes,P24,=SUM(D24:O24),1
Primes,C25,=+'Besoins en micas'!B89,1
Primes,D25,=+D10,1
Primes,E25,=+E10,1
Primes,F25,=+F10,1
Primes,G25,=+G10,1
Primes,H25,=+H10,1
Primes,I25,=+I10,1
Primes,J25,=+J10,1
Primes,K25,=+K10,1
Primes,L25,=+L10,1
Primes,M25,=+M10,1
Primes,N25,=+N10,1
Primes,O25,=+O10,1
Primes,P25,=SUM(D25:O25),1
Primes,C26,=+'Besoins en micas'!B90,1
Primes,D26,=+D11,1
Primes,E26,=+E11,1
Primes,F26,=+F11,1
Primes,G26,=+G11,1
Primes,H26,=+H11,1
Primes,I26,=+I11,1
Primes,J26,=+J11,1
Primes,K26,=+K11,1
Primes,L26,=+L11,1
Primes,M26,=+M11,1
Primes,N26,=+N11,1
Primes,O26,=+O11,1
Primes,P26,=SUM(D26:O26),1
Primes,D27,=SUM(D23:D26),1
Primes,E27,=SUM(E23:E26),1
Primes,F27,=SUM(F23:F26),1
Primes,G27,=SUM(G23:G26),1
Primes,H27,=SUM(H23:H26),1
Primes,I27,=SUM(I23:I26),1
Primes,J27,=SUM(J23:J26),1
Primes,K27,=SUM(K23:K26),1
Primes,L27,=SUM(L23:L26),1
Primes,M27,=SUM(M23:M26),1
Primes,N27,=SUM(N23:N26),1
Primes,O27,=SUM(O23:O26),1
Primes,P27,=SUM(P23:P26),1
Primes,C29,=+C16,1
Primes,D29,"=+IF(D23>=$J$16,$J$20,IF(D23>=$I$16,$I$20,IF(D23>=$H$16,$H$20,IF(D23>=$G$16,$G$20,0))))",12
Primes,E29,"=+IF(E23>=$J$16,$J$20,IF(E23>=$I$16,$I$20,IF(E23>=$H$16,$H$20,IF(E23>=$G$16,$G$20,0))))",12
Primes,F29,"=+IF(F23>=$J$16,$J$20,IF(F23>=$I$16,$I$20,IF(F23>=$H$16,$H$20,IF(F23>=$G$16,$G$20,0))))",12
Primes,G29,"=+IF(G23>=$J$16,$J$20,IF(G23>=$I$16,$I$20,IF(G23>=$H$16,$H$20,IF(G23>=$G$16,$G$20,0))))",12
Primes,H29,"=+IF(H23>=$J$16,$J$20,IF(H23>=$I$16,$I$20,IF(H23>=$H$16,$H$20,IF(H23>=$G$16,$G$20,0))))",12
Primes,I29,"=+IF(I23>=$J$16,$J$20,IF(I23>=$I$16,$I$20,IF(I23>=$H$16,$H$20,IF(I23>=$G$16,$G$20,0))))",12
Primes,J29,"=+IF(J23>=$J$16,$J$20,IF(J23>=$I$16,$I$20,IF(J23>=$H$16,$H$20,IF(J23>=$G$16,$G$20,0))))",12
Primes,K29,"=+IF(K23>=$J$16,$J$20,IF(K23>=$I$16,$I$20,IF(K23>=$H$16,$H$20,IF(K23>=$G$16,$G$20,0))))",12
Primes,L29,"=+IF(L23>=$J$16,$J$20,IF(L23>=$I$16,$I$20,IF(L23>=$H$16,$H$20,IF(L23>=$G$16,$G$20,0))))",12
Primes,M29,"=+IF(M23>=$J$16,$J$20,IF(M23>=$I$16,$I$20,IF(M23>=$H$16,$H$20,IF(M23>=$G$16,$G$20,0))))",12
Primes,N29,"=+IF(N23>=$J$16,$J$20,IF(N23>=$I$16,$I$20,IF(N23>=$H$16,$H$20,IF(N23>=$G$16,$G$20,0))))",12
Primes,O29,"=+IF(O23>=$J$16,$J$20,IF(O23>=$I$16,$I$20,IF(O23>=$H$16,$H$20,IF(O23>=$G$16,$G$20,0))))",12
Primes,C30,=+C17,1
Primes,D30,"=+IF(D24>=$J$16,$J$20,IF(D24>=$I$16,$I$20,IF(D24>=$H$16,$H$20,IF(D24>=$G$16,$G$20,0))))",12
Primes,E30,"=+IF(E24>=$J$16,$J$20,IF(E24>=$I$16,$I$20,IF(E24>=$H$16,$H$20,IF(E24>=$G$16,$G$20,0))))",12
Primes,F30,"=+IF(F24>=$J$16,$J$20,IF(F24>=$I$16,$I$20,IF(F24>=$H$16,$H$20,IF(F24>=$G$16,$G$20,0))))",12
Primes,G30,"=+IF(G24>=$J$16,$J$20,IF(G24>=$I$16,$I$20,IF(G24>=$H$16,$H$20,IF(G24>=$G$16,$G$20,0))))",12
Primes,H30,"=+IF(H24>=$J$16,$J$20,IF(H24>=$I$16,$I$20,IF(H24>=$H$16,$H$20,IF(H24>=$G$16,$G$20,0))))",12
Primes,I30,"=+IF(I24>=$J$16,$J$20,IF(I24>=$I$16,$I$20,IF(I24>=$H$16,$H$20,IF(I24>=$G$16,$G$20,0))))",12
Primes,J30,"=+IF(J24>=$J$16,$J$20,IF(J24>=$I$16,$I$20,IF(J24>=$H$16,$H$20,IF(J24>=$G$16,$G$20,0))))",12
Primes,K30,"=+IF(K24>=$J$16,$J$20,IF(K24>=$I$16,$I$20,IF(K24>=$H$16,$H$20,IF(K24>=$G$16,$G$20,0))))",12
Primes,L30,"=+IF(L24>=$J$16,$J$20,IF(L24>=$I$16,$I$20,IF(L24>=$H$16,$H$20,IF(L24>=$G$16,$G$20,0))))",12
Primes,M30,"=+IF(M24>=$J$16,$J$20,IF(M24>=$I$16,$I$20,IF(M24>=$H$16,$H$20,IF(M24>=$G$16,$G$20,0))))",12
Primes,N30,"=+IF(N24>=$J$16,$J$20,IF(N24>=$I$16,$I$20,IF(N24>=$H$16,$H$20,IF(N24>=$G$16,$G$20,0))))",12
Primes,O30,"=+IF(O24>=$J$16,$J$20,IF(O24>=$I$16,$I$20,IF(O24>=$H$16,$H$20,IF(O24>=$G$16,$G$20,0))))",12
Primes,C31,=+C18,1
Primes,D31,"=+IF(D25>=$J$16,$J$20,IF(D25>=$I$16,$I$20,IF(D25>=$H$16,$H$20,IF(D25>=$G$16,$G$20,0))))",12
Primes,E31,"=+IF(E25>=$J$16,$J$20,IF(E25>=$I$16,$I$20,IF(E25>=$H$16,$H$20,IF(E25>=$G$16,$G$20,0))))",12
Primes,F31,"=+IF(F25>=$J$16,$J$20,IF(F25>=$I$16,$I$20,IF(F25>=$H$16,$H$20,IF(F25>=$G$16,$G$20,0))))",12
Primes,G31,"=+IF(G25>=$J$16,$J$20,IF(G25>=$I$16,$I$20,IF(G25>=$H$16,$H$20,IF(G25>=$G$16,$G$20,0))))",12
Primes,H31,"=+IF(H25>=$J$16,$J$20,IF(H25>=$I$16,$I$20,IF(H25>=$H$16,$H$20,IF(H25>=$G$16,$G$20,0))))",12
Primes,I31,"=+IF(I25>=$J$16,$J$20,IF(I25>=$I$16,$I$20,IF(I25>=$H$16,$H$20,IF(I25>=$G$16,$G$20,0))))",12
Primes,J31,"=+IF(J25>=$J$16,$J$20,IF(J25>=$I$16,$I$20,IF(J25>=$H$16,$H$20,IF(J25>=$G$16,$G$20,0))))",12
Primes,K31,"=+IF(K25>=$J$16,$J$20,IF(K25>=$I$16,$I$20,IF(K25>=$H$16,$H$20,IF(K25>=$G$16,$G$20,0))))",12
Primes,L31,"=+IF(L25>=$J$16,$J$20,IF(L25>=$I$16,$I$20,IF(L25>=$H$16,$H$20,IF(L25>=$G$16,$G$20,0))))",12
Primes,M31,"=+IF(M25>=$J$16,$J$20,IF(M25>=$I$16,$I$20,IF(M25>=$H$16,$H$20,IF(M25>=$G$16,$G$20,0))))",12
Primes,N31,"=+IF(N25>=$J$16,$J$20,IF(N25>=$I$16,$I$20,IF(N25>=$H$16,$H$20,IF(N25>=$G$16,$G$20,0))))",12
Primes,O31,"=+IF(O25>=$J$16,$J$20,IF(O25>=$I$16,$I$20,IF(O25>=$H$16,$H$20,IF(O25>=$G$16,$G$20,0))))",12
Primes,C32,=+C19,1
Primes,D32,"=+IF(D26>=$J$16,$J$20,IF(D26>=$I$16,$I$20,IF(D26>=$H$16,$H$20,IF(D26>=$G$16,$G$20,0))))",12
Primes,E32,"=+IF(E26>=$J$16,$J$20,IF(E26>=$I$16,$I$20,IF(E26>=$H$16,$H$20,IF(E26>=$G$16,$G$20,0))))",12
Primes,F32,"=+IF(F26>=$J$16,$J$20,IF(F26>=$I$16,$I$20,IF(F26>=$H$16,$H$20,IF(F26>=$G$16,$G$20,0))))",12
Primes,G32,"=+IF(G26>=$J$16,$J$20,IF(G26>=$I$16,$I$20,IF(G26>=$H$16,$H$20,IF(G26>=$G$16,$G$20,0))))",12
Primes,H32,"=+IF(H26>=$J$16,$J$20,IF(H26>=$I$16,$I$20,IF(H26>=$H$16,$H$20,IF(H26>=$G$16,$G$20,0))))",12
Primes,I32,"=+IF(I26>=$J$16,$J$20,IF(I26>=$I$16,$I$20,IF(I26>=$H$16,$H$20,IF(I26>=$G$16,$G$20,0))))",12
Primes,J32,"=+IF(J26>=$J$16,$J$20,IF(J26>=$I$16,$I$20,IF(J26>=$H$16,$H$20,IF(J26>=$G$16,$G$20,0))))",12
Primes,K32,"=+IF(K26>=$J$16,$J$20,IF(K26>=$I$16,$I$20,IF(K26>=$H$16,$H$20,IF(K26>=$G$16,$G$20,0))))",12
Primes,L32,"=+IF(L26>=$J$16,$J$20,IF(L26>=$I$16,$I$20,IF(L26>=$H$16,$H$20,IF(L26>=$G$16,$G$20,0))))",12
Primes,M32,"=+IF(M26>=$J$16,$J$20,IF(M26>=$I$16,$I$20,IF(M26>=$H$16,$H$20,IF(M26>=$G$16,$G$20,0))))",12
Primes,N32,"=+IF(N26>=$J$16,$J$20,IF(N26>=$I$16,$I$20,IF(N26>=$H$16,$H$20,IF(N26>=$G$16,$G$20,0))))",12
Primes,O32,"=+IF(O26>=$J$16,$J$20,IF(O26>=$I$16,$I$20,IF(O26>=$H$16,$H$20,IF(O26>=$G$16,$G$20,0))))",12
Primes,D34,=+D22,1
Primes,E34,=+E22,1
Primes,F34,=+F22,1
Primes,G34,=+G22,1
Primes,H34,=+H22,1
Primes,I34,=+I22,1
Primes,J34,=+J22,1
Primes,K34,=+K22,1
Primes,L34,=+L22,1
Primes,M34,=+M22,1
Primes,N34,=+N22,1
Primes,O34,=+O22,1
Primes,P34,=+P22,1
Primes,C35,=+C23,1
Primes,D35,"=ROUNDDOWN(+D29*D23,-2)",2
Primes,E35,"=ROUNDDOWN(+E29*E23,-2)",2
Primes,F35,"=ROUNDDOWN(+F29*F23,-2)",2
Primes,G35,"=ROUNDDOWN(+G29*G23,-2)",2
Primes,H35,"=ROUNDDOWN(+H29*H23,-2)",2
Primes,I35,"=ROUNDDOWN(+I29*I23,-2)",2
Primes,J35,"=ROUNDDOWN(+J29*J23,-2)",2
Primes,K35,"=ROUNDDOWN(+K29*K23,-2)",2
Primes,L35,"=ROUNDDOWN(+L29*L23,-2)",2
Primes,M35,"=ROUNDDOWN(+M29*M23,-2)",2
Primes,N35,"=ROUNDDOWN(+N29*N23,-2)",2
Primes,O35,"=ROUNDDOWN(+O29*O23,-2)",2
Primes,P35,=SUM(D35:O35),1
Primes,B36,=+Org!M33,1
Primes,C36,=+Org!B33,1
Primes,D36,=+$D$35*B36,2
Primes,E36,=+E$35*$B36,2
Primes,F36,=+$F$35*B36,2
Primes,G36,=+G$35*$B36,2
Primes,H36,=+H$35*$B36,2
Primes,I36,=+I$35*$B36,2
Primes,J36,=+J$35*$B36,2
Primes,K36,=+K$35*$B36,2
Primes,L36,=+L$35*$B36,2
Primes,M36,=+M$35*$B36,2
Primes,N36,=+N$35*$B36,2
Primes,O36,=+O$35*$B36,2
Primes,P36,=SUM(D36:O36),1
Primes,B37,=+Org!M34,1
Primes,C37,=+Org!B34,1
Primes,D37,=+$D$35*B37,2
Primes,E37,=+E$35*$B37,2
Primes,F37,=+$F$35*B37,2
Primes,G37,=+G$35*$B37,2
Primes,H37,=+H$35*$B37,2
Primes,I37,=+I$35*$B37,2
Primes,J37,=+J$35*$B37,2
Primes,K37,=+K$35*$B37,2
Primes,L37,=+L$35*$B37,2
Primes,M37,=+M$35*$B37,2
Primes,N37,=+N$35*$B37,2
Primes,O37,=+O$35*$B37,2
Primes,P37,=SUM(D37:O37),1
Primes,B38,=+Org!M35,1
Primes,C38,=+Org!B35,1
Primes,D38,=+$D$35*B38,2
Primes,E38,=+E$35*$B38,2
Primes,F38,=+$F$35*B38,2
Primes,G38,=+G$35*$B38,2
Primes,H38,=+H$35*$B38,2
Primes,I38,=+I$35*$B38,2
Primes,J38,=+J$35*$B38,2
Primes,K38,=+K$35*$B38,2
Primes,L38,=+L$35*$B38,2
Primes,M38,=+M$35*$B38,2
Primes,N38,=+N$35*$B38,2
Primes,O38,=+O$35*$B38,2
Primes,P38,=SUM(D38:O38),1
Primes,B39,=+Org!M36,1
Primes,C39,=+Org!B36,1
Primes,D39,=+$D$35*B39,2
Primes,E39,=+E$35*$B39,2
Primes,F39,=+$F$35*B39,2
Primes,G39,=+G$35*$B39,2
Primes,H39,=+H$35*$B39,2
Primes,I39,=+I$35*$B39,2
Primes,J39,=+J$35*$B39,2
Primes,K39,=+K$35*$B39,2
Primes,L39,=+L$35*$B39,2
Primes,M39,=+M$35*$B39,2
Primes,N39,=+N$35*$B39,2
Primes,O39,=+O$35*$B39,2
Primes,P39,=SUM(D39:O39),1
Primes,B40,=SUM(B36:B39),1
Primes,D40,=SUM(D36:D39),1
Primes,E40,=SUM(E36:E39),1
Primes,F40,=SUM(F36:F39),1
Primes,G40,=SUM(G36:G39),1
Primes,H40,=SUM(H36:H39),1
Primes,I40,=SUM(I36:I39),1
Primes,J40,=SUM(J36:J39),1
Primes,K40,=SUM(K36:K39),1
Primes,L40,=SUM(L36:L39),1
Primes,M40,=SUM(M36:M39),1
Primes,N40,=SUM(N36:N39),1
Primes,O40,=SUM(O36:O39),1
Primes,P40,=SUM(P36:P39),1
Primes,C41,=+C24,1
Primes,D41,"=ROUNDUP(+D30*D24,-2)",2
Primes,E41,"=ROUNDUP(+E30*E24,-2)",2
Primes,F41,"=ROUNDUP(+F30*F24,-2)",2
Primes,G41,"=ROUNDUP(+G30*G24,-2)",2
Primes,H41,"=ROUNDUP(+H30*H24,-2)",2
Primes,I41,"=ROUNDUP(+I30*I24,-2)",2
Primes,J41,"=ROUNDUP(+J30*J24,-2)",2
Primes,K41,"=ROUNDUP(+K30*K24,-2)",2
Primes,L41,"=ROUNDUP(+L30*L24,-2)",2
Primes,M41,"=ROUNDUP(+M30*M24,-2)",2
Primes,N41,"=ROUNDUP(+N30*N24,-2)",2
Primes,O41,"=ROUNDUP(+O30*O24,-2)",2
Primes,P41,=SUM(D41:O41),1
Primes,B42,=+Org!AL14,1
Primes,C42,=+Org!AC14,1
Primes,D42,=+D41*$B$42,2
Primes,E42,=+$E$41*B42,2
Primes,F42,=+$F$41*B42,2
Primes,G42,=+$G$41*B42,2
Primes,H42,=+$H$41*B42,2
Primes,I42,=+$I41*B$42,2
Primes,J42,=+$J41*B$42,2
Primes,K42,=+K41*B42,2
Primes,L42,=+L41*$B$42,2
Primes,M42,=+M41*$B$42,2
Primes,N42,=+N41*$B$42,2
Primes,O42,=+O41*$B$42,2
Primes,P42,=SUM(D42:O42),1
Primes,B43,=+Org!AL15,1
Primes,C43,=+Org!AC15,1
Primes,D43,=+B43*$D$41,2
Primes,E43,=+$E$41*B43,2
Primes,F43,=+$F$41*B43,2
Primes,G43,=+$G$41*B43,2
Primes,H43,=+$H$41*B43,2
Primes,I43,=+I$41*$B43,2
Primes,J43,=+J41*B43,2
Primes,K43,=+K41*B43,2
Primes,L43,=+L41*$B$43,2
Primes,M43,=+M41*$B$43,2
Primes,N43,=+N41*$B$43,2
Primes,O43,=+O41*$B$43,2
Primes,P43,=SUM(D43:O43),1
Primes,B44,=+Org!AL16,1
Primes,C44,=+Org!AC16,1
Primes,D44,=+B44*$D$41,2
Primes,E44,=+$E$41*B44,2
Primes,F44,=+$F$41*B44,2
Primes,G44,=+$G$41*B44,2
Primes,H44,=+$H$41*B44,2
Primes,I44,=+I$41*$B44,2
Primes,J44,=+B44*J41,2
Primes,K44,=+K41*B44,2
Primes,L44,=+$B$44*L41,2
Primes,M44,=+$B$44*M41,2
Primes,N44,=+$B$44*N41,2
Primes,O44,=+$B$44*O41,2
Primes,P44,=SUM(D44:O44),1
Primes,B45,=+Org!AL17,1
Primes,C45,=+Org!AC17,1
Primes,D45,=+B45*$D$41,2
Primes,E45,=+$E$41*B45,2
Primes,F45,=+$F$41*B45,2
Primes,G45,=+$G$41*B45,2
Primes,H45,=+$H$41*B45,2
Primes,I45,=+I$41*$B45,2
Primes,J45,=+B45*J41,2
Primes,K45,=+K41*B45,2
Primes,L45,=+L41*$B$45,2
Primes,M45,=+M41*$B$45,2
Primes,N45,=+N41*$B$45,2
Primes,O45,=+O41*$B$45,2
Primes,P45,=SUM(D45:O45),1
Primes,B46,=SUM(B42:B45),1
Primes,D46,=SUM(D42:D45),1
Primes,E46,=SUM(E42:E45),1
Primes,F46,=SUM(F42:F45),1
Primes,G46,=SUM(G42:G45),1
Primes,H46,=SUM(H42:H45),1
Primes,I46,=SUM(I42:I45),1
Primes,J46,=SUM(J42:J45),1
Primes,K46,=SUM(K42:K45),1
Primes,L46,=SUM(L42:L45),1
Primes,M46,=SUM(M42:M45),1
Primes,N46,=SUM(N42:N45),1
Primes,O46,=SUM(O42:O45),1
Primes,P46,=SUM(P42:P45),1
Primes,C47,=+C25,1
Primes,D47,"=ROUNDUP(+D31*D25,-2)",2
Primes,E47,"=ROUNDUP(+E31*E25,-2)",2
Primes,F47,"=ROUNDUP(+F31*F25,-2)",2
Primes,G47,"=ROUNDUP(+G31*G25,-2)",2
Primes,H47,"=ROUNDUP(+H31*H25,-2)",2
Primes,I47,"=ROUNDUP(+I31*I25,-2)",2
Primes,J47,"=ROUNDUP(+J31*J25,-2)",2
Primes,K47,"=ROUNDUP(+K31*K25,-2)",2
Primes,L47,"=ROUNDUP(+L31*L25,-2)",2
Primes,M47,"=ROUNDUP(+M31*M25,-2)",2
Primes,N47,"=ROUNDUP(+N31*N25,-2)",2
Primes,O47,"=ROUNDUP(+O31*O25,-2)",2
Primes,P47,=SUM(D47:O47),1
Primes,B48,=+Org!M63,1
Primes,C48,=+Org!B63,1
Primes,D48,=+D47*$B$48+D42+D36,4
Primes,E48,=+E47*$B$48+E42+E36,4
Primes,F48,=+F47*$B$48+F42+F36,4
Primes,G48,=+G47*$B$48+G42+G36,4
Primes,H48,=+H47*$B$48+H42+H36,4
Primes,I48,=+I47*$B$48+I42+I36,4
Primes,J48,=+J47*$B$48+J42+J36,4
Primes,K48,=+K47*$B$48+K42+K36,4
Primes,L48,=+L47*$B$48+L42+L36,4
Primes,M48,=+M47*$B$48+M42+M36,4
Primes,N48,=+N47*$B$48+N42+N36,4
Primes,O48,=+O47*$B$48+O42+O36,4
Primes,P48,=SUM(D48:O48),1
Primes,B49,=+Org!M64,1
Primes,C49,=+Org!B64,1
Primes,D49,=+$B$49*D47,2
Primes,E49,=+$B$49*E47,2
Primes,F49,=+$B$49*F47,2
Primes,G49,=+$B$49*G47,2
Primes,H49,=+$B$49*H47,2
Primes,I49,=+$B$49*I47,2
Primes,J49,=+$B$49*J47,2
Primes,K49,=+$B$49*K47,2
Primes,L49,=+$B$49*L47,2
Primes,M49,=+$B$49*M47,2
Primes,N49,=+$B$49*N47,2
Primes,O49,=+$B$49*O47,2
Primes,P49,=SUM(D49:O49),1
Primes,B50,=+Org!M65,1
Primes,C50,=+Org!B65,1
Primes,D50,=+$B$50*D47,2
Primes,E50,=+$B$50*E47,2
Primes,F50,=+$B$50*F47,2
Primes,G50,=+$B$50*G47,2
Primes,H50,=+$B$50*H47,2
Primes,I50,=+$B$50*I47,2
Primes,J50,=+$B$50*J47,2
Primes,K50,=+$B$50*K47,2
Primes,L50,=+$B$50*L47,2
Primes,M50,=+$B$50*M47,2
Primes,N50,=+$B$50*N47,2
Primes,O50,=+$B$50*O47,2
Primes,P50,=SUM(D50:O50),1
Primes,B51,=+Org!M68,1
Primes,C51,=+Org!B68,1
Primes,D51,=+$B$51*D47,2
Primes,E51,=+$B$51*E47,2
Primes,F51,=+$B$51*F47,2
Primes,G51,=+$B$51*G47,2
Primes,H51,=+$B$51*H47,2
Primes,I51,=+$B$51*I47,2
Primes,J51,=+$B$51*J47,2
Primes,K51,=+$B$51*K47,2
Primes,L51,=+$B$51*L47,2
Primes,M51,=+$B$51*M47,2
Primes,N51,=+$B$51*N47,2
Primes,O51,=+$B$51*O47,2
Primes,P51,=SUM(D51:O51),1
Primes,B52,=+Org!M71,1
Primes,C52,=+Org!B71,1
Primes,D52,=+$B$52*D47,2
Primes,E52,=+$B$52*E47,2
Primes,F52,=+$B$52*F47,2
Primes,G52,=+$B$52*G47,2
Primes,H52,=+$B$52*H47,2
Primes,I52,=+$B$52*I47,2
Primes,J52,=+$B$52*J47,2
Primes,K52,=+$B$52*K47,2
Primes,L52,=+$B$52*L47,2
Primes,M52,=+$B$52*M47,2
Primes,N52,=+$B$52*N47,2
Primes,O52,=+$B$52*O47,2
Primes,P52,=SUM(D52:O52),1
Primes,B53,=+Org!M76,1
Primes,C53,=+Org!B76,1
Primes,D53,=+$B$53*D47,2
Primes,E53,=+$B$53*E47,2
Primes,F53,=+$B$53*F47,2
Primes,G53,=+$B$53*G47,2
Primes,H53,=+$B$53*H47,2
Primes,I53,=+$B$53*I47,2
Primes,J53,=+$B$53*J47,2
Primes,K53,=+$B$53*K47,2
Primes,L53,=+$B$53*L47,2
Primes,M53,=+$B$53*M47,2
Primes,N53,=+$B$53*N47,2
Primes,O53,=+$B$53*O47,2
Primes,P53,=SUM(D53:O53),1
Primes,B54,=+Org!M77,1
Primes,C54,=+Org!B77,1
Primes,D54,=+D47*$B$54,2
Primes,E54,=+E47*$B$54,2
Primes,F54,=+F47*$B$54,2
Primes,G54,=+G47*$B$54,2
Primes,H54,=+H47*$B$54,2
Primes,I54,=+I47*$B$54,2
Primes,J54,=+J47*$B$54,2
Primes,K54,=+K47*$B$54,2
Primes,L54,=+L47*$B$54,2
Primes,M54,=+M47*$B$54,2
Primes,N54,=+N47*$B$54,2
Primes,O54,=+O47*$B$54,2
Primes,P54,=SUM(D54:O54),1
Primes,B55,=+Org!M78,1
Primes,C55,=+Org!B78,1
Primes,D55,=+$B$55*D47,2
Primes,E55,=+$B$55*E47,2
Primes,F55,=+$B$55*F47,2
Primes,G55,=+$B$55*G47,2
Primes,H55,=+$B$55*H47,2
Primes,I55,=+$B$55*I47,2
Primes,J55,=+$B$55*J47,2
Primes,K55,=+$B$55*K47,2
Primes,L55,=+$B$55*L47,2
Primes,M55,=+$B$55*M47,2
Primes,N55,=+$B$55*N47,2
Primes,O55,=+$B$55*O47,2
Primes,P55,=SUM(D55:O55),1
Primes,B56,=SUM(B48:B55),1
Primes,C56,=+C27,1
Primes,D56,=SUM(D48:D55),1
Primes,E56,=SUM(E48:E55),1
Primes,F56,=SUM(F48:F55),1
Primes,G56,=SUM(G48:G55),1
Primes,H56,=SUM(H48:H55),1
Primes,I56,=SUM(I48:I55),1
Primes,J56,=SUM(J48:J55),1
Primes,K56,=SUM(K48:K55),1
Primes,L56,=SUM(L48:L55),1
Primes,M56,=SUM(M48:M55),1
Primes,N56,=SUM(N48:N55),1
Primes,O56,=SUM(O48:O55),1
Primes,P56,=SUM(P48:P55),1
Primes,B59,=+Sal!A47,1
Primes,D61,"=+Org!M62&"" Equipe = ""&F16",2
Primes,E61,=+G16,1
Primes,F61,=+H16,1
Primes,G61,=+I16,1
Primes,H61,=+J16,1
Primes,E62,=+G20,1
Primes,F62,=+H20,1
Primes,G62,=+I20,1
Primes,H62,=+J20,1
Primes,C65,=+Sal!B52,1
Primes,D65,=+Feuil3!E9,1
Primes,E65,=+D65*$E$62/12,2
Primes,F65,=+D65*$F$62/12,2
Primes,G65,=+D65*$G$62/12,2
Primes,H65,=+D65*$H$62/12,2
Primes,C66,=+Sal!B53,1
Primes,D66,=+Feuil3!E10,1
Primes,E66,=+D66*$E$62/12,2
Primes,F66,=+D66*$F$62/12,2
Primes,G66,=+D66*$G$62/12,2
Primes,H66,=+D66*$H$62/12,2
Primes,C67,=+Sal!B54,1
Primes,D67,=+Feuil3!E11,1
Primes,E67,=+D67*$E$62/12,2
Primes,F67,=+D67*$F$62/12,2
Primes,G67,=+D67*$G$62/12,2
Primes,H67,=+D67*$H$62/12,2
Primes,C68,=+Sal!B56,1
Primes,D68,=+Feuil3!E16,1
Primes,E68,=+D68*$E$62/12,2
Primes,F68,=+D68*$F$62/12,2
Primes,G68,=+D68*$G$62/12,2
Primes,H68,=+D68*$H$62/12,2
Primes,C69,=+Sal!B57,1
Primes,D69,=+Feuil3!E17,1
Primes,E69,=+D69*$E$62/12,2
Primes,F69,=+D69*$F$62/12,2
Primes,G69,=+D69*$G$62/12,2
Primes,H69,=+D69*$H$62/12,2
Primes,C70,=+Sal!B58,1
Primes,D70,=+Feuil3!E18,1
Primes,E70,=+D70*$E$62/12,2
Primes,F70,=+D70*$F$62/12,2
Primes,G70,=+D70*$G$62/12,2
Primes,H70,=+D70*$H$62/12,2
Primes,C71,=+Sal!B59,1
Primes,D71,=+Feuil3!E19,1
Primes,E71,=+D71*$E$62/12,2
Primes,F71,=+D71*$F$62/12,2
Primes,G71,=+D71*$G$62/12,2
Primes,H71,=+D71*$H$62/12,2
Primes,D73,=+D22,1
Primes,E73,=+E22,1
Primes,F73,=+F22,1
Primes,G73,=+G22,1
Primes,H73,=+H22,1
Primes,I73,=+I22,1
Primes,J73,=+J22,1
Primes,K73,=+K22,1
Primes,L73,=+L22,1
Primes,M73,=+M22,1
Primes,N73,=+N22,1
Primes,O73,=+O22,1
Primes,P73,=+P22,1
Primes,B74,=+Feuil3!C9,1
Primes,C74,=+C65,1
Primes,D74,"=+IF($D$24>=$H$61,H65,IF($D$24>=$G$61,G65,IF($D$24>=$F$61,F65,IF($D$24>=$E$61,E65,0))))",12
Primes,E74,"=+IF($E$24>=$H$61,H65,IF($E$24>=$G$61,G65,IF($E$24>=$F$61,F65,IF($E$24>=$E$61,E65,0))))",12
Primes,F74,"=+IF($F$24>=$H$61,H65,IF($F$24>=$G$61,G65,IF($F$24>=$F$61,F65,IF($F$24>=$E$61,E65,0))))",12
Primes,G74,"=+IF($G$24>=$H$61,H65,IF($G$24>=$G$61,G65,IF($G$24>=$F$61,F65,IF($G$24>=$E$61,E65,0))))",12
Primes,H74,"=+IF($H$24>=$H$61,H65,IF($H$24>=$G$61,G65,IF($H$24>=$F$61,F65,IF($H$24>=$E$61,E65,0))))",12
Primes,I74,"=+IF($I$24>=$H$61,H65,IF($I$24>=$G$61,G65,IF($I$24>=$F$61,F65,IF($I$24>=$E$61,E65,0))))",12
Primes,J74,"=+IF($J$24>=$H$61,H65,IF($J$24>=$G$61,G65,IF($J$24>=$F$61,F65,IF($J$24>=$E$61,E65,0))))",12
Primes,K74,"=+IF($K$24>=$H$61,H65,IF($K$24>=$G$61,G65,IF($K$24>=$F$61,F65,IF($K$24>=$E$61,E65,0))))",12
Primes,L74,"=+IF($L$24>=$H$61,H65,IF($L$24>=$G$61,G65,IF($L$24>=$F$61,F65,IF($L$24>=$E$61,E65,0))))",12
Primes,M74,"=+IF($M$24>=$H$61,H65,IF($M$24>=$G$61,G65,IF($M$24>=$F$61,F65,IF($M$24>=$E$61,E65,0))))",12
Primes,N74,"=+IF($N$24>=$H$61,H65,IF($N$24>=$G$61,G65,IF($N$24>=$F$61,F65,IF($N$24>=$E$61,E65,0))))",12
Primes,O74,"=+IF($O$24>=$H$61,H65,IF($O$24>=$G$61,G65,IF($O$24>=$F$61,F65,IF($O$24>=$E$61,E65,0))))",12
Primes,P74,=SUM(D74:O74),1
Primes,B75,=+Feuil3!C10,1
Primes,C75,=+C66,1
Primes,D75,"=+IF($D$24>=$H$61,H66,IF($D$24>=$G$61,G66,IF($D$24>=$F$61,F66,IF($D$24>=$E$61,E66,0))))",12
Primes,E75,"=+IF($E$24>=$H$61,H66,IF($E$24>=$G$61,G66,IF($E$24>=$F$61,F66,IF($E$24>=$E$61,E66,0))))",12
Primes,F75,"=+IF($F$24>=$H$61,H66,IF($F$24>=$G$61,G66,IF($F$24>=$F$61,F66,IF($F$24>=$E$61,E66,0))))",12
Primes,G75,"=+IF($G$24>=$H$61,H66,IF($G$24>=$G$61,G66,IF($G$24>=$F$61,F66,IF($G$24>=$E$61,E66,0))))",12
Primes,H75,"=+IF($H$24>=$H$61,H66,IF($H$24>=$G$61,G66,IF($H$24>=$F$61,F66,IF($H$24>=$E$61,E66,0))))",12
Primes,I75,"=+IF($I$24>=$H$61,H66,IF($I$24>=$G$61,G66,IF($I$24>=$F$61,F66,IF($I$24>=$E$61,E66,0))))",12
Primes,J75,"=+IF($J$24>=$H$61,H66,IF($J$24>=$G$61,G66,IF($J$24>=$F$61,F66,IF($J$24>=$E$61,E66,0))))",12
Primes,K75,"=+IF($K$24>=$H$61,H66,IF($K$24>=$G$61,G66,IF($K$24>=$F$61,F66,IF($K$24>=$E$61,E66,0))))",12
Primes,L75,"=+IF($L$24>=$H$61,H66,IF($L$24>=$G$61,G66,IF($L$24>=$F$61,F66,IF($L$24>=$E$61,E66,0))))",12
Primes,M75,"=+IF($M$24>=$H$61,H66,IF($M$24>=$G$61,G66,IF($M$24>=$F$61,F66,IF($M$24>=$E$61,E66,0))))",12
Primes,N75,"=+IF($N$24>=$H$61,H66,IF($N$24>=$G$61,G66,IF($N$24>=$F$61,F66,IF($N$24>=$E$61,E66,0))))",12
Primes,O75,"=+IF($O$24>=$H$61,H66,IF($O$24>=$G$61,G66,IF($O$24>=$F$61,F66,IF($O$24>=$E$61,E66,0))))",12
Primes,P75,=SUM(D75:O75),1
Primes,B76,=+Feuil3!C11,1
Primes,C76,=+C67,1
Primes,D76,"=+IF($D$24>=$H$61,H67,IF($D$24>=$G$61,G67,IF($D$24>=$F$61,F67,IF($D$24>=$E$61,E67,0))))",12
Primes,E76,"=+IF($E$24>=$H$61,H67,IF($E$24>=$G$61,G67,IF($E$24>=$F$61,F67,IF($E$24>=$E$61,E67,0))))",12
Primes,F76,"=+IF($F$24>=$H$61,H67,IF($F$24>=$G$61,G67,IF($F$24>=$F$61,F67,IF($F$24>=$E$61,E67,0))))",12
Primes,G76,"=+IF($G$24>=$H$61,H67,IF($G$24>=$G$61,G67,IF($G$24>=$F$61,F67,IF($G$24>=$E$61,E67,0))))",12
Primes,H76,"=+IF($H$24>=$H$61,H67,IF($H$24>=$G$61,G67,IF($H$24>=$F$61,F67,IF($H$24>=$E$61,E67,0))))",12
Primes,I76,"=+IF($I$24>=$H$61,H67,IF($I$24>=$G$61,G67,IF($I$24>=$F$61,F67,IF($I$24>=$E$61,E67,0))))",12
Primes,J76,"=+IF($J$24>=$H$61,H67,IF($J$24>=$G$61,G67,IF($J$24>=$F$61,F67,IF($J$24>=$E$61,E67,0))))",12
Primes,K76,"=+IF($K$24>=$H$61,H67,IF($K$24>=$G$61,G67,IF($K$24>=$F$61,F67,IF($K$24>=$E$61,E67,0))))",12
Primes,L76,"=+IF($L$24>=$H$61,H67,IF($L$24>=$G$61,G67,IF($L$24>=$F$61,F67,IF($L$24>=$E$61,E67,0))))",12
Primes,M76,"=+IF($M$24>=$H$61,H67,IF($M$24>=$G$61,G67,IF($M$24>=$F$61,F67,IF($M$24>=$E$61,E67,0))))",12
Primes,N76,"=+IF($N$24>=$H$61,H67,IF($N$24>=$G$61,G67,IF($N$24>=$F$61,F67,IF($N$24>=$E$61,E67,0))))",12
Primes,O76,"=+IF($O$24>=$H$61,H67,IF($O$24>=$G$61,G67,IF($O$24>=$F$61,F67,IF($O$24>=$E$61,E67,0))))",12
Primes,P76,=SUM(D76:O76),1
Primes,B77,=+Feuil3!C16,1
Primes,C77,=+C68,1
Primes,D77,"=+IF($D$24>=$H$61,H68,IF($D$24>=$G$61,G68,IF($D$24>=$F$61,F68,IF($D$24>=$E$61,E68,0))))",12
Primes,E77,"=+IF($E$24>=$H$61,H68,IF($E$24>=$G$61,G68,IF($E$24>=$F$61,F68,IF($E$24>=$E$61,E68,0))))",12
Primes,F77,"=+IF($F$24>=$H$61,H68,IF($F$24>=$G$61,G68,IF($F$24>=$F$61,F68,IF($F$24>=$E$61,E68,0))))",12
Primes,G77,"=+IF($G$24>=$H$61,H68,IF($G$24>=$G$61,G68,IF($G$24>=$F$61,F68,IF($G$24>=$E$61,E68,0))))",12
Primes,H77,"=+IF($H$24>=$H$61,H68,IF($H$24>=$G$61,G68,IF($H$24>=$F$61,F68,IF($H$24>=$E$61,E68,0))))",12
Primes,I77,"=+IF($I$24>=$H$61,H68,IF($I$24>=$G$61,G68,IF($I$24>=$F$61,F68,IF($I$24>=$E$61,E68,0))))",12
Primes,J77,"=+IF($J$24>=$H$61,H68,IF($J$24>=$G$61,G68,IF($J$24>=$F$61,F68,IF($J$24>=$E$61,E68,0))))",12
Primes,K77,"=+IF($K$24>=$H$61,H68,IF($K$24>=$G$61,G68,IF($K$24>=$F$61,F68,IF($K$24>=$E$61,E68,0))))",12
Primes,L77,"=+IF($L$24>=$H$61,H68,IF($L$24>=$G$61,G68,IF($L$24>=$F$61,F68,IF($L$24>=$E$61,E68,0))))",12
Primes,M77,"=+IF($M$24>=$H$61,H68,IF($M$24>=$G$61,G68,IF($M$24>=$F$61,F68,IF($M$24>=$E$61,E68,0))))",12
Primes,N77,"=+IF($N$24>=$H$61,H68,IF($N$24>=$G$61,G68,IF($N$24>=$F$61,F68,IF($N$24>=$E$61,E68,0))))",12
Primes,O77,"=+IF($O$24>=$H$61,H68,IF($O$24>=$G$61,G68,IF($O$24>=$F$61,F68,IF($O$24>=$E$61,E68,0))))",12
Primes,P77,=SUM(D77:O77),1
Primes,B78,=+Feuil3!C17,1
Primes,C78,=+C69,1
Primes,D78,"=+IF($D$24>=$H$61,H69,IF($D$24>=$G$61,G69,IF($D$24>=$F$61,F69,IF($D$24>=$E$61,E69,0))))",12
Primes,E78,"=+IF($E$24>=$H$61,H69,IF($E$24>=$G$61,G69,IF($E$24>=$F$61,F69,IF($E$24>=$E$61,E69,0))))",12
Primes,F78,"=+IF($F$24>=$H$61,H69,IF($F$24>=$G$61,G69,IF($F$24>=$F$61,F69,IF($F$24>=$E$61,E69,0))))",12
Primes,G78,"=+IF($G$24>=$H$61,H69,IF($G$24>=$G$61,G69,IF($G$24>=$F$61,F69,IF($G$24>=$E$61,E69,0))))",12
Primes,H78,"=+IF($H$24>=$H$61,H69,IF($H$24>=$G$61,G69,IF($H$24>=$F$61,F69,IF($H$24>=$E$61,E69,0))))",12
Primes,I78,"=+IF($I$24>=$H$61,H69,IF($I$24>=$G$61,G69,IF($I$24>=$F$61,F69,IF($I$24>=$E$61,E69,0))))",12
Primes,J78,"=+IF($J$24>=$H$61,H69,IF($J$24>=$G$61,G69,IF($J$24>=$F$61,F69,IF($J$24>=$E$61,E69,0))))",12
Primes,K78,"=+IF($K$24>=$H$61,H69,IF($K$24>=$G$61,G69,IF($K$24>=$F$61,F69,IF($K$24>=$E$61,E69,0))))",12
Primes,L78,"=+IF($L$24>=$H$61,H69,IF($L$24>=$G$61,G69,IF($L$24>=$F$61,F69,IF($L$24>=$E$61,E69,0))))",12
Primes,M78,"=+IF($M$24>=$H$61,H69,IF($M$24>=$G$61,G69,IF($M$24>=$F$61,F69,IF($M$24>=$E$61,E69,0))))",12
Primes,N78,"=+IF($N$24>=$H$61,H69,IF($N$24>=$G$61,G69,IF($N$24>=$F$61,F69,IF($N$24>=$E$61,E69,0))))",12
Primes,O78,"=+IF($O$24>=$H$61,H69,IF($O$24>=$G$61,G69,IF($O$24>=$F$61,F69,IF($O$24>=$E$61,E69,0))))",12
Primes,P78,=SUM(D78:O78),1
Primes,B79,=+Feuil3!C18,1
Primes,C79,=+C70,1
Primes,D79,"=+IF($D$24>=$H$61,H70,IF($D$24>=$G$61,G70,IF($D$24>=$F$61,F70,IF($D$24>=$E$61,E70,0))))",12
Primes,E79,"=+IF($E$24>=$H$61,H70,IF($E$24>=$G$61,G70,IF($E$24>=$F$61,F70,IF($E$24>=$E$61,E70,0))))",12
Primes,F79,"=+IF($F$24>=$H$61,H70,IF($F$24>=$G$61,G70,IF($F$24>=$F$61,F70,IF($F$24>=$E$61,E70,0))))",12
Primes,G79,"=+IF($G$24>=$H$61,H70,IF($G$24>=$G$61,G70,IF($G$24>=$F$61,F70,IF($G$24>=$E$61,E70,0))))",12
Primes,H79,"=+IF($H$24>=$H$61,H70,IF($H$24>=$G$61,G70,IF($H$24>=$F$61,F70,IF($H$24>=$E$61,E70,0))))",12
Primes,I79,"=+IF($I$24>=$H$61,H70,IF($I$24>=$G$61,G70,IF($I$24>=$F$61,F70,IF($I$24>=$E$61,E70,0))))",12
Primes,J79,"=+IF($J$24>=$H$61,H70,IF($J$24>=$G$61,G70,IF($J$24>=$F$61,F70,IF($J$24>=$E$61,E70,0))))",12
Primes,K79,"=+IF($K$24>=$H$61,H70,IF($K$24>=$G$61,G70,IF($K$24>=$F$61,F70,IF($K$24>=$E$61,E70,0))))",12
Primes,L79,"=+IF($L$24>=$H$61,H70,IF($L$24>=$G$61,G70,IF($L$24>=$F$61,F70,IF($L$24>=$E$61,E70,0))))",12
Primes,M79,"=+IF($M$24>=$H$61,H70,IF($M$24>=$G$61,G70,IF($M$24>=$F$61,F70,IF($M$24>=$E$61,E70,0))))",12
Primes,N79,"=+IF($N$24>=$H$61,H70,IF($N$24>=$G$61,G70,IF($N$24>=$F$61,F70,IF($N$24>=$E$61,E70,0))))",12
Primes,O79,"=+IF($O$24>=$H$61,H70,IF($O$24>=$G$61,G70,IF($O$24>=$F$61,F70,IF($O$24>=$E$61,E70,0))))",12
Primes,P79,=SUM(D79:O79),1
Primes,B80,=+Feuil3!C19,1
Primes,C80,=+C71,1
Primes,D80,"=+IF($D$24>=$H$61,H71,IF($D$24>=$G$61,G71,IF($D$24>=$F$61,F71,IF($D$24>=$E$61,E71,0))))",12
Primes,E80,"=+IF($E$24>=$H$61,H71,IF($E$24>=$G$61,G71,IF($E$24>=$F$61,F71,IF($E$24>=$E$61,E71,0))))",12
Primes,F80,"=+IF($F$24>=$H$61,H71,IF($F$24>=$G$61,G71,IF($F$24>=$F$61,F71,IF($F$24>=$E$61,E71,0))))",12
Primes,G80,"=+IF($G$24>=$H$61,H71,IF($G$24>=$G$61,G71,IF($G$24>=$F$61,F71,IF($G$24>=$E$61,E71,0))))",12
Primes,H80,"=+IF($H$24>=$H$61,H71,IF($H$24>=$G$61,G71,IF($H$24>=$F$61,F71,IF($H$24>=$E$61,E71,0))))",12
Primes,I80,"=+IF($I$24>=$H$61,H71,IF($I$24>=$G$61,G71,IF($I$24>=$F$61,F71,IF($I$24>=$E$61,E71,0))))",12
Primes,J80,"=+IF($J$24>=$H$61,H71,IF($J$24>=$G$61,G71,IF($J$24>=$F$61,F71,IF($J$24>=$E$61,E71,0))))",12
Primes,K80,"=+IF($K$24>=$H$61,H71,IF($K$24>=$G$61,G71,IF($K$24>=$F$61,F71,IF($K$24>=$E$61,E71,0))))",12
Primes,L80,"=+IF($L$24>=$H$61,H71,IF($L$24>=$G$61,G71,IF($L$24>=$F$61,F71,IF($L$24>=$E$61,E71,0))))",12
Primes,M80,"=+IF($M$24>=$H$61,H71,IF($M$24>=$G$61,G71,IF($M$24>=$F$61,F71,IF($M$24>=$E$61,E71,0))))",12
Primes,N80,"=+IF($N$24>=$H$61,H71,IF($N$24>=$G$61,G71,IF($N$24>=$F$61,F71,IF($N$24>=$E$61,E71,0))))",12
Primes,O80,"=+IF($O$24>=$H$61,H71,IF($O$24>=$G$61,G71,IF($O$24>=$F$61,F71,IF($O$24>=$E$61,E71,0))))",12
Primes,P80,=SUM(D80:O80),1
Primes,B81,=SUM(B74:B80),1
Primes,D81,=SUM(D74:D80),1
Primes,E81,=SUM(E74:E80),1
Primes,F81,=SUM(F74:F80),1
Primes,G81,=SUM(G74:G80),1
Primes,H81,=SUM(H74:H80),1
Primes,I81,=SUM(I74:I80),1
Primes,J81,=SUM(J74:J80),1
Primes,K81,=SUM(K74:K80),1
Primes,L81,=SUM(L74:L80),1
Primes,M81,=SUM(M74:M80),1
Primes,N81,=SUM(N74:N80),1
Primes,O81,=SUM(O74:O80),1
Primes,P81,=SUM(P74:P80),1
Primes,D85,"=+Org!M84&"" Equipe = ""&F18",2
Primes,E85,=+G18,1
Primes,F85,=+H18,1
Primes,G85,=+I18,1
Primes,H85,=+J18,1
Primes,E86,=+E62,1
Primes,F86,=+F62,1
Primes,G86,=+G62,1
Primes,H86,=+H62,1
Primes,B89,=+Org!A66,1
Primes,C89,=+Org!B66,1
Primes,D89,=+Org!N66,1
Primes,E89,=+D89*$E$86/12,2
Primes,F89,=+D89*$F$86/12,2
Primes,G89,=+D89*$G$86/12,2
Primes,H89,=+D89*$H$86/12,2
Primes,B90,=+Org!A67,1
Primes,C90,=+Org!B67,1
Primes,D90,=+Org!N67,1
Primes,E90,=+D90*$E$86/12,2
Primes,F90,=+D90*$F$86/12,2
Primes,G90,=+D90*$G$86/12,2
Primes,H90,=+D90*$H$86/12,2
Primes,B91,=+Org!A69,1
Primes,C91,=+Org!B69,1
Primes,D91,=+Org!N69,1
Primes,E91,=+D91*$E$86/12,2
Primes,F91,=+D91*$F$86/12,2
Primes,G91,=+D91*$G$86/12,2
Primes,H91,=+D91*$H$86/12,2
Primes,B92,=+Org!A70,1
Primes,C92,=+Org!B70,1
Primes,D92,=+Org!N70,1
Primes,E92,=+D92*$E$86/12,2
Primes,F92,=+D92*$F$86/12,2
Primes,G92,=+D92*$G$86/12,2
Primes,H92,=+D92*$H$86/12,2
Primes,B93,=+Org!A72,1
Primes,C93,=+Org!B72,1
Primes,D93,=+Org!N72,1
Primes,E93,=+D93*$E$86/12,2
Primes,F93,=+D93*$F$86/12,2
Primes,G93,=+D93*$G$86/12,2
Primes,H93,=+D93*$H$86/12,2
Primes,B94,=+Org!A73,1
Primes,C94,=+Org!B73,1
Primes,D94,=+Org!N73,1
Primes,E94,=+D94*$E$86/12,2
Primes,F94,=+D94*$F$86/12,2
Primes,G94,=+D94*$G$86/12,2
Primes,H94,=+D94*$H$86/12,2
Primes,B95,=+Org!A74,1
Primes,C95,=+Org!B74,1
Primes,D95,=+Org!N74,1
Primes,E95,=+D95*$E$86/12,2
Primes,F95,=+D95*$F$86/12,2
Primes,G95,=+D95*$G$86/12,2
Primes,H95,=+D95*$H$86/12,2
Primes,B96,=+Org!A75,1
Primes,C96,=+Org!B75,1
Primes,D96,=+Org!N75,1
Primes,E96,=+D96*$E$86/12,2
Primes,F96,=+D96*$F$86/12,2
Primes,G96,=+D96*$G$86/12,2
Primes,H96,=+D96*$H$86/12,2
Primes,D98,=+D73,1
Primes,E98,=+E73,1
Primes,F98,=+F73,1
Primes,G98,=+G73,1
Primes,H98,=+H73,1
Primes,I98,=+I73,1
Primes,J98,=+J73,1
Primes,K98,=+K73,1
Primes,L98,=+L73,1
Primes,M98,=+M73,1
Primes,N98,=+N73,1
Primes,O98,=+O73,1
Primes,P98,=+P73,1
Primes,B99,=+Org!M66,1
Primes,C99,=+C89,1
Primes,D99,"=+IF($D$25>=$H$85,H89,IF($D$25>=$G$85,G89,IF($D$25>=$F$85,F89,IF($D$25>=$E$85,E89,0))))",12
Primes,E99,"=+IF($E$25>=$H$85,H89,IF($E$25>=$G$85,G89,IF($E$25>=$F$85,F89,IF($E$25>=$E$85,E89,0))))",12
Primes,F99,"=+IF($F$25>=$H$85,H89,IF($F$25>=$G$85,G89,IF($F$25>=$F$85,F89,IF($F$25>=$E$85,E89,0))))",12
Primes,G99,"=+IF($G$25>=$H$85,H89,IF($G$25>=$G$85,G89,IF($G$25>=$F$85,F89,IF($G$25>=$E$85,E89,0))))",12
Primes,H99,"=+IF($H$25>=$H$85,H89,IF($H$25>=$G$85,G89,IF($H$25>=$F$85,F89,IF($H$25>=$E$85,E89,0))))",12
Primes,I99,"=+IF($I$25>=$H$85,H89,IF($I$25>=$G$85,G89,IF($I$25>=$F$85,F89,IF($I$25>=$E$85,E89,0))))",12
Primes,J99,"=+IF($J$25>=$H$85,H89,IF($J$25>=$G$85,G89,IF($J$25>=$F$85,F89,IF($J$25>=$E$85,E89,0))))",12
Primes,K99,"=+IF($K$25>=$H$85,H89,IF($K$25>=$G$85,G89,IF($K$25>=$F$85,F89,IF($K$25>=$E$85,E89,0))))",12
Primes,L99,"=+IF($L$25>=$H$85,H89,IF($L$25>=$G$85,G89,IF($L$25>=$F$85,F89,IF($L$25>=$E$85,E89,0))))",12
Primes,M99,"=+IF($M$25>=$H$85,H89,IF($M$25>=$G$85,G89,IF($M$25>=$F$85,F89,IF($M$25>=$E$85,E89,0))))",12
Primes,N99,"=+IF($N$25>=$H$61,H89,IF($N$25>=$G$61,G89,IF($N$25>=$F$61,F89,IF($N$25>=$E$61,E89,0))))",12
Primes,O99,"=+IF($O$25>=$H$61,H89,IF($O$25>=$G$61,G89,IF($O$25>=$F$61,F89,IF($O$25>=$E$61,E89,0))))",12
Primes,P99,=SUM(D99:O99),1
Primes,B100,=+Org!M67,1
Primes,C100,=+C90,1
Primes,D100,"=+IF($D$25>=$H$85,H90,IF($D$25>=$G$85,G90,IF($D$25>=$F$85,F90,IF($D$25>=$E$85,E90,0))))",12
Primes,E100,"=+IF($E$25>=$H$85,H90,IF($E$25>=$G$85,G90,IF($E$25>=$F$85,F90,IF($E$25>=$E$85,E90,0))))",12
Primes,F100,"=+IF($F$25>=$H$85,H90,IF($F$25>=$G$85,G90,IF($F$25>=$F$85,F90,IF($F$25>=$E$85,E90,0))))",12
Primes,G100,"=+IF($G$25>=$H$85,H90,IF($G$25>=$G$85,G90,IF($G$25>=$F$85,F90,IF($G$25>=$E$85,E90,0))))",12
Primes,H100,"=+IF($H$25>=$H$85,H90,IF($H$25>=$G$85,G90,IF($H$25>=$F$85,F90,IF($H$25>=$E$85,E90,0))))",12
Primes,I100,"=+IF($I$25>=$H$85,H90,IF($I$25>=$G$85,G90,IF($I$25>=$F$85,F90,IF($I$25>=$E$85,E90,0))))",12
Primes,J100,"=+IF($J$25>=$H$85,H90,IF($J$25>=$G$85,G90,IF($J$25>=$F$85,F90,IF($J$25>=$E$85,E90,0))))",12
Primes,K100,"=+IF($K$25>=$H$85,H90,IF($K$25>=$G$85,G90,IF($K$25>=$F$85,F90,IF($K$25>=$E$85,E90,0))))",12
Primes,L100,"=+IF($L$25>=$H$85,H90,IF($L$25>=$G$85,G90,IF($L$25>=$F$85,F90,IF($L$25>=$E$85,E90,0))))",12
Primes,M100,"=+IF($M$25>=$H$85,H90,IF($M$25>=$G$85,G90,IF($M$25>=$F$85,F90,IF($M$25>=$E$85,E90,0))))",12
Primes,N100,"=+IF($N$25>=$H$61,H90,IF($N$25>=$G$61,G90,IF($N$25>=$F$61,F90,IF($N$25>=$E$61,E90,0))))",12
Primes,O100,"=+IF($O$25>=$H$61,H90,IF($O$25>=$G$61,G90,IF($O$25>=$F$61,F90,IF($O$25>=$E$61,E90,0))))",12
Primes,P100,=SUM(D100:O100),1
Primes,B101,=+Org!M69,1
Primes,C101,=+C91,1
Primes,D101,"=+IF($D$25>=$H$85,H91,IF($D$25>=$G$85,G91,IF($D$25>=$F$85,F91,IF($D$25>=$E$85,E91,0))))",12
Primes,E101,"=+IF($E$25>=$H$85,H91,IF($E$25>=$G$85,G91,IF($E$25>=$F$85,F91,IF($E$25>=$E$85,E91,0))))",12
Primes,F101,"=+IF($F$25>=$H$85,H91,IF($F$25>=$G$85,G91,IF($F$25>=$F$85,F91,IF($F$25>=$E$85,E91,0))))",12
Primes,G101,"=+IF($G$25>=$H$85,H91,IF($G$25>=$G$85,G91,IF($G$25>=$F$85,F91,IF($G$25>=$E$85,E91,0))))",12
Primes,H101,"=+IF($H$25>=$H$85,H91,IF($H$25>=$G$85,G91,IF($H$25>=$F$85,F91,IF($H$25>=$E$85,E91,0))))",12
Primes,I101,"=+IF($I$25>=$H$85,H91,IF($I$25>=$G$85,G91,IF($I$25>=$F$85,F91,IF($I$25>=$E$85,E91,0))))",12
Primes,J101,"=+IF($J$25>=$H$85,H91,IF($J$25>=$G$85,G91,IF($J$25>=$F$85,F91,IF($J$25>=$E$85,E91,0))))",12
Primes,K101,"=+IF($K$25>=$H$85,H91,IF($K$25>=$G$85,G91,IF($K$25>=$F$85,F91,IF($K$25>=$E$85,E91,0))))",12
Primes,L101,"=+IF($L$25>=$H$85,H91,IF($L$25>=$G$85,G91,IF($L$25>=$F$85,F91,IF($L$25>=$E$85,E91,0))))",12
Primes,M101,"=+IF($M$25>=$H$85,H91,IF($M$25>=$G$85,G91,IF($M$25>=$F$85,F91,IF($M$25>=$E$85,E91,0))))",12
Primes,N101,"=+IF($N$25>=$H$61,H91,IF($N$25>=$G$61,G91,IF($N$25>=$F$61,F91,IF($N$25>=$E$61,E91,0))))",12
Primes,O101,"=+IF($O$25>=$H$61,H91,IF($O$25>=$G$61,G91,IF($O$25>=$F$61,F91,IF($O$25>=$E$61,E91,0))))",12
Primes,P101,=SUM(D101:O101),1
Primes,B102,=+Org!M70,1
Primes,C102,=+C92,1
Primes,D102,"=+IF($D$25>=$H$85,H92,IF($D$25>=$G$85,G92,IF($D$25>=$F$85,F92,IF($D$25>=$E$85,E92,0))))",12
Primes,E102,"=+IF($E$25>=$H$85,H92,IF($E$25>=$G$85,G92,IF($E$25>=$F$85,F92,IF($E$25>=$E$85,E92,0))))",12
Primes,F102,"=+IF($F$25>=$H$85,H92,IF($F$25>=$G$85,G92,IF($F$25>=$F$85,F92,IF($F$25>=$E$85,E92,0))))",12
Primes,G102,"=+IF($G$25>=$H$85,H92,IF($G$25>=$G$85,G92,IF($G$25>=$F$85,F92,IF($G$25>=$E$85,E92,0))))",12
Primes,H102,"=+IF($H$25>=$H$85,H92,IF($H$25>=$G$85,G92,IF($H$25>=$F$85,F92,IF($H$25>=$E$85,E92,0))))",12
Primes,I102,"=+IF($I$25>=$H$85,H92,IF($I$25>=$G$85,G92,IF($I$25>=$F$85,F92,IF($I$25>=$E$85,E92,0))))",12
Primes,J102,"=+IF($J$25>=$H$85,H92,IF($J$25>=$G$85,G92,IF($J$25>=$F$85,F92,IF($J$25>=$E$85,E92,0))))",12
Primes,K102,"=+IF($K$25>=$H$85,H92,IF($K$25>=$G$85,G92,IF($K$25>=$F$85,F92,IF($K$25>=$E$85,E92,0))))",12
Primes,L102,"=+IF($L$25>=$H$85,H92,IF($L$25>=$G$85,G92,IF($L$25>=$F$85,F92,IF($L$25>=$E$85,E92,0))))",12
Primes,M102,"=+IF($M$25>=$H$85,H92,IF($M$25>=$G$85,G92,IF($M$25>=$F$85,F92,IF($M$25>=$E$85,E92,0))))",12
Primes,N102,"=+IF($N$25>=$H$61,H92,IF($N$25>=$G$61,G92,IF($N$25>=$F$61,F92,IF($N$25>=$E$61,E92,0))))",12
Primes,O102,"=+IF($O$25>=$H$61,H92,IF($O$25>=$G$61,G92,IF($O$25>=$F$61,F92,IF($O$25>=$E$61,E92,0))))",12
Primes,P102,=SUM(D102:O102),1
Primes,B103,=+Org!M72,1
Primes,C103,=+C93,1
Primes,D103,"=+IF($D$25>=$H$85,H93,IF($D$25>=$G$85,G93,IF($D$25>=$F$85,F93,IF($D$25>=$E$85,E93,0))))",12
Primes,E103,"=+IF($E$25>=$H$85,H93,IF($E$25>=$G$85,G93,IF($E$25>=$F$85,F93,IF($E$25>=$E$85,E93,0))))",12
Primes,F103,"=+IF($F$25>=$H$85,H93,IF($F$25>=$G$85,G93,IF($F$25>=$F$85,F93,IF($F$25>=$E$85,E93,0))))",12
Primes,G103,"=+IF($G$25>=$H$85,H93,IF($G$25>=$G$85,G93,IF($G$25>=$F$85,F93,IF($G$25>=$E$85,E93,0))))",12
Primes,H103,"=+IF($H$25>=$H$85,H93,IF($H$25>=$G$85,G93,IF($H$25>=$F$85,F93,IF($H$25>=$E$85,E93,0))))",12
Primes,I103,"=+IF($I$25>=$H$85,H93,IF($I$25>=$G$85,G93,IF($I$25>=$F$85,F93,IF($I$25>=$E$85,E93,0))))",12
Primes,J103,"=+IF($J$25>=$H$85,H93,IF($J$25>=$G$85,G93,IF($J$25>=$F$85,F93,IF($J$25>=$E$85,E93,0))))",12
Primes,K103,"=+IF($K$25>=$H$85,H93,IF($K$25>=$G$85,G93,IF($K$25>=$F$85,F93,IF($K$25>=$E$85,E93,0))))",12
Primes,L103,"=+IF($L$25>=$H$85,H93,IF($L$25>=$G$85,G93,IF($L$25>=$F$85,F93,IF($L$25>=$E$85,E93,0))))",12
Primes,M103,"=+IF($M$25>=$H$85,H93,IF($M$25>=$G$85,G93,IF($M$25>=$F$85,F93,IF($M$25>=$E$85,E93,0))))",12
Primes,N103,"=+IF($N$25>=$H$61,H93,IF($N$25>=$G$61,G93,IF($N$25>=$F$61,F93,IF($N$25>=$E$61,E93,0))))",12
Primes,O103,"=+IF($O$25>=$H$61,H93,IF($O$25>=$G$61,G93,IF($O$25>=$F$61,F93,IF($O$25>=$E$61,E93,0))))",12
Primes,P103,=SUM(D103:O103),1
Primes,B104,=+Org!M73,1
Primes,C104,=+C94,1
Primes,D104,"=+IF($D$25>=$H$85,H94,IF($D$25>=$G$85,G94,IF($D$25>=$F$85,F94,IF($D$25>=$E$85,E94,0))))",12
Primes,E104,"=+IF($E$25>=$H$85,H94,IF($E$25>=$G$85,G94,IF($E$25>=$F$85,F94,IF($E$25>=$E$85,E94,0))))",12
Primes,F104,"=+IF($F$25>=$H$85,H94,IF($F$25>=$G$85,G94,IF($F$25>=$F$85,F94,IF($F$25>=$E$85,E94,0))))",12
Primes,G104,"=+IF($G$25>=$H$85,H94,IF($G$25>=$G$85,G94,IF($G$25>=$F$85,F94,IF($G$25>=$E$85,E94,0))))",12
Primes,H104,"=+IF($H$25>=$H$85,H94,IF($H$25>=$G$85,G94,IF($H$25>=$F$85,F94,IF($H$25>=$E$85,E94,0))))",12
Primes,I104,"=+IF($I$25>=$H$85,H94,IF($I$25>=$G$85,G94,IF($I$25>=$F$85,F94,IF($I$25>=$E$85,E94,0))))",12
Primes,J104,"=+IF($J$25>=$H$85,H94,IF($J$25>=$G$85,G94,IF($J$25>=$F$85,F94,IF($J$25>=$E$85,E94,0))))",12
Primes,K104,"=+IF($K$25>=$H$85,H94,IF($K$25>=$G$85,G94,IF($K$25>=$F$85,F94,IF($K$25>=$E$85,E94,0))))",12
Primes,L104,"=+IF($L$25>=$H$85,H94,IF($L$25>=$G$85,G94,IF($L$25>=$F$85,F94,IF($L$25>=$E$85,E94,0))))",12
Primes,M104,"=+IF($M$25>=$H$85,H94,IF($M$25>=$G$85,G94,IF($M$25>=$F$85,F94,IF($M$25>=$E$85,E94,0))))",12
Primes,N104,"=+IF($N$25>=$H$61,H94,IF($N$25>=$G$61,G94,IF($N$25>=$F$61,F94,IF($N$25>=$E$61,E94,0))))",12
Primes,O104,"=+IF($O$25>=$H$61,H94,IF($O$25>=$G$61,G94,IF($O$25>=$F$61,F94,IF($O$25>=$E$61,E94,0))))",12
Primes,P104,=SUM(D104:O104),1
Primes,B105,=+Org!M74,1
Primes,C105,=+C95,1
Primes,D105,"=+IF($D$25>=$H$85,H95,IF($D$25>=$G$85,G95,IF($D$25>=$F$85,F95,IF($D$25>=$E$85,E95,0))))",12
Primes,E105,"=+IF($E$25>=$H$85,H95,IF($E$25>=$G$85,G95,IF($E$25>=$F$85,F95,IF($E$25>=$E$85,E95,0))))",12
Primes,F105,"=+IF($F$25>=$H$85,H95,IF($F$25>=$G$85,G95,IF($F$25>=$F$85,F95,IF($F$25>=$E$85,E95,0))))",12
Primes,G105,"=+IF($G$25>=$H$85,H95,IF($G$25>=$G$85,G95,IF($G$25>=$F$85,F95,IF($G$25>=$E$85,E95,0))))",12
Primes,H105,"=+IF($H$25>=$H$85,H95,IF($H$25>=$G$85,G95,IF($H$25>=$F$85,F95,IF($H$25>=$E$85,E95,0))))",12
Primes,I105,"=+IF($I$25>=$H$85,H95,IF($I$25>=$G$85,G95,IF($I$25>=$F$85,F95,IF($I$25>=$E$85,E95,0))))",12
Primes,J105,"=+IF($J$25>=$H$85,H95,IF($J$25>=$G$85,G95,IF($J$25>=$F$85,F95,IF($J$25>=$E$85,E95,0))))",12
Primes,K105,"=+IF($K$25>=$H$85,H95,IF($K$25>=$G$85,G95,IF($K$25>=$F$85,F95,IF($K$25>=$E$85,E95,0))))",12
Primes,L105,"=+IF($L$25>=$H$85,H95,IF($L$25>=$G$85,G95,IF($L$25>=$F$85,F95,IF($L$25>=$E$85,E95,0))))",12
Primes,M105,"=+IF($M$25>=$H$85,H95,IF($M$25>=$G$85,G95,IF($M$25>=$F$85,F95,IF($M$25>=$E$85,E95,0))))",12
Primes,N105,"=+IF($N$25>=$H$61,H95,IF($N$25>=$G$61,G95,IF($N$25>=$F$61,F95,IF($N$25>=$E$61,E95,0))))",12
Primes,O105,"=+IF($O$25>=$H$61,H95,IF($O$25>=$G$61,G95,IF($O$25>=$F$61,F95,IF($O$25>=$E$61,E95,0))))",12
Primes,P105,=SUM(D105:O105),1
Primes,B106,=+Org!M75,1
Primes,C106,=+C96,1
Primes,D106,"=+IF($D$25>=$H$85,H96,IF($D$25>=$G$85,G96,IF($D$25>=$F$85,F96,IF($D$25>=$E$85,E96,0))))",12
Primes,E106,"=+IF($E$25>=$H$85,H96,IF($E$25>=$G$85,G96,IF($E$25>=$F$85,F96,IF($E$25>=$E$85,E96,0))))",12
Primes,F106,"=+IF($F$25>=$H$85,H96,IF($F$25>=$G$85,G96,IF($F$25>=$F$85,F96,IF($F$25>=$E$85,E96,0))))",12
Primes,G106,"=+IF($G$25>=$H$85,H96,IF($G$25>=$G$85,G96,IF($G$25>=$F$85,F96,IF($G$25>=$E$85,E96,0))))",12
Primes,H106,"=+IF($H$25>=$H$85,H96,IF($H$25>=$G$85,G96,IF($H$25>=$F$85,F96,IF($H$25>=$E$85,E96,0))))",12
Primes,I106,"=+IF($I$25>=$H$85,H96,IF($I$25>=$G$85,G96,IF($I$25>=$F$85,F96,IF($I$25>=$E$85,E96,0))))",12
Primes,J106,"=+IF($J$25>=$H$85,H96,IF($J$25>=$G$85,G96,IF($J$25>=$F$85,F96,IF($J$25>=$E$85,E96,0))))",12
Primes,K106,"=+IF($K$25>=$H$85,H96,IF($K$25>=$G$85,G96,IF($K$25>=$F$85,F96,IF($K$25>=$E$85,E96,0))))",12
Primes,L106,"=+IF($L$25>=$H$85,H96,IF($L$25>=$G$85,G96,IF($L$25>=$F$85,F96,IF($L$25>=$E$85,E96,0))))",12
Primes,M106,"=+IF($M$25>=$H$85,H96,IF($M$25>=$G$85,G96,IF($M$25>=$F$85,F96,IF($M$25>=$E$85,E96,0))))",12
Primes,N106,"=+IF($N$25>=$H$61,H96,IF($N$25>=$G$61,G96,IF($N$25>=$F$61,F96,IF($N$25>=$E$61,E96,0))))",12
Primes,O106,"=+IF($O$25>=$H$61,H96,IF($O$25>=$G$61,G96,IF($O$25>=$F$61,F96,IF($O$25>=$E$61,E96,0))))",12
Primes,P106,=SUM(D106:O106),1
Primes,B107,=SUM(B99:B106),1
Primes,D107,=SUM(D99:D106),1
Primes,E107,=SUM(E99:E106),1
Primes,F107,=SUM(F99:F106),1
Primes,G107,=SUM(G99:G106),1
Primes,H107,=SUM(H99:H106),1
Primes,I107,=SUM(I99:I106),1
Primes,J107,=SUM(J99:J106),1
Primes,K107,=SUM(K99:K106),1
Primes,L107,=SUM(L99:L106),1
Primes,M107,=SUM(M99:M106),1
Primes,N107,=SUM(N99:N106),1
Primes,O107,=SUM(O99:O106),1
Primes,P107,=SUM(P99:P106),1
Primes,B112,=+B40+B46+B56,3
Primes,B113,=+B81+B107,2
Primes,B114,=SUM(B112:B113),1
Achat,D4,=+'Détails Achats direct'!D15,1
Achat,E4,=+'Détails Achats direct'!E15,1
Achat,F4,=+'Détails Achats direct'!F15,1
Achat,G4,=+'Détails Achats direct'!G15,1
Achat,H4,=+'Détails Achats direct'!H15,1
Achat,I4,=+'Détails Achats direct'!I15,1
Achat,J4,=+'Détails Achats direct'!J15,1
Achat,K4,=+'Détails Achats direct'!K15,1
Achat,L4,=+'Détails Achats direct'!L15,1
Achat,M4,=+'Détails Achats direct'!M15,1
Achat,N4,=+'Détails Achats direct'!N15,1
Achat,O4,=+'Détails Achats direct'!O15,1
Achat,P4,=SUM(D4:O4),1
Achat,D5,"=IFERROR(-'Besoins en micas'!C28,"""")",1
Achat,E5,"=IFERROR(-'Besoins en micas'!D28,"""")",1
Achat,F5,"=IFERROR(-'Besoins en micas'!E28,"""")",1
Achat,G5,"=IFERROR(-'Besoins en micas'!F28,"""")",1
Achat,H5,"=IFERROR(-'Besoins en micas'!G28,"""")",1
Achat,I5,"=IFERROR(-'Besoins en micas'!H28,"""")",1
Achat,J5,"=IFERROR(-'Besoins en micas'!I28,"""")",1
Achat,K5,"=IFERROR(-'Besoins en micas'!J28,"""")",1
Achat,L5,"=IFERROR(-'Besoins en micas'!K28,"""")",1
Achat,M5,"=IFERROR(-'Besoins en micas'!L28,"""")",1
Achat,N5,"=IFERROR(-'Besoins en micas'!M28,"""")",1
Achat,O5,"=IFERROR(-'Besoins en micas'!N28,"""")",1
Achat,P5,=SUM(D5:O5),1
Achat,B7,=+'Détails Achats direct'!C24,1
Achat,D7,=+'Détails Achats direct'!D26,1
Achat,E7,=+'Détails Achats direct'!E26,1
Achat,F7,=+'Détails Achats direct'!F26,1
Achat,G7,=+'Détails Achats direct'!G26,1
Achat,H7,=+'Détails Achats direct'!H26,1
Achat,I7,=+'Détails Achats direct'!I26,1
Achat,J7,=+'Détails Achats direct'!J26,1
Achat,K7,=+'Détails Achats direct'!K26,1
Achat,L7,=+'Détails Achats direct'!L26,1
Achat,M7,=+'Détails Achats direct'!M26,1
Achat,N7,=+'Détails Achats direct'!N26,1
Achat,O7,=+'Détails Achats direct'!O26,1
Achat,P7,=SUM(D7:O7),1
Achat,D9,=+'Détails Achats direct'!D31,1
Achat,E9,=+'Détails Achats direct'!E31,1
Achat,F9,=+'Détails Achats direct'!F31,1
Achat,G9,=+'Détails Achats direct'!G31,1
Achat,H9,=+'Détails Achats direct'!H31,1
Achat,I9,=+'Détails Achats direct'!I31,1
Achat,J9,=+'Détails Achats direct'!J31,1
Achat,K9,=+'Détails Achats direct'!K31,1
Achat,L9,=+'Détails Achats direct'!L31,1
Achat,M9,=+'Détails Achats direct'!M31,1
Achat,N9,=+'Détails Achats direct'!N31,1
Achat,O9,=+'Détails Achats direct'!O31,1
Achat,P9,=SUM(D9:O9),1
Achat,D10,=+'Détails Achats direct'!D32,1
Achat,E10,=+'Détails Achats direct'!E32,1
Achat,F10,=+'Détails Achats direct'!F32,1
Achat,G10,=+'Détails Achats direct'!G32,1
Achat,H10,=+'Détails Achats direct'!H32,1
Achat,I10,=+'Détails Achats direct'!I32,1
Achat,J10,=+'Détails Achats direct'!J32,1
Achat,K10,=+'Détails Achats direct'!K32,1
Achat,L10,=+'Détails Achats direct'!L32,1
Achat,M10,=+'Détails Achats direct'!M32,1
Achat,N10,=+'Détails Achats direct'!N32,1
Achat,O10,=+'Détails Achats direct'!O32,1
Achat,P10,=SUM(D10:O10),1
Achat,D12,=+'Détails Achats direct'!D34,1
Achat,E12,=+'Détails Achats direct'!E34,1
Achat,F12,=+'Détails Achats direct'!F34,1
Achat,G12,=+'Détails Achats direct'!G34,1
Achat,H12,=+'Détails Achats direct'!H34,1
Achat,I12,=+'Détails Achats direct'!I34,1
Achat,J12,=+'Détails Achats direct'!J34,1
Achat,K12,=+'Détails Achats direct'!K34,1
Achat,L12,=+'Détails Achats direct'!L34,1
Achat,M12,=+'Détails Achats direct'!M34,1
Achat,N12,=+'Détails Achats direct'!N34,1
Achat,O12,=+'Détails Achats direct'!O34,1
Achat,P12,=SUM(D12:O12),1
Achat,D13,=+'Détails Achats direct'!D35,1
Achat,E13,=+'Détails Achats direct'!E35,1
Achat,F13,=+'Détails Achats direct'!F35,1
Achat,G13,=+'Détails Achats direct'!G35,1
Achat,H13,=+'Détails Achats direct'!H35,1
Achat,I13,=+'Détails Achats direct'!I35,1
Achat,J13,=+'Détails Achats direct'!J35,1
Achat,K13,=+'Détails Achats direct'!K35,1
Achat,L13,=+'Détails Achats direct'!L35,1
Achat,M13,=+'Détails Achats direct'!M35,1
Achat,N13,=+'Détails Achats direct'!N35,1
Achat,O13,=+'Détails Achats direct'!O35,1
Achat,P13,=SUM(D13:O13),1
Achat,D14,=+'Détails Achats direct'!D36,1
Achat,E14,=+'Détails Achats direct'!E36,1
Achat,F14,=+'Détails Achats direct'!F36,1
Achat,G14,=+'Détails Achats direct'!G36,1
Achat,H14,=+'Détails Achats direct'!H36,1
Achat,I14,=+'Détails Achats direct'!I36,1
Achat,J14,=+'Détails Achats direct'!J36,1
Achat,K14,=+'Détails Achats direct'!K36,1
Achat,L14,=+'Détails Achats direct'!L36,1
Achat,M14,=+'Détails Achats direct'!M36,1
Achat,N14,=+'Détails Achats direct'!N36,1
Achat,O14,=+'Détails Achats direct'!O36,1
Achat,P14,=SUM(D14:O14),1
Achat,D15,=+'Détails Achats direct'!D37,1
Achat,E15,=+'Détails Achats direct'!E37,1
Achat,F15,=+'Détails Achats direct'!F37,1
Achat,G15,=+'Détails Achats direct'!G37,1
Achat,H15,=+'Détails Achats direct'!H37,1
Achat,I15,=+'Détails Achats direct'!I37,1
Achat,J15,=+'Détails Achats direct'!J37,1
Achat,K15,=+'Détails Achats direct'!K37,1
Achat,L15,=+'Détails Achats direct'!L37,1
Achat,M15,=+'Détails Achats direct'!M37,1
Achat,N15,=+'Détails Achats direct'!N37,1
Achat,O15,=+'Détails Achats direct'!O37,1
Achat,P15,=SUM(D15:O15),1
Achat,D16,=+'Détails Achats direct'!D38,1
Achat,E16,=+'Détails Achats direct'!E38,1
Achat,F16,=+'Détails Achats direct'!F38,1
Achat,G16,=+'Détails Achats direct'!G38,1
Achat,H16,=+'Détails Achats direct'!H38,1
Achat,I16,=+'Détails Achats direct'!I38,1
Achat,J16,=+'Détails Achats direct'!J38,1
Achat,K16,=+'Détails Achats direct'!K38,1
Achat,L16,=+'Détails Achats direct'!L38,1
Achat,M16,=+'Détails Achats direct'!M38,1
Achat,N16,=+'Détails Achats direct'!N38,1
Achat,O16,=+'Détails Achats direct'!O38,1
Achat,P16,=SUM(D16:O16),1
Achat,D17,=+'Détails Achats direct'!D39,1
Achat,E17,=+'Détails Achats direct'!E39,1
Achat,F17,=+'Détails Achats direct'!F39,1
Achat,G17,=+'Détails Achats direct'!G39,1
Achat,H17,=+'Détails Achats direct'!H39,1
Achat,I17,=+'Détails Achats direct'!I39,1
Achat,J17,=+'Détails Achats direct'!J39,1
Achat,K17,=+'Détails Achats direct'!K39,1
Achat,L17,=+'Détails Achats direct'!L39,1
Achat,M17,=+'Détails Achats direct'!M39,1
Achat,N17,=+'Détails Achats direct'!N39,1
Achat,O17,=+'Détails Achats direct'!O39,1
Achat,P17,=SUM(D17:O17),1
Achat,D18,=+'Détails Achats direct'!D40,1
Achat,E18,=+'Détails Achats direct'!E40,1
Achat,F18,=+'Détails Achats direct'!F40,1
Achat,G18,=+'Détails Achats direct'!G40,1
Achat,H18,=+'Détails Achats direct'!H40,1
Achat,I18,=+'Détails Achats direct'!I40,1
Achat,J18,=+'Détails Achats direct'!J40,1
Achat,K18,=+'Détails Achats direct'!K40,1
Achat,L18,=+'Détails Achats direct'!L40,1
Achat,M18,=+'Détails Achats direct'!M40,1
Achat,N18,=+'Détails Achats direct'!N40,1
Achat,O18,=+'Détails Achats direct'!O40,1
Achat,P18,=SUM(D18:O18),1
Achat,D19,=+'Détails Achats direct'!D41,1
Achat,E19,=+'Détails Achats direct'!E41,1
Achat,F19,=+'Détails Achats direct'!F41,1
Achat,G19,=+'Détails Achats direct'!G41,1
Achat,H19,=+'Détails Achats direct'!H41,1
Achat,I19,=+'Détails Achats direct'!I41,1
Achat,J19,=+'Détails Achats direct'!J41,1
Achat,K19,=+'Détails Achats direct'!K41,1
Achat,L19,=+'Détails Achats direct'!L41,1
Achat,M19,=+'Détails Achats direct'!M41,1
Achat,N19,=+'Détails Achats direct'!N41,1
Achat,O19,=+'Détails Achats direct'!O41,1
Achat,P19,=SUM(D19:O19),1
Achat,D20,=+'Détails Achats direct'!D42,1
Achat,E20,=+'Détails Achats direct'!E42,1
Achat,F20,=+'Détails Achats direct'!F42,1
Achat,G20,=+'Détails Achats direct'!G42,1
Achat,H20,=+'Détails Achats direct'!H42,1
Achat,I20,=+'Détails Achats direct'!I42,1
Achat,J20,=+'Détails Achats direct'!J42,1
Achat,K20,=+'Détails Achats direct'!K42,1
Achat,L20,=+'Détails Achats direct'!L42,1
Achat,M20,=+'Détails Achats direct'!M42,1
Achat,N20,=+'Détails Achats direct'!N42,1
Achat,O20,=+'Détails Achats direct'!O42,1
Achat,P20,=SUM(D20:O20),1
Achat,D21,=+'Détails Achats direct'!D43,1
Achat,E21,=+'Détails Achats direct'!E43,1
Achat,F21,=+'Détails Achats direct'!F43,1
Achat,G21,=+'Détails Achats direct'!G43,1
Achat,H21,=+'Détails Achats direct'!H43,1
Achat,I21,=+'Détails Achats direct'!I43,1
Achat,J21,=+'Détails Achats direct'!J43,1
Achat,K21,=+'Détails Achats direct'!K43,1
Achat,L21,=+'Détails Achats direct'!L43,1
Achat,M21,=+'Détails Achats direct'!M43,1
Achat,N21,=+'Détails Achats direct'!N43,1
Achat,O21,=+'Détails Achats direct'!O43,1
Achat,P21,=SUM(D21:O21),1
Achat,D22,=+'Détails Achats direct'!D44,1
Achat,E22,=+'Détails Achats direct'!E44,1
Achat,F22,=+'Détails Achats direct'!F44,1
Achat,G22,=+'Détails Achats direct'!G44,1
Achat,H22,=+'Détails Achats direct'!H44,1
Achat,I22,=+'Détails Achats direct'!I44,1
Achat,J22,=+'Détails Achats direct'!J44,1
Achat,K22,=+'Détails Achats direct'!K44,1
Achat,L22,=+'Détails Achats direct'!L44,1
Achat,M22,=+'Détails Achats direct'!M44,1
Achat,N22,=+'Détails Achats direct'!N44,1
Achat,O22,=+'Détails Achats direct'!O44,1
Achat,P22,=SUM(D22:O22),1
Achat,D23,=+'Détails Achats direct'!D45,1
Achat,E23,=+'Détails Achats direct'!E45,1
Achat,F23,=+'Détails Achats direct'!F45,1
Achat,G23,=+'Détails Achats direct'!G45,1
Achat,H23,=+'Détails Achats direct'!H45,1
Achat,I23,=+'Détails Achats direct'!I45,1
Achat,J23,=+'Détails Achats direct'!J45,1
Achat,K23,=+'Détails Achats direct'!K45,1
Achat,L23,=+'Détails Achats direct'!L45,1
Achat,M23,=+'Détails Achats direct'!M45,1
Achat,N23,=+'Détails Achats direct'!N45,1
Achat,O23,=+'Détails Achats direct'!O45,1
Achat,P23,=SUM(D23:O23),1
Achat,D24,=+'Détails Achats direct'!D46,1
Achat,E24,=+'Détails Achats direct'!E46,1
Achat,F24,=+'Détails Achats direct'!F46,1
Achat,G24,=+'Détails Achats direct'!G46,1
Achat,H24,=+'Détails Achats direct'!H46,1
Achat,I24,=+'Détails Achats direct'!I46,1
Achat,J24,=+'Détails Achats direct'!J46,1
Achat,K24,=+'Détails Achats direct'!K46,1
Achat,L24,=+'Détails Achats direct'!L46,1
Achat,M24,=+'Détails Achats direct'!M46,1
Achat,N24,=+'Détails Achats direct'!N46,1
Achat,O24,=+'Détails Achats direct'!O46,1
Achat,P24,=SUM(D24:O24),1
Achat,D25,=+'Détails Achats direct'!D47,1
Achat,E25,=+'Détails Achats direct'!E47,1
Achat,F25,=+'Détails Achats direct'!F47,1
Achat,G25,=+'Détails Achats direct'!G47,1
Achat,H25,=+'Détails Achats direct'!H47,1
Achat,I25,=+'Détails Achats direct'!I47,1
Achat,J25,=+'Détails Achats direct'!J47,1
Achat,K25,=+'Détails Achats direct'!K47,1
Achat,L25,=+'Détails Achats direct'!L47,1
Achat,M25,=+'Détails Achats direct'!M47,1
Achat,N25,=+'Détails Achats direct'!N47,1
Achat,O25,=+'Détails Achats direct'!O47,1
Achat,P25,=SUM(D25:O25),1
Achat,D26,=+'Détails Achats direct'!D48,1
Achat,E26,=+'Détails Achats direct'!E48,1
Achat,F26,=+'Détails Achats direct'!F48,1
Achat,G26,=+'Détails Achats direct'!G48,1
Achat,H26,=+'Détails Achats direct'!H48,1
Achat,I26,=+'Détails Achats direct'!I48,1
Achat,J26,=+'Détails Achats direct'!J48,1
Achat,K26,=+'Détails Achats direct'!K48,1
Achat,L26,=+'Détails Achats direct'!L48,1
Achat,M26,=+'Détails Achats direct'!M48,1
Achat,N26,=+'Détails Achats direct'!N48,1
Achat,O26,=+'Détails Achats direct'!O48,1
Achat,P26,=SUM(D26:O26),1
Achat,D27,=+'Détails Achats direct'!D49,1
Achat,E27,=+'Détails Achats direct'!E49,1
Achat,F27,=+'Détails Achats direct'!F49,1
Achat,G27,=+'Détails Achats direct'!G49,1
Achat,H27,=+'Détails Achats direct'!H49,1
Achat,I27,=+'Détails Achats direct'!I49,1
Achat,J27,=+'Détails Achats direct'!J49,1
Achat,K27,=+'Détails Achats direct'!K49,1
Achat,L27,=+'Détails Achats direct'!L49,1
Achat,M27,=+'Détails Achats direct'!M49,1
Achat,N27,=+'Détails Achats direct'!N49,1
Achat,O27,=+'Détails Achats direct'!O49,1
Achat,P27,=SUM(D27:O27),1
Achat,D28,=+SUM(D4:D27)*5%,1
Achat,E28,=+SUM(E4:E27)*5%,1
Achat,F28,=+SUM(F4:F27)*5%,1
Achat,G28,=+SUM(G4:G27)*5%,1
Achat,H28,=+SUM(H4:H27)*5%,1
Achat,I28,=+SUM(I4:I27)*5%,1
Achat,J28,=+SUM(J4:J27)*5%,1
Achat,K28,=+SUM(K4:K27)*5%,1
Achat,L28,=+SUM(L4:L27)*5%,1
Achat,M28,=+SUM(M4:M27)*5%,1
Achat,N28,=+SUM(N4:N27)*5%,1
Achat,O28,=+SUM(O4:O27)*5%,1
Achat,P28,=SUM(D28:O28),1
Achat,D29,=SUM(D4:D28),1
Achat,E29,=SUM(E4:E28),1
Achat,F29,=SUM(F4:F28),1
Achat,G29,=SUM(G4:G28),1
Achat,H29,=SUM(H4:H28),1
Achat,I29,=SUM(I4:I28),1
Achat,J29,=SUM(J4:J28),1
Achat,K29,=SUM(K4:K28),1
Achat,L29,=SUM(L4:L28),1
Achat,M29,=SUM(M4:M28),1
Achat,N29,=SUM(N4:N28),1
Achat,O29,=SUM(O4:O28),1
Achat,P29,=SUM(P4:P28),1
Achat,D31,=+D29,1
Achat,E31,=+E29,1
Achat,F31,=+F29,1
Achat,G31,=+G29,1
Achat,H31,=+H29,1
Achat,I31,=+I29,1
Achat,J31,=+J29,1
Achat,K31,=+K29,1
Achat,L31,=+L29,1
Achat,M31,=+M29,1
Achat,N31,=+N29,1
Achat,O31,=+O29,1
Achat,P31,=SUM(D31:O31),1
Achat,D32,"=IFERROR(-'Besoins en micas'!C28,"""")",1
Achat,E32,"=IFERROR(-'Besoins en micas'!D28,"""")",1
Achat,F32,"=IFERROR(-'Besoins en micas'!E28,"""")",1
Achat,G32,"=IFERROR(-'Besoins en micas'!F28,"""")",1
Achat,H32,"=IFERROR(-'Besoins en micas'!G28,"""")",1
Achat,I32,"=IFERROR(-'Besoins en micas'!H28,"""")",1
Achat,J32,"=IFERROR(-'Besoins en micas'!I28,"""")",1
Achat,K32,"=IFERROR(-'Besoins en micas'!J28,"""")",1
Achat,L32,"=IFERROR(-'Besoins en micas'!K28,"""")",1
Achat,M32,"=IFERROR(-'Besoins en micas'!L28,"""")",1
Achat,N32,"=IFERROR(-'Besoins en micas'!M28,"""")",1
Achat,O32,"=IFERROR(-'Besoins en micas'!N28,"""")",1
Achat,P32,=SUM(D32:O32),1
Achat,D34,=+D31*0.2,1
Achat,E34,=+E31*0.2,1
Achat,F34,=+F31*0.2,1
Achat,G34,=+G31*0.2,1
Achat,H34,=+H31*0.2,1
Achat,I34,=+I31*0.2,1
Achat,J34,=+J31*0.2,1
Achat,K34,=+K31*0.2,1
Achat,L34,=+L31*0.2,1
Achat,M34,=+M31*0.2,1
Achat,N34,=+N31*0.2,1
Achat,O34,=+O31*0.2,1
Achat,P34,=SUM(D34:O34),1
Achat,D35,=SUM(D31:D34),1
Achat,E35,=SUM(E31:E34),1
Achat,F35,=SUM(F31:F34),1
Achat,G35,=SUM(G31:G34),1
Achat,H35,=SUM(H31:H34),1
Achat,I35,=SUM(I31:I34),1
Achat,J35,=SUM(J31:J34),1
Achat,K35,=SUM(K31:K34),1
Achat,L35,=SUM(L31:L34),1
Achat,M35,=SUM(M31:M34),1
Achat,N35,=SUM(N31:N34),1
Achat,O35,=SUM(O31:O34),1
Achat,P35,=SUM(D35:O35),1
Achat,D37,=+D33*0.05,1
Achat,E37,=+E33*0.05,1
Achat,F37,=+F33*0.05,1
Achat,G37,=+G33*0.05,1
Achat,H37,=+H33*0.05,1
Achat,I37,=+I33*0.05,1
Achat,J37,=+J33*0.05,1
Achat,K37,=+K33*0.05,1
Achat,L37,=+L33*0.05,1
Achat,M37,=+M33*0.05,1
Achat,N37,=+N33*0.05,1
Achat,O37,=+O33*0.05,1
Achat,P37,=SUM(D37:O37),1
Achat,B38,=+B2,1
Achat,D38,=+D2,1
Achat,E38,=+E2,1
Achat,F38,=+F2,1
Achat,G38,=+G2,1
Achat,H38,=+H2,1
Achat,I38,=+I2,1
Achat,J38,=+J2,1
Achat,K38,=+K2,1
Achat,L38,=+L2,1
Achat,M38,=+M2,1
Achat,N38,=+N2,1
Achat,O38,=+O2,1
Achat,D39,"=+SUMIF($R$4:$R$28,$R$4,D4:D28)",3
Achat,E39,"=+SUMIF($R$4:$R$28,$R$4,E4:E28)",3
Achat,F39,"=+SUMIF($R$4:$R$28,$R$4,F4:F28)",3
Achat,G39,"=+SUMIF($R$4:$R$28,$R$4,G4:G28)",3
Achat,H39,"=+SUMIF($R$4:$R$28,$R$4,H4:H28)",3
Achat,I39,"=+SUMIF($R$4:$R$28,$R$4,I4:I28)",3
Achat,J39,"=+SUMIF($R$4:$R$28,$R$4,J4:J28)",3
Achat,K39,"=+SUMIF($R$4:$R$28,$R$4,K4:K28)",3
Achat,L39,"=+SUMIF($R$4:$R$28,$R$4,L4:L28)",3
Achat,M39,"=+SUMIF($R$4:$R$28,$R$4,M4:M28)",3
Achat,N39,"=+SUMIF($R$4:$R$28,$R$4,N4:N28)",3
Achat,O39,"=+SUMIF($R$4:$R$28,$R$4,O4:O28)",3
Achat,P39,=SUM(D39:O39),1
Achat,D40,"=+SUMIF($R$4:$R$28,$R$27,D4:D28)",3
Achat,E40,"=+SUMIF($R$4:$R$28,$R$27,E4:E28)",3
Achat,F40,"=+SUMIF($R$4:$R$28,$R$27,F4:F28)",3
Achat,G40,"=+SUMIF($R$4:$R$28,$R$27,G4:G28)",3
Achat,H40,"=+SUMIF($R$4:$R$28,$R$27,H4:H28)",3
Achat,I40,"=+SUMIF($R$4:$R$28,$R$27,I4:I28)",3
Achat,J40,"=+SUMIF($R$4:$R$28,$R$27,J4:J28)",3
Achat,K40,"=+SUMIF($R$4:$R$28,$R$27,K4:K28)",3
Achat,L40,"=+SUMIF($R$4:$R$28,$R$27,L4:L28)",3
Achat,M40,"=+SUMIF($R$4:$R$28,$R$27,M4:M28)",3
Achat,N40,"=+SUMIF($R$4:$R$28,$R$27,N4:N28)",3
Achat,O40,"=+SUMIF($R$4:$R$28,$R$27,O4:O28)",3
Achat,P40,=SUM(D40:O40),1
Achat,B41,=+B29,1
Achat,D41,=SUM(D39:D40),1
Achat,E41,=SUM(E39:E40),1
Achat,F41,=SUM(F39:F40),1
Achat,G41,=SUM(G39:G40),1
Achat,H41,=SUM(H39:H40),1
Achat,I41,=SUM(I39:I40),1
Achat,J41,=SUM(J39:J40),1
Achat,K41,=SUM(K39:K40),1
Achat,L41,=SUM(L39:L40),1
Achat,M41,=SUM(M39:M40),1
Achat,N41,=SUM(N39:N40),1
Achat,O41,=SUM(O39:O40),1
Achat,P41,=SUM(P39:P40),1
Achat,D43,=+Prestation!D82,1
Achat,E43,=+Prestation!E82,1
Achat,F43,=+Prestation!F82,1
Achat,G43,=+Prestation!G82,1
Achat,H43,=+Prestation!H82,1
Achat,I43,=+Prestation!I82,1
Achat,J43,=+Prestation!J82,1
Achat,K43,=+Prestation!K82,1
Achat,L43,=+Prestation!L82,1
Achat,M43,=+Prestation!M82,1
Achat,N43,=+Prestation!N82,1
Achat,O43,=+Prestation!O82,1
Achat,P43,=+Prestation!P82,1
Achat,D44,=C48,1
Achat,E44,=D48,1
Achat,F44,=E48,1
Achat,G44,=F48,1
Achat,H44,=G48,1
Achat,I44,=H48,1
Achat,J44,=I48,1
Achat,K44,=J48,1
Achat,L44,=K48,1
Achat,M44,=L48,1
Achat,N44,=M48,1
Achat,O44,=N48,1
Achat,P44,=+D44,1
Achat,B45,=+Achat!B35,1
Achat,D45,=+Achat!D35,1
Achat,E45,=+Achat!E35,1
Achat,F45,=+Achat!F35,1
Achat,G45,=+Achat!G35,1
Achat,H45,=+Achat!H35,1
Achat,I45,=+Achat!I35,1
Achat,J45,=+Achat!J35,1
Achat,K45,=+Achat!K35,1
Achat,L45,=+Achat!L35,1
Achat,M45,=+Achat!M35,1
Achat,N45,=+Achat!N35,1
Achat,O45,=+Achat!O35,1
Achat,P45,=SUM(D45:O45),1
Achat,P46,=SUM(D46:O46),1
Achat,D47,=-D45,1
Achat,E47,=-E45,1
Achat,F47,=-F45,1
Achat,G47,=-G45,1
Achat,H47,=-H45,1
Achat,I47,=-I45,1
Achat,J47,=-J45,1
Achat,K47,=-K45,1
Achat,L47,=-L45,1
Achat,M47,=-M45,1
Achat,N47,=-N45,1
Achat,O47,=-O45,1
Achat,P47,=SUM(D47:O47),1
Achat,C48,=+Prestation!C79,1
Achat,D48,=+D44+D45+D46+D47,4
Achat,E48,=+E44+E45+E46+E47,4
Achat,F48,=+F44+F45+F46+F47,4
Achat,G48,=+G44+G45+G46+G47,4
Achat,H48,=+H44+H45+H46+H47,4
Achat,I48,=+I44+I45+I46+I47,4
Achat,J48,=+J44+J45+J46+J47,4
Achat,K48,=+K44+K45+K46+K47,4
Achat,L48,=+L44+L45+L46+L47,4
Achat,M48,=+M44+M45+M46+M47,4
Achat,N48,=+N44+N45+N46+N47,4
Achat,O48,=+O44+O45+O46+O47,4
Achat,P48,=+P44+P45+P46+P47,4
Prestation,D2,=+D18,1
Prestation,E2,=+E18,1
Prestation,F2,=+F18,1
Prestation,G2,=+G18,1
Prestation,H2,=+H18,1
Prestation,I2,=+I18,1
Prestation,J2,=+J18,1
Prestation,K2,=+K18,1
Prestation,L2,=+L18,1
Prestation,M2,=+M18,1
Prestation,N2,=+N18,1
Prestation,O2,=+O18,1
Prestation,P2,=+P18,1
Prestation,B4,=+Production!B26,1
Prestation,D4,=(+CA!C4+CA!C9)/20,2
Prestation,E4,=(+CA!D4+CA!D9)/20,2
Prestation,F4,=(+CA!E4+CA!E9)/20,2
Prestation,G4,=(+CA!F4+CA!F9)/20,2
Prestation,H4,=(+CA!G4+CA!G9)/20,2
Prestation,I4,=(+CA!H4+CA!H9)/20,2
Prestation,J4,=(+CA!I4+CA!I9)/20,2
Prestation,K4,=(+CA!J4+CA!J9)/20,2
Prestation,L4,=(+CA!K4+CA!K9)/20,2
Prestation,M4,=(+CA!L4+CA!L9)/20,2
Prestation,N4,=(+CA!M4+CA!M9)/20,2
Prestation,O4,=(+CA!N4+CA!N9)/20,2
Prestation,P4,=SUM(D4:O4),1
Prestation,B5,=+Production!B27,1
Prestation,D5,=(+CA!C5+CA!C10)/17.8,2
Prestation,E5,=(+CA!D5+CA!D10)/17.8,2
Prestation,F5,=(+CA!E5+CA!E10)/17.8,2
Prestation,G5,=(+CA!F5+CA!F10)/17.8,2
Prestation,H5,=(+CA!G5+CA!G10)/17.8,2
Prestation,I5,=(+CA!H5+CA!H10)/17.8,2
Prestation,J5,=(+CA!I5+CA!I10)/17.8,2
Prestation,K5,=(+CA!J5+CA!J10)/17.8,2
Prestation,L5,=(+CA!K5+CA!K10)/17.8,2
Prestation,M5,=(+CA!L5+CA!L10)/17.8,2
Prestation,N5,=(+CA!M5+CA!M10)/17.8,2
Prestation,O5,=(+CA!N5+CA!N10)/17.8,2
Prestation,P5,=SUM(D5:O5),1
Prestation,B6,=+Production!B29,1
Prestation,D6,=(+CA!C7+CA!C12)/25.2,2
Prestation,E6,=(+CA!D7+CA!D12)/25.2,2
Prestation,F6,=(+CA!E7+CA!E12)/25.2,2
Prestation,G6,=(+CA!F7+CA!F12)/25.2,2
Prestation,H6,=(+CA!G7+CA!G12)/25.2,2
Prestation,I6,=(+CA!H7+CA!H12)/25.2,2
Prestation,J6,=(+CA!I7+CA!I12)/25.2,2
Prestation,K6,=(+CA!J7+CA!J12)/25.2,2
Prestation,L6,=(+CA!K7+CA!K12)/25.2,2
Prestation,M6,=(+CA!L7+CA!L12)/25.2,2
Prestation,N6,=(+CA!M7+CA!M12)/25.2,2
Prestation,O6,=(+CA!N7+CA!N12)/25.2,2
Prestation,P6,=SUM(D6:O6),1
Prestation,D7,=+CA!C14/20,1
Prestation,E7,=+CA!D14/20,1
Prestation,F7,=+CA!E14/20,1
Prestation,G7,=+CA!F14/20,1
Prestation,H7,=+CA!G14/20,1
Prestation,I7,=+CA!H14/20,1
Prestation,J7,=+CA!I14/20,1
Prestation,K7,=+CA!J14/20,1
Prestation,L7,=+CA!K14/20,1
Prestation,M7,=+CA!L14/20,1
Prestation,N7,=+CA!M14/20,1
Prestation,O7,=+CA!N14/20,1
Prestation,P7,=SUM(D7:O7),1
Prestation,D8,=SUM(D4:D7),1
Prestation,E8,=SUM(E4:E7),1
Prestation,F8,=SUM(F4:F7),1
Prestation,G8,=SUM(G4:G7),1
Prestation,H8,=SUM(H4:H7),1
Prestation,I8,=SUM(I4:I7),1
Prestation,J8,=SUM(J4:J7),1
Prestation,K8,=SUM(K4:K7),1
Prestation,L8,=SUM(L4:L7),1
Prestation,M8,=SUM(M4:M7),1
Prestation,N8,=SUM(N4:N7),1
Prestation,O8,=SUM(O4:O7),1
Prestation,P8,=SUM(D8:O8),1
Prestation,B10,=+Production!B28,1
Prestation,D10,=(+CA!C6+CA!C11)/28,2
Prestation,E10,=(+CA!D6+CA!D11)/28,2
Prestation,F10,=(+CA!E6+CA!E11)/28,2
Prestation,G10,=(+CA!F6+CA!F11)/28,2
Prestation,H10,=(+CA!G6+CA!G11)/28,2
Prestation,I10,=(+CA!H6+CA!H11)/28,2
Prestation,J10,=(+CA!I6+CA!I11)/28,2
Prestation,K10,=(+CA!J6+CA!J11)/28,2
Prestation,L10,=(+CA!K6+CA!K11)/28,2
Prestation,M10,=(+CA!L6+CA!L11)/28,2
Prestation,N10,=(+CA!M6+CA!M11)/28,2
Prestation,O10,=(+CA!N6+CA!N11)/28,2
Prestation,P10,=SUM(D10:O10),1
Prestation,D11,=+D10,1
Prestation,E11,=+E10,1
Prestation,F11,=+F10,1
Prestation,G11,=+G10,1
Prestation,H11,=+H10,1
Prestation,I11,=+I10,1
Prestation,J11,=+J10,1
Prestation,K11,=+K10,1
Prestation,L11,=+L10,1
Prestation,M11,=+M10,1
Prestation,N11,=+N10,1
Prestation,O11,=+O10,1
Prestation,P11,=SUM(D11:O11),1
Prestation,D12,=+D11+D8,2
Prestation,E12,=+E11+E8,2
Prestation,F12,=+F11+F8,2
Prestation,G12,=+G11+G8,2
Prestation,H12,=+H11+H8,2
Prestation,I12,=+I11+I8,2
Prestation,J12,=+J11+J8,2
Prestation,K12,=+K11+K8,2
Prestation,L12,=+L11+L8,2
Prestation,M12,=+M11+M8,2
Prestation,N12,=+N11+N8,2
Prestation,O12,=+O11+O8,2
Prestation,P12,=SUM(D12:O12),1
Prestation,D13,=+Production!O1*Prestation!C32,2
Prestation,D18,=+Achat!D2,1
Prestation,E18,=+Achat!E2,1
Prestation,F18,=+Achat!F2,1
Prestation,G18,=+Achat!G2,1
Prestation,H18,=+Achat!H2,1
Prestation,I18,=+Achat!I2,1
Prestation,J18,=+Achat!J2,1
Prestation,K18,=+Achat!K2,1
Prestation,L18,=+Achat!L2,1
Prestation,M18,=+Achat!M2,1
Prestation,N18,=+Achat!N2,1
Prestation,O18,=+Achat!O2,1
Prestation,D19,=+Commandes!C14+Commandes!C21+Commandes!C25,3
Prestation,E19,=+Commandes!D14+Commandes!D21+Commandes!D25,3
Prestation,F19,=+Commandes!E14+Commandes!E21+Commandes!E25,3
Prestation,G19,=+Commandes!F14+Commandes!F21+Commandes!F25,3
Prestation,H19,=+Commandes!G14+Commandes!G21+Commandes!G25,3
Prestation,I19,=+Commandes!H14+Commandes!H21+Commandes!H25,3
Prestation,J19,=+Commandes!I14+Commandes!I21+Commandes!I25,3
Prestation,K19,=+Commandes!J14+Commandes!J21+Commandes!J25,3
Prestation,L19,=+Commandes!K14+Commandes!K21+Commandes!K25,3
Prestation,M19,=+Commandes!L14+Commandes!L21+Commandes!L25,3
Prestation,N19,=+Commandes!M14+Commandes!M21+Commandes!M25,3
Prestation,O19,=+Commandes!N14+Commandes!N21+Commandes!N25,3
Prestation,P19,=SUM(D19:O19),1
Prestation,P20,=SUM(D20:O20),1
Prestation,P21,=SUM(D21:O21),1
Prestation,D23,=+CA!C15*$C$15,2
Prestation,E23,=+CA!D15*$C$15,2
Prestation,F23,=+CA!E15*$C$15,2
Prestation,G23,=+CA!F15*$C$15,2
Prestation,H23,=+CA!G15*$C$15,2
Prestation,I23,=+CA!H15*$C$15,2
Prestation,J23,=+CA!I15*$C$15,2
Prestation,K23,=+CA!J15*$C$15,2
Prestation,L23,=+CA!K15*$C$15,2
Prestation,M23,=+CA!L15*$C$15,2
Prestation,N23,=+CA!M15*$C$15,2
Prestation,O23,=+CA!N15*$C$15,2
Prestation,P23,=SUM(D23:O23),1
Prestation,D24,=+D23,1
Prestation,E24,=+E23,1
Prestation,F24,=+F23,1
Prestation,G24,=+G23,1
Prestation,H24,=+H23,1
Prestation,I24,=+I23,1
Prestation,J24,=+J23,1
Prestation,K24,=+K23,1
Prestation,L24,=+L23,1
Prestation,M24,=+M23,1
Prestation,N24,=+N23,1
Prestation,O24,=+O23,1
Prestation,P24,=SUM(D24:O24),1
Prestation,B25,=+C93,1
Prestation,D25,=+$C$25*D12,2
Prestation,E25,=+$C$25*E12,2
Prestation,F25,=+$C$25*F12,2
Prestation,G25,=+$C$25*G12,2
Prestation,H25,=+$C$25*H12,2
Prestation,I25,=+$C$25*I12,2
Prestation,J25,=+$C$25*J12,2
Prestation,K25,=+$C$25*K12,2
Prestation,L25,=+$C$25*L12,2
Prestation,M25,=+$C$25*M12,2
Prestation,N25,=+$C$25*N12,2
Prestation,O25,=+$C$25*O12,2
Prestation,P25,=SUM(D25:O25),1
Prestation,B26,=+C94,1
Prestation,D26,=+$C$26*D12,2
Prestation,E26,=+$C$26*E12,2
Prestation,F26,=+$C$26*F12,2
Prestation,G26,=+$C$26*G12,2
Prestation,H26,=+$C$26*H12,2
Prestation,I26,=+$C$26*I12,2
Prestation,J26,=+$C$26*J12,2
Prestation,K26,=+$C$26*K12,2
Prestation,L26,=+$C$26*L12,2
Prestation,M26,=+$C$26*M12,2
Prestation,N26,=+$C$26*N12,2
Prestation,O26,=+$C$26*O12,2
Prestation,P26,=SUM(D26:O26),1
Prestation,B27,=+C95,1
Prestation,D27,=+$C$27*D8,2
Prestation,E27,=+$C$27*E8,2
Prestation,F27,=+$C$27*F8,2
Prestation,G27,=+$C$27*G8,2
Prestation,H27,=+$C$27*H8,2
Prestation,I27,=+$C$27*I8,2
Prestation,J27,=+$C$27*J8,2
Prestation,K27,=+$C$27*K8,2
Prestation,L27,=+$C$27*L8,2
Prestation,M27,=+$C$27*M8,2
Prestation,N27,=+$C$27*N8,2
Prestation,O27,=+$C$27*O8,2
Prestation,P27,=SUM(D27:O27),1
Prestation,D28,=+D8*$C$28,2
Prestation,E28,=+E8*$C$28,2
Prestation,F28,=+F8*$C$28,2
Prestation,G28,=+G8*$C$28,2
Prestation,H28,=+H8*$C$28,2
Prestation,I28,=+I8*$C$28,2
Prestation,J28,=+J8*$C$28,2
Prestation,K28,=+K8*$C$28,2
Prestation,L28,=+L8*$C$28,2
Prestation,M28,=+M8*$C$28,2
Prestation,N28,=+N8*$C$28,2
Prestation,O28,=+O8*$C$28,2
Prestation,P28,=SUM(D28:O28),1
Prestation,Q28,=+P28/C28,2
Prestation,D29,=SUM(D23:D28),1
Prestation,E29,=SUM(E23:E28),1
Prestation,F29,=SUM(F23:F28),1
Prestation,G29,=SUM(G23:G28),1
Prestation,H29,=SUM(H23:H28),1
Prestation,I29,=SUM(I23:I28),1
Prestation,J29,=SUM(J23:J28),1
Prestation,K29,=SUM(K23:K28),1
Prestation,L29,=SUM(L23:L28),1
Prestation,M29,=SUM(M23:M28),1
Prestation,N29,=SUM(N23:N28),1
Prestation,O29,=SUM(O23:O28),1
Prestation,P29,=SUM(P23:P28),1
Prestation,R29,=+CA!O4+CA!O5+CA!O9+CA!O14,4
Prestation,S29,=+P29/R29,2
Prestation,S30,=+S29/4500,1
Prestation,D31,=+D18,1
Prestation,E31,=+E18,1
Prestation,F31,=+F18,1
Prestation,G31,=+G18,1
Prestation,H31,=+H18,1
Prestation,I31,=+I18,1
Prestation,J31,=+J18,1
Prestation,K31,=+K18,1
Prestation,L31,=+L18,1
Prestation,M31,=+M18,1
Prestation,N31,=+N18,1
Prestation,O31,=+O18,1
Prestation,P31,=+P18,1
Prestation,D35,=+(Production!D9+Production!D10)*$C$32,3
Prestation,E35,=+(Production!E9+Production!E10)*$C$32,3
Prestation,F35,=+(Production!F9+Production!F10)*$C$32,3
Prestation,G35,=+(Production!G9+Production!G10)*$C$32,3
Prestation,H35,=+(Production!H9+Production!H10)*$C$32,3
Prestation,I35,=+(Production!I9+Production!I10)*$C$32,3
Prestation,J35,=+(Production!J9+Production!J10)*$C$32,3
Prestation,K35,=+(Production!K9+Production!K10)*$C$32,3
Prestation,L35,=+(Production!L9+Production!L10)*$C$32,3
Prestation,M35,=+(Production!M9+Production!M10)*$C$32,3
Prestation,N35,=+(Production!N9+Production!N10)*$C$32,3
Prestation,O35,=+(Production!O9+Production!O10)*$C$32,3
Prestation,P35,=SUM(D35:O35),1
Prestation,B36,=+B33,1
Prestation,D36,=+$C$33*D7*28*1000,2
Prestation,E36,=+$C$33*E7*28*1000,2
Prestation,F36,=+$C$33*F7*28*1000,2
Prestation,G36,=+$C$33*G7*28*1000,2
Prestation,H36,=+$C$33*H7*28*1000,2
Prestation,I36,=+$C$33*I7*28*1000,2
Prestation,J36,=+$C$33*J7*28*1000,2
Prestation,K36,=+$C$33*K7*28*1000,2
Prestation,L36,=+$C$33*L7*28*1000,2
Prestation,M36,=+$C$33*M7*28*1000,2
Prestation,N36,=+$C$33*N7*28*1000,2
Prestation,O36,=+$C$33*O7*28*1000,2
Prestation,P36,=SUM(D36:O36),1
Prestation,D37,=+$C$37*D11,2
Prestation,E37,=+$C$37*E11,2
Prestation,F37,=+$C$37*F11,2
Prestation,G37,=+$C$37*G11,2
Prestation,H37,=+$C$37*H11,2
Prestation,I37,=+$C$37*I11,2
Prestation,J37,=+$C$37*J11,2
Prestation,K37,=+$C$37*K11,2
Prestation,L37,=+$C$37*L11,2
Prestation,M37,=+$C$37*M11,2
Prestation,N37,=+$C$37*N11,2
Prestation,O37,=+$C$37*O11,2
Prestation,P37,=SUM(D37:O37),1
Prestation,R37,=+P37,1
Prestation,S37,=+S38,1
Prestation,T37,=+R37/S37,2
Prestation,U37,=+T37/4500,1
Prestation,C38,=+'Données SOMIDA'!D85*'Données SOMIDA'!E11,2
Prestation,D38,=+$C$38*D11,2
Prestation,E38,=+$C$38*E11,2
Prestation,F38,=+$C$38*F11,2
Prestation,G38,=+$C$38*G11,2
Prestation,H38,=+$C$38*H11,2
Prestation,I38,=+$C$38*I11,2
Prestation,J38,=+$C$38*J11,2
Prestation,K38,=+$C$38*K11,2
Prestation,L38,=+$C$38*L11,2
Prestation,M38,=+$C$38*M11,2
Prestation,N38,=+$C$38*N11,2
Prestation,O38,=+$C$38*O11,2
Prestation,P38,=SUM(D38:O38),1
Prestation,R38,=+P37+P39,2
Prestation,S38,=+CA!O11+CA!O6,2
Prestation,T38,=+R38/S38,2
Prestation,U38,=+T38/4500,1
Prestation,D39,=(+CA!C6+CA!C11)*1000*$C$34,3
Prestation,E39,=(+CA!D6+CA!D11)*1000*$C$34,3
Prestation,F39,=(+CA!E6+CA!E11)*1000*$C$34,3
Prestation,G39,=(+CA!F6+CA!F11)*1000*$C$34,3
Prestation,H39,=(+CA!G6+CA!G11)*1000*$C$34,3
Prestation,I39,=(+CA!H6+CA!H11)*1000*$C$34,3
Prestation,J39,=(+CA!I6+CA!I11)*1000*$C$34,3
Prestation,K39,=(+CA!J6+CA!J11)*1000*$C$34,3
Prestation,L39,=(+CA!K6+CA!K11)*1000*$C$34,3
Prestation,M39,=(+CA!L6+CA!L11)*1000*$C$34,3
Prestation,N39,=(+CA!M6+CA!M11)*1000*$C$34,3
Prestation,O39,=(+CA!N6+CA!N11)*1000*$C$34,3
Prestation,P39,=SUM(D39:O39),1
Prestation,R39,=+R38/4500,1
Prestation,T39,=+R39/S39,2
Prestation,U39,=+U38+U37,2
Prestation,D41,=+D18,1
Prestation,E41,=+E18,1
Prestation,F41,=+F18,1
Prestation,G41,=+G18,1
Prestation,H41,=+H18,1
Prestation,I41,=+I18,1
Prestation,J41,=+J18,1
Prestation,K41,=+K18,1
Prestation,L41,=+L18,1
Prestation,M41,=+M18,1
Prestation,N41,=+N18,1
Prestation,O41,=+O18,1
Prestation,P41,=+P18,1
Prestation,P42,=SUM(D42:O42),1
Prestation,P43,=SUM(D43:O43),1
Prestation,P44,=SUM(D44:O44),1
Prestation,P45,=SUM(D45:O45),1
Prestation,P46,=SUM(D46:O46),1
Prestation,P47,=SUM(D47:O47),1
Prestation,P48,=SUM(D48:O48),1
Prestation,E49,=+D49,1
Prestation,F49,=+E49,1
Prestation,G49,=+F49,1
Prestation,H49,=+G49,1
Prestation,I49,=+H49,1
Prestation,J49,=+I49,1
Prestation,K49,=+J49,1
Prestation,L49,=+K49,1
Prestation,M49,=+L49,1
Prestation,N49,=+M49,1
Prestation,O49,=+N49,1
Prestation,P49,=SUM(D49:O49),1
Prestation,D50,=+D35,1
Prestation,E50,=+E35,1
Prestation,F50,=+F35,1
Prestation,G50,=+G35,1
Prestation,H50,=+H35,1
Prestation,I50,=+I35,1
Prestation,J50,=+J35,1
Prestation,K50,=+K35,1
Prestation,L50,=+L35,1
Prestation,M50,=+M35,1
Prestation,N50,=+N35,1
Prestation,O50,=+O35,1
Prestation,P50,=SUM(D50:O50),1
Prestation,D51,=+D36,1
Prestation,E51,=+E36,1
Prestation,F51,=+F36,1
Prestation,G51,=+G36,1
Prestation,H51,=+H36,1
Prestation,I51,=+I36,1
Prestation,J51,=+J36,1
Prestation,K51,=+K36,1
Prestation,L51,=+L36,1
Prestation,M51,=+M36,1
Prestation,N51,=+N36,1
Prestation,O51,=+O36,1
Prestation,P51,=SUM(D51:O51),1
Prestation,P52,=SUM(D52:O52),1
Prestation,B53,=+B39,1
Prestation,D53,=+D39,1
Prestation,E53,=+E39,1
Prestation,F53,=+F39,1
Prestation,G53,=+G39,1
Prestation,H53,=+H39,1
Prestation,I53,=+I39,1
Prestation,J53,=+J39,1
Prestation,K53,=+K39,1
Prestation,L53,=+L39,1
Prestation,M53,=+M39,1
Prestation,N53,=+N39,1
Prestation,O53,=+O39,1
Prestation,P53,=SUM(D53:O53),1
Prestation,D54,=+D28,1
Prestation,E54,=+E28,1
Prestation,F54,=+F28,1
Prestation,G54,=+G28,1
Prestation,H54,=+H28,1
Prestation,I54,=+I28,1
Prestation,J54,=+J28,1
Prestation,K54,=+K28,1
Prestation,L54,=+L28,1
Prestation,M54,=+M28,1
Prestation,N54,=+N28,1
Prestation,O54,=+O28,1
Prestation,P54,=SUM(D54:O54),1
Prestation,D55,=+D37,1
Prestation,E55,=+E37,1
Prestation,F55,=+F37,1
Prestation,G55,=+G37,1
Prestation,H55,=+H37,1
Prestation,I55,=+I37,1
Prestation,J55,=+J37,1
Prestation,K55,=+K37,1
Prestation,L55,=+L37,1
Prestation,M55,=+M37,1
Prestation,N55,=+N37,1
Prestation,O55,=+O37,1
Prestation,P55,=SUM(D55:O55),1
Prestation,B56,=+B38,1
Prestation,D56,=+D38,1
Prestation,E56,=+E38,1
Prestation,F56,=+F38,1
Prestation,G56,=+G38,1
Prestation,H56,=+H38,1
Prestation,I56,=+I38,1
Prestation,J56,=+J38,1
Prestation,K56,=+K38,1
Prestation,L56,=+L38,1
Prestation,M56,=+M38,1
Prestation,N56,=+N38,1
Prestation,O56,=+O38,1
Prestation,P56,=SUM(D56:O56),1
Prestation,D57,=+'Besoins en micas'!C78,1
Prestation,E57,=+'Besoins en micas'!D78,1
Prestation,F57,=+'Besoins en micas'!E78,1
Prestation,G57,=+'Besoins en micas'!F78,1
Prestation,H57,=+'Besoins en micas'!G78,1
Prestation,I57,=+'Besoins en micas'!H78,1
Prestation,J57,=+'Besoins en micas'!I78,1
Prestation,K57,=+'Besoins en micas'!J78,1
Prestation,L57,=+'Besoins en micas'!K78,1
Prestation,M57,=+'Besoins en micas'!L78,1
Prestation,N57,=+'Besoins en micas'!M78,1
Prestation,O57,=+'Besoins en micas'!N78,1
Prestation,P57,=SUM(D57:O57),1
Prestation,P58,=SUM(D58:O58),1
Prestation,P59,=SUM(D59:O59),1
Prestation,P60,=SUM(D60:O60),1
Prestation,D61,=(+D63)*4,1
Prestation,E61,=(+E63)*4,1
Prestation,F61,=(+F63)*4,1
Prestation,G61,=(+G63)*4,1
Prestation,H61,=(+H63)*4,1
Prestation,I61,=(+I63)*4,1
Prestation,J61,=(+J63)*4,1
Prestation,K61,=(+K63)*4,1
Prestation,L61,=(+L63)*4,1
Prestation,M61,=(+M63)*4,1
Prestation,N61,=(+N63)*4,1
Prestation,O61,=(+O63)*4,1
Prestation,P61,=SUM(D61:O61),1
Prestation,P62,=SUM(D62:O62),1
Prestation,P63,=SUM(D63:O63),1
Prestation,P64,=SUM(D64:O64),1
Prestation,P65,=SUM(D65:O65),1
Prestation,P66,=SUM(D66:O66),1
Prestation,P67,=SUM(D67:O67),1
Prestation,F68,=(1500000/2)*4*3,0
Prestation,G68,=+D68,1
Prestation,H68,=+E68,1
Prestation,I68,=+F68,1
Prestation,J68,=+G68,1
Prestation,K68,=+H68,1
Prestation,L68,=+I68,1
Prestation,M68,=+J68,1
Prestation,N68,=+K68,1
Prestation,O68,=+L68,1
Prestation,P68,=SUM(D68:O68),1
Prestation,P69,=SUM(D69:O69),1
Prestation,D70,=SUM(D42:D69)*5%,1
Prestation,E70,=SUM(E42:E69)*5%,1
Prestation,F70,=SUM(F42:F69)*5%,1
Prestation,G70,=SUM(G42:G69)*5%,1
Prestation,H70,=SUM(H42:H69)*5%,1
Prestation,I70,=SUM(I42:I69)*5%,1
Prestation,J70,=SUM(J42:J69)*5%,1
Prestation,K70,=SUM(K42:K69)*5%,1
Prestation,L70,=SUM(L42:L69)*5%,1
Prestation,M70,=SUM(M42:M69)*5%,1
Prestation,N70,=SUM(N42:N69)*5%,1
Prestation,O70,=SUM(O42:O69)*5%,1
Prestation,P70,=SUM(D70:O70),1
Prestation,D71,=SUM(D42:D70),1
Prestation,E71,=SUM(E42:E70),1
Prestation,F71,=SUM(F42:F70),1
Prestation,G71,=SUM(G42:G70),1
Prestation,H71,=SUM(H42:H70),1
Prestation,I71,=SUM(I42:I70),1
Prestation,J71,=SUM(J42:J70),1
Prestation,K71,=SUM(K42:K70),1
Prestation,L71,=SUM(L42:L70),1
Prestation,M71,=SUM(M42:M70),1
Prestation,N71,=SUM(N42:N70),1
Prestation,O71,=SUM(O42:O70),1
Prestation,P71,=SUM(P42:P70),1
Prestation,D74,=+D41,1
Prestation,E74,=+E41,1
Prestation,F74,=+F41,1
Prestation,G74,=+G41,1
Prestation,H74,=+H41,1
Prestation,I74,=+I41,1
Prestation,J74,=+J41,1
Prestation,K74,=+K41,1
Prestation,L74,=+L41,1
Prestation,M74,=+M41,1
Prestation,N74,=+N41,1
Prestation,O74,=+O41,1
Prestation,P74,=+P41,1
Prestation,D75,=+D71,1
Prestation,E75,=+E71,1
Prestation,F75,=+F71,1
Prestation,G75,=+G71,1
Prestation,H75,=+H71,1
Prestation,I75,=+I71,1
Prestation,J75,=+J71,1
Prestation,K75,=+K71,1
Prestation,L75,=+L71,1
Prestation,M75,=+M71,1
Prestation,N75,=+N71,1
Prestation,O75,=+O71,1
Prestation,P75,=+P71,1
Prestation,P77,=SUM(D77:O77),1
Prestation,D78,=+D75*0.2,1
Prestation,E78,=+E75*0.2,1
Prestation,F78,=+F75*0.2,1
Prestation,G78,=+G75*0.2,1
Prestation,H78,=+H75*0.2,1
Prestation,I78,=+I75*0.2,1
Prestation,J78,=+J75*0.2,1
Prestation,K78,=+K75*0.2,1
Prestation,L78,=+L75*0.2,1
Prestation,M78,=+M75*0.2,1
Prestation,N78,=+N75*0.2,1
Prestation,O78,=+O75*0.2,1
Prestation,P78,=SUM(D78:O78),1
Prestation,D79,=SUM(D75:D78),1
Prestation,E79,=SUM(E75:E78),1
Prestation,F79,=SUM(F75:F78),1
Prestation,G79,=SUM(G75:G78),1
Prestation,H79,=SUM(H75:H78),1
Prestation,I79,=SUM(I75:I78),1
Prestation,J79,=SUM(J75:J78),1
Prestation,K79,=SUM(K75:K78),1
Prestation,L79,=SUM(L75:L78),1
Prestation,M79,=SUM(M75:M78),1
Prestation,N79,=SUM(N75:N78),1
Prestation,O79,=SUM(O75:O78),1
Prestation,P79,=SUM(D79:O79),1
Prestation,D81,=+D76*0.05,1
Prestation,E81,=+E76*0.05,1
Prestation,F81,=+F76*0.05,1
Prestation,G81,=+G76*0.05,1
Prestation,H81,=+H76*0.05,1
Prestation,I81,=+I76*0.05,1
Prestation,J81,=+J76*0.05,1
Prestation,K81,=+K76*0.05,1
Prestation,L81,=+L76*0.05,1
Prestation,M81,=+M76*0.05,1
Prestation,N81,=+N76*0.05,1
Prestation,O81,=+O76*0.05,1
Prestation,P81,=SUM(D81:O81),1
Prestation,D82,=+D74,1
Prestation,E82,=+E74,1
Prestation,F82,=+F74,1
Prestation,G82,=+G74,1
Prestation,H82,=+H74,1
Prestation,I82,=+I74,1
Prestation,J82,=+J74,1
Prestation,K82,=+K74,1
Prestation,L82,=+L74,1
Prestation,M82,=+M74,1
Prestation,N82,=+N74,1
Prestation,O82,=+O74,1
Prestation,P82,=+P74,1
Prestation,D83,"=SUMIF($Q$42:$Q$70,$Q$42,D42:D70)",3
Prestation,E83,"=SUMIF($Q$42:$Q$70,$Q$42,E42:E70)",3
Prestation,F83,"=SUMIF($Q$42:$Q$70,$Q$42,F42:F70)",3
Prestation,G83,"=SUMIF($Q$42:$Q$70,$Q$42,G42:G70)",3
Prestation,H83,"=SUMIF($Q$42:$Q$70,$Q$42,H42:H70)",3
Prestation,I83,"=SUMIF($Q$42:$Q$70,$Q$42,I42:I70)",3
Prestation,J83,"=SUMIF($Q$42:$Q$70,$Q$42,J42:J70)",3
Prestation,K83,"=SUMIF($Q$42:$Q$70,$Q$42,K42:K70)",3
Prestation,L83,"=SUMIF($Q$42:$Q$70,$Q$42,L42:L70)",3
Prestation,M83,"=SUMIF($Q$42:$Q$70,$Q$42,M42:M70)",3
Prestation,N83,"=SUMIF($Q$42:$Q$70,$Q$42,N42:N70)",3
Prestation,O83,"=SUMIF($Q$42:$Q$70,$Q$42,O42:O70)",3
Prestation,P83,=SUM(D83:O83),1
Prestation,D84,"=SUMIF($Q$42:$Q$70,$Q$70,D42:D70)",3
Prestation,E84,"=SUMIF($Q$42:$Q$70,$Q$70,E42:E70)",3
Prestation,F84,"=SUMIF($Q$42:$Q$70,$Q$70,F42:F70)",3
Prestation,G84,"=SUMIF($Q$42:$Q$70,$Q$70,G42:G70)",3
Prestation,H84,"=SUMIF($Q$42:$Q$70,$Q$70,H42:H70)",3
Prestation,I84,"=SUMIF($Q$42:$Q$70,$Q$70,I42:I70)",3
Prestation,J84,"=SUMIF($Q$42:$Q$70,$Q$70,J42:J70)",3
Prestation,K84,"=SUMIF($Q$42:$Q$70,$Q$70,K42:K70)",3
Prestation,L84,"=SUMIF($Q$42:$Q$70,$Q$70,L42:L70)",3
Prestation,M84,"=SUMIF($Q$42:$Q$70,$Q$70,M42:M70)",3
Prestation,N84,"=SUMIF($Q$42:$Q$70,$Q$70,N42:N70)",3
Prestation,O84,"=SUMIF($Q$42:$Q$70,$Q$70,O42:O70)",3
Prestation,P84,=SUM(D84:O84),1
Prestation,D85,=SUM(D83:D84),1
Prestation,E85,=SUM(E83:E84),1
Prestation,F85,=SUM(F83:F84),1
Prestation,G85,=SUM(G83:G84),1
Prestation,H85,=SUM(H83:H84),1
Prestation,I85,=SUM(I83:I84),1
Prestation,J85,=SUM(J83:J84),1
Prestation,K85,=SUM(K83:K84),1
Prestation,L85,=SUM(L83:L84),1
Prestation,M85,=SUM(M83:M84),1
Prestation,N85,=SUM(N83:N84),1
Prestation,O85,=SUM(O83:O84),1
Prestation,P85,=SUM(P83:P84),1
Prestation,D90,=$B$9,1
Prestation,G90,=D90*E90,2
Prestation,E91,=$B$4,1
Prestation,G91,=D91*E91,2
Prestation,E92,=$C$22,1
Prestation,G92,=D92*E92,2
Prestation,G93,=D93*E93,2
Prestation,D94,=70000*2,0
Prestation,G94,=D94*E94,2
Prestation,E95,=$C$23,1
Prestation,G95,=D95*E95,2
Prestation,E96,=$B$6*3,1
Prestation,G96,=D96*E96,2
Prestation,E97,=13*8,0
Prestation,G97,=D97*E97,2
Prestation,E98,=$C$28,1
Prestation,G98,=D98*E98,2
Prestation,E99,=$C$28,1
Prestation,G99,=D99*E99,2
Prestation,C122,=+Achat!C43,1
Prestation,D122,=+Achat!D43,1
Prestation,E122,=+Achat!E43,1
Prestation,F122,=+Achat!F43,1
Prestation,G122,=+Achat!G43,1
Prestation,H122,=+Achat!H43,1
Prestation,I122,=+Achat!I43,1
Prestation,J122,=+Achat!J43,1
Prestation,K122,=+Achat!K43,1
Prestation,L122,=+Achat!L43,1
Prestation,M122,=+Achat!M43,1
Prestation,N122,=+Achat!N43,1
Prestation,O122,=+Achat!O43,1
Prestation,P122,=+Achat!P43,1
Prestation,D123,=+C127,1
Prestation,E123,=+D127,1
Prestation,F123,=+E127,1
Prestation,G123,=+F127,1
Prestation,H123,=+G127,1
Prestation,I123,=+H127,1
Prestation,J123,=+I127,1
Prestation,K123,=+J127,1
Prestation,L123,=+K127,1
Prestation,M123,=+L127,1
Prestation,N123,=+M127,1
Prestation,O123,=+N127,1
Prestation,P123,=+D123,1
Prestation,B124,=+B73,1
Prestation,D124,=+D79,1
Prestation,E124,=+E79,1
Prestation,F124,=+F79,1
Prestation,G124,=+G79,1
Prestation,H124,=+H79,1
Prestation,I124,=+I79,1
Prestation,J124,=+J79,1
Prestation,K124,=+K79,1
Prestation,L124,=+L79,1
Prestation,M124,=+M79,1
Prestation,N124,=+N79,1
Prestation,O124,=+O79,1
Prestation,P124,=SUM(D124:O124),1
Prestation,D125,=-D124,1
Prestation,E125,=-E124,1
Prestation,F125,=-F124,1
Prestation,G125,=-G124,1
Prestation,H125,=-H124,1
Prestation,I125,=-I124,1
Prestation,K125,=-K124,1
Prestation,L125,=-L124,1
Prestation,M125,=-M124,1
Prestation,N125,=-N124,1
Prestation,O125,=-O124,1
Prestation,P125,=SUM(D125:O125),1
Prestation,E126,=-E123,1
Prestation,P126,=SUM(D126:O126),1
Prestation,C127,=+C80,1
Prestation,D127,=+D123+D124+D125+D126,4
Prestation,E127,=+E123+E124+E125+E126,4
Prestation,F127,=+F123+F124+F125+F126,4
Prestation,G127,=+G123+G124+G125+G126,4
Prestation,H127,=+H123+H124+H125+H126,4
Prestation,I127,=+I123+I124+I125+I126,4
Prestation,J127,=+J123+J124+J125+J126,4
Prestation,K127,=+K123+K124+K125+K126,4
Prestation,L127,=+L123+L124+L125+L126,4
Prestation,M127,=+M123+M124+M125+M126,4
Prestation,N127,=+N123+N124+N125+N126,4
Prestation,O127,=+O123+O124+O125+O126,4
Prestation,P127,=+P123+P124+P125+P126,4
Feuil1 (2),D1,"=SUBTOTAL(9,D4:D28)",1
Feuil1 (2),E1,"=SUBTOTAL(9,E4:E28)",1
Feuil1 (2),F1,"=SUBTOTAL(9,F4:F28)",1
Feuil1 (2),G1,"=SUBTOTAL(9,G4:G28)",1
Feuil1 (2),H1,"=SUBTOTAL(9,H4:H28)",1
Feuil1 (2),I1,"=SUBTOTAL(9,I4:I28)",1
Feuil1 (2),J1,"=SUBTOTAL(9,J4:J28)",1
Feuil1 (2),K1,"=SUBTOTAL(9,K4:K28)",1
Feuil1 (2),L1,"=SUBTOTAL(9,L4:L28)",1
Feuil1 (2),M1,"=SUBTOTAL(9,M4:M28)",1
Feuil1 (2),N1,"=SUBTOTAL(9,N4:N28)",1
Feuil1 (2),O1,"=SUBTOTAL(9,O4:O28)",1
Feuil1 (2),P1,"=SUBTOTAL(9,P4:P28)",1
Feuil1 (2),Q1,"=SUBTOTAL(9,Q4:Q28)",1
Feuil1 (2),R1,"=SUBTOTAL(9,R4:R28)",1
Feuil1 (2),S1,"=SUBTOTAL(9,S4:S28)",1
Feuil1 (2),T1,"=SUBTOTAL(9,T4:T28)",1
Feuil1 (2),U1,"=SUBTOTAL(9,U4:U28)",1
Feuil1 (2),V1,"=SUBTOTAL(9,V4:V28)",1
Feuil1 (2),W1,"=SUBTOTAL(9,W4:W28)",1
Feuil1 (2),X1,"=SUBTOTAL(9,X4:X28)",1
Feuil1 (2),Y1,"=SUBTOTAL(9,Y4:Y28)",1
Feuil1 (2),AA19,=+X19/Y19,2
I&T,D2,=+Prestation!D18,1
I&T,E2,=+Prestation!E18,1
I&T,F2,=+Prestation!F18,1
I&T,G2,=+Prestation!G18,1
I&T,H2,=+Prestation!H18,1
I&T,I2,=+Prestation!I18,1
I&T,J2,=+Prestation!J18,1
I&T,K2,=+Prestation!K18,1
I&T,L2,=+Prestation!L18,1
I&T,M2,=+Prestation!M18,1
I&T,N2,=+Prestation!N18,1
I&T,O2,=+Prestation!O18,1
I&T,P2,=+Prestation!P18,1
I&T,D3,=+(Commandes!C14+Commandes!C21+Commandes!C25)*' OKB TRA ABR'!$B$22,4
I&T,E3,=+(Commandes!D14+Commandes!D21+Commandes!D25)*' OKB TRA ABR'!$B$22,4
I&T,F3,=+(Commandes!E14+Commandes!E21+Commandes!E25)*' OKB TRA ABR'!$B$22,4
I&T,G3,=+(Commandes!F14+Commandes!F21+Commandes!F25)*' OKB TRA ABR'!$B$22,4
I&T,H3,=+(Commandes!G14+Commandes!G21+Commandes!G25)*' OKB TRA ABR'!$B$22,4
I&T,I3,=+(Commandes!H14+Commandes!H21+Commandes!H25)*' OKB TRA ABR'!$B$22,4
I&T,J3,=+(Commandes!I14+Commandes!I21+Commandes!I25)*' OKB TRA ABR'!$B$22,4
I&T,K3,=+(Commandes!J14+Commandes!J21+Commandes!J25)*' OKB TRA ABR'!$B$22,4
I&T,L3,=+(Commandes!K14+Commandes!K21+Commandes!K25)*' OKB TRA ABR'!$B$22,4
I&T,M3,=+(Commandes!L14+Commandes!L21+Commandes!L25)*' OKB TRA ABR'!$B$22,4
I&T,N3,=+(Commandes!M14+Commandes!M21+Commandes!M25)*' OKB TRA ABR'!$B$22,4
I&T,O3,=+(Commandes!N14+Commandes!N21+Commandes!N25)*' OKB TRA ABR'!$B$22,4
I&T,P3,=SUM(D3:O3),1
I&T,P4,=SUM(D4:O4),1
I&T,D5,=+CA!C50,1
I&T,E5,=+CA!D50,1
I&T,F5,=+CA!E50,1
I&T,G5,=+CA!F50,1
I&T,H5,=+CA!G50,1
I&T,I5,=+CA!H50,1
I&T,J5,=+CA!I50,1
I&T,K5,=+CA!J50,1
I&T,L5,=+CA!K50,1
I&T,M5,=+CA!L50,1
I&T,N5,=+CA!M50,1
I&T,O5,=+CA!N50,1
I&T,P5,=SUM(D5:O5),1
I&T,P6,=SUM(D6:O6),1
I&T,P7,=SUM(D7:O7),1
I&T,P8,=SUM(D8:O8),1
I&T,P9,=SUM(D9:O9),1
I&T,P10,=SUM(D10:O10),1
I&T,D11,=+Achat!D37+Prestation!D81,2
I&T,E11,=+Achat!E37+Prestation!E81,2
I&T,F11,=+Achat!F37+Prestation!F81,2
I&T,G11,=+Achat!G37+Prestation!G81,2
I&T,H11,=+Achat!H37+Prestation!H81,2
I&T,I11,=+Achat!I37+Prestation!I81,2
I&T,J11,=+Achat!J37+Prestation!J81,2
I&T,K11,=+Achat!K37+Prestation!K81,2
I&T,L11,=+Achat!L37+Prestation!L81,2
I&T,M11,=+Achat!M37+Prestation!M81,2
I&T,N11,=+Achat!N37+Prestation!N81,2
I&T,O11,=+Achat!O37+Prestation!O81,2
I&T,P11,=SUM(D11:O11),1
I&T,D12,=SUM(D3:D10),1
I&T,E12,=SUM(E3:E10),1
I&T,F12,=SUM(F3:F10),1
I&T,G12,=SUM(G3:G10),1
I&T,H12,=SUM(H3:H10),1
I&T,I12,=SUM(I3:I10),1
I&T,J12,=SUM(J3:J10),1
I&T,K12,=SUM(K3:K10),1
I&T,L12,=SUM(L3:L10),1
I&T,M12,=SUM(M3:M10),1
I&T,N12,=SUM(N3:N10),1
I&T,O12,=SUM(O3:O10),1
I&T,P12,=SUM(P3:P10),1
I&T,D14,=+D2,1
I&T,E14,=+E2,1
I&T,F14,=+F2,1
I&T,G14,=+G2,1
I&T,H14,=+H2,1
I&T,I14,=+I2,1
I&T,J14,=+J2,1
I&T,K14,=+K2,1
I&T,L14,=+L2,1
I&T,M14,=+M2,1
I&T,N14,=+N2,1
I&T,O14,=+O2,1
I&T,P14,=+P2,1
I&T,D15,"=SUMIF($Q$3:$Q$10,""F"",D3:D10)",2
I&T,E15,"=SUMIF($Q$3:$Q$10,""F"",E3:E10)",2
I&T,F15,"=SUMIF($Q$3:$Q$10,""F"",F3:F10)",2
I&T,G15,"=SUMIF($Q$3:$Q$10,""F"",G3:G10)",2
I&T,H15,"=SUMIF($Q$3:$Q$10,""F"",H3:H10)",2
I&T,I15,"=SUMIF($Q$3:$Q$10,""F"",I3:I10)",2
I&T,J15,"=SUMIF($Q$3:$Q$10,""F"",J3:J10)",2
I&T,K15,"=SUMIF($Q$3:$Q$10,""F"",K3:K10)",2
I&T,L15,"=SUMIF($Q$3:$Q$10,""F"",L3:L10)",2
I&T,M15,"=SUMIF($Q$3:$Q$10,""F"",M3:M10)",2
I&T,N15,"=SUMIF($Q$3:$Q$10,""F"",N3:N10)",2
I&T,O15,"=SUMIF($Q$3:$Q$10,""F"",O3:O10)",2
I&T,P15,=SUM(D15:O15),1
I&T,D16,"=SUMIF($Q$3:$Q$10,""V"",D3:D10)",2
I&T,E16,"=SUMIF($Q$3:$Q$10,""V"",E3:E10)",2
I&T,F16,"=SUMIF($Q$3:$Q$10,""V"",F3:F10)",2
I&T,G16,"=SUMIF($Q$3:$Q$10,""V"",G3:G10)",2
I&T,H16,"=SUMIF($Q$3:$Q$10,""V"",H3:H10)",2
I&T,I16,"=SUMIF($Q$3:$Q$10,""V"",I3:I10)",2
I&T,J16,"=SUMIF($Q$3:$Q$10,""V"",J3:J10)",2
I&T,K16,"=SUMIF($Q$3:$Q$10,""V"",K3:K10)",2
I&T,L16,"=SUMIF($Q$3:$Q$10,""V"",L3:L10)",2
I&T,M16,"=SUMIF($Q$3:$Q$10,""V"",M3:M10)",2
I&T,N16,"=SUMIF($Q$3:$Q$10,""V"",N3:N10)",2
I&T,O16,"=SUMIF($Q$3:$Q$10,""V"",O3:O10)",2
I&T,P16,=SUM(D16:O16),1
I&T,D17,=SUM(D15:D16),1
I&T,E17,=SUM(E15:E16),1
I&T,F17,=SUM(F15:F16),1
I&T,G17,=SUM(G15:G16),1
I&T,H17,=SUM(H15:H16),1
I&T,I17,=SUM(I15:I16),1
I&T,J17,=SUM(J15:J16),1
I&T,K17,=SUM(K15:K16),1
I&T,L17,=SUM(L15:L16),1
I&T,M17,=SUM(M15:M16),1
I&T,N17,=SUM(N15:N16),1
I&T,O17,=SUM(O15:O16),1
I&T,P17,=SUM(D17:O17),1
Autres,B2,=+'I&T'!B2,1
Autres,C2,=+Prestation!D18,1
Autres,D2,=+Prestation!E18,1
Autres,E2,=+Prestation!F18,1
Autres,F2,=+Prestation!G18,1
Autres,G2,=+Prestation!H18,1
Autres,H2,=+Prestation!I18,1
Autres,I2,=+Prestation!J18,1
Autres,J2,=+Prestation!K18,1
Autres,K2,=+Prestation!L18,1
Autres,L2,=+Prestation!M18,1
Autres,M2,=+Prestation!N18,1
Autres,N2,=+Prestation!O18,1
Autres,O2,=+Prestation!P18,1
Autres,O3,=SUM(C3:N3),1
Autres,O4,=SUM(C4:N4),1
Autres,C5,=SUM(C3:C4),1
Autres,D5,=SUM(D3:D4),1
Autres,E5,=SUM(E3:E4),1
Autres,F5,=SUM(F3:F4),1
Autres,G5,=SUM(G3:G4),1
Autres,H5,=SUM(H3:H4),1
Autres,I5,=SUM(I3:I4),1
Autres,J5,=SUM(J3:J4),1
Autres,K5,=SUM(K3:K4),1
Autres,L5,=SUM(L3:L4),1
Autres,M5,=SUM(M3:M4),1
Autres,N5,=SUM(N3:N4),1
Autres,O5,=SUM(O3:O4),1
Amort,C2,=+Prestation!D18,1
Amort,D2,=+Prestation!E18,1
Amort,E2,=+Prestation!F18,1
Amort,F2,=+Prestation!G18,1
Amort,G2,=+Prestation!H18,1
Amort,H2,=+Prestation!I18,1
Amort,I2,=+Prestation!J18,1
Amort,J2,=+Prestation!K18,1
Amort,K2,=+Prestation!L18,1
Amort,L2,=+Prestation!M18,1
Amort,M2,=+Prestation!N18,1
Amort,N2,=+Prestation!O18,1
Amort,O2,=+Prestation!P18,1
Amort,C3,=+'Invest FD'!C22,1
Amort,D3,=+'Invest FD'!D22,1
Amort,E3,=+'Invest FD'!E22,1
Amort,F3,=+'Invest FD'!F22,1
Amort,G3,=+'Invest FD'!G22,1
Amort,H3,=+'Invest FD'!H22,1
Amort,I3,=+'Invest FD'!I22,1
Amort,J3,=+'Invest FD'!J22,1
Amort,K3,=+'Invest FD'!K22,1
Amort,L3,=+'Invest FD'!L22,1
Amort,M3,=+'Invest FD'!M22,1
Amort,N3,=+'Invest FD'!N22,1
Amort,O3,=SUM(C3:N3),1
Amort,C4,=+'Invest FD'!C23,1
Amort,D4,=+'Invest FD'!D23,1
Amort,E4,=+'Invest FD'!E23,1
Amort,F4,=+'Invest FD'!F23,1
Amort,G4,=+'Invest FD'!G23,1
Amort,H4,=+'Invest FD'!H23,1
Amort,I4,=+'Invest FD'!I23,1
Amort,J4,=+'Invest FD'!J23,1
Amort,K4,=+'Invest FD'!K23,1
Amort,L4,=+'Invest FD'!L23,1
Amort,M4,=+'Invest FD'!M23,1
Amort,N4,=+'Invest FD'!N23,1
Amort,O4,=SUM(C4:N4),1
Amort,B5,"=""DOT.AMORT""& "" ""&  'Invest FD'!B4",1
Amort,C5,=+'Invest FD'!C24,1
Amort,D5,=+'Invest FD'!D24,1
Amort,E5,=+'Invest FD'!E24,1
Amort,F5,=+'Invest FD'!F24,1
Amort,G5,=+'Invest FD'!G24,1
Amort,H5,=+'Invest FD'!H24,1
Amort,I5,=+'Invest FD'!I24,1
Amort,J5,=+'Invest FD'!J24,1
Amort,K5,=+'Invest FD'!K24,1
Amort,L5,=+'Invest FD'!L24,1
Amort,M5,=+'Invest FD'!M24,1
Amort,N5,=+'Invest FD'!N24,1
Amort,O5,=SUM(C5:N5),1
Amort,B6,"=""DOT.AMORT""& "" ""&  'Invest FD'!B5",1
Amort,C6,=+'Invest FD'!C25,1
Amort,D6,=+'Invest FD'!D25,1
Amort,E6,=+'Invest FD'!E25,1
Amort,F6,=+'Invest FD'!F25,1
Amort,G6,=+'Invest FD'!G25,1
Amort,H6,=+'Invest FD'!H25,1
Amort,I6,=+'Invest FD'!I25,1
Amort,J6,=+'Invest FD'!J25,1
Amort,K6,=+'Invest FD'!K25,1
Amort,L6,=+'Invest FD'!L25,1
Amort,M6,=+'Invest FD'!M25,1
Amort,N6,=+'Invest FD'!N25,1
Amort,O6,=SUM(C6:N6),1
Amort,B7,"=""DOT.AMORT""& "" ""&  'Invest FD'!B6",1
Amort,C7,=+'Invest FD'!C26,1
Amort,D7,=+'Invest FD'!D26,1
Amort,E7,=+'Invest FD'!E26,1
Amort,F7,=+'Invest FD'!F26,1
Amort,G7,=+'Invest FD'!G26,1
Amort,H7,=+'Invest FD'!H26,1
Amort,I7,=+'Invest FD'!I26,1
Amort,J7,=+'Invest FD'!J26,1
Amort,K7,=+'Invest FD'!K26,1
Amort,L7,=+'Invest FD'!L26,1
Amort,M7,=+'Invest FD'!M26,1
Amort,N7,=+'Invest FD'!N26,1
Amort,O7,=SUM(C7:N7),1
Amort,B8,"=""DOT.AMORT""& "" ""&  'Invest FD'!B7",1
Amort,C8,=+'Invest FD'!C27,1
Amort,D8,=+'Invest FD'!D27,1
Amort,E8,=+'Invest FD'!E27,1
Amort,F8,=+'Invest FD'!F27,1
Amort,G8,=+'Invest FD'!G27,1
Amort,H8,=+'Invest FD'!H27,1
Amort,I8,=+'Invest FD'!I27,1
Amort,J8,=+'Invest FD'!J27,1
Amort,K8,=+'Invest FD'!K27,1
Amort,L8,=+'Invest FD'!L27,1
Amort,M8,=+'Invest FD'!M27,1
Amort,N8,=+'Invest FD'!N27,1
Amort,O8,=SUM(C8:N8),1
Amort,C9,=+'Invest FD'!C28,1
Amort,D9,=+'Invest FD'!D28,1
Amort,E9,=+'Invest FD'!E28,1
Amort,F9,=+'Invest FD'!F28,1
Amort,G9,=+'Invest FD'!G28,1
Amort,H9,=+'Invest FD'!H28,1
Amort,I9,=+'Invest FD'!I28,1
Amort,J9,=+'Invest FD'!J28,1
Amort,K9,=+'Invest FD'!K28,1
Amort,L9,=+'Invest FD'!L28,1
Amort,M9,=+'Invest FD'!M28,1
Amort,N9,=+'Invest FD'!N28,1
Amort,O9,=SUM(C9:N9),1
Amort,C10,=+'Invest FD'!C29,1
Amort,D10,=+'Invest FD'!D29,1
Amort,E10,=+'Invest FD'!E29,1
Amort,F10,=+'Invest FD'!F29,1
Amort,G10,=+'Invest FD'!G29,1
Amort,H10,=+'Invest FD'!H29,1
Amort,I10,=+'Invest FD'!I29,1
Amort,J10,=+'Invest FD'!J29,1
Amort,K10,=+'Invest FD'!K29,1
Amort,L10,=+'Invest FD'!L29,1
Amort,M10,=+'Invest FD'!M29,1
Amort,N10,=+'Invest FD'!N29,1
Amort,O10,=SUM(C10:N10),1
Amort,C11,=+'Invest FD'!C30,1
Amort,D11,=+'Invest FD'!D30,1
Amort,E11,=+'Invest FD'!E30,1
Amort,F11,=+'Invest FD'!F30,1
Amort,G11,=+'Invest FD'!G30,1
Amort,H11,=+'Invest FD'!H30,1
Amort,I11,=+'Invest FD'!I30,1
Amort,J11,=+'Invest FD'!J30,1
Amort,K11,=+'Invest FD'!K30,1
Amort,L11,=+'Invest FD'!L30,1
Amort,M11,=+'Invest FD'!M30,1
Amort,N11,=+'Invest FD'!N30,1
Amort,O11,=SUM(C11:N11),1
Amort,C12,=+'Invest FD'!C31,1
Amort,D12,=+'Invest FD'!D31,1
Amort,E12,=+'Invest FD'!E31,1
Amort,F12,=+'Invest FD'!F31,1
Amort,G12,=+'Invest FD'!G31,1
Amort,H12,=+'Invest FD'!H31,1
Amort,I12,=+'Invest FD'!I31,1
Amort,J12,=+'Invest FD'!J31,1
Amort,K12,=+'Invest FD'!K31,1
Amort,L12,=+'Invest FD'!L31,1
Amort,M12,=+'Invest FD'!M31,1
Amort,N12,=+'Invest FD'!N31,1
Amort,O12,=SUM(C12:N12),1
Amort,C13,=+'Invest FD'!C32,1
Amort,D13,=+'Invest FD'!D32,1
Amort,E13,=+'Invest FD'!E32,1
Amort,F13,=+'Invest FD'!F32,1
Amort,G13,=+'Invest FD'!G32,1
Amort,H13,=+'Invest FD'!H32,1
Amort,I13,=+'Invest FD'!I32,1
Amort,J13,=+'Invest FD'!J32,1
Amort,K13,=+'Invest FD'!K32,1
Amort,L13,=+'Invest FD'!L32,1
Amort,M13,=+'Invest FD'!M32,1
Amort,N13,=+'Invest FD'!N32,1
Amort,O13,=SUM(C13:N13),1
Amort,B14,=+'Invest FD'!B34,1
Amort,C14,=+'Invest FD'!C34,1
Amort,D14,=+'Invest FD'!D34,1
Amort,E14,=+'Invest FD'!E34,1
Amort,F14,=+'Invest FD'!F34,1
Amort,G14,=+'Invest FD'!G34,1
Amort,H14,=+'Invest FD'!H34,1
Amort,I14,=+'Invest FD'!I34,1
Amort,J14,=+'Invest FD'!J34,1
Amort,K14,=+'Invest FD'!K34,1
Amort,L14,=+'Invest FD'!L34,1
Amort,M14,=+'Invest FD'!M34,1
Amort,N14,=+'Invest FD'!N34,1
Amort,O14,=SUM(C14:N14),1
Amort,C15,=SUM(C3:C14),1
Amort,D15,=SUM(D3:D14),1
Amort,E15,=SUM(E3:E14),1
Amort,F15,=SUM(F3:F14),1
Amort,G15,=SUM(G3:G14),1
Amort,H15,=SUM(H3:H14),1
Amort,I15,=SUM(I3:I14),1
Amort,J15,=SUM(J3:J14),1
Amort,K15,=SUM(K3:K14),1
Amort,L15,=SUM(L3:L14),1
Amort,M15,=SUM(M3:M14),1
Amort,N15,=SUM(N3:N14),1
Amort,O15,=SUM(O3:O14),1
Frais financier,C2,=+Prestation!D18,1
Frais financier,D2,=+Prestation!E18,1
Frais financier,E2,=+Prestation!F18,1
Frais financier,F2,=+Prestation!G18,1
Frais financier,G2,=+Prestation!H18,1
Frais financier,H2,=+Prestation!I18,1
Frais financier,I2,=+Prestation!J18,1
Frais financier,J2,=+Prestation!K18,1
Frais financier,K2,=+Prestation!L18,1
Frais financier,L2,=+Prestation!M18,1
Frais financier,M2,=+Prestation!N18,1
Frais financier,N2,=+Prestation!O18,1
Frais financier,O2,=+Prestation!P18,1
Frais financier,C3,=+'Détails FF FD'!C3,1
Frais financier,D3,=+'Détails FF FD'!D3,1
Frais financier,E3,=+'Détails FF FD'!E3,1
Frais financier,F3,=+'Détails FF FD'!F3,1
Frais financier,G3,=+'Détails FF FD'!G3,1
Frais financier,H3,=+'Détails FF FD'!H3,1
Frais financier,I3,=+'Détails FF FD'!I3,1
Frais financier,J3,=+'Détails FF FD'!J3,1
Frais financier,K3,=+'Détails FF FD'!K3,1
Frais financier,L3,=+'Détails FF FD'!L3,1
Frais financier,M3,=+'Détails FF FD'!M3,1
Frais financier,N3,=+'Détails FF FD'!N3,1
Frais financier,O3,=SUM(C3:N3),1
Frais financier,C4,=SUM(C3:C3),1
Frais financier,D4,=SUM(D3:D3),1
Frais financier,E4,=SUM(E3:E3),1
Frais financier,F4,=SUM(F3:F3),1
Frais financier,G4,=SUM(G3:G3),1
Frais financier,H4,=SUM(H3:H3),1
Frais financier,I4,=SUM(I3:I3),1
Frais financier,J4,=SUM(J3:J3),1
Frais financier,K4,=SUM(K3:K3),1
Frais financier,L4,=SUM(L3:L3),1
Frais financier,M4,=SUM(M3:M3),1
Frais financier,N4,=SUM(N3:N3),1
Frais financier,O4,=SUM(O3:O3),1
CR Nature FD,B4,=+CA!B18,1
CR Nature FD,C4,=+SUM(CA!C19:C22),1
CR Nature FD,D4,=+SUM(CA!D19:D22),1
CR Nature FD,E4,=+SUM(CA!E19:E22),1
CR Nature FD,F4,=+SUM(CA!F19:F22),1
CR Nature FD,G4,=+SUM(CA!G19:G22),1
CR Nature FD,H4,=+SUM(CA!H19:H22),1
CR Nature FD,I4,=+SUM(CA!I19:I22),1
CR Nature FD,J4,=+SUM(CA!J19:J22),1
CR Nature FD,K4,=+SUM(CA!K19:K22),1
CR Nature FD,L4,=+SUM(CA!L19:L22),1
CR Nature FD,M4,=+SUM(CA!M19:M22),1
CR Nature FD,N4,=+SUM(CA!N19:N22),1
CR Nature FD,O4,=+SUM(C4:N4),1
CR Nature FD,B5,=+CA!B23,1
CR Nature FD,C5,=+SUM(CA!C24:C27),1
CR Nature FD,D5,=+SUM(CA!D24:D27),1
CR Nature FD,E5,=+SUM(CA!E24:E27),1
CR Nature FD,F5,=+SUM(CA!F24:F27),1
CR Nature FD,G5,=+SUM(CA!G24:G27),1
CR Nature FD,H5,=+SUM(CA!H24:H27),1
CR Nature FD,I5,=+SUM(CA!I24:I27),1
CR Nature FD,J5,=+SUM(CA!J24:J27),1
CR Nature FD,K5,=+SUM(CA!K24:K27),1
CR Nature FD,L5,=+SUM(CA!L24:L27),1
CR Nature FD,M5,=+SUM(CA!M24:M27),1
CR Nature FD,N5,=+SUM(CA!N24:N27),1
CR Nature FD,O5,=+SUM(C5:N5),1
CR Nature FD,B6,=+CA!B28,1
CR Nature FD,C6,=+CA!C28,1
CR Nature FD,D6,=+CA!D28,1
CR Nature FD,E6,=+CA!E28,1
CR Nature FD,F6,=+CA!F28,1
CR Nature FD,G6,=+CA!G28,1
CR Nature FD,H6,=+CA!H28,1
CR Nature FD,I6,=+CA!I28,1
CR Nature FD,J6,=+CA!J28,1
CR Nature FD,K6,=+CA!K28,1
CR Nature FD,L6,=+CA!L28,1
CR Nature FD,M6,=+CA!M28,1
CR Nature FD,N6,=+CA!N28,1
CR Nature FD,O6,=+SUM(C6:N6),1
CR Nature FD,B7,=+CA!B30,1
CR Nature FD,C7,=+CA!C30,1
CR Nature FD,D7,=+CA!D30,1
CR Nature FD,E7,=+CA!E30,1
CR Nature FD,F7,=+CA!F30,1
CR Nature FD,G7,=+CA!G30,1
CR Nature FD,H7,=+CA!H30,1
CR Nature FD,I7,=+CA!I30,1
CR Nature FD,J7,=+CA!J30,1
CR Nature FD,K7,=+CA!K30,1
CR Nature FD,L7,=+CA!L30,1
CR Nature FD,M7,=+CA!M30,1
CR Nature FD,N7,=+CA!N30,1
CR Nature FD,O7,=+SUM(C7:N7),1
CR Nature FD,B8,=+CA!B31,1
CR Nature FD,C8,=+CA!C31,1
CR Nature FD,D8,=+CA!D31,1
CR Nature FD,E8,=+CA!E31,1
CR Nature FD,F8,=+CA!F31,1
CR Nature FD,G8,=+CA!G31,1
CR Nature FD,H8,=+CA!H31,1
CR Nature FD,I8,=+CA!I31,1
CR Nature FD,J8,=+CA!J31,1
CR Nature FD,K8,=+CA!K31,1
CR Nature FD,L8,=+CA!L31,1
CR Nature FD,M8,=+CA!M31,1
CR Nature FD,N8,=+CA!N31,1
CR Nature FD,O8,=+SUM(C8:N8),1
CR Nature FD,C9,"=IFERROR(+Production!D65,"""")",1
CR Nature FD,D9,"=IFERROR(+Production!E65,"""")",1
CR Nature FD,E9,"=IFERROR(+Production!F65,"""")",1
CR Nature FD,F9,"=IFERROR(+Production!G65,"""")",1
CR Nature FD,G9,"=IFERROR(+Production!H65,"""")",1
CR Nature FD,H9,"=IFERROR(+Production!I65,"""")",1
CR Nature FD,I9,"=IFERROR(+Production!J65,"""")",1
CR Nature FD,J9,"=IFERROR(+Production!K65,"""")",1
CR Nature FD,K9,"=IFERROR(+Production!L65,"""")",1
CR Nature FD,L9,"=IFERROR(+Production!M65,"""")",1
CR Nature FD,M9,"=IFERROR(+Production!N65,"""")",1
CR Nature FD,N9,"=IFERROR(+Production!O65,"""")",1
CR Nature FD,O9,=+SUM(C9:N9),1
CR Nature FD,C10,=SUM(C3:C9),1
CR Nature FD,D10,=SUM(D3:D9),1
CR Nature FD,E10,=SUM(E3:E9),1
CR Nature FD,F10,=SUM(F3:F9),1
CR Nature FD,G10,=SUM(G3:G9),1
CR Nature FD,H10,=SUM(H3:H9),1
CR Nature FD,I10,=SUM(I3:I9),1
CR Nature FD,J10,=SUM(J3:J9),1
CR Nature FD,K10,=SUM(K3:K9),1
CR Nature FD,L10,=SUM(L3:L9),1
CR Nature FD,M10,=SUM(M3:M9),1
CR Nature FD,N10,=SUM(N3:N9),1
CR Nature FD,O10,=SUM(O3:O9),1
CR Nature FD,P10,=+CA!O32-O10+O9,3
CR Nature FD,C11,=+Achat!D29,1
CR Nature FD,D11,=+Achat!E29,1
CR Nature FD,E11,=+Achat!F29,1
CR Nature FD,F11,=+Achat!G29,1
CR Nature FD,G11,=+Achat!H29,1
CR Nature FD,H11,=+Achat!I29,1
CR Nature FD,I11,=+Achat!J29,1
CR Nature FD,J11,=+Achat!K29,1
CR Nature FD,K11,=+Achat!L29,1
CR Nature FD,L11,=+Achat!M29,1
CR Nature FD,M11,=+Achat!N29,1
CR Nature FD,N11,=+Achat!O29,1
CR Nature FD,O11,=SUM(C11:N11),1
CR Nature FD,P11,=+Achat!P31-O11,2
CR Nature FD,C12,=+Prestation!D71,1
CR Nature FD,D12,=+Prestation!E71,1
CR Nature FD,E12,=+Prestation!F71,1
CR Nature FD,F12,=+Prestation!G71,1
CR Nature FD,G12,=+Prestation!H71,1
CR Nature FD,H12,=+Prestation!I71,1
CR Nature FD,I12,=+Prestation!J71,1
CR Nature FD,J12,=+Prestation!K71,1
CR Nature FD,K12,=+Prestation!L71,1
CR Nature FD,L12,=+Prestation!M71,1
CR Nature FD,M12,=+Prestation!N71,1
CR Nature FD,N12,=+Prestation!O71,1
CR Nature FD,O12,=+Prestation!P71,1
CR Nature FD,P12,=+Prestation!P71-O12,2
CR Nature FD,C13,=SUM(C11:C12),1
CR Nature FD,D13,=SUM(D11:D12),1
CR Nature FD,E13,=SUM(E11:E12),1
CR Nature FD,F13,=SUM(F11:F12),1
CR Nature FD,G13,=SUM(G11:G12),1
CR Nature FD,H13,=SUM(H11:H12),1
CR Nature FD,I13,=SUM(I11:I12),1
CR Nature FD,J13,=SUM(J11:J12),1
CR Nature FD,K13,=SUM(K11:K12),1
CR Nature FD,L13,=SUM(L11:L12),1
CR Nature FD,M13,=SUM(M11:M12),1
CR Nature FD,N13,=SUM(N11:N12),1
CR Nature FD,O13,=SUM(C13:N13),1
CR Nature FD,C14,=C10-C13,2
CR Nature FD,D14,=D10-D13,2
CR Nature FD,E14,=E10-E13,2
CR Nature FD,F14,=F10-F13,2
CR Nature FD,G14,=G10-G13,2
CR Nature FD,H14,=H10-H13,2
CR Nature FD,I14,=I10-I13,2
CR Nature FD,J14,=J10-J13,2
CR Nature FD,K14,=K10-K13,2
CR Nature FD,L14,=L10-L13,2
CR Nature FD,M14,=M10-M13,2
CR Nature FD,N14,=N10-N13,2
CR Nature FD,O14,=O10-O13,2
CR Nature FD,C15,=+Sal!D174,1
CR Nature FD,D15,=+Sal!E174,1
CR Nature FD,E15,=+Sal!F174,1
CR Nature FD,F15,=+Sal!G174,1
CR Nature FD,G15,=+Sal!H174,1
CR Nature FD,H15,=+Sal!I174,1
CR Nature FD,I15,=+Sal!J174,1
CR Nature FD,J15,=+Sal!K174,1
CR Nature FD,K15,=+Sal!L174,1
CR Nature FD,L15,=+Sal!M174,1
CR Nature FD,M15,=+Sal!N174,1
CR Nature FD,N15,=+Sal!O174,1
CR Nature FD,O15,=SUM(C15:N15),1
CR Nature FD,P15,=+Sal!P174-O15,2
CR Nature FD,C16,=+'I&T'!D12,1
CR Nature FD,D16,=+'I&T'!E12,1
CR Nature FD,E16,=+'I&T'!F12,1
CR Nature FD,F16,=+'I&T'!G12,1
CR Nature FD,G16,=+'I&T'!H12,1
CR Nature FD,H16,=+'I&T'!I12,1
CR Nature FD,I16,=+'I&T'!J12,1
CR Nature FD,J16,=+'I&T'!K12,1
CR Nature FD,K16,=+'I&T'!L12,1
CR Nature FD,L16,=+'I&T'!M12,1
CR Nature FD,M16,=+'I&T'!N12,1
CR Nature FD,N16,=+'I&T'!O12,1
CR Nature FD,O16,=SUM(C16:N16),1
CR Nature FD,P16,=+'I&T'!P12-O16,2
CR Nature FD,C17,=C14-C15-C16,3
CR Nature FD,D17,=D14-D15-D16,3
CR Nature FD,E17,=E14-E15-E16,3
CR Nature FD,F17,=F14-F15-F16,3
CR Nature FD,G17,=G14-G15-G16,3
CR Nature FD,H17,=H14-H15-H16,3
CR Nature FD,I17,=I14-I15-I16,3
CR Nature FD,J17,=J14-J15-J16,3
CR Nature FD,K17,=K14-K15-K16,3
CR Nature FD,L17,=L14-L15-L16,3
CR Nature FD,M17,=M14-M15-M16,3
CR Nature FD,N17,=N14-N15-N16,3
CR Nature FD,O17,=SUM(C17:N17),1
CR Nature FD,O18,=+SUM(C18:N18),1
CR Nature FD,C19,=+Autres!C5,1
CR Nature FD,D19,=+Autres!D5,1
CR Nature FD,E19,=+Autres!E5,1
CR Nature FD,F19,=+Autres!F5,1
CR Nature FD,G19,=+Autres!G5,1
CR Nature FD,H19,=+Autres!H5,1
CR Nature FD,I19,=+Autres!I5,1
CR Nature FD,J19,=+Autres!J5,1
CR Nature FD,K19,=+Autres!K5,1
CR Nature FD,L19,=+Autres!L5,1
CR Nature FD,M19,=+Autres!M5,1
CR Nature FD,N19,=+Autres!N5,1
CR Nature FD,O19,=+SUM(C19:N19),1
CR Nature FD,P19,=+Autres!O5-O19,2
CR Nature FD,C20,=+Amort!C15,1
CR Nature FD,D20,=+Amort!D15,1
CR Nature FD,E20,=+Amort!E15,1
CR Nature FD,F20,=+Amort!F15,1
CR Nature FD,G20,=+Amort!G15,1
CR Nature FD,H20,=+Amort!H15,1
CR Nature FD,I20,=+Amort!I15,1
CR Nature FD,J20,=+Amort!J15,1
CR Nature FD,K20,=+Amort!K15,1
CR Nature FD,L20,=+Amort!L15,1
CR Nature FD,M20,=+Amort!M15,1
CR Nature FD,N20,=+Amort!N15,1
CR Nature FD,O20,=+SUM(C20:N20),1
CR Nature FD,P20,=+Amort!O15-O20,2
CR Nature FD,O21,=+SUM(C21:N21),1
CR Nature FD,O22,=+SUM(C22:N22),1
CR Nature FD,C23,=C17+C18-C19-C20+C22,5
CR Nature FD,D23,=D17+D18-D19-D20+D22,5
CR Nature FD,E23,=E17+E18-E19-E20+E22,5
CR Nature FD,F23,=F17+F18-F19-F20+F22,5
CR Nature FD,G23,=G17+G18-G19-G20+G22,5
CR Nature FD,H23,=H17+H18-H19-H20+H22,5
CR Nature FD,I23,=I17+I18-I19-I20+I22,5
CR Nature FD,J23,=J17+J18-J19-J20+J22,5
CR Nature FD,K23,=K17+K18-K19-K20+K22,5
CR Nature FD,L23,=L17+L18-L19-L20+L22,5
CR Nature FD,M23,=M17+M18-M19-M20+M22,5
CR Nature FD,N23,=N17+N18-N19-N20+N22,5
CR Nature FD,O23,=SUM(C23:N23),1
CR Nature FD,O24,=SUM(C24:N24),1
CR Nature FD,C25,=+'Frais financier'!C3,1
CR Nature FD,D25,=+'Frais financier'!D3,1
CR Nature FD,E25,=+'Frais financier'!E3,1
CR Nature FD,F25,=+'Frais financier'!F3,1
CR Nature FD,G25,=+'Frais financier'!G3,1
CR Nature FD,H25,=+'Frais financier'!H3,1
CR Nature FD,I25,=+'Frais financier'!I3,1
CR Nature FD,J25,=+'Frais financier'!J3,1
CR Nature FD,K25,=+'Frais financier'!K3,1
CR Nature FD,L25,=+'Frais financier'!L3,1
CR Nature FD,M25,=+'Frais financier'!M3,1
CR Nature FD,N25,=+'Frais financier'!N3,1
CR Nature FD,O25,=SUM(C25:N25),1
CR Nature FD,P25,=+'Frais financier'!O4-O25,2
CR Nature FD,C26,=+C24-C25,2
CR Nature FD,D26,=+D24-D25,2
CR Nature FD,E26,=+E24-E25,2
CR Nature FD,F26,=+F24-F25,2
CR Nature FD,G26,=+G24-G25,2
CR Nature FD,H26,=+H24-H25,2
CR Nature FD,I26,=+I24-I25,2
CR Nature FD,J26,=+J24-J25,2
CR Nature FD,K26,=+K24-K25,2
CR Nature FD,L26,=+L24-L25,2
CR Nature FD,M26,=+M24-M25,2
CR Nature FD,N26,=+N24-N25,2
CR Nature FD,O26,=+O24-O25,2
CR Nature FD,C27,=C23+C26,2
CR Nature FD,D27,=D23+D26,2
CR Nature FD,E27,=E23+E26,2
CR Nature FD,F27,=F23+F26,2
CR Nature FD,G27,=G23+G26,2
CR Nature FD,H27,=H23+H26,2
CR Nature FD,I27,=I23+I26,2
CR Nature FD,J27,=J23+J26,2
CR Nature FD,K27,=K23+K26,2
CR Nature FD,L27,=L23+L26,2
CR Nature FD,M27,=M23+M26,2
CR Nature FD,N27,=N23+N26,2
CR Nature FD,O27,=SUM(C27:N27),1
CR Nature FD,N28,"=ROUNDUP(IF((+O39-SUM(O42:O46)-SUM(O51:O57))<0,O39*5/1000+320000,(+O39-SUM(O42:O46)-SUM(O51:O57))*0.2),-3)",7
CR Nature FD,O28,=+SUM(C28:N28),1
CR Nature FD,C30,=C10+C18+C22+C24,4
CR Nature FD,D30,=D10+D18+D22+D24,4
CR Nature FD,E30,=E10+E18+E22+E24,4
CR Nature FD,F30,=F10+F18+F22+F24,4
CR Nature FD,G30,=G10+G18+G22+G24,4
CR Nature FD,H30,=H10+H18+H22+H24,4
CR Nature FD,I30,=I10+I18+I22+I24,4
CR Nature FD,J30,=J10+J18+J22+J24,4
CR Nature FD,K30,=K10+K18+K22+K24,4
CR Nature FD,L30,=L10+L18+L22+L24,4
CR Nature FD,M30,=M10+M18+M22+M24,4
CR Nature FD,N30,=N10+N18+N22+N24,4
CR Nature FD,O30,=+SUM(C30:N30),1
CR Nature FD,C31,=C13+C15+C16+C19+C20+C25+C28+C29,8
CR Nature FD,D31,=D13+D15+D16+D19+D20+D25+D28+D29,8
CR Nature FD,E31,=E13+E15+E16+E19+E20+E25+E28+E29,8
CR Nature FD,F31,=F13+F15+F16+F19+F20+F25+F28+F29,8
CR Nature FD,G31,=G13+G15+G16+G19+G20+G25+G28+G29,8
CR Nature FD,H31,=H13+H15+H16+H19+H20+H25+H28+H29,8
CR Nature FD,I31,=I13+I15+I16+I19+I20+I25+I28+I29,8
CR Nature FD,J31,=J13+J15+J16+J19+J20+J25+J28+J29,8
CR Nature FD,K31,=K13+K15+K16+K19+K20+K25+K28+K29,8
CR Nature FD,L31,=L13+L15+L16+L19+L20+L25+L28+L29,8
CR Nature FD,M31,=M13+M15+M16+M19+M20+M25+M28+M29,8
CR Nature FD,N31,=N13+N15+N16+N19+N20+N25+N28+N29,8
CR Nature FD,O31,=SUM(C31:N31),1
CR Nature FD,C32,=+C30-C31,2
CR Nature FD,D32,=+D30-D31,2
CR Nature FD,E32,=+E30-E31,2
CR Nature FD,F32,=+F30-F31,2
CR Nature FD,G32,=+G30-G31,2
CR Nature FD,H32,=+H30-H31,2
CR Nature FD,I32,=+I30-I31,2
CR Nature FD,J32,=+J30-J31,2
CR Nature FD,K32,=+K30-K31,2
CR Nature FD,L32,=+L30-L31,2
CR Nature FD,M32,=+M30-M31,2
CR Nature FD,N32,=+N30-N31,2
CR Nature FD,O32,=+O30-O31,2
CR Nature FD,C36,=C32+C35,2
CR Nature FD,D36,=D32+D35,2
CR Nature FD,E36,=E32+E35,2
CR Nature FD,F36,=F32+F35,2
CR Nature FD,G36,=G32+G35,2
CR Nature FD,H36,=H32+H35,2
CR Nature FD,I36,=I32+I35,2
CR Nature FD,J36,=J32+J35,2
CR Nature FD,K36,=K32+K35,2
CR Nature FD,L36,=L32+L35,2
CR Nature FD,M36,=M32+M35,2
CR Nature FD,N36,=N32+N35,2
CR Nature FD,O36,=O32+O35,2
CR Nature FD,O37,=+O36/O10,2
CR Nature FD,C38,=+C2,1
CR Nature FD,D38,=+D2,1
CR Nature FD,E38,=+E2,1
CR Nature FD,F38,=+F2,1
CR Nature FD,G38,=+G2,1
CR Nature FD,H38,=+H2,1
CR Nature FD,I38,=+I2,1
CR Nature FD,J38,=+J2,1
CR Nature FD,K38,=+K2,1
CR Nature FD,L38,=+L2,1
CR Nature FD,M38,=+M2,1
CR Nature FD,N38,=+N2,1
CR Nature FD,O38,=+O2,1
CR Nature FD,P39,=+O39-O10,2
CR Nature FD,C41,=+SUM(C42:C47),1
CR Nature FD,D41,=+SUM(D42:D47),1
CR Nature FD,E41,=+SUM(E42:E47),1
CR Nature FD,F41,=+SUM(F42:F47),1
CR Nature FD,G41,=+SUM(G42:G47),1
CR Nature FD,H41,=+SUM(H42:H47),1
CR Nature FD,I41,=+SUM(I42:I47),1
CR Nature FD,J41,=+SUM(J42:J47),1
CR Nature FD,K41,=+SUM(K42:K47),1
CR Nature FD,L41,=+SUM(L42:L47),1
CR Nature FD,M41,=+SUM(M42:M47),1
CR Nature FD,N41,=+SUM(N42:N47),1
CR Nature FD,O41,=+SUM(O42:O47),1
CR Nature FD,B42,=+Achat!B39,1
CR Nature FD,C42,=+Achat!D39,1
CR Nature FD,D42,=+Achat!E39,1
CR Nature FD,E42,=+Achat!F39,1
CR Nature FD,F42,=+Achat!G39,1
CR Nature FD,G42,=+Achat!H39,1
CR Nature FD,H42,=+Achat!I39,1
CR Nature FD,I42,=+Achat!J39,1
CR Nature FD,J42,=+Achat!K39,1
CR Nature FD,K42,=+Achat!L39,1
CR Nature FD,L42,=+Achat!M39,1
CR Nature FD,M42,=+Achat!N39,1
CR Nature FD,N42,=+Achat!O39,1
CR Nature FD,O42,=SUM(C42:N42),1
CR Nature FD,O43,=SUM(C43:N43),1
CR Nature FD,B44,=+Prestation!B84,1
CR Nature FD,C44,=+Prestation!D84,1
CR Nature FD,D44,=+Prestation!E84,1
CR Nature FD,E44,=+Prestation!F84,1
CR Nature FD,F44,=+Prestation!G84,1
CR Nature FD,G44,=+Prestation!H84,1
CR Nature FD,H44,=+Prestation!I84,1
CR Nature FD,I44,=+Prestation!J84,1
CR Nature FD,J44,=+Prestation!K84,1
CR Nature FD,K44,=+Prestation!L84,1
CR Nature FD,L44,=+Prestation!M84,1
CR Nature FD,M44,=+Prestation!N84,1
CR Nature FD,N44,=+Prestation!O84,1
CR Nature FD,O44,=SUM(C44:N44),1
CR Nature FD,B45,=+'I&T'!B16,1
CR Nature FD,C45,=+'I&T'!D16,1
CR Nature FD,D45,=+'I&T'!E16,1
CR Nature FD,E45,=+'I&T'!F16,1
CR Nature FD,F45,=+'I&T'!G16,1
CR Nature FD,G45,=+'I&T'!H16,1
CR Nature FD,H45,=+'I&T'!I16,1
CR Nature FD,I45,=+'I&T'!J16,1
CR Nature FD,J45,=+'I&T'!K16,1
CR Nature FD,K45,=+'I&T'!L16,1
CR Nature FD,L45,=+'I&T'!M16,1
CR Nature FD,M45,=+'I&T'!N16,1
CR Nature FD,N45,=+'I&T'!O16,1
CR Nature FD,O45,=SUM(C45:N45),1
CR Nature FD,C46,=+Sal!D184+Sal!D186,2
CR Nature FD,D46,=+Sal!E184+Sal!E186,2
CR Nature FD,E46,=+Sal!F184+Sal!F186,2
CR Nature FD,F46,=+Sal!G184+Sal!G186,2
CR Nature FD,G46,=+Sal!H184+Sal!H186,2
CR Nature FD,H46,=+Sal!I184+Sal!I186,2
CR Nature FD,I46,=+Sal!J184+Sal!J186,2
CR Nature FD,J46,=+Sal!K184+Sal!K186,2
CR Nature FD,K46,=+Sal!L184+Sal!L186,2
CR Nature FD,L46,=+Sal!M184+Sal!M186,2
CR Nature FD,M46,=+Sal!N184+Sal!N186,2
CR Nature FD,N46,=+Sal!O184+Sal!O186,2
CR Nature FD,O46,=SUM(C46:N46),1
CR Nature FD,N47,"=ROUNDUP(IF((+O39-SUM(O42:O46)-SUM(O51:O57))<0,O39*5/1000+320000,(+O39-SUM(O42:O46)-SUM(O51:O57))*0.2),-3)",7
CR Nature FD,O47,=SUM(C47:N47),1
CR Nature FD,C48,=+C39-C41,2
CR Nature FD,D48,=+D39-D41,2
CR Nature FD,E48,=+E39-E41,2
CR Nature FD,F48,=+F39-F41,2
CR Nature FD,G48,=+G39-G41,2
CR Nature FD,H48,=+H39-H41,2
CR Nature FD,I48,=+I39-I41,2
CR Nature FD,J48,=+J39-J41,2
CR Nature FD,K48,=+K39-K41,2
CR Nature FD,L48,=+L39-L41,2
CR Nature FD,M48,=+M39-M41,2
CR Nature FD,N48,=+N39-N41,2
CR Nature FD,O48,=+O39-O41,2
CR Nature FD,C49,=+C48/C39,2
CR Nature FD,D49,=+D48/D39,2
CR Nature FD,E49,=+E48/E39,2
CR Nature FD,F49,=+F48/F39,2
CR Nature FD,G49,=+G48/G39,2
CR Nature FD,H49,=+H48/H39,2
CR Nature FD,I49,=+I48/I39,2
CR Nature FD,J49,=+J48/J39,2
CR Nature FD,K49,=+K48/K39,2
CR Nature FD,L49,=+L48/L39,2
CR Nature FD,M49,=+M48/M39,2
CR Nature FD,N49,=+N48/N39,2
CR Nature FD,O49,=+O48/O39,2
CR Nature FD,C50,=+SUM(C51:C57),1
CR Nature FD,D50,=+SUM(D51:D57),1
CR Nature FD,E50,=+SUM(E51:E57),1
CR Nature FD,F50,=+SUM(F51:F57),1
CR Nature FD,G50,=+SUM(G51:G57),1
CR Nature FD,H50,=+SUM(H51:H57),1
CR Nature FD,I50,=+SUM(I51:I57),1
CR Nature FD,J50,=+SUM(J51:J57),1
CR Nature FD,K50,=+SUM(K51:K57),1
CR Nature FD,L50,=+SUM(L51:L57),1
CR Nature FD,M50,=+SUM(M51:M57),1
CR Nature FD,N50,=+SUM(N51:N57),1
CR Nature FD,O50,=+SUM(O51:O57),1
CR Nature FD,B51,=+Achat!B40,1
CR Nature FD,C51,=+Achat!D40,1
CR Nature FD,D51,=+Achat!E40,1
CR Nature FD,E51,=+Achat!F40,1
CR Nature FD,F51,=+Achat!G40,1
CR Nature FD,G51,=+Achat!H40,1
CR Nature FD,H51,=+Achat!I40,1
CR Nature FD,I51,=+Achat!J40,1
CR Nature FD,J51,=+Achat!K40,1
CR Nature FD,K51,=+Achat!L40,1
CR Nature FD,L51,=+Achat!M40,1
CR Nature FD,M51,=+Achat!N40,1
CR Nature FD,N51,=+Achat!O40,1
CR Nature FD,O51,=SUM(C51:N51),1
CR Nature FD,B52,=+Prestation!B83,1
CR Nature FD,C52,=+Prestation!D83,1
CR Nature FD,D52,=+Prestation!E83,1
CR Nature FD,E52,=+Prestation!F83,1
CR Nature FD,F52,=+Prestation!G83,1
CR Nature FD,G52,=+Prestation!H83,1
CR Nature FD,H52,=+Prestation!I83,1
CR Nature FD,I52,=+Prestation!J83,1
CR Nature FD,J52,=+Prestation!K83,1
CR Nature FD,K52,=+Prestation!L83,1
CR Nature FD,L52,=+Prestation!M83,1
CR Nature FD,M52,=+Prestation!N83,1
CR Nature FD,N52,=+Prestation!O83,1
CR Nature FD,O52,=SUM(C52:N52),1
CR Nature FD,B53,=+'I&T'!B15,1
CR Nature FD,C53,=+'I&T'!D15,1
CR Nature FD,D53,=+'I&T'!E15,1
CR Nature FD,E53,=+'I&T'!F15,1
CR Nature FD,F53,=+'I&T'!G15,1
CR Nature FD,G53,=+'I&T'!H15,1
CR Nature FD,H53,=+'I&T'!I15,1
CR Nature FD,I53,=+'I&T'!J15,1
CR Nature FD,J53,=+'I&T'!K15,1
CR Nature FD,K53,=+'I&T'!L15,1
CR Nature FD,L53,=+'I&T'!M15,1
CR Nature FD,M53,=+'I&T'!N15,1
CR Nature FD,N53,=+'I&T'!O15,1
CR Nature FD,O53,=SUM(C53:N53),1
CR Nature FD,C54,=+Sal!D183+Sal!D185,2
CR Nature FD,D54,=+Sal!E183+Sal!E185,2
CR Nature FD,E54,=+Sal!F183+Sal!F185,2
CR Nature FD,F54,=+Sal!G183+Sal!G185,2
CR Nature FD,G54,=+Sal!H183+Sal!H185,2
CR Nature FD,H54,=+Sal!I183+Sal!I185,2
CR Nature FD,I54,=+Sal!J183+Sal!J185,2
CR Nature FD,J54,=+Sal!K183+Sal!K185,2
CR Nature FD,K54,=+Sal!L183+Sal!L185,2
CR Nature FD,L54,=+Sal!M183+Sal!M185,2
CR Nature FD,M54,=+Sal!N183+Sal!N185,2
CR Nature FD,N54,=+Sal!O183+Sal!O185,2
CR Nature FD,O54,=SUM(C54:N54),1
CR Nature FD,C55,=+Autres!C5,1
CR Nature FD,D55,=+Autres!D5,1
CR Nature FD,E55,=+Autres!E5,1
CR Nature FD,F55,=+Autres!F5,1
CR Nature FD,G55,=+Autres!G5,1
CR Nature FD,H55,=+Autres!H5,1
CR Nature FD,I55,=+Autres!I5,1
CR Nature FD,J55,=+Autres!J5,1
CR Nature FD,K55,=+Autres!K5,1
CR Nature FD,L55,=+Autres!L5,1
CR Nature FD,M55,=+Autres!M5,1
CR Nature FD,N55,=+Autres!N5,1
CR Nature FD,O55,=SUM(C55:N55),1
CR Nature FD,C56,=+'Frais financier'!C4,1
CR Nature FD,D56,=+'Frais financier'!D4,1
CR Nature FD,E56,=+'Frais financier'!E4,1
CR Nature FD,F56,=+'Frais financier'!F4,1
CR Nature FD,G56,=+'Frais financier'!G4,1
CR Nature FD,H56,=+'Frais financier'!H4,1
CR Nature FD,I56,=+'Frais financier'!I4,1
CR Nature FD,J56,=+'Frais financier'!J4,1
CR Nature FD,K56,=+'Frais financier'!K4,1
CR Nature FD,L56,=+'Frais financier'!L4,1
CR Nature FD,M56,=+'Frais financier'!M4,1
CR Nature FD,N56,=+'Frais financier'!N4,1
CR Nature FD,O56,=SUM(C56:N56),1
CR Nature FD,C57,=+Amort!C15,1
CR Nature FD,D57,=+Amort!D15,1
CR Nature FD,E57,=+Amort!E15,1
CR Nature FD,F57,=+Amort!F15,1
CR Nature FD,G57,=+Amort!G15,1
CR Nature FD,H57,=+Amort!H15,1
CR Nature FD,I57,=+Amort!I15,1
CR Nature FD,J57,=+Amort!J15,1
CR Nature FD,K57,=+Amort!K15,1
CR Nature FD,L57,=+Amort!L15,1
CR Nature FD,M57,=+Amort!M15,1
CR Nature FD,N57,=+Amort!N15,1
CR Nature FD,O57,=SUM(C57:N57),1
CR Nature FD,C58,=+C48-C50,2
CR Nature FD,D58,=+D48-D50,2
CR Nature FD,E58,=+E48-E50,2
CR Nature FD,F58,=+F48-F50,2
CR Nature FD,G58,=+G48-G50,2
CR Nature FD,H58,=+H48-H50,2
CR Nature FD,I58,=+I48-I50,2
CR Nature FD,J58,=+J48-J50,2
CR Nature FD,K58,=+K48-K50,2
CR Nature FD,L58,=+L48-L50,2
CR Nature FD,M58,=+M48-M50,2
CR Nature FD,N58,=+N48-N50,2
CR Nature FD,O58,=+O48-O50,2
CR Nature FD,C59,=+C58-C36,2
CR Nature FD,D59,=+D58-D36,2
CR Nature FD,E59,=+E58-E36,2
CR Nature FD,F59,=+F58-F36,2
CR Nature FD,G59,=+G58-G36,2
CR Nature FD,H59,=+H58-H36,2
CR Nature FD,I59,=+I58-I36,2
CR Nature FD,J59,=+J58-J36,2
CR Nature FD,K59,=+K58-K36,2
CR Nature FD,L59,=+L58-L36,2
CR Nature FD,M59,=+M58-M36,2
CR Nature FD,N59,=+N58-N36,2
CR Nature FD,O59,=+O58-O36,2
CR Nature FD,C61,=+C38,1
CR Nature FD,D61,=+D38,1
CR Nature FD,E61,=+E38,1
CR Nature FD,F61,=+F38,1
CR Nature FD,G61,=+G38,1
CR Nature FD,H61,=+H38,1
CR Nature FD,I61,=+I38,1
CR Nature FD,J61,=+J38,1
CR Nature FD,K61,=+K38,1
CR Nature FD,L61,=+L38,1
CR Nature FD,M61,=+M38,1
CR Nature FD,N61,=+N38,1
CR Nature FD,O61,=+O38,1
CR Nature FD,C62,=+C50/C49,2
CR Nature FD,D62,=+D50/D49,2
CR Nature FD,E62,=+E50/E49,2
CR Nature FD,F62,=+F50/F49,2
CR Nature FD,G62,=+G50/G49,2
CR Nature FD,H62,=+H50/H49,2
CR Nature FD,I62,=+I50/I49,2
CR Nature FD,J62,=+J50/J49,2
CR Nature FD,K62,=+K50/K49,2
CR Nature FD,L62,=+L50/L49,2
CR Nature FD,M62,=+M50/M49,2
CR Nature FD,N62,=+N50/N49,2
CR Nature FD,O62,=+O50/O49,2
CR Nature FD,C63,"=IF(C62>0,-(+C41/C39*C62),"""")",4
CR Nature FD,D63,"=IF(D62>0,-(+D41/D39*D62),"""")",4
CR Nature FD,E63,"=IF(E62>0,-(+E41/E39*E62),"""")",4
CR Nature FD,F63,"=IF(F62>0,-(+F41/F39*F62),"""")",4
CR Nature FD,G63,"=IF(G62>0,-(+G41/G39*G62),"""")",4
CR Nature FD,H63,"=IF(H62>0,-(+H41/H39*H62),"""")",4
CR Nature FD,I63,"=IF(I62>0,-(+I41/I39*I62),"""")",4
CR Nature FD,J63,"=IF(J62>0,-(+J41/J39*J62),"""")",4
CR Nature FD,K63,"=IF(K62>0,-(+K41/K39*K62),"""")",4
CR Nature FD,L63,"=IF(L62>0,-(+L41/L39*L62),"""")",4
CR Nature FD,M63,"=IF(M62>0,-(+M41/M39*M62),"""")",4
CR Nature FD,N63,"=IF(N62>0,-(+N41/N39*N62),"""")",4
CR Nature FD,O63,"=IF(O62>0,-(+O41/O39*O62),"""")",4
CR Nature FD,C64,"=IF(C62>0,-C50,"""")",2
CR Nature FD,D64,"=IF(D62>0,-D50,"""")",2
CR Nature FD,E64,"=IF(E62>0,-E50,"""")",2
CR Nature FD,F64,"=IF(F62>0,-F50,"""")",2
CR Nature FD,G64,"=IF(G62>0,-G50,"""")",2
CR Nature FD,H64,"=IF(H62>0,-H50,"""")",2
CR Nature FD,I64,"=IF(I62>0,-I50,"""")",2
CR Nature FD,J64,"=IF(J62>0,-J50,"""")",2
CR Nature FD,K64,"=IF(K62>0,-K50,"""")",2
CR Nature FD,L64,"=IF(L62>0,-L50,"""")",2
CR Nature FD,M64,"=IF(M62>0,-M50,"""")",2
CR Nature FD,N64,"=IF(N62>0,-N50,"""")",2
CR Nature FD,O64,"=IF(O62>0,-O50,"""")",2
CR Nature FD,C65,"=IF(C62>0,SUM(C62:C64),"""")",2
CR Nature FD,D65,"=IF(D62>0,SUM(D62:D64),"""")",2
CR Nature FD,E65,"=IF(E62>0,SUM(E62:E64),"""")",2
CR Nature FD,F65,"=IF(F62>0,SUM(F62:F64),"""")",2
CR Nature FD,G65,"=IF(G62>0,SUM(G62:G64),"""")",2
CR Nature FD,H65,"=IF(H62>0,SUM(H62:H64),"""")",2
CR Nature FD,I65,"=IF(I62>0,SUM(I62:I64),"""")",2
CR Nature FD,J65,"=IF(J62>0,SUM(J62:J64),"""")",2
CR Nature FD,K65,"=IF(K62>0,SUM(K62:K64),"""")",2
CR Nature FD,L65,"=IF(L62>0,SUM(L62:L64),"""")",2
CR Nature FD,M65,"=IF(M62>0,SUM(M62:M64),"""")",2
CR Nature FD,N65,"=IF(N62>0,SUM(N62:N64),"""")",2
CR Nature FD,O65,"=IF(O62>0,SUM(O62:O64),"""")",2
CR Nature FD,C66,"=IFERROR((+C62-C7-C8)/CA!C53,"""")",4
CR Nature FD,D66,"=IFERROR((+D62-D7-D8)/CA!D53,"""")",4
CR Nature FD,E66,"=IFERROR((+E62-E7-E8)/CA!E53,"""")",4
CR Nature FD,F66,"=IFERROR((+F62-F7-F8)/CA!F53,"""")",4
CR Nature FD,G66,"=IFERROR((+G62-G7-G8)/CA!G53,"""")",4
CR Nature FD,H66,"=IFERROR((+H62-H7-H8)/CA!H53,"""")",4
CR Nature FD,I66,"=IFERROR((+I62-I7-I8)/CA!I53,"""")",4
CR Nature FD,J66,"=IFERROR((+J62-J7-J8)/CA!J53,"""")",4
CR Nature FD,K66,"=IFERROR((+K62-K7-K8)/CA!K53,"""")",4
CR Nature FD,L66,"=IFERROR((+L62-L7-L8)/CA!L53,"""")",4
CR Nature FD,M66,"=IFERROR((+M62-M7-M8)/CA!M53,"""")",4
CR Nature FD,N66,"=IFERROR((+N62-N7-N8)/CA!N53,"""")",4
CR Nature FD,O66,"=IFERROR((+O62-O7-O8)/CA!O53,"""")",4
CR Nature FD,C71,=+C61,1
CR Nature FD,D71,=+D61,1
CR Nature FD,E71,=+E61,1
CR Nature FD,F71,=+F61,1
CR Nature FD,G71,=+G61,1
CR Nature FD,H71,=+H61,1
CR Nature FD,I71,=+I61,1
CR Nature FD,J71,=+J61,1
CR Nature FD,K71,=+K61,1
CR Nature FD,L71,=+L61,1
CR Nature FD,M71,=+M61,1
CR Nature FD,N71,=+N61,1
CR Nature FD,O71,=+O61,1
CR Nature FD,C72,=+Commandes!C2,1
CR Nature FD,D72,=+Commandes!D2,1
CR Nature FD,E72,=+Commandes!E2,1
CR Nature FD,F72,=+Commandes!F2,1
CR Nature FD,G72,=+Commandes!G2,1
CR Nature FD,H72,=+Commandes!H2,1
CR Nature FD,I72,=+Commandes!I2,1
CR Nature FD,J72,=+Commandes!J2,1
CR Nature FD,K72,=+Commandes!K2,1
CR Nature FD,L72,=+Commandes!L2,1
CR Nature FD,M72,=+Commandes!M2,1
CR Nature FD,N72,=+Commandes!N2,1
CR Nature FD,O72,=SUM(C72:N72),1
CR Nature FD,C73,=+C31,1
CR Nature FD,D73,=+D31,1
CR Nature FD,E73,=+E31,1
CR Nature FD,F73,=+F31,1
CR Nature FD,G73,=+G31,1
CR Nature FD,H73,=+H31,1
CR Nature FD,I73,=+I31,1
CR Nature FD,J73,=+J31,1
CR Nature FD,K73,=+K31,1
CR Nature FD,L73,=+L31,1
CR Nature FD,M73,=+M31,1
CR Nature FD,N73,=+N31,1
CR Nature FD,O73,=SUM(C73:N73),1
CR Nature FD,C74,"=IFERROR(+C73/C72,"""")",2
CR Nature FD,D74,"=IFERROR(+D73/D72,"""")",2
CR Nature FD,E74,"=IFERROR(+E73/E72,"""")",2
CR Nature FD,F74,"=IFERROR(+F73/F72,"""")",2
CR Nature FD,G74,"=IFERROR(+G73/G72,"""")",2
CR Nature FD,H74,"=IFERROR(+H73/H72,"""")",2
CR Nature FD,I74,"=IFERROR(+I73/I72,"""")",2
CR Nature FD,J74,"=IFERROR(+J73/J72,"""")",2
CR Nature FD,K74,"=IFERROR(+K73/K72,"""")",2
CR Nature FD,L74,"=IFERROR(+L73/L72,"""")",2
CR Nature FD,M74,"=IFERROR(+M73/M72,"""")",2
CR Nature FD,N74,"=IFERROR(+N73/N72,"""")",2
CR Nature FD,O74,"=IFERROR(+O73/O72,"""")",2
CR Nature FD,C75,=+SUM(C4:C6),1
CR Nature FD,D75,=+SUM(D4:D6),1
CR Nature FD,E75,=+SUM(E4:E6),1
CR Nature FD,F75,=+SUM(F4:F6),1
CR Nature FD,G75,=+SUM(G4:G6),1
CR Nature FD,H75,=+SUM(H4:H6),1
CR Nature FD,I75,=+SUM(I4:I6),1
CR Nature FD,J75,=+SUM(J4:J6),1
CR Nature FD,K75,=+SUM(K4:K6),1
CR Nature FD,L75,=+SUM(L4:L6),1
CR Nature FD,M75,=+SUM(M4:M6),1
CR Nature FD,N75,=+SUM(N4:N6),1
CR Nature FD,O75,=SUM(C75:N75),1
CR Nature FD,C76,"=IFERROR(+C75/C72,"""")",2
CR Nature FD,D76,"=IFERROR(+D75/D72,"""")",2
CR Nature FD,E76,"=IFERROR(+E75/E72,"""")",2
CR Nature FD,F76,"=IFERROR(+F75/F72,"""")",2
CR Nature FD,G76,"=IFERROR(+G75/G72,"""")",2
CR Nature FD,H76,"=IFERROR(+H75/H72,"""")",2
CR Nature FD,I76,"=IFERROR(+I75/I72,"""")",2
CR Nature FD,J76,"=IFERROR(+J75/J72,"""")",2
CR Nature FD,K76,"=IFERROR(+K75/K72,"""")",2
CR Nature FD,L76,"=IFERROR(+L75/L72,"""")",2
CR Nature FD,M76,"=IFERROR(+M75/M72,"""")",2
CR Nature FD,N76,"=IFERROR(+N75/N72,"""")",2
CR Nature FD,O76,"=IFERROR(+O75/O72,"""")",2
CR Nature FD,C77,"=IFERROR(+C76-C74,"""")",2
CR Nature FD,D77,"=IFERROR(+D76-D74,"""")",2
CR Nature FD,E77,"=IFERROR(+E76-E74,"""")",2
CR Nature FD,F77,"=IFERROR(+F76-F74,"""")",2
CR Nature FD,G77,"=IFERROR(+G76-G74,"""")",2
CR Nature FD,H77,"=IFERROR(+H76-H74,"""")",2
CR Nature FD,I77,"=IFERROR(+I76-I74,"""")",2
CR Nature FD,J77,"=IFERROR(+J76-J74,"""")",2
CR Nature FD,K77,"=IFERROR(+K76-K74,"""")",2
CR Nature FD,L77,"=IFERROR(+L76-L74,"""")",2
CR Nature FD,M77,"=IFERROR(+M76-M74,"""")",2
CR Nature FD,N77,"=IFERROR(+N76-N74,"""")",2
CR Nature FD,O77,"=IFERROR(+O76-O74,"""")",2
CR Nature FD,C78,=+C62,1
CR Nature FD,D78,=+D62,1
CR Nature FD,E78,=+E62,1
CR Nature FD,F78,=+F62,1
CR Nature FD,G78,=+G62,1
CR Nature FD,H78,=+H62,1
CR Nature FD,I78,=+I62,1
CR Nature FD,J78,=+J62,1
CR Nature FD,K78,=+K62,1
CR Nature FD,L78,=+L62,1
CR Nature FD,M78,=+M62,1
CR Nature FD,N78,=+N62,1
CR Nature FD,O78,=+O62,1
CR Nature FD,C79,=+C66,1
CR Nature FD,D79,=+D66,1
CR Nature FD,E79,=+E66,1
CR Nature FD,F79,=+F66,1
CR Nature FD,G79,=+G66,1
CR Nature FD,H79,=+H66,1
CR Nature FD,I79,=+I66,1
CR Nature FD,J79,=+J66,1
CR Nature FD,K79,=+K66,1
CR Nature FD,L79,=+L66,1
CR Nature FD,M79,=+M66,1
CR Nature FD,N79,=+N66,1
CR Nature FD,O79,=+O66,1
Etat_Trésorerie FD,C2,=YEAR(C3),1
Etat_Trésorerie FD,C3,=NOW(),0
Etat_Trésorerie FD,D9,=-AN!D180,1
Etat_Trésorerie FD,E9,=-AN!E180,1
Etat_Trésorerie FD,F9,=-AN!F180,1
Etat_Trésorerie FD,G9,=-AN!G180,1
Etat_Trésorerie FD,H9,=-AN!H180,1
Etat_Trésorerie FD,I9,=-AN!I180,1
Etat_Trésorerie FD,J9,=-AN!J180,1
Etat_Trésorerie FD,K9,=-AN!K180,1
Etat_Trésorerie FD,L9,=-AN!L180,1
Etat_Trésorerie FD,M9,=-AN!M180,1
Etat_Trésorerie FD,N9,=-AN!N180,1
Etat_Trésorerie FD,O9,=-AN!O180,1
Etat_Trésorerie FD,P9,=SUM(D9:O9),1
Etat_Trésorerie FD,P10,=SUM(D10:O10),1
Etat_Trésorerie FD,P11,=SUM(D11:O11),1
Etat_Trésorerie FD,P12,=SUM(D12:O12),1
Etat_Trésorerie FD,P13,=SUM(D13:O13),1
Etat_Trésorerie FD,D14,=-AN!D198,1
Etat_Trésorerie FD,E14,=-AN!E198,1
Etat_Trésorerie FD,F14,=-AN!F198,1
Etat_Trésorerie FD,G14,=-AN!G198,1
Etat_Trésorerie FD,H14,=-AN!H198,1
Etat_Trésorerie FD,I14,=-AN!I198,1
Etat_Trésorerie FD,J14,=-AN!J198,1
Etat_Trésorerie FD,K14,=-AN!K198,1
Etat_Trésorerie FD,L14,=-AN!L198,1
Etat_Trésorerie FD,M14,=-AN!M198,1
Etat_Trésorerie FD,N14,=-AN!N198,1
Etat_Trésorerie FD,O14,=-AN!O198,1
Etat_Trésorerie FD,P14,=SUM(D14:O14),1
Etat_Trésorerie FD,D15,=SUM(D9:D14),1
Etat_Trésorerie FD,E15,=SUM(E9:E14),1
Etat_Trésorerie FD,F15,=SUM(F9:F14),1
Etat_Trésorerie FD,G15,=SUM(G9:G14),1
Etat_Trésorerie FD,H15,=SUM(H9:H14),1
Etat_Trésorerie FD,I15,=SUM(I9:I14),1
Etat_Trésorerie FD,J15,=SUM(J9:J14),1
Etat_Trésorerie FD,K15,=SUM(K9:K14),1
Etat_Trésorerie FD,L15,=SUM(L9:L14),1
Etat_Trésorerie FD,M15,=SUM(M9:M14),1
Etat_Trésorerie FD,N15,=SUM(N9:N14),1
Etat_Trésorerie FD,O15,=SUM(O9:O14),1
Etat_Trésorerie FD,P15,=SUM(P9:P14),1
Etat_Trésorerie FD,D17,=SUM(D15:D16),1
Etat_Trésorerie FD,E17,=SUM(E15:E16),1
Etat_Trésorerie FD,F17,=SUM(F15:F16),1
Etat_Trésorerie FD,G17,=SUM(G15:G16),1
Etat_Trésorerie FD,H17,=SUM(H15:H16),1
Etat_Trésorerie FD,I17,=SUM(I15:I16),1
Etat_Trésorerie FD,J17,=SUM(J15:J16),1
Etat_Trésorerie FD,K17,=SUM(K15:K16),1
Etat_Trésorerie FD,L17,=SUM(L15:L16),1
Etat_Trésorerie FD,M17,=SUM(M15:M16),1
Etat_Trésorerie FD,N17,=SUM(N15:N16),1
Etat_Trésorerie FD,O17,=SUM(O15:O16),1
Etat_Trésorerie FD,P17,=SUM(P15:P16),1
Etat_Trésorerie FD,D18,=-(+AN!D67+AN!D68)*0.6-(AN!D81+AN!D82),4
Etat_Trésorerie FD,E18,=-(+AN!E67+AN!E68)*0.6-(AN!E81+AN!E82),4
Etat_Trésorerie FD,F18,=-(+AN!F67+AN!F68)*0.6-(AN!F81+AN!F82),4
Etat_Trésorerie FD,G18,=-(+AN!G67+AN!G68)*0.6-(AN!G81+AN!G82),4
Etat_Trésorerie FD,H18,=-(+AN!H67+AN!H68)*0.6-(AN!H81+AN!H82),4
Etat_Trésorerie FD,I18,=-(+AN!I67+AN!I68)*0.6-(AN!I81+AN!I82),4
Etat_Trésorerie FD,J18,=-(+AN!J67+AN!J68)*0.6-(AN!J81+AN!J82),4
Etat_Trésorerie FD,K18,=-(+AN!K67+AN!K68)*0.6-(AN!K81+AN!K82),4
Etat_Trésorerie FD,L18,=-(+AN!L67+AN!L68)*0.6-(AN!L81+AN!L82),4
Etat_Trésorerie FD,M18,=-(+AN!M67+AN!M68)*0.6-(AN!M81+AN!M82),4
Etat_Trésorerie FD,N18,=-(+AN!N67+AN!N68)*0.6-(AN!N81+AN!N82),4
Etat_Trésorerie FD,O18,=-(+AN!O67+AN!O68)*0.6-(AN!O81+AN!O82),4
Etat_Trésorerie FD,P18,=SUM(D18:O18),1
Etat_Trésorerie FD,D19,=-(+AN!D67+AN!D68)*0.4,2
Etat_Trésorerie FD,E19,=-(+AN!E67+AN!E68)*0.4,2
Etat_Trésorerie FD,F19,=-(+AN!F67+AN!F68)*0.4,2
Etat_Trésorerie FD,G19,=-(+AN!G67+AN!G68)*0.4,2
Etat_Trésorerie FD,H19,=-(+AN!H67+AN!H68)*0.4,2
Etat_Trésorerie FD,I19,=-(+AN!I67+AN!I68)*0.4,2
Etat_Trésorerie FD,J19,=-(+AN!J67+AN!J68)*0.4,2
Etat_Trésorerie FD,K19,=-(+AN!K67+AN!K68)*0.4,2
Etat_Trésorerie FD,L19,=-(+AN!L67+AN!L68)*0.4,2
Etat_Trésorerie FD,M19,=-(+AN!M67+AN!M68)*0.4,2
Etat_Trésorerie FD,N19,=-(+AN!N67+AN!N68)*0.4,2
Etat_Trésorerie FD,O19,=-(+AN!O67+AN!O68)*0.4,2
Etat_Trésorerie FD,P19,=SUM(D19:O19),1
Etat_Trésorerie FD,P20,=SUM(D20:O20),1
Etat_Trésorerie FD,D21,=-(AN!D75),1
Etat_Trésorerie FD,E21,=-(AN!E75),1
Etat_Trésorerie FD,F21,=-(AN!F75),1
Etat_Trésorerie FD,G21,=-(AN!G75),1
Etat_Trésorerie FD,H21,=-(AN!H75),1
Etat_Trésorerie FD,I21,=-(AN!I75),1
Etat_Trésorerie FD,J21,=-(AN!J75),1
Etat_Trésorerie FD,K21,=-(AN!K75),1
Etat_Trésorerie FD,L21,=-(AN!L75),1
Etat_Trésorerie FD,M21,=-(AN!M75),1
Etat_Trésorerie FD,N21,=-(AN!N75),1
Etat_Trésorerie FD,O21,=-(AN!O75),1
Etat_Trésorerie FD,P21,=SUM(D21:O21),1
Etat_Trésorerie FD,D22,=SUM(D18:D21),1
Etat_Trésorerie FD,E22,=SUM(E18:E21),1
Etat_Trésorerie FD,F22,=SUM(F18:F21),1
Etat_Trésorerie FD,G22,=SUM(G18:G21),1
Etat_Trésorerie FD,H22,=SUM(H18:H21),1
Etat_Trésorerie FD,I22,=SUM(I18:I21),1
Etat_Trésorerie FD,J22,=SUM(J18:J21),1
Etat_Trésorerie FD,K22,=SUM(K18:K21),1
Etat_Trésorerie FD,L22,=SUM(L18:L21),1
Etat_Trésorerie FD,M22,=SUM(M18:M21),1
Etat_Trésorerie FD,N22,=SUM(N18:N21),1
Etat_Trésorerie FD,O22,=SUM(O18:O21),1
Etat_Trésorerie FD,P22,=SUM(P18:P21),1
Etat_Trésorerie FD,D23,=-AN!D90,1
Etat_Trésorerie FD,E23,=-AN!E90,1
Etat_Trésorerie FD,F23,=-AN!F90,1
Etat_Trésorerie FD,G23,=-AN!G90,1
Etat_Trésorerie FD,H23,=-AN!H90,1
Etat_Trésorerie FD,I23,=-AN!I90,1
Etat_Trésorerie FD,J23,=-AN!J90,1
Etat_Trésorerie FD,K23,=-AN!K90,1
Etat_Trésorerie FD,L23,=-AN!L90,1
Etat_Trésorerie FD,M23,=-AN!M90,1
Etat_Trésorerie FD,N23,=-AN!N90,1
Etat_Trésorerie FD,O23,=-AN!O90,1
Etat_Trésorerie FD,P23,=SUM(D23:O23),1
Etat_Trésorerie FD,P24,=SUM(D24:O24),1
Etat_Trésorerie FD,D25,=-AN!D96,1
Etat_Trésorerie FD,E25,=-AN!E96,1
Etat_Trésorerie FD,F25,=-AN!F96,1
Etat_Trésorerie FD,G25,=-AN!G96,1
Etat_Trésorerie FD,H25,=-AN!H96,1
Etat_Trésorerie FD,I25,=-AN!I96,1
Etat_Trésorerie FD,J25,=-AN!J96,1
Etat_Trésorerie FD,K25,=-AN!K96,1
Etat_Trésorerie FD,L25,=-AN!L96,1
Etat_Trésorerie FD,M25,=-AN!M96,1
Etat_Trésorerie FD,N25,=-AN!N96,1
Etat_Trésorerie FD,O25,=-AN!O96,1
Etat_Trésorerie FD,P25,=SUM(D25:O25),1
Etat_Trésorerie FD,D26,=-AN!D102,1
Etat_Trésorerie FD,E26,=-AN!E102,1
Etat_Trésorerie FD,F26,=-AN!F102,1
Etat_Trésorerie FD,G26,=-AN!G102,1
Etat_Trésorerie FD,H26,=-AN!H102,1
Etat_Trésorerie FD,I26,=-AN!I102,1
Etat_Trésorerie FD,J26,=-AN!J102,1
Etat_Trésorerie FD,K26,=-AN!K102,1
Etat_Trésorerie FD,L26,=-AN!L102,1
Etat_Trésorerie FD,M26,=-AN!M102,1
Etat_Trésorerie FD,N26,=-AN!N102,1
Etat_Trésorerie FD,O26,=-AN!O102,1
Etat_Trésorerie FD,P26,=SUM(D26:O26),1
Etat_Trésorerie FD,D27,=SUM(D23:D26),1
Etat_Trésorerie FD,E27,=SUM(E23:E26),1
Etat_Trésorerie FD,F27,=SUM(F23:F26),1
Etat_Trésorerie FD,G27,=SUM(G23:G26),1
Etat_Trésorerie FD,H27,=SUM(H23:H26),1
Etat_Trésorerie FD,I27,=SUM(I23:I26),1
Etat_Trésorerie FD,J27,=SUM(J23:J26),1
Etat_Trésorerie FD,K27,=SUM(K23:K26),1
Etat_Trésorerie FD,L27,=SUM(L23:L26),1
Etat_Trésorerie FD,M27,=SUM(M23:M26),1
Etat_Trésorerie FD,N27,=SUM(N23:N26),1
Etat_Trésorerie FD,O27,=SUM(O23:O26),1
Etat_Trésorerie FD,P27,=SUM(P23:P26),1
Etat_Trésorerie FD,D28,=-AN!D108,1
Etat_Trésorerie FD,E28,=-AN!E108,1
Etat_Trésorerie FD,F28,=-AN!F108,1
Etat_Trésorerie FD,G28,=-AN!G108,1
Etat_Trésorerie FD,H28,=-AN!H108,1
Etat_Trésorerie FD,I28,=-AN!I108,1
Etat_Trésorerie FD,J28,=-AN!J108,1
Etat_Trésorerie FD,K28,=-AN!K108,1
Etat_Trésorerie FD,L28,=-AN!L108,1
Etat_Trésorerie FD,M28,=-AN!M108,1
Etat_Trésorerie FD,N28,=-AN!N108,1
Etat_Trésorerie FD,O28,=-AN!O108,1
Etat_Trésorerie FD,P28,=SUM(D28:O28),1
Etat_Trésorerie FD,P29,=SUM(D29:O29),1
Etat_Trésorerie FD,D30,=-AN!D135,1
Etat_Trésorerie FD,E30,=-AN!E135,1
Etat_Trésorerie FD,F30,=-AN!F135,1
Etat_Trésorerie FD,G30,=-AN!G135,1
Etat_Trésorerie FD,H30,=-AN!H135,1
Etat_Trésorerie FD,I30,=-AN!I135,1
Etat_Trésorerie FD,J30,=-AN!J135,1
Etat_Trésorerie FD,K30,=-AN!K135,1
Etat_Trésorerie FD,L30,=-AN!L135,1
Etat_Trésorerie FD,M30,=-AN!M135,1
Etat_Trésorerie FD,N30,=-AN!N135,1
Etat_Trésorerie FD,O30,=-AN!O135,1
Etat_Trésorerie FD,P30,=SUM(D30:O30),1
Etat_Trésorerie FD,D31,=SUM(D28:D30),1
Etat_Trésorerie FD,E31,=SUM(E28:E30),1
Etat_Trésorerie FD,F31,=SUM(F28:F30),1
Etat_Trésorerie FD,G31,=SUM(G28:G30),1
Etat_Trésorerie FD,H31,=SUM(H28:H30),1
Etat_Trésorerie FD,I31,=SUM(I28:I30),1
Etat_Trésorerie FD,J31,=SUM(J28:J30),1
Etat_Trésorerie FD,K31,=SUM(K28:K30),1
Etat_Trésorerie FD,L31,=SUM(L28:L30),1
Etat_Trésorerie FD,M31,=SUM(M28:M30),1
Etat_Trésorerie FD,N31,=SUM(N28:N30),1
Etat_Trésorerie FD,O31,=SUM(O28:O30),1
Etat_Trésorerie FD,P31,=SUM(P28:P30),1
Etat_Trésorerie FD,P32,=SUM(D32:O32),1
Etat_Trésorerie FD,P33,=SUM(D33:O33),1
Etat_Trésorerie FD,P34,=SUM(D34:O34),1
Etat_Trésorerie FD,D35,=SUM(D32:D34),1
Etat_Trésorerie FD,E35,=SUM(E32:E34),1
Etat_Trésorerie FD,F35,=SUM(F32:F34),1
Etat_Trésorerie FD,G35,=SUM(G32:G34),1
Etat_Trésorerie FD,H35,=SUM(H32:H34),1
Etat_Trésorerie FD,I35,=SUM(I32:I34),1
Etat_Trésorerie FD,J35,=SUM(J32:J34),1
Etat_Trésorerie FD,K35,=SUM(K32:K34),1
Etat_Trésorerie FD,L35,=SUM(L32:L34),1
Etat_Trésorerie FD,M35,=SUM(M32:M34),1
Etat_Trésorerie FD,N35,=SUM(N32:N34),1
Etat_Trésorerie FD,O35,=SUM(O32:O34),1
Etat_Trésorerie FD,P35,=SUM(P32:P34),1
Etat_Trésorerie FD,D37,"=SUM(D35,D31,D27,D22)",4
Etat_Trésorerie FD,E37,"=SUM(E35,E31,E27,E22)",4
Etat_Trésorerie FD,F37,"=SUM(F35,F31,F27,F22)",4
Etat_Trésorerie FD,G37,"=SUM(G35,G31,G27,G22)",4
Etat_Trésorerie FD,H37,"=SUM(H35,H31,H27,H22)",4
Etat_Trésorerie FD,I37,"=SUM(I35,I31,I27,I22)",4
Etat_Trésorerie FD,J37,"=SUM(J35,J31,J27,J22)",4
Etat_Trésorerie FD,K37,"=SUM(K35,K31,K27,K22)",4
Etat_Trésorerie FD,L37,"=SUM(L35,L31,L27,L22)",4
Etat_Trésorerie FD,M37,"=SUM(M35,M31,M27,M22)",4
Etat_Trésorerie FD,N37,"=SUM(N35,N31,N27,N22)",4
Etat_Trésorerie FD,O37,"=SUM(O35,O31,O27,O22)",4
Etat_Trésorerie FD,P37,"=SUM(P35,P31,P27,P22)",4
Etat_Trésorerie FD,D38,"=SUM(D17,D37)",2
Etat_Trésorerie FD,E38,"=SUM(E17,E37)",2
Etat_Trésorerie FD,F38,"=SUM(F17,F37)",2
Etat_Trésorerie FD,G38,"=SUM(G17,G37)",2
Etat_Trésorerie FD,H38,"=SUM(H17,H37)",2
Etat_Trésorerie FD,I38,"=SUM(I17,I37)",2
Etat_Trésorerie FD,J38,"=SUM(J17,J37)",2
Etat_Trésorerie FD,K38,"=SUM(K17,K37)",2
Etat_Trésorerie FD,L38,"=SUM(L17,L37)",2
Etat_Trésorerie FD,M38,"=SUM(M17,M37)",2
Etat_Trésorerie FD,N38,"=SUM(N17,N37)",2
Etat_Trésorerie FD,O38,"=SUM(O17,O37)",2
Etat_Trésorerie FD,P38,"=SUM(P17,P37)",2
Etat_Trésorerie FD,D39,=-AN!D204,1
Etat_Trésorerie FD,E39,=-AN!E141,1
Etat_Trésorerie FD,F39,=-AN!F141,1
Etat_Trésorerie FD,G39,=-AN!G141,1
Etat_Trésorerie FD,H39,=-AN!H141,1
Etat_Trésorerie FD,I39,=-AN!I141,1
Etat_Trésorerie FD,J39,=-AN!J141,1
Etat_Trésorerie FD,K39,=-AN!K141,1
Etat_Trésorerie FD,L39,=-AN!L141,1
Etat_Trésorerie FD,M39,=-AN!M141,1
Etat_Trésorerie FD,N39,=-AN!N141,1
Etat_Trésorerie FD,O39,=-AN!O141,1
Etat_Trésorerie FD,P39,=SUM(D39:O39),1
Etat_Trésorerie FD,D40,=-+AN!D148,1
Etat_Trésorerie FD,E40,=-+AN!E148,1
Etat_Trésorerie FD,F40,=-+AN!F148,1
Etat_Trésorerie FD,G40,=-+AN!G148,1
Etat_Trésorerie FD,H40,=-+AN!H148,1
Etat_Trésorerie FD,I40,=-+AN!I148,1
Etat_Trésorerie FD,J40,=-+AN!J148,1
Etat_Trésorerie FD,K40,=-+AN!K148,1
Etat_Trésorerie FD,L40,=-+AN!L148,1
Etat_Trésorerie FD,M40,=-+AN!M148,1
Etat_Trésorerie FD,N40,=-+AN!N148,1
Etat_Trésorerie FD,O40,=-+AN!O148,1
Etat_Trésorerie FD,P40,=SUM(D40:O40),1
Etat_Trésorerie FD,D41,=+SUM(D39:D40),1
Etat_Trésorerie FD,E41,=+SUM(E39:E40),1
Etat_Trésorerie FD,F41,=+SUM(F39:F40),1
Etat_Trésorerie FD,G41,=+SUM(G39:G40),1
Etat_Trésorerie FD,H41,=+SUM(H39:H40),1
Etat_Trésorerie FD,I41,=+SUM(I39:I40),1
Etat_Trésorerie FD,J41,=+SUM(J39:J40),1
Etat_Trésorerie FD,K41,=+SUM(K39:K40),1
Etat_Trésorerie FD,L41,=+SUM(L39:L40),1
Etat_Trésorerie FD,M41,=+SUM(M39:M40),1
Etat_Trésorerie FD,N41,=+SUM(N39:N40),1
Etat_Trésorerie FD,O41,=+SUM(O39:O40),1
Etat_Trésorerie FD,P41,=+SUM(P39:P40),1
Etat_Trésorerie FD,D42,=-AN!D141,1
Etat_Trésorerie FD,E42,=-AN!E142,1
Etat_Trésorerie FD,F42,=-AN!F142,1
Etat_Trésorerie FD,G42,=-AN!G142,1
Etat_Trésorerie FD,H42,=-AN!H142,1
Etat_Trésorerie FD,I42,=-AN!I142,1
Etat_Trésorerie FD,J42,=-AN!J142,1
Etat_Trésorerie FD,K42,=-AN!K142,1
Etat_Trésorerie FD,L42,=-AN!L142,1
Etat_Trésorerie FD,M42,=-AN!M142,1
Etat_Trésorerie FD,N42,=-AN!N142,1
Etat_Trésorerie FD,O42,=-AN!O142,1
Etat_Trésorerie FD,P42,=SUM(D42:O42),1
Etat_Trésorerie FD,D43,=-AN!D149,1
Etat_Trésorerie FD,E43,=-AN!E149,1
Etat_Trésorerie FD,F43,=-AN!F149,1
Etat_Trésorerie FD,G43,=-AN!G149,1
Etat_Trésorerie FD,H43,=-AN!H149,1
Etat_Trésorerie FD,J43,=-AN!J149,1
Etat_Trésorerie FD,K43,=-AN!K149,1
Etat_Trésorerie FD,L43,=-AN!L149,1
Etat_Trésorerie FD,M43,=-AN!M149,1
Etat_Trésorerie FD,N43,=-AN!N149,1
Etat_Trésorerie FD,O43,=-AN!O149,1
Etat_Trésorerie FD,P43,=SUM(D43:O43),1
Etat_Trésorerie FD,D44,=+SUM(D42:D43),1
Etat_Trésorerie FD,E44,=+SUM(E42:E43),1
Etat_Trésorerie FD,F44,=+SUM(F42:F43),1
Etat_Trésorerie FD,G44,=+SUM(G42:G43),1
Etat_Trésorerie FD,H44,=+SUM(H42:H43),1
Etat_Trésorerie FD,I44,=+SUM(I42:I43),1
Etat_Trésorerie FD,J44,=+SUM(J42:J43),1
Etat_Trésorerie FD,K44,=+SUM(K42:K43),1
Etat_Trésorerie FD,L44,=+SUM(L42:L43),1
Etat_Trésorerie FD,M44,=+SUM(M42:M43),1
Etat_Trésorerie FD,N44,=+SUM(N42:N43),1
Etat_Trésorerie FD,O44,=+SUM(O42:O43),1
Etat_Trésorerie FD,P44,=+SUM(P42:P43),1
Etat_Trésorerie FD,D45,"=SUM(D44,D41)",2
Etat_Trésorerie FD,E45,"=SUM(E44,E41)",2
Etat_Trésorerie FD,F45,"=SUM(F44,F41)",2
Etat_Trésorerie FD,G45,"=SUM(G44,G41)",2
Etat_Trésorerie FD,H45,"=SUM(H44,H41)",2
Etat_Trésorerie FD,I45,"=SUM(I44,I41)",2
Etat_Trésorerie FD,J45,"=SUM(J44,J41)",2
Etat_Trésorerie FD,K45,"=SUM(K44,K41)",2
Etat_Trésorerie FD,L45,"=SUM(L44,L41)",2
Etat_Trésorerie FD,M45,"=SUM(M44,M41)",2
Etat_Trésorerie FD,N45,"=SUM(N44,N41)",2
Etat_Trésorerie FD,O45,"=SUM(O44,O41)",2
Etat_Trésorerie FD,P45,"=SUM(P44,P41)",2
Etat_Trésorerie FD,P46,=SUM(D46:O46),1
Etat_Trésorerie FD,P47,=SUM(D47:O47),1
Etat_Trésorerie FD,D48,=+SUM(D46:D47),1
Etat_Trésorerie FD,E48,=+SUM(E46:E47),1
Etat_Trésorerie FD,F48,=+SUM(F46:F47),1
Etat_Trésorerie FD,G48,=+SUM(G46:G47),1
Etat_Trésorerie FD,H48,=+SUM(H46:H47),1
Etat_Trésorerie FD,I48,=+SUM(I46:I47),1
Etat_Trésorerie FD,J48,=+SUM(J46:J47),1
Etat_Trésorerie FD,K48,=+SUM(K46:K47),1
Etat_Trésorerie FD,L48,=+SUM(L46:L47),1
Etat_Trésorerie FD,M48,=+SUM(M46:M47),1
Etat_Trésorerie FD,N48,=+SUM(N46:N47),1
Etat_Trésorerie FD,O48,=+SUM(O46:O47),1
Etat_Trésorerie FD,P48,=+SUM(P46:P47),1
Etat_Trésorerie FD,D49,=-'Détails FF FD'!C3/1000,1
Etat_Trésorerie FD,E49,=-'Détails FF FD'!D3/1000,1
Etat_Trésorerie FD,F49,=-'Détails FF FD'!E3/1000,1
Etat_Trésorerie FD,G49,=-'Détails FF FD'!F3/1000,1
Etat_Trésorerie FD,H49,=-'Détails FF FD'!G3/1000,1
Etat_Trésorerie FD,I49,=-'Détails FF FD'!H3/1000,1
Etat_Trésorerie FD,J49,=-'Détails FF FD'!I3/1000,1
Etat_Trésorerie FD,K49,=-'Détails FF FD'!J3/1000,1
Etat_Trésorerie FD,L49,=-'Détails FF FD'!K3/1000,1
Etat_Trésorerie FD,M49,=-'Détails FF FD'!L3/1000,1
Etat_Trésorerie FD,N49,=-'Détails FF FD'!M3/1000,1
Etat_Trésorerie FD,O49,=-'Détails FF FD'!N3/1000,1
Etat_Trésorerie FD,P49,=SUM(D49:O49),1
Etat_Trésorerie FD,P50,=SUM(D50:O50),1
Etat_Trésorerie FD,P51,=SUM(D51:O51),1
Etat_Trésorerie FD,P52,=SUM(D52:O52),1
Etat_Trésorerie FD,D53,=SUM(D49:D52),1
Etat_Trésorerie FD,E53,=SUM(E49:E52),1
Etat_Trésorerie FD,F53,=SUM(F49:F52),1
Etat_Trésorerie FD,G53,=SUM(G49:G52),1
Etat_Trésorerie FD,H53,=SUM(H49:H52),1
Etat_Trésorerie FD,I53,=SUM(I49:I52),1
Etat_Trésorerie FD,J53,=SUM(J49:J52),1
Etat_Trésorerie FD,K53,=SUM(K49:K52),1
Etat_Trésorerie FD,L53,=SUM(L49:L52),1
Etat_Trésorerie FD,M53,=SUM(M49:M52),1
Etat_Trésorerie FD,N53,=SUM(N49:N52),1
Etat_Trésorerie FD,O53,=SUM(O49:O52),1
Etat_Trésorerie FD,P53,=SUM(P49:P52),1
Etat_Trésorerie FD,D54,"=SUM(D48,D53)",2
Etat_Trésorerie FD,E54,"=SUM(E48,E53)",2
Etat_Trésorerie FD,F54,"=SUM(F48,F53)",2
Etat_Trésorerie FD,G54,"=SUM(G48,G53)",2
Etat_Trésorerie FD,H54,"=SUM(H48,H53)",2
Etat_Trésorerie FD,I54,"=SUM(I48,I53)",2
Etat_Trésorerie FD,J54,"=SUM(J48,J53)",2
Etat_Trésorerie FD,K54,"=SUM(K48,K53)",2
Etat_Trésorerie FD,L54,"=SUM(L48,L53)",2
Etat_Trésorerie FD,M54,"=SUM(M48,M53)",2
Etat_Trésorerie FD,N54,"=SUM(N48,N53)",2
Etat_Trésorerie FD,O54,"=SUM(O48,O53)",2
Etat_Trésorerie FD,P54,"=SUM(P48,P53)",2
Etat_Trésorerie FD,D55,=-AN!D58,1
Etat_Trésorerie FD,E55,=-AN!E58,1
Etat_Trésorerie FD,F55,=-AN!F58,1
Etat_Trésorerie FD,G55,=-AN!G58,1
Etat_Trésorerie FD,H55,=-AN!H58,1
Etat_Trésorerie FD,I55,=-AN!I58,1
Etat_Trésorerie FD,J55,=-AN!J58,1
Etat_Trésorerie FD,K55,=-AN!K58,1
Etat_Trésorerie FD,L55,=-AN!L58,1
Etat_Trésorerie FD,M55,=-AN!M58,1
Etat_Trésorerie FD,N55,=-AN!N58,1
Etat_Trésorerie FD,O55,=-AN!O58,1
Etat_Trésorerie FD,P55,=SUM(D55:O55),1
Etat_Trésorerie FD,P56,=SUM(D56:O56),1
Etat_Trésorerie FD,D57,=-AN!D212,1
Etat_Trésorerie FD,E57,=-AN!E212,1
Etat_Trésorerie FD,F57,=-AN!F212,1
Etat_Trésorerie FD,G57,=-AN!G212,1
Etat_Trésorerie FD,H57,=-AN!H212,1
Etat_Trésorerie FD,I57,=-AN!I212,1
Etat_Trésorerie FD,J57,=-AN!J212,1
Etat_Trésorerie FD,K57,=-AN!K212,1
Etat_Trésorerie FD,L57,=-AN!L212,1
Etat_Trésorerie FD,M57,=-AN!M212,1
Etat_Trésorerie FD,N57,=-AN!N212,1
Etat_Trésorerie FD,O57,=-AN!O212,1
Etat_Trésorerie FD,P57,=SUM(D57:O57),1
Etat_Trésorerie FD,P58,=SUM(D58:O58),1
Etat_Trésorerie FD,D59,=SUM(D55:D58),1
Etat_Trésorerie FD,E59,=SUM(E55:E58),1
Etat_Trésorerie FD,F59,=SUM(F55:F58),1
Etat_Trésorerie FD,G59,=SUM(G55:G58),1
Etat_Trésorerie FD,H59,=SUM(H55:H58),1
Etat_Trésorerie FD,I59,=SUM(I55:I58),1
Etat_Trésorerie FD,J59,=SUM(J55:J58),1
Etat_Trésorerie FD,K59,=SUM(K55:K58),1
Etat_Trésorerie FD,L59,=SUM(L55:L58),1
Etat_Trésorerie FD,M59,=SUM(M55:M58),1
Etat_Trésorerie FD,N59,=SUM(N55:N58),1
Etat_Trésorerie FD,O59,=SUM(O55:O58),1
Etat_Trésorerie FD,P59,=SUM(P55:P58),1
Etat_Trésorerie FD,D60,=-(AN!D74),1
Etat_Trésorerie FD,E60,=-(AN!E74),1
Etat_Trésorerie FD,F60,=-(AN!F74),1
Etat_Trésorerie FD,G60,=-(AN!G74),1
Etat_Trésorerie FD,H60,=-(AN!H74),1
Etat_Trésorerie FD,I60,=-(AN!I74),1
Etat_Trésorerie FD,J60,=-(AN!J74),1
Etat_Trésorerie FD,K60,=-(AN!K74),1
Etat_Trésorerie FD,L60,=-(AN!L74),1
Etat_Trésorerie FD,M60,=-(AN!M74),1
Etat_Trésorerie FD,N60,=-(AN!N74),1
Etat_Trésorerie FD,O60,=-(AN!O74),1
Etat_Trésorerie FD,P60,=-(AN!P74),1
Etat_Trésorerie FD,D61,=-AN!D155,1
Etat_Trésorerie FD,E61,=-AN!E155,1
Etat_Trésorerie FD,F61,=-AN!F155,1
Etat_Trésorerie FD,G61,=-AN!G155,1
Etat_Trésorerie FD,H61,=-AN!H155,1
Etat_Trésorerie FD,I61,=-AN!I155,1
Etat_Trésorerie FD,J61,=-AN!J155,1
Etat_Trésorerie FD,K61,=-AN!K155,1
Etat_Trésorerie FD,L61,=-AN!L155,1
Etat_Trésorerie FD,M61,=-AN!M155,1
Etat_Trésorerie FD,N61,=-AN!N155,1
Etat_Trésorerie FD,O61,=-AN!O155,1
Etat_Trésorerie FD,P61,=SUM(D61:O61),1
Etat_Trésorerie FD,D62,=-AN!D60,1
Etat_Trésorerie FD,E62,=-AN!E60,1
Etat_Trésorerie FD,F62,=-AN!F60,1
Etat_Trésorerie FD,G62,=-AN!G60,1
Etat_Trésorerie FD,H62,=-AN!H60,1
Etat_Trésorerie FD,I62,=-AN!I60,1
Etat_Trésorerie FD,J62,=-AN!J60,1
Etat_Trésorerie FD,K62,=-AN!K60,1
Etat_Trésorerie FD,L62,=-AN!L60,1
Etat_Trésorerie FD,M62,=-AN!M60,1
Etat_Trésorerie FD,N62,=-AN!N60,1
Etat_Trésorerie FD,O62,=-AN!O60,1
Etat_Trésorerie FD,P62,=SUM(D62:O62),1
Etat_Trésorerie FD,P63,=SUM(D63:O63),1
Etat_Trésorerie FD,D64,=-AN!D115+AN!D185,2
Etat_Trésorerie FD,E64,=-AN!E115+AN!E185,2
Etat_Trésorerie FD,F64,=-AN!F115+AN!F185,2
Etat_Trésorerie FD,G64,=-AN!G115+AN!G185,2
Etat_Trésorerie FD,H64,=-AN!H115+AN!H185,2
Etat_Trésorerie FD,I64,=-AN!I115+AN!I185,2
Etat_Trésorerie FD,J64,=-AN!J115+AN!J185,2
Etat_Trésorerie FD,K64,=-AN!K115+AN!K185,2
Etat_Trésorerie FD,L64,=-AN!L115+AN!L185,2
Etat_Trésorerie FD,M64,=-AN!M115+AN!M185,2
Etat_Trésorerie FD,N64,=-AN!N115+AN!N185,2
Etat_Trésorerie FD,O64,=-AN!O115+AN!O185,2
Etat_Trésorerie FD,P64,=SUM(D64:O64),1
Etat_Trésorerie FD,P65,=SUM(D65:O65),1
Etat_Trésorerie FD,P66,=SUM(D66:O66),1
Etat_Trésorerie FD,D67,=SUM(D60:D66),1
Etat_Trésorerie FD,E67,=SUM(E60:E66),1
Etat_Trésorerie FD,F67,=SUM(F60:F66),1
Etat_Trésorerie FD,G67,=SUM(G60:G66),1
Etat_Trésorerie FD,H67,=SUM(H60:H66),1
Etat_Trésorerie FD,I67,=SUM(I60:I66),1
Etat_Trésorerie FD,J67,=SUM(J60:J66),1
Etat_Trésorerie FD,K67,=SUM(K60:K66),1
Etat_Trésorerie FD,L67,=SUM(L60:L66),1
Etat_Trésorerie FD,M67,=SUM(M60:M66),1
Etat_Trésorerie FD,N67,=SUM(N60:N66),1
Etat_Trésorerie FD,O67,=SUM(O60:O66),1
Etat_Trésorerie FD,P67,=SUM(P60:P66),1
Etat_Trésorerie FD,D68,"=SUM(D67,D59)",2
Etat_Trésorerie FD,E68,"=SUM(E67,E59)",2
Etat_Trésorerie FD,F68,"=SUM(F67,F59)",2
Etat_Trésorerie FD,G68,"=SUM(G67,G59)",2
Etat_Trésorerie FD,H68,"=SUM(H67,H59)",2
Etat_Trésorerie FD,I68,"=SUM(I67,I59)",2
Etat_Trésorerie FD,J68,"=SUM(J67,J59)",2
Etat_Trésorerie FD,K68,"=SUM(K67,K59)",2
Etat_Trésorerie FD,L68,"=SUM(L67,L59)",2
Etat_Trésorerie FD,M68,"=SUM(M67,M59)",2
Etat_Trésorerie FD,N68,"=SUM(N67,N59)",2
Etat_Trésorerie FD,O68,"=SUM(O67,O59)",2
Etat_Trésorerie FD,P68,"=SUM(P67,P59)",2
Etat_Trésorerie FD,D69,"=SUM(D68,D54,D45,D38)",4
Etat_Trésorerie FD,E69,"=SUM(E68,E54,E45,E38)",4
Etat_Trésorerie FD,F69,"=SUM(F68,F54,F45,F38)",4
Etat_Trésorerie FD,G69,"=SUM(G68,G54,G45,G38)",4
Etat_Trésorerie FD,H69,"=SUM(H68,H54,H45,H38)",4
Etat_Trésorerie FD,I69,"=SUM(I68,I54,I45,I38)",4
Etat_Trésorerie FD,J69,"=SUM(J68,J54,J45,J38)",4
Etat_Trésorerie FD,K69,"=SUM(K68,K54,K45,K38)",4
Etat_Trésorerie FD,L69,"=SUM(L68,L54,L45,L38)",4
Etat_Trésorerie FD,M69,"=SUM(M68,M54,M45,M38)",4
Etat_Trésorerie FD,N69,"=SUM(N68,N54,N45,N38)",4
Etat_Trésorerie FD,O69,"=SUM(O68,O54,O45,O38)",4
Etat_Trésorerie FD,P69,"=SUM(P68,P54,P45,P38)",4
Etat_Trésorerie FD,D70,=+D69-AN!D219,2
Etat_Trésorerie FD,E70,=+E69-AN!E219,2
Etat_Trésorerie FD,F70,=+F69-AN!F219,2
Etat_Trésorerie FD,G70,=+G69-AN!G219,2
Etat_Trésorerie FD,H70,=+H69-AN!H219,2
Etat_Trésorerie FD,I70,=+I69-AN!I219,2
Etat_Trésorerie FD,J70,=+J69-AN!J219,2
Etat_Trésorerie FD,K70,=+K69-AN!K219,2
Etat_Trésorerie FD,L70,=+L69-AN!L219,2
Etat_Trésorerie FD,M70,=+M69-AN!M219,2
Etat_Trésorerie FD,N70,=+N69-AN!N219,2
Etat_Trésorerie FD,O70,=+O69-AN!O219,2
Etat_Trésorerie FD,D71,=+C79,1
Etat_Trésorerie FD,E71,=+D79,1
Etat_Trésorerie FD,F71,=+E79,1
Etat_Trésorerie FD,G71,=+F79,1
Etat_Trésorerie FD,H71,=+G79,1
Etat_Trésorerie FD,I71,=+H79,1
Etat_Trésorerie FD,J71,=+I79,1
Etat_Trésorerie FD,K71,=+J79,1
Etat_Trésorerie FD,L71,=+K79,1
Etat_Trésorerie FD,M71,=+L79,1
Etat_Trésorerie FD,N71,=+M79,1
Etat_Trésorerie FD,O71,=+N79,1
Etat_Trésorerie FD,P71,=O71,1
Etat_Trésorerie FD,D72,=+C80,1
Etat_Trésorerie FD,E72,=+D80,1
Etat_Trésorerie FD,F72,=+E80,1
Etat_Trésorerie FD,G72,=+F80,1
Etat_Trésorerie FD,H72,=+G80,1
Etat_Trésorerie FD,I72,=+H80,1
Etat_Trésorerie FD,J72,=+I80,1
Etat_Trésorerie FD,K72,=+J80,1
Etat_Trésorerie FD,L72,=+K80,1
Etat_Trésorerie FD,M72,=+L80,1
Etat_Trésorerie FD,N72,=+M80,1
Etat_Trésorerie FD,O72,=+N80,1
Etat_Trésorerie FD,P72,=+O80,1
Etat_Trésorerie FD,P74,=SUM(D74:O74),1
Etat_Trésorerie FD,J75,=(1500+443.28)+-509.28003726,0
Etat_Trésorerie FD,P75,=O75,1
Etat_Trésorerie FD,P76,=SUM(D76:O76),1
Etat_Trésorerie FD,P77,=SUM(D77:O77),1
Etat_Trésorerie FD,D79,=D71+D17+D41+D48+D59-SUM(D74:D77),6
Etat_Trésorerie FD,E79,=E71+E17+E41+E48+E59-SUM(E74:E77),6
Etat_Trésorerie FD,F79,=F71+F17+F41+F48+F59-SUM(F74:F77),6
Etat_Trésorerie FD,G79,=G71+G17+G41+G48+G59-SUM(G74:G77),6
Etat_Trésorerie FD,H79,=H71+H17+H41+H48+H59-SUM(H74:H77),6
Etat_Trésorerie FD,I79,=I71+I17+I41+I48+I59-SUM(I74:I77),6
Etat_Trésorerie FD,J79,=J71+J17+J41+J48+J59-SUM(J74:J77),6
Etat_Trésorerie FD,K79,=K71+K17+K41+K48+K59-SUM(K74:K77),6
Etat_Trésorerie FD,L79,=L71+L17+L41+L48+L59-SUM(L74:L77),6
Etat_Trésorerie FD,M79,=M71+M17+M41+M48+M59-SUM(M74:M77),6
Etat_Trésorerie FD,N79,=N71+N17+N41+N48+N59-SUM(N74:N77),6
Etat_Trésorerie FD,O79,=O71+O17+O41+O48+O59-SUM(O74:O77),6
Etat_Trésorerie FD,P79,=O79,1
Etat_Trésorerie FD,C80,=+AN!C229,1
Etat_Trésorerie FD,D80,"=D72+SUM(D74:D77)+SUM(D67,D44,D37,D53)",6
Etat_Trésorerie FD,E80,"=E72+SUM(E74:E77)+SUM(E67,E44,E37,E53)",6
Etat_Trésorerie FD,F80,"=F72+SUM(F74:F77)+SUM(F67,F44,F37,F53)",6
Etat_Trésorerie FD,G80,"=G72+SUM(G74:G77)+SUM(G67,G44,G37,G53)",6
Etat_Trésorerie FD,H80,"=H72+SUM(H74:H77)+SUM(H67,H44,H37,H53)",6
Etat_Trésorerie FD,I80,"=I72+SUM(I74:I77)+SUM(I67,I44,I37,I53)",6
Etat_Trésorerie FD,J80,"=J72+SUM(J74:J77)+SUM(J67,J44,J37,J53)",6
Etat_Trésorerie FD,K80,"=K72+SUM(K74:K77)+SUM(K67,K44,K37,K53)",6
Etat_Trésorerie FD,L80,"=L72+SUM(L74:L77)+SUM(L67,L44,L37,L53)",6
Etat_Trésorerie FD,M80,"=M72+SUM(M74:M77)+SUM(M67,M44,M37,M53)",6
Etat_Trésorerie FD,N80,"=N72+SUM(N74:N77)+SUM(N67,N44,N37,N53)",6
Etat_Trésorerie FD,O80,"=O72+SUM(O74:O77)+SUM(O67,O44,O37,O53)",6
Etat_Trésorerie FD,P80,=O80,1
Etat_Trésorerie FD,C81,=C80+C79,2
Etat_Trésorerie FD,D81,=D80+D79,2
Etat_Trésorerie FD,E81,=E80+E79,2
Etat_Trésorerie FD,F81,=F80+F79,2
Etat_Trésorerie FD,G81,=G80+G79,2
Etat_Trésorerie FD,H81,=H80+H79,2
Etat_Trésorerie FD,I81,=I80+I79,2
Etat_Trésorerie FD,J81,=J80+J79,2
Etat_Trésorerie FD,K81,=K80+K79,2
Etat_Trésorerie FD,L81,=L80+L79,2
Etat_Trésorerie FD,M81,=M80+M79,2
Etat_Trésorerie FD,N81,=N80+N79,2
Etat_Trésorerie FD,O81,=O80+O79,2
Etat_Trésorerie FD,P81,=P80+P79,2
Etat_Trésorerie FD,C83,=SUM(C81:C82),1
Etat_Trésorerie FD,D83,=SUM(D81:D82),1
Etat_Trésorerie FD,E83,=SUM(E81:E82),1
Etat_Trésorerie FD,F83,=SUM(F81:F82),1
Etat_Trésorerie FD,G83,=SUM(G81:G82),1
Etat_Trésorerie FD,H83,=SUM(H81:H82),1
Etat_Trésorerie FD,I83,=SUM(I81:I82),1
Etat_Trésorerie FD,J83,=SUM(J81:J82),1
Etat_Trésorerie FD,K83,=SUM(K81:K82),1
Etat_Trésorerie FD,L83,=SUM(L81:L82),1
Etat_Trésorerie FD,M83,=SUM(M81:M82),1
Etat_Trésorerie FD,N83,=SUM(N81:N82),1
Etat_Trésorerie FD,O83,=SUM(O81:O82),1
Etat_Trésorerie FD,P83,=SUM(P81:P82),1
Etat_Trésorerie FD,C84,=+C83-AN!C221,2
Etat_Trésorerie FD,D84,=+D83-AN!D221,2
Etat_Trésorerie FD,E84,=+E83-AN!E221,2
Etat_Trésorerie FD,F84,=+F83-AN!F221,2
Etat_Trésorerie FD,G84,=+G83-AN!G221,2
Etat_Trésorerie FD,H84,=+H83-AN!H221,2
Etat_Trésorerie FD,I84,=+I83-AN!I221,2
Etat_Trésorerie FD,J84,=+J83-AN!J221,2
Etat_Trésorerie FD,K84,=+K83-AN!K221,2
Etat_Trésorerie FD,L84,=+L83-AN!L221,2
Etat_Trésorerie FD,M84,=+M83-AN!M221,2
Etat_Trésorerie FD,N84,=+N83-AN!N221,2
Etat_Trésorerie FD,O84,=+O83-AN!O221,2
Etat_Trésorerie FD,D85,=+D84,1
Etat_Trésorerie FD,E85,=+E84-D85,2
Etat_Trésorerie FD,F85,=+F84-E85,2
Etat_Trésorerie FD,G85,=+G84-F85,2
Etat_Trésorerie FD,H85,=+H84-G85,2
Etat_Trésorerie FD,I85,=+I84-H85,2
Etat_Trésorerie FD,J85,=+J84-I85,2
Etat_Trésorerie FD,K85,=+K84-J85,2
Etat_Trésorerie FD,L85,=+L84-K85,2
Etat_Trésorerie FD,M85,=+M84-L85,2
Etat_Trésorerie FD,N85,=+N84-M85,2
Etat_Trésorerie FD,O85,=+O84-N85,2
Etat_Trésorerie FD,D87,=+D83-AN!D221,2
Etat_Trésorerie FD,E87,=+E83-AN!E221,2
Etat_Trésorerie FD,F87,=+F83-AN!F221,2
Etat_Trésorerie FD,G87,=+G83-AN!G221,2
Etat_Trésorerie FD,H87,=+H83-AN!H221,2
Etat_Trésorerie FD,I87,=+I83-AN!I221,2
Etat_Trésorerie FD,J87,=+J83-AN!J221,2
Etat_Trésorerie FD,K87,=+K83-AN!K221,2
Etat_Trésorerie FD,L87,=+L83-AN!L221,2
Etat_Trésorerie FD,M87,=+M83-AN!M221,2
Etat_Trésorerie FD,N87,=+N83-AN!N221,2
Etat_Trésorerie FD,O87,=+O83-AN!O221,2
Etat_Trésorerie FD,P87,=+P83-AN!P221,2
Etat_Trésorerie FD,E88,=+E87-D87,2
Etat_Trésorerie FD,F88,=+F87-E87,2
Etat_Trésorerie FD,G88,=+G87-F87,2
Etat_Trésorerie FD,H88,=+H87-G87,2
Etat_Trésorerie FD,I88,=+I87-H87,2
Etat_Trésorerie FD,J88,=+J87-I87,2
Etat_Trésorerie FD,K88,=+K87-J87,2
Etat_Trésorerie FD,L88,=+L87-K87,2
Etat_Trésorerie FD,M88,=+M87-L87,2
Etat_Trésorerie FD,N88,=+N87-M87,2
Etat_Trésorerie FD,O88,=+O87-N87,2
Etat_Trésorerie FD,D89,=+D83-AN!D229,2
Etat_Trésorerie FD,E89,=+E83-AN!E229,2
Etat_Trésorerie FD,F89,=+F83-AN!F229,2
Etat_Trésorerie FD,G89,=+G83-AN!G229,2
Etat_Trésorerie FD,H89,=+H83-AN!H229,2
Etat_Trésorerie FD,I89,=+I83-AN!I229,2
Etat_Trésorerie FD,J89,=+J83-AN!J229,2
Etat_Trésorerie FD,K89,=+K83-AN!K229,2
Etat_Trésorerie FD,L89,=+L83-AN!L229,2
Etat_Trésorerie FD,M89,=+M83-AN!M229,2
Etat_Trésorerie FD,N89,=+N83-AN!N229,2
Etat_Trésorerie FD,O89,=+O83-AN!O229,2
Etat_Trésorerie FD,P89,=+P83-AN!P229,2
Etat_Trésorerie FD,K90,=+K89-J89,2
Etat_Trésorerie FD,L90,=+L89-K89,2
Etat_Trésorerie FD,M90,=+M89-L89,2
Etat_Trésorerie FD,N90,=+N89-M89,2
Etat_Trésorerie FD,O90,=+O89-N89,2
Etat_Trésorerie FD,P90,=+P89-O89,2
Invest FD,C2,=+Production!D18,1
Invest FD,D2,=+Production!E18,1
Invest FD,E2,=+Production!F18,1
Invest FD,F2,=+Production!G18,1
Invest FD,G2,=+Production!H18,1
Invest FD,H2,=+Production!I18,1
Invest FD,I2,=+Production!J18,1
Invest FD,J2,=+Production!K18,1
Invest FD,K2,=+Production!L18,1
Invest FD,L2,=+Production!M18,1
Invest FD,M2,=+Production!N18,1
Invest FD,N2,=+Production!O18,1
Invest FD,O2,=+Production!P18,1
Invest FD,B4,=+#REF!,0
Invest FD,O4,=SUM(C4:N4),1
Invest FD,O5,=SUM(C5:N5),1
Invest FD,B6,=+#REF!,0
Invest FD,O6,=SUM(C6:N6),1
Invest FD,B7,=+#REF!,0
Invest FD,O7,=SUM(C7:N7),1
Invest FD,B8,=+#REF!,0
Invest FD,O8,=SUM(C8:N8),1
Invest FD,B9,=+#REF!,0
Invest FD,D9,=+SUM(D4:D8)*5%,1
Invest FD,O9,=SUM(C9:N9),1
Invest FD,C10,=SUM(C4:C8),1
Invest FD,D10,=SUM(D4:D9),1
Invest FD,E10,=SUM(E4:E9),1
Invest FD,F10,=SUM(F4:F9),1
Invest FD,G10,=SUM(G4:G9),1
Invest FD,H10,=SUM(H4:H9),1
Invest FD,I10,=SUM(I4:I9),1
Invest FD,J10,=SUM(J4:J9),1
Invest FD,K10,=SUM(K4:K9),1
Invest FD,L10,=SUM(L4:L9),1
Invest FD,M10,=SUM(M4:M9),1
Invest FD,N10,=SUM(N4:N9),1
Invest FD,O10,=SUM(O4:O9),1
Invest FD,H12,=+(+H4+H5)*0.1/12,2
Invest FD,B13,=+B3,1
Invest FD,B14,=+B4,1
Invest FD,C14,=+C4*0.1/12,1
Invest FD,D14,=+D4*0.1/12,1
Invest FD,E14,=+D14,1
Invest FD,F14,=+E14,1
Invest FD,G14,=+F14,1
Invest FD,H14,=+G14,1
Invest FD,I14,=+H14,1
Invest FD,J14,=+I14,1
Invest FD,K14,=+J14,1
Invest FD,L14,=+K14,1
Invest FD,M14,=+L14,1
Invest FD,N14,=+M14,1
Invest FD,O14,=SUM(C14:N14),1
Invest FD,B15,=+B5,1
Invest FD,C15,=+C5*0.1/12,1
Invest FD,D15,=+D5*0.2/12,1
Invest FD,E15,=+D15,1
Invest FD,F15,=+E15,1
Invest FD,G15,=+F15,1
Invest FD,H15,=+G15,1
Invest FD,I15,=+H15,1
Invest FD,J15,=+I15,1
Invest FD,K15,=+J15,1
Invest FD,L15,=+K15,1
Invest FD,M15,=+L15,1
Invest FD,N15,=+M15,1
Invest FD,O15,=SUM(C15:N15),1
Invest FD,B16,=+B6,1
Invest FD,C16,=+C6*0.1/12,1
Invest FD,D16,=+D6*0.1/12,1
Invest FD,E16,=+D16,1
Invest FD,F16,=+E16,1
Invest FD,G16,=+F16,1
Invest FD,H16,=+G16,1
Invest FD,I16,=+H16,1
Invest FD,J16,=+I16,1
Invest FD,K16,=+J16,1
Invest FD,L16,=+K16,1
Invest FD,M16,=+L16,1
Invest FD,N16,=+M16,1
Invest FD,O16,=SUM(C16:N16),1
Invest FD,B17,=+B7,1
Invest FD,C17,=+C7*0.25/12,1
Invest FD,D17,=+D7*0.25/12,1
Invest FD,E17,=+D17,1
Invest FD,F17,=+E17,1
Invest FD,G17,=+F17,1
Invest FD,H17,=+G17,1
Invest FD,I17,=+H17,1
Invest FD,J17,=+I17,1
Invest FD,K17,=+J17,1
Invest FD,L17,=+K17,1
Invest FD,M17,=+L17,1
Invest FD,N17,=+M17,1
Invest FD,O17,=SUM(C17:N17),1
Invest FD,D19,=+D9*0.1/12,1
Invest FD,E19,=+D19,1
Invest FD,F19,=+E19,1
Invest FD,G19,=+F19,1
Invest FD,H19,=+G19,1
Invest FD,I19,=+H19,1
Invest FD,J19,=+I19,1
Invest FD,K19,=+J19,1
Invest FD,L19,=+K19,1
Invest FD,M19,=+L19,1
Invest FD,N19,=+M19,1
Invest FD,O19,=SUM(C19:N19),1
Invest FD,O21,=SUM(C21:N21),1
Invest FD,B22,=+#REF!,0
Invest FD,O22,=SUM(C22:N22),1
Invest FD,B23,=+#REF!,0
Invest FD,O23,=SUM(C23:N23),1
Invest FD,B24,=+#REF!,0
Invest FD,D24,=+E14,1
Invest FD,E24,=+F14,1
Invest FD,F24,=+G14,1
Invest FD,G24,=+H14,1
Invest FD,H24,=+I14,1
Invest FD,I24,=+J14,1
Invest FD,J24,=+K14,1
Invest FD,K24,=+L14,1
Invest FD,L24,=+M14,1
Invest FD,M24,=+N14,1
Invest FD,N24,=+M24,1
Invest FD,O24,=SUM(C24:N24),1
Invest FD,B25,=+#REF!,0
Invest FD,D25,=+E15,1
Invest FD,E25,=+F15,1
Invest FD,F25,=+G15,1
Invest FD,G25,=+H15,1
Invest FD,H25,=+I15,1
Invest FD,I25,=+J15,1
Invest FD,J25,=+K15,1
Invest FD,K25,=+L15,1
Invest FD,L25,=+M15,1
Invest FD,M25,=+N15,1
Invest FD,N25,=+M25,1
Invest FD,O25,=SUM(C25:N25),1
Invest FD,B26,=+#REF!,0
Invest FD,D26,=+E16,1
Invest FD,E26,=+F16,1
Invest FD,F26,=+G16,1
Invest FD,G26,=+H16,1
Invest FD,H26,=+I16,1
Invest FD,I26,=+J16,1
Invest FD,J26,=+K16,1
Invest FD,K26,=+L16,1
Invest FD,L26,=+M16,1
Invest FD,M26,=+N16,1
Invest FD,N26,=+M26,1
Invest FD,O26,=SUM(C26:N26),1
Invest FD,B27,=+#REF!,0
Invest FD,C27,=+D17,1
Invest FD,D27,=+E17,1
Invest FD,E27,=+F17,1
Invest FD,F27,=+G17,1
Invest FD,G27,=+H17,1
Invest FD,H27,=+I17,1
Invest FD,I27,=+J17,1
Invest FD,J27,=+K17,1
Invest FD,K27,=+L17,1
Invest FD,L27,=+M17,1
Invest FD,M27,=+N17,1
Invest FD,N27,=+M27,1
Invest FD,O27,=SUM(C27:N27),1
Invest FD,B28,=+#REF!,0
Invest FD,C28,=+D18,1
Invest FD,D28,=+E18,1
Invest FD,E28,=+F18,1
Invest FD,F28,=+G18,1
Invest FD,G28,=+H18,1
Invest FD,H28,=+I18,1
Invest FD,I28,=+J18,1
Invest FD,J28,=+K18,1
Invest FD,K28,=+L18,1
Invest FD,L28,=+M18,1
Invest FD,M28,=+N18,1
Invest FD,N28,=+M28,1
Invest FD,O28,=SUM(C28:N28),1
Invest FD,B29,=+#REF!,0
Invest FD,O29,=SUM(C29:N29),1
Invest FD,B30,=+#REF!,0
Invest FD,O30,=SUM(C30:N30),1
Invest FD,B31,=+#REF!,0
Invest FD,O31,=SUM(C31:N31),1
Invest FD,B32,=+#REF!,0
Invest FD,O32,=SUM(C32:N32),1
Invest FD,B33,=+#REF!,0
Invest FD,O33,=SUM(C33:N33),1
Invest FD,B34,=+#REF!,0
Invest FD,C34,=+C19,1
Invest FD,D34,=+D19,1
Invest FD,E34,=+E19,1
Invest FD,F34,=+F19,1
Invest FD,G34,=+G19,1
Invest FD,H34,=+H19,1
Invest FD,I34,=+I19,1
Invest FD,J34,=+J19,1
Invest FD,K34,=+K19,1
Invest FD,L34,=+L19,1
Invest FD,M34,=+M19,1
Invest FD,N34,=+M34,1
Invest FD,O34,=SUM(C34:N34),1
Invest FD,C35,=SUM(C22:C34),1
Invest FD,D35,=SUM(D22:D34),1
Invest FD,E35,=SUM(E22:E34),1
Invest FD,F35,=SUM(F22:F34),1
Invest FD,G35,=SUM(G22:G34),1
Invest FD,H35,=SUM(H22:H34),1
Invest FD,I35,=SUM(I22:I34),1
Invest FD,J35,=SUM(J22:J34),1
Invest FD,K35,=SUM(K22:K34),1
Invest FD,L35,=SUM(L22:L34),1
Invest FD,M35,=SUM(M22:M34),1
Invest FD,N35,=SUM(N22:N34),1
Invest FD,O35,=SUM(O22:O34),1
Invest FD,O36,=+#REF!,0
Invest FD,O37,=+O35-O36,2
Feuil1,D4,=+C4/1.2,1
Feuil1,E4,=+D4*0.2,1
Feuil1,F4,=+D4+E4,2
Feuil1,H4,=+D4,1
Feuil1,I4,=+K4-J4,2
Feuil1,J4,"=ROUNDUP(+E4*G4,0)",2
Feuil1,L4,=+I4+J4-K4,3
Feuil1,D5,=+C5/1.2,1
Feuil1,E5,=+D5*0.2,1
Feuil1,F5,=+D5+E5,2
Feuil1,H5,=+D5,1
Feuil1,I5,=+K5-J5,2
Feuil1,J5,"=ROUNDUP(+E5*G5,0)",2
Feuil1,L5,=+I5+J5-K5,3
Feuil1,D6,=+C6/1.2,1
Feuil1,E6,=+D6*0.2,1
Feuil1,F6,=+D6+E6,2
Feuil1,H6,=+D6,1
Feuil1,I6,=+K6-J6,2
Feuil1,J6,"=ROUNDUP(+E6*G6,0)",2
Feuil1,L6,=+I6+J6-K6,3
Feuil1,D7,=+C7/1.2,1
Feuil1,E7,=+D7*0.2,1
Feuil1,F7,=+D7+E7,2
Feuil1,H7,=+D7,1
Feuil1,I7,=+K7-J7,2
Feuil1,J7,"=ROUNDUP(+E7*G7,0)",2
Feuil1,L7,=+I7+J7-K7,3
Feuil1,D8,=+C8/1.2,1
Feuil1,E8,=+D8*0.2,1
Feuil1,F8,=+D8+E8,2
Feuil1,H8,=+D8,1
Feuil1,I8,=+K8-J8,2
Feuil1,J8,"=ROUNDUP(+E8*G8,0)",2
Feuil1,L8,=+I8+J8-K8,3
Feuil1,D9,=+C9/1.2,1
Feuil1,E9,=+D9*0.2,1
Feuil1,F9,=+D9+E9,2
Feuil1,H9,=+D9,1
Feuil1,I9,=+K9-J9,2
Feuil1,J9,"=ROUNDUP(+E9*G9,0)",2
Feuil1,L9,=+I9+J9-K9,3
Feuil1,D10,=+C10/1.2,1
Feuil1,E10,=+D10*0.2,1
Feuil1,F10,=+D10+E10,2
Feuil1,H10,=+D10,1
Feuil1,I10,=+K10-J10,2
Feuil1,J10,"=ROUNDUP(+E10*G10,0)",2
Feuil1,L10,=+I10+J10-K10,3
Feuil1,D11,=+C11/1.2,1
Feuil1,E11,=+D11*0.2,1
Feuil1,F11,=+D11+E11,2
Feuil1,H11,=+D11,1
Feuil1,I11,=+K11-J11,2
Feuil1,J11,"=ROUNDUP(+E11*G11,0)",2
Feuil1,L11,=+I11+J11-K11,3
Feuil1,D12,=+C12/1.2,1
Feuil1,E12,=+D12*0.2,1
Feuil1,F12,=+D12+E12,2
Feuil1,H12,=+D12,1
Feuil1,I12,=+K12-J12,2
Feuil1,J12,"=ROUNDUP(+E12*G12,0)",2
Feuil1,L12,=+I12+J12-K12,3
Feuil1,C13,=SUM(C4:C12),1
Feuil1,G13,=SUM(G4:G12),1
Feuil1,I13,=SUM(I4:I12),1
Feuil1,J13,=SUM(J4:J12),1
Feuil1,K13,=SUM(K4:K12),1
Feuil1,L13,=SUM(L4:L12),1
AN,P3,=SUM(H3:O3),1
AN,P4,=SUM(C4:O4),1
AN,P5,=SUM(C5:O5),1
AN,H6,=-H8,1
AN,P6,=SUM(C6:O6),1
AN,D7,=-'CR Nature FD'!C36/1000,1
AN,E7,=-'CR Nature FD'!D36/1000,1
AN,F7,=-'CR Nature FD'!E36/1000,1
AN,G7,=-'CR Nature FD'!F36/1000,1
AN,H7,=-'CR Nature FD'!G36/1000,1
AN,I7,=-'CR Nature FD'!H36/1000,1
AN,J7,=-'CR Nature FD'!I36/1000,1
AN,K7,=-'CR Nature FD'!J36/1000,1
AN,L7,=-'CR Nature FD'!K36/1000,1
AN,M7,=-'CR Nature FD'!L36/1000,1
AN,N7,=-'CR Nature FD'!M36/1000,1
AN,O7,=-'CR Nature FD'!N36/1000,1
AN,P7,=SUM(C7:O7),1
AN,H8,=-C8,1
AN,P8,=SUM(C8:O8),1
AN,P9,=SUM(C9:O9),1
AN,D10,=-'CR Nature FD'!C20/1000,1
AN,E10,=-'CR Nature FD'!D20/1000,1
AN,F10,=-'CR Nature FD'!E20/1000,1
AN,G10,=-'CR Nature FD'!F20/1000,1
AN,H10,=-'CR Nature FD'!G20/1000,1
AN,I10,=-'CR Nature FD'!H20/1000,1
AN,J10,=-'CR Nature FD'!I20/1000,1
AN,K10,=-'CR Nature FD'!J20/1000,1
AN,L10,=-'CR Nature FD'!K20/1000,1
AN,M10,=-'CR Nature FD'!L20/1000,1
AN,N10,=-'CR Nature FD'!M20/1000,1
AN,O10,=-'CR Nature FD'!N20/1000,1
AN,P10,=SUM(C10:O10),1
AN,P11,=SUM(C11:O11),1
AN,C12,=+C62,1
AN,D12,=+D58+D61+D60,3
AN,E12,=+E58+E61+E60,3
AN,F12,=+F58+F61+F60,3
AN,G12,=+G58+G61+G60,3
AN,H12,=+H58+H61+H60,3
AN,I12,=+I58+I61+I60,3
AN,J12,=+J58+J61+J60,3
AN,K12,=+K58+K61+K60,3
AN,L12,=+L58+L61+L60,3
AN,M12,=+M58+M61+M60,3
AN,N12,=+N58+N61+N60,3
AN,O12,=+O58+O61+O60,3
AN,P12,=SUM(C12:O12),1
AN,C13,=SUM(C4:C12),1
AN,D13,=SUM(D4:D12),1
AN,E13,=SUM(E4:E12),1
AN,F13,=SUM(F4:F12),1
AN,G13,=SUM(G4:G12),1
AN,H13,=SUM(H4:H12),1
AN,I13,=SUM(I4:I12),1
AN,J13,=SUM(J4:J12),1
AN,K13,=SUM(K4:K12),1
AN,L13,=SUM(L4:L12),1
AN,M13,=SUM(M4:M12),1
AN,N13,=SUM(N4:N12),1
AN,O13,=SUM(O4:O12),1
AN,P13,=SUM(P4:P12),1
AN,D15,=-D73,1
AN,E15,=-E73,1
AN,F15,=-F73,1
AN,G15,=-G73,1
AN,H15,=-H73,1
AN,I15,=-I73,1
AN,J15,=-J73,1
AN,K15,=-K73,1
AN,L15,=-L73,1
AN,M15,=-M73,1
AN,N15,=-N73,1
AN,O15,=-O73,1
AN,P15,=SUM(C15:O15),1
AN,P16,=SUM(H16:O16),1
AN,C18,=SUM(C15:C17),1
AN,D18,=SUM(D15:D16),1
AN,E18,=SUM(E15:E16),1
AN,F18,=SUM(F15:F16),1
AN,G18,=SUM(G15:G16),1
AN,H18,=SUM(H15:H16),1
AN,I18,=SUM(I15:I16),1
AN,J18,=SUM(J15:J16),1
AN,K18,=SUM(K15:K16),1
AN,L18,=SUM(L15:L16),1
AN,M18,=SUM(M15:M16),1
AN,N18,=SUM(N15:N16),1
AN,O18,=SUM(O15:O16),1
AN,P18,=SUM(P15:P16),1
AN,C19,=-C13-C18,2
AN,D19,=-D13-D18,2
AN,E19,=-E13-E18,2
AN,F19,=-F13-F18,2
AN,G19,=-G13-G18,2
AN,H19,=-H13-H18,2
AN,I19,=-I13-I18,2
AN,J19,=-J13-J18,2
AN,K19,=-K13-K18,2
AN,L19,=-L13-L18,2
AN,M19,=-M13-M18,2
AN,N19,=-N13-N18,2
AN,O19,=-O13-O18,2
AN,P19,=-P13-P18,2
AN,D22,=+D66+D67+D68,3
AN,E22,=+E66+E67+E68,3
AN,F22,=+F66+F67+F68,3
AN,G22,=+G66+G67+G68,3
AN,H22,=+H66+H67+H68,3
AN,I22,=+I66+I67+I68,3
AN,J22,=+J66+J67+J68,3
AN,K22,=+K66+K67+K68,3
AN,L22,=+L66+L67+L68,3
AN,M22,=+M66+M67+M68,3
AN,N22,=+N66+N67+N68,3
AN,O22,=+O66+O67+O68,3
AN,P22,=SUM(C22:O22),1
AN,D23,=+D73+D74+D75,3
AN,E23,=+E73+E74+E75,3
AN,F23,=+F73+F74+F75,3
AN,G23,=+G73+G74+G75,3
AN,H23,=+H73+H74+H75,3
AN,I23,=+I73+I74+I75,3
AN,J23,=+J73+J74+J75,3
AN,K23,=+K73+K74+K75,3
AN,L23,=+L73+L74+L75,3
AN,M23,=+M73+M74+M75,3
AN,N23,=+N73+N74+N75,3
AN,O23,=+O73+O74+O75,3
AN,P23,=SUM(C23:O23),1
AN,D24,=+D80+D81+D82,3
AN,E24,=+E80+E81+E82,3
AN,F24,=+F80+F81+F82,3
AN,G24,=+G80+G81+G82,3
AN,H24,=+H80+H81+H82,3
AN,I24,=+I80+I81+I82,3
AN,J24,=+J80+J81+J82,3
AN,K24,=+K80+K81+K82,3
AN,L24,=+L80+L81+L82,3
AN,M24,=+M80+M81+M82,3
AN,N24,=+N80+N81+N82,3
AN,O24,=+O80+O81+O82,3
AN,P24,=SUM(C24:O24),1
AN,P25,=SUM(C25:O25),1
AN,D26,=+D89+D90,2
AN,E26,=+E89+E90,2
AN,F26,=+F89+F90,2
AN,G26,=+G89+G90,2
AN,H26,=+H89+H90,2
AN,I26,=+I89+I90,2
AN,J26,=+J89+J90,2
AN,K26,=+K89+K90,2
AN,L26,=+L89+L90,2
AN,M26,=+M89+M90,2
AN,N26,=+N89+N90,2
AN,O26,=+O89+O90,2
AN,P26,=SUM(C26:O26),1
AN,D27,=+D95+D96,2
AN,E27,=+E95+E96,2
AN,F27,=+F95+F96,2
AN,G27,=+G95+G96,2
AN,H27,=+H95+H96,2
AN,I27,=+I95+I96,2
AN,J27,=+J95+J96,2
AN,K27,=+K95+K96,2
AN,L27,=+L95+L96,2
AN,M27,=+M95+M96,2
AN,N27,=+N95+N96,2
AN,O27,=+O95+O96,2
AN,P27,=SUM(C27:O27),1
AN,D28,=+D101+D102,2
AN,E28,=+E101+E102,2
AN,F28,=+F101+F102,2
AN,G28,=+G101+G102,2
AN,H28,=+H101+H102,2
AN,I28,=+I101+I102,2
AN,J28,=+J101+J102,2
AN,K28,=+K101+K102,2
AN,L28,=+L101+L102,2
AN,M28,=+M101+M102,2
AN,N28,=+N101+N102,2
AN,O28,=+O101+O102,2
AN,P28,=SUM(C28:O28),1
AN,D29,=+D107+D108,2
AN,E29,=+E107+E108,2
AN,F29,=+F107+F108,2
AN,G29,=+G107+G108,2
AN,H29,=+H107+H108,2
AN,I29,=+I107+I108,2
AN,J29,=+J107+J108,2
AN,K29,=+K107+K108,2
AN,L29,=+L107+L108,2
AN,M29,=+M107+M108,2
AN,N29,=+N107+N108,2
AN,O29,=+O107+O108,2
AN,P29,=SUM(C29:O29),1
AN,D30,=+D113+D114+D115,3
AN,E30,=+E113+E114+E115,3
AN,F30,=+F113+F114+F115,3
AN,G30,=+G113+G114+G115,3
AN,H30,=+H113+H114+H115,3
AN,I30,=+I113+I114+I115,3
AN,J30,=+J113+J114+J115,3
AN,K30,=+K113+K114+K115,3
AN,L30,=+L113+L114+L115,3
AN,M30,=+M113+M114+M115,3
AN,N30,=+N113+N114+N115,3
AN,O30,=+O113+O114+O115,3
AN,P30,=SUM(C30:O30),1
AN,D31,=+D120+D121,2
AN,E31,=+E120+E121,2
AN,F31,=+F120+F121,2
AN,G31,=+G120+G121,2
AN,H31,=+H120+H121,2
AN,I31,=+I120+I121,2
AN,J31,=+J120+J121,2
AN,K31,=+K120+K121,2
AN,L31,=+L120+L121,2
AN,M31,=+M120+M121,2
AN,N31,=+N120+N121,2
AN,O31,=+O120+O121,2
AN,P31,=SUM(C31:O31),1
AN,D32,=+SUM(D125:D135),1
AN,E32,=+SUM(E126:E135),1
AN,F32,=+SUM(F126:F135),1
AN,G32,=+SUM(G126:G135),1
AN,H32,=+SUM(H126:H135),1
AN,I32,=+SUM(I126:I135),1
AN,J32,=+SUM(J126:J135),1
AN,K32,=+SUM(K126:K135),1
AN,L32,=+SUM(L126:L135),1
AN,M32,=+SUM(M126:M135),1
AN,N32,=+SUM(N126:N135),1
AN,O32,=+SUM(O126:O135),1
AN,P32,=SUM(C32:O32),1
AN,D34,=+D140+D141+D142,3
AN,E34,=+E140+E141+E142,3
AN,F34,=+F140+F141+F142,3
AN,G34,=+G140+G141+G142,3
AN,H34,=+H140+H141+H142,3
AN,I34,=+I140+I141+I142,3
AN,J34,=+J140+J141+J142,3
AN,K34,=+K140+K141+K142,3
AN,L34,=+L140+L141+L142,3
AN,M34,=+M140+M141+M142,3
AN,N34,=+N140+N141+N142,3
AN,O34,=+O140+O141+O142,3
AN,P34,=SUM(C34:O34),1
AN,D35,=+D148+D147,2
AN,E35,=+E148+E147,2
AN,F35,=+F148+F147,2
AN,G35,=+G148+G147,2
AN,H35,=+H148+H147,2
AN,I35,=+I148+I147,2
AN,J35,=+J148+J147,2
AN,K35,=+K148+K147,2
AN,L35,=+L148+L147,2
AN,M35,=+M148+M147,2
AN,N35,=+N148+N147,2
AN,O35,=+O148+O147,2
AN,P35,=SUM(C35:O35),1
AN,D36,=+D154+D155,2
AN,E36,=+E154+E155,2
AN,F36,=+F154+F155,2
AN,G36,=+G154+G155,2
AN,H36,=+H154+H155,2
AN,I36,=+I154+I155,2
AN,J36,=+J154+J155,2
AN,K36,=+K154+K155,2
AN,L36,=+L154+L155,2
AN,M36,=+M154+M155,2
AN,N36,=+N154+N155,2
AN,O36,=+O154+O155,2
AN,P36,=SUM(C36:O36),1
AN,C37,=SUM(C22:C36),1
AN,D37,=SUM(D22:D36),1
AN,E37,=SUM(E22:E36),1
AN,F37,=SUM(F22:F36),1
AN,G37,=SUM(G22:G36),1
AN,H37,=SUM(H22:H36),1
AN,I37,=SUM(I22:I36),1
AN,J37,=SUM(J22:J36),1
AN,K37,=SUM(K22:K36),1
AN,L37,=SUM(L22:L36),1
AN,M37,=SUM(M22:M36),1
AN,N37,=SUM(N22:N36),1
AN,O37,=SUM(O22:O36),1
AN,P37,=SUM(P22:P36),1
AN,D39,=+D163+D164+D167+D168,4
AN,E39,=+E163+E164+E167+E168,4
AN,F39,=+F163+F164+F167+F168,4
AN,G39,=+G163+G164+G167+G168,4
AN,H39,=+H163+H164+H167+H168,4
AN,I39,=+I163+I164+I167+I168,4
AN,J39,=+J163+J164+J167+J168,4
AN,K39,=+K163+K164+K167+K168,4
AN,L39,=+L163+L164+L167+L168,4
AN,M39,=+M163+M164+M167+M168,4
AN,N39,=+N163+N164+N167+N168,4
AN,O39,=+O163+O164+O167+O168,4
AN,P39,=SUM(C39:O39),1
AN,P40,=SUM(C40:O40),1
AN,D41,=+D179+D180,2
AN,E41,=+E179+E180,2
AN,F41,=+F179+F180,2
AN,G41,=+G179+G180,2
AN,H41,=+H179+H180,2
AN,I41,=+I179+I180,2
AN,J41,=+J179+J180,2
AN,K41,=+K179+K180,2
AN,L41,=+L179+L180,2
AN,M41,=+M179+M180,2
AN,N41,=+N179+N180,2
AN,O41,=+O179+O180,2
AN,P41,=SUM(C41:O41),1
AN,P42,=SUM(C42:O42),1
AN,D43,=+D185+D186,2
AN,E43,=+E185+E186,2
AN,F43,=+F185+F186,2
AN,G43,=+G185+G186,2
AN,H43,=+H185+H186,2
AN,I43,=+I185+I186,2
AN,J43,=+J185+J186,2
AN,K43,=+K185+K186,2
AN,L43,=+L185+L186,2
AN,M43,=+M185+M186,2
AN,N43,=+N185+N186,2
AN,O43,=+O185+O186,2
AN,P43,=SUM(C43:O43),1
AN,D44,=+D191+D192,2
AN,E44,=+E191+E192,2
AN,F44,=+F191+F192,2
AN,G44,=+G191+G192,2
AN,H44,=+H191+H192,2
AN,I44,=+I191+I192,2
AN,J44,=+J191+J192,2
AN,K44,=+K191+K192,2
AN,L44,=+L191+L192,2
AN,M44,=+M191+M192,2
AN,N44,=+N191+N192,2
AN,O44,=+O191+O192,2
AN,P44,=SUM(C44:O44),1
AN,D45,=+D197+D198,2
AN,E45,=+E197+E198,2
AN,F45,=+F197+F198,2
AN,G45,=+G197+G198,2
AN,H45,=+H197+H198,2
AN,I45,=+I197+I198,2
AN,J45,=+J197+J198,2
AN,K45,=+K197+K198,2
AN,L45,=+L197+L198,2
AN,M45,=+M197+M198,2
AN,N45,=+N197+N198,2
AN,O45,=+O197+O198,2
AN,P45,=SUM(C45:O45),1
AN,D47,=+D203+D204,2
AN,E47,=+E203+E204,2
AN,F47,=+F203+F204,2
AN,G47,=+G203+G204,2
AN,H47,=+H203+H204,2
AN,I47,=+I203+I204,2
AN,J47,=+J203+J204,2
AN,K47,=+K203+K204,2
AN,L47,=+L203+L204,2
AN,M47,=+M203+M204,2
AN,N47,=+N203+N204,2
AN,O47,=+O203+O204,2
AN,P47,=SUM(C47:O47),1
AN,P48,=SUM(C48:O48),1
AN,C49,=SUM(C39:C48),1
AN,D49,=SUM(D39:D48),1
AN,E49,=SUM(E39:E48),1
AN,F49,=SUM(F39:F48),1
AN,G49,=SUM(G39:G48),1
AN,H49,=SUM(H39:H48),1
AN,I49,=SUM(I39:I48),1
AN,J49,=SUM(J39:J48),1
AN,K49,=SUM(K39:K48),1
AN,L49,=SUM(L39:L48),1
AN,M49,=SUM(M39:M48),1
AN,N49,=SUM(N39:N48),1
AN,O49,=SUM(O39:O48),1
AN,P49,=SUM(P39:P48),1
AN,C50,=-C37-C49,2
AN,D50,=-D37-D49,2
AN,E50,=-E37-E49,2
AN,F50,=-F37-F49,2
AN,G50,=-G37-G49,2
AN,H50,=-H37-H49,2
AN,I50,=-I37-I49,2
AN,J50,=-J37-J49,2
AN,K50,=-K37-K49,2
AN,L50,=-L37-L49,2
AN,M50,=-M37-M49,2
AN,N50,=-N37-N49,2
AN,O50,=-O37-O49,2
AN,P50,=-P37-P49,2
AN,D52,=+D50+D19,2
AN,E52,=+E50+E19,2
AN,F52,=+F50+F19,2
AN,G52,=+G50+G19,2
AN,H52,=+H50+H19,2
AN,I52,=+I50+I19,2
AN,J52,=+J50+J19,2
AN,K52,=+K50+K19,2
AN,L52,=+L50+L19,2
AN,M52,=+M50+M19,2
AN,N52,=+N50+N19,2
AN,O52,=+O50+O19,2
AN,P52,=+P50+P19,2
AN,D54,=+D52+C52,2
AN,E54,=+E52+D54,2
AN,F54,=+F52+E54,2
AN,G54,=+G52+F54,2
AN,H54,=+H52+G54,2
AN,I54,=+I52+H54,2
AN,J54,=+J52+I54,2
AN,K54,=+K52+J54,2
AN,L54,=+L52+K54,2
AN,M54,=+M52+L54,2
AN,N54,=+N52+M54,2
AN,O54,=+O52+N54,2
AN,P54,=+P52+O54,2
AN,C56,=+C2,1
AN,D56,=+D2,1
AN,E56,=+E2,1
AN,F56,=+F2,1
AN,G56,=+G2,1
AN,H56,=+H2,1
AN,I56,=+I2,1
AN,J56,=+J2,1
AN,K56,=+K2,1
AN,L56,=+L2,1
AN,M56,=+M2,1
AN,N56,=+N2,1
AN,O56,=+O2,1
AN,P56,=+P2,1
AN,D57,=+C62,1
AN,E57,=D62,1
AN,F57,=E62,1
AN,G57,=F62,1
AN,H57,=G62,1
AN,I57,=H62,1
AN,J57,=I62,1
AN,K57,=J62,1
AN,L57,=K62,1
AN,M57,=L62,1
AN,N57,=M62,1
AN,O57,=N62,1
AN,P57,=+D57,1
AN,P58,=SUM(D58:O58),1
AN,D60,=+'Détails FF FD'!C3/1000,1
AN,E60,=+'Détails FF FD'!D3/1000,1
AN,F60,=+'Détails FF FD'!E3/1000,1
AN,G60,=+'Détails FF FD'!F3/1000,1
AN,H60,=+'Détails FF FD'!G3/1000,1
AN,I60,=+'Détails FF FD'!H3/1000,1
AN,J60,=+'Détails FF FD'!I3/1000,1
AN,K60,=+'Détails FF FD'!J3/1000,1
AN,L60,=+'Détails FF FD'!K3/1000,1
AN,M60,=+'Détails FF FD'!L3/1000,1
AN,N60,=+'Détails FF FD'!M3/1000,1
AN,O60,=+'Détails FF FD'!N3/1000,1
AN,P60,=SUM(D60:O60),1
AN,D61,=+'Détails FF FD'!C10/1000,1
AN,E61,=+'Détails FF FD'!D10/1000,1
AN,F61,=+'Détails FF FD'!E10/1000,1
AN,G61,=+'Détails FF FD'!F10/1000,1
AN,H61,=+'Détails FF FD'!G10/1000,1
AN,I61,=+'Détails FF FD'!H10/1000,1
AN,P61,=SUM(D61:O61),1
AN,D62,=+SUM(D57:D61),1
AN,E62,=+SUM(E57:E61),1
AN,F62,=+SUM(F57:F61),1
AN,G62,=+SUM(G57:G61),1
AN,H62,=+SUM(H57:H61),1
AN,I62,=+SUM(I57:I61),1
AN,J62,=+SUM(J57:J61),1
AN,K62,=+SUM(K57:K61),1
AN,L62,=+SUM(L57:L61),1
AN,M62,=+SUM(M57:M61),1
AN,N62,=+SUM(N57:N61),1
AN,O62,=+SUM(O57:O61),1
AN,P62,=+P57+P58+P61,3
AN,C64,=+C2,1
AN,D64,=+D2,1
AN,E64,=+E2,1
AN,F64,=+F2,1
AN,G64,=+G2,1
AN,H64,=+H2,1
AN,I64,=+I2,1
AN,J64,=+J2,1
AN,K64,=+K2,1
AN,L64,=+L2,1
AN,M64,=+M2,1
AN,N64,=+N2,1
AN,O64,=+O2,1
AN,P64,=+P2,1
AN,D65,=C69,1
AN,E65,=D69,1
AN,F65,=E69,1
AN,G65,=F69,1
AN,H65,=G69,1
AN,I65,=H69,1
AN,J65,=I69,1
AN,K65,=J69,1
AN,L65,=K69,1
AN,M65,=L69,1
AN,N65,=M69,1
AN,O65,=N69,1
AN,P65,=+D65,1
AN,D66,=-Achat!D35/1000,1
AN,E66,=-Achat!E35/1000,1
AN,F66,=-Achat!F35/1000,1
AN,G66,=-Achat!G35/1000,1
AN,H66,=-Achat!H35/1000,1
AN,I66,=-Achat!I35/1000,1
AN,J66,=-Achat!J35/1000,1
AN,K66,=-Achat!K35/1000,1
AN,L66,=-Achat!L35/1000,1
AN,M66,=-Achat!M35/1000,1
AN,N66,=-Achat!N35/1000,1
AN,O66,=-Achat!O35/1000,1
AN,P66,=SUM(D66:O66),1
AN,P67,=SUM(D67:O67),1
AN,D68,=-D66,1
AN,E68,=-E66,1
AN,F68,=-F66,1
AN,G68,=-G66,1
AN,H68,=-H66,1
AN,I68,=-I66,1
AN,J68,=-J66,1
AN,K68,=-K66,1
AN,L68,=-L66,1
AN,M68,=-M66,1
AN,N68,=-N66,1
AN,O68,=-O66,1
AN,P68,=SUM(D68:O68),1
AN,C69,=+C22,1
AN,D69,=+D65+D66+D67+D68,4
AN,E69,=+E65+E66+E67+E68,4
AN,F69,=+F65+F66+F67+F68,4
AN,G69,=+G65+G66+G67+G68,4
AN,H69,=+H65+H66+H67+H68,4
AN,I69,=+I65+I66+I67+I68,4
AN,J69,=+J65+J66+J67+J68,4
AN,K69,=+K65+K66+K67+K68,4
AN,L69,=+L65+L66+L67+L68,4
AN,M69,=+M65+M66+M67+M68,4
AN,N69,=+N65+N66+N67+N68,4
AN,O69,=+O65+O66+O67+O68,4
AN,P69,=+P65+P66+P67+P68,4
AN,C71,=+C64,1
AN,D71,=+D64,1
AN,E71,=+E64,1
AN,F71,=+F64,1
AN,G71,=+G64,1
AN,H71,=+H64,1
AN,I71,=+I64,1
AN,J71,=+J64,1
AN,K71,=+K64,1
AN,L71,=+L64,1
AN,M71,=+M64,1
AN,N71,=+N64,1
AN,O71,=+O64,1
AN,P71,=+P64,1
AN,D72,=+C76,1
AN,E72,=+D76,1
AN,F72,=+E76,1
AN,G72,=+F76,1
AN,H72,=+G76,1
AN,I72,=+H76,1
AN,J72,=+I76,1
AN,K72,=+J76,1
AN,L72,=+K76,1
AN,M72,=+L76,1
AN,N72,=+M76,1
AN,O72,=+N76,1
AN,P72,=+D72,1
AN,D73,=-'Invest FD'!C10/1000,1
AN,F73,=-'Invest FD'!E10/1000,1
AN,G73,=-'Invest FD'!F10/1000,1
AN,H73,=-'Invest FD'!G10/1000,1
AN,I73,=-'Invest FD'!H10/1000,1
AN,K73,=-'Invest FD'!D10/1000,1
AN,L73,=-'Invest FD'!K10/1000,1
AN,M73,=-'Invest FD'!L10/1000,1
AN,N73,=-'Invest FD'!M10/1000,1
AN,O73,=-'Invest FD'!N10/1000,1
AN,P73,=SUM(D73:O73),1
AN,D74,=-D73,1
AN,E74,=-E73,1
AN,F74,=-F73,1
AN,G74,=-G73,1
AN,H74,=-H73,1
AN,I74,=-I73,1
AN,K74,=-K73,1
AN,L74,=-L73,1
AN,M74,=-M73,1
AN,N74,=-N73,1
AN,O74,=-O73,1
AN,P74,=SUM(D74:O74),1
AN,E75,=-E72,1
AN,P75,=SUM(D75:O75),1
AN,C76,=+C23,1
AN,D76,=+D72+D73+D74+D75,4
AN,E76,=+E72+E73+E74+E75,4
AN,F76,=+F72+F73+F74+F75,4
AN,G76,=+G72+G73+G74+G75,4
AN,H76,=+H72+H73+H74+H75,4
AN,I76,=+I72+I73+I74+I75,4
AN,J76,=+J72+J73+J74+J75,4
AN,K76,=+K72+K73+K74+K75,4
AN,L76,=+L72+L73+L74+L75,4
AN,M76,=+M72+M73+M74+M75,4
AN,N76,=+N72+N73+N74+N75,4
AN,O76,=+O72+O73+O74+O75,4
AN,P76,=+P72+P73+P74+P75,4
AN,C78,=+C71,1
AN,D78,=+D71,1
AN,E78,=+E71,1
AN,F78,=+F71,1
AN,G78,=+G71,1
AN,H78,=+H71,1
AN,I78,=+I71,1
AN,J78,=+J71,1
AN,K78,=+K71,1
AN,L78,=+L71,1
AN,M78,=+M71,1
AN,N78,=+N71,1
AN,O78,=+O71,1
AN,P78,=+P71,1
AN,D79,=+C83,1
AN,E79,=+D83,1
AN,F79,=+E83,1
AN,G79,=+F83,1
AN,H79,=+G83,1
AN,I79,=+H83,1
AN,J79,=+I83,1
AN,K79,=+J83,1
AN,L79,=+K83,1
AN,M79,=+L83,1
AN,N79,=+M83,1
AN,O79,=+N83,1
AN,P79,=+D79,1
AN,D80,=-Prestation!D79/1000,1
AN,E80,=-Prestation!E79/1000,1
AN,F80,=-Prestation!F79/1000,1
AN,G80,=-Prestation!G79/1000,1
AN,H80,=-Prestation!H79/1000,1
AN,I80,=-Prestation!I79/1000,1
AN,J80,=-Prestation!J79/1000,1
AN,K80,=-Prestation!K79/1000,1
AN,L80,=-Prestation!L79/1000,1
AN,M80,=-Prestation!M79/1000,1
AN,N80,=-Prestation!N79/1000,1
AN,O80,=-Prestation!O79/1000,1
AN,P80,=SUM(D80:O80),1
AN,P81,=SUM(D81:O81),1
AN,D82,=-D80,1
AN,E82,=-E80,1
AN,F82,=-F80,1
AN,G82,=-G80,1
AN,H82,=-H80,1
AN,I82,=-I80,1
AN,J82,=-J80,1
AN,K82,=-K80,1
AN,L82,=-L80,1
AN,M82,=-M80,1
AN,N82,=-N80,1
AN,O82,=-O80,1
AN,P82,=SUM(D82:O82),1
AN,C83,=+C24,1
AN,D83,=+D79+D80+D81+D82,4
AN,E83,=+E79+E80+E81+E82,4
AN,F83,=+F79+F80+F81+F82,4
AN,G83,=+G79+G80+G81+G82,4
AN,H83,=+H79+H80+H81+H82,4
AN,I83,=+I79+I80+I81+I82,4
AN,J83,=+J79+J80+J81+J82,4
AN,K83,=+K79+K80+K81+K82,4
AN,L83,=+L79+L80+L81+L82,4
AN,M83,=+M79+M80+M81+M82,4
AN,N83,=+N79+N80+N81+N82,4
AN,O83,=+O79+O80+O81+O82,4
AN,P83,=+P79+P80+P81+P82,4
AN,B85,=+B25,1
AN,P85,=SUM(H85:O85),1
AN,Q85,=+C85+Q69,2
AN,C87,=+C78,1
AN,D87,=+D78,1
AN,E87,=+E78,1
AN,F87,=+F78,1
AN,G87,=+G78,1
AN,H87,=+H78,1
AN,I87,=+I78,1
AN,J87,=+J78,1
AN,K87,=+K78,1
AN,L87,=+L78,1
AN,M87,=+M78,1
AN,N87,=+N78,1
AN,O87,=+O78,1
AN,P87,=+P78,1
AN,D88,=+C91,1
AN,E88,=+D91,1
AN,F88,=+E91,1
AN,G88,=+F91,1
AN,H88,=+G91,1
AN,I88,=+H91,1
AN,J88,=+I91,1
AN,K88,=+J91,1
AN,L88,=+K91,1
AN,M88,=+L91,1
AN,N88,=+M91,1
AN,O88,=+N91,1
AN,P88,=+D88,1
AN,D89,=Sal!D181/1000,1
AN,E89,=Sal!E181/1000,1
AN,F89,=Sal!F181/1000,1
AN,G89,=Sal!G181/1000,1
AN,H89,=Sal!H181/1000,1
AN,I89,=Sal!I181/1000,1
AN,J89,=Sal!J181/1000,1
AN,K89,=Sal!K181/1000,1
AN,L89,=Sal!L181/1000,1
AN,M89,=Sal!M181/1000,1
AN,N89,=Sal!N181/1000,1
AN,O89,=Sal!O181/1000,1
AN,P89,=SUM(D89:O89),1
AN,D90,=-D88-D89,2
AN,E90,=-E89,1
AN,F90,=-F89-F88*0.6,2
AN,G90,=-G89-G88*0.6,2
AN,H90,=-H89-H88*0.6,2
AN,I90,=-I89-I88*0.6,2
AN,J90,=-J89-J88*0.6,2
AN,K90,=-K89-K88,2
AN,L90,=-L89-L88,2
AN,M90,=-M89-M88,2
AN,N90,=-N89-N88,2
AN,O90,=-O89-O88,2
AN,P90,=SUM(D90:O90),1
AN,C91,=+C26,1
AN,D91,=+D88+D89+D90,3
AN,E91,=+E88+E89+E90,3
AN,F91,=+F88+F89+F90,3
AN,G91,=+G88+G89+G90,3
AN,H91,=+H88+H89+H90,3
AN,I91,=+I88+I89+I90,3
AN,J91,=+J88+J89+J90,3
AN,K91,=+K88+K89+K90,3
AN,L91,=+L88+L89+L90,3
AN,M91,=+M88+M89+M90,3
AN,N91,=+N88+N89+N90,3
AN,O91,=+O88+O89+O90,3
AN,P91,=+P88+P89+P90,3
AN,P92,=+P88+P89+P90+P91,4
AN,C93,=+C87,1
AN,D93,=+D87,1
AN,E93,=+E87,1
AN,F93,=+F87,1
AN,G93,=+G87,1
AN,H93,=+H87,1
AN,I93,=+I87,1
AN,J93,=+J87,1
AN,K93,=+K87,1
AN,L93,=+L87,1
AN,M93,=+M87,1
AN,N93,=+N87,1
AN,O93,=+O87,1
AN,P93,=+P87,1
AN,D94,=+C97,1
AN,E94,=+D97,1
AN,F94,=+E97,1
AN,G94,=+F97,1
AN,H94,=+G97,1
AN,I94,=+H97,1
AN,J94,=+I97,1
AN,K94,=+J97,1
AN,L94,=+K97,1
AN,M94,=+L97,1
AN,N94,=+M97,1
AN,O94,=+N97,1
AN,P94,=+D94,1
AN,D95,=(Sal!D178+Sal!D179)/1000,2
AN,E95,=(Sal!E178+Sal!E179)/1000,2
AN,F95,=(Sal!F178+Sal!F179)/1000,2
AN,G95,=(Sal!G178+Sal!G179)/1000,2
AN,H95,=(Sal!H178+Sal!H179)/1000,2
AN,I95,=(Sal!I178+Sal!I179)/1000,2
AN,J95,=(Sal!J178+Sal!J179)/1000,2
AN,K95,=(Sal!K178+Sal!K179)/1000,2
AN,L95,=(Sal!L178+Sal!L179)/1000,2
AN,M95,=(Sal!M178+Sal!M179)/1000,2
AN,N95,=(Sal!N178+Sal!N179)/1000,2
AN,O95,=(Sal!O178+Sal!O179)/1000,2
AN,P95,=SUM(D95:O95),1
AN,G96,=-SUM(D95:F95),1
AN,J96,=-SUM(G95:I95),1
AN,M96,=-J95-K95-L95,3
AN,N96,=-N94-N95,2
AN,O96,=-O94-O95,2
AN,P96,=SUM(D96:O96),1
AN,C97,=+C27,1
AN,D97,=+D94+D95+D96,3
AN,E97,=+E94+E95+E96,3
AN,F97,=+F94+F95+F96,3
AN,G97,=+G94+G95+G96,3
AN,H97,=+H94+H95+H96,3
AN,I97,=+I94+I95+I96,3
AN,J97,=+J94+J95+J96,3
AN,K97,=+K94+K95+K96,3
AN,L97,=+L94+L95+L96,3
AN,M97,=+M94+M95+M96,3
AN,N97,=+N94+N95+N96,3
AN,O97,=+O94+O95+O96,3
AN,P97,=+P94+P95+P96,3
AN,B99,=+B28,1
AN,C99,=+C93,1
AN,D99,=+D93,1
AN,E99,=+E93,1
AN,F99,=+F93,1
AN,G99,=+G93,1
AN,H99,=+H93,1
AN,I99,=+I93,1
AN,J99,=+J93,1
AN,K99,=+K93,1
AN,L99,=+L93,1
AN,M99,=+M93,1
AN,N99,=+N93,1
AN,O99,=+O93,1
AN,P99,=+P93,1
AN,D100,=+C103,1
AN,E100,=+D103,1
AN,F100,=+E103,1
AN,G100,=+F103,1
AN,H100,=+G103,1
AN,I100,=+H103,1
AN,J100,=+I103,1
AN,K100,=+J103,1
AN,L100,=+K103,1
AN,M100,=+L103,1
AN,N100,=+M103,1
AN,O100,=+N103,1
AN,P100,=+D100,1
AN,P101,=SUM(H101:O101),1
AN,P102,=SUM(H102:O102),1
AN,C103,=+C28,1
AN,D103,=+D100+D101+D102,3
AN,E103,=+E100+E101+E102,3
AN,F103,=+F100+F101+F102,3
AN,G103,=+G100+G101+G102,3
AN,H103,=+H100+H101+H102,3
AN,I103,=+I100+I101+I102,3
AN,J103,=+J100+J101+J102,3
AN,K103,=+K100+K101+K102,3
AN,L103,=+L100+L101+L102,3
AN,M103,=+M100+M101+M102,3
AN,N103,=+N100+N101+N102,3
AN,O103,=+O100+O101+O102,3
AN,P103,=+P100+P101+P102,3
AN,C105,=+C99,1
AN,D105,=+D99,1
AN,E105,=+E99,1
AN,F105,=+F99,1
AN,G105,=+G99,1
AN,H105,=+H99,1
AN,I105,=+I99,1
AN,J105,=+J99,1
AN,K105,=+K99,1
AN,L105,=+L99,1
AN,M105,=+M99,1
AN,N105,=+N99,1
AN,O105,=+O99,1
AN,P105,=+P99,1
AN,D106,=+C109,1
AN,E106,=+D109,1
AN,F106,=+E109,1
AN,G106,=+F109,1
AN,H106,=+G109,1
AN,I106,=+H109,1
AN,J106,=+I109,1
AN,K106,=+J109,1
AN,L106,=+K109,1
AN,M106,=+L109,1
AN,N106,=+M109,1
AN,O106,=+N109,1
AN,P106,=+D106,1
AN,D107,=+Sal!D180/1000,1
AN,E107,=+Sal!E180/1000,1
AN,F107,=+Sal!F180/1000,1
AN,G107,=+Sal!G180/1000,1
AN,H107,=+Sal!H180/1000,1
AN,I107,=+Sal!I180/1000,1
AN,J107,=+Sal!J180/1000,1
AN,K107,=+Sal!K180/1000,1
AN,L107,=+Sal!L180/1000,1
AN,M107,=+Sal!M180/1000,1
AN,N107,=+Sal!N180/1000,1
AN,O107,=+Sal!O180/1000,1
AN,P107,=SUM(D107:O107),1
AN,D108,=-D106,1
AN,E108,=-E106,1
AN,F108,=-F106,1
AN,G108,=-G106,1
AN,H108,=-H106,1
AN,I108,=-I106,1
AN,J108,=-J106,1
AN,K108,=-K106,1
AN,L108,=-L106,1
AN,M108,=-M106,1
AN,N108,=-N106,1
AN,O108,=-O106,1
AN,P108,=SUM(D108:O108),1
AN,C109,=+C29,1
AN,D109,=+D106+D107+D108,3
AN,E109,=+E106+E107+E108,3
AN,F109,=+F106+F107+F108,3
AN,G109,=+G106+G107+G108,3
AN,H109,=+H106+H107+H108,3
AN,I109,=+I106+I107+I108,3
AN,J109,=+J106+J107+J108,3
AN,K109,=+K106+K107+K108,3
AN,L109,=+L106+L107+L108,3
AN,M109,=+M106+M107+M108,3
AN,N109,=+N106+N107+N108,3
AN,O109,=+O106+O107+O108,3
AN,P109,=+P106+P107+P108,3
AN,C111,=+C105,1
AN,D111,=+D105,1
AN,E111,=+E105,1
AN,F111,=+F105,1
AN,G111,=+G105,1
AN,H111,=+H105,1
AN,I111,=+I105,1
AN,J111,=+J105,1
AN,K111,=+K105,1
AN,L111,=+L105,1
AN,M111,=+M105,1
AN,N111,=+N105,1
AN,O111,=+O105,1
AN,P111,=+P105,1
AN,D112,=+C116,1
AN,E112,=+D116,1
AN,F112,=+E116,1
AN,G112,=+F116,1
AN,H112,=+G116,1
AN,I112,=+H116,1
AN,J112,=+I116,1
AN,K112,=+J116,1
AN,L112,=+K116,1
AN,M112,=+L116,1
AN,N112,=+M116,1
AN,O112,=+N116,1
AN,P112,=+D112,1
AN,O113,=-'CR Nature FD'!N28/1000,1
AN,P113,=SUM(D113:O113),1
AN,P114,=SUM(D114:O114),1
AN,H115,=-H112,1
AN,P115,=SUM(D115:O115),1
AN,C116,=+C30,1
AN,D116,=SUM(D112:D115),1
AN,E116,=SUM(E112:E115),1
AN,F116,=SUM(F112:F115),1
AN,G116,=SUM(G112:G115),1
AN,H116,=SUM(H112:H115),1
AN,I116,=SUM(I112:I115),1
AN,J116,=SUM(J112:J115),1
AN,K116,=SUM(K112:K115),1
AN,L116,=SUM(L112:L115),1
AN,M116,=SUM(M112:M115),1
AN,N116,=SUM(N112:N115),1
AN,O116,=SUM(O112:O115),1
AN,P116,=SUM(P112:P115),1
AN,B118,=+B31,1
AN,C118,=+C111,1
AN,D118,=+D111,1
AN,E118,=+E111,1
AN,F118,=+F111,1
AN,G118,=+G111,1
AN,H118,=+H111,1
AN,I118,=+I111,1
AN,J118,=+J111,1
AN,K118,=+K111,1
AN,L118,=+L111,1
AN,M118,=+M111,1
AN,N118,=+N111,1
AN,O118,=+O111,1
AN,P118,=+P111,1
AN,D119,=+C122,1
AN,E119,=+D122,1
AN,F119,=+E122,1
AN,G119,=+F122,1
AN,H119,=+G122,1
AN,I119,=+H122,1
AN,J119,=+I122,1
AN,K119,=+J122,1
AN,L119,=+K122,1
AN,M119,=+L122,1
AN,N119,=+M122,1
AN,O119,=+N122,1
AN,P119,=+D119,1
AN,D120,=-CA!C33/1000,1
AN,E120,=-CA!D33/1000,1
AN,F120,=-CA!E33/1000,1
AN,G120,=-CA!F33/1000,1
AN,H120,=-CA!G33/1000,1
AN,I120,=-CA!H33/1000,1
AN,J120,=-CA!I33/1000,1
AN,K120,=-CA!J33/1000,1
AN,L120,=-CA!K33/1000,1
AN,M120,=-CA!L33/1000,1
AN,N120,=-CA!M33/1000,1
AN,O120,=-CA!N33/1000,1
AN,P120,=SUM(D120:O120),1
AN,D121,=-D119-D120,2
AN,E121,=-E119-E120,2
AN,F121,=-F119-F120,2
AN,G121,=-G119-G120,2
AN,H121,=-H119-H120,2
AN,I121,=-I119-I120,2
AN,J121,=-J119-J120,2
AN,K121,=-K119-K120,2
AN,L121,=-L119-L120,2
AN,M121,=-M119-M120,2
AN,N121,=-N119-N120,2
AN,O121,=-O119-O120,2
AN,P121,=SUM(D121:O121),1
AN,C122,=+C31,1
AN,D122,=SUM(D119:D121),1
AN,E122,=SUM(E119:E121),1
AN,F122,=SUM(F119:F121),1
AN,G122,=SUM(G119:G121),1
AN,H122,=SUM(H119:H121),1
AN,I122,=SUM(I119:I121),1
AN,J122,=SUM(J119:J121),1
AN,K122,=SUM(K119:K121),1
AN,L122,=SUM(L119:L121),1
AN,M122,=SUM(M119:M121),1
AN,N122,=SUM(N119:N121),1
AN,O122,=SUM(O119:O121),1
AN,P122,=SUM(P119:P121),1
AN,C124,=+C111,1
AN,D124,=+D111,1
AN,E124,=+E111,1
AN,F124,=+F111,1
AN,G124,=+G111,1
AN,H124,=+H111,1
AN,I124,=+I111,1
AN,J124,=+J111,1
AN,K124,=+K111,1
AN,L124,=+L111,1
AN,M124,=+M111,1
AN,N124,=+N111,1
AN,O124,=+O111,1
AN,P124,=+P111,1
AN,D125,=+C136,1
AN,E125,=+D136,1
AN,F125,=+E136,1
AN,G125,=+F136,1
AN,H125,=+G136,1
AN,I125,=+H136,1
AN,J125,=+I136,1
AN,K125,=+J136,1
AN,L125,=+K136,1
AN,M125,=+L136,1
AN,N125,=+M136,1
AN,O125,=+N136,1
AN,P125,=+D125,1
AN,B126,=+'I&T'!B3,1
AN,D126,=-'I&T'!D3/1000,1
AN,E126,=-'I&T'!E3/1000,1
AN,F126,=-'I&T'!F3/1000,1
AN,G126,=-'I&T'!G3/1000,1
AN,H126,=-'I&T'!H3/1000,1
AN,I126,=-'I&T'!I3/1000,1
AN,J126,=-'I&T'!J3/1000,1
AN,K126,=-'I&T'!K3/1000,1
AN,L126,=-'I&T'!L3/1000,1
AN,M126,=-'I&T'!M3/1000,1
AN,N126,=-'I&T'!N3/1000,1
AN,O126,=-'I&T'!O3/1000,1
AN,P126,=SUM(D126:O126),1
AN,B127,=+'I&T'!B4,1
AN,D127,=-'I&T'!D4/1000,1
AN,E127,=-'I&T'!E4/1000,1
AN,F127,=-'I&T'!F4/1000,1
AN,G127,=-'I&T'!G4/1000,1
AN,H127,=-'I&T'!H4/1000,1
AN,I127,=-'I&T'!I4/1000,1
AN,J127,=-'I&T'!J4/1000,1
AN,K127,=-'I&T'!K4/1000,1
AN,L127,=-'I&T'!L4/1000,1
AN,M127,=-'I&T'!M4/1000,1
AN,N127,=-'I&T'!N4/1000,1
AN,O127,=-'I&T'!O4/1000,1
AN,P127,=SUM(D127:O127),1
AN,B128,=+'I&T'!B5,1
AN,D128,=-'I&T'!D5/1000,1
AN,E128,=-'I&T'!E5/1000,1
AN,F128,=-'I&T'!F5/1000,1
AN,G128,=-'I&T'!G5/1000,1
AN,H128,=-'I&T'!H5/1000,1
AN,I128,=-'I&T'!I5/1000,1
AN,J128,=-'I&T'!J5/1000,1
AN,K128,=-'I&T'!K5/1000,1
AN,L128,=-'I&T'!L5/1000,1
AN,M128,=-'I&T'!M5/1000,1
AN,N128,=-'I&T'!N5/1000,1
AN,O128,=-'I&T'!O5/1000,1
AN,P128,=SUM(D128:O128),1
AN,B129,=+'I&T'!B6,1
AN,D129,=-'I&T'!D6/1000,1
AN,E129,=-'I&T'!E6/1000,1
AN,F129,=-'I&T'!F6/1000,1
AN,G129,=-'I&T'!G6/1000,1
AN,H129,=-'I&T'!H6/1000,1
AN,I129,=-'I&T'!I6/1000,1
AN,J129,=-'I&T'!J6/1000,1
AN,K129,=-'I&T'!K6/1000,1
AN,L129,=-'I&T'!L6/1000,1
AN,M129,=-'I&T'!M6/1000,1
AN,N129,=-'I&T'!N6/1000,1
AN,O129,=-'I&T'!O6/1000,1
AN,P129,=SUM(D129:O129),1
AN,B130,=+'I&T'!B7,1
AN,D130,=-'I&T'!D7/1000,1
AN,E130,=-'I&T'!E7/1000,1
AN,F130,=-'I&T'!F7/1000,1
AN,G130,=-'I&T'!G7/1000,1
AN,H130,=-'I&T'!H7/1000,1
AN,I130,=-'I&T'!I7/1000,1
AN,J130,=-'I&T'!J7/1000,1
AN,K130,=-'I&T'!K7/1000,1
AN,L130,=-'I&T'!L7/1000,1
AN,M130,=-'I&T'!M7/1000,1
AN,N130,=-'I&T'!N7/1000,1
AN,O130,=-'I&T'!O7/1000,1
AN,P130,=SUM(D130:O130),1
AN,B131,=+'I&T'!B8,1
AN,D131,=-'I&T'!D8/1000,1
AN,E131,=-'I&T'!E8/1000,1
AN,F131,=-'I&T'!F8/1000,1
AN,G131,=-'I&T'!G8/1000,1
AN,H131,=-'I&T'!H8/1000,1
AN,I131,=-'I&T'!I8/1000,1
AN,J131,=-'I&T'!J8/1000,1
AN,K131,=-'I&T'!K8/1000,1
AN,L131,=-'I&T'!L8/1000,1
AN,M131,=-'I&T'!M8/1000,1
AN,N131,=-'I&T'!N8/1000,1
AN,O131,=-'I&T'!O8/1000,1
AN,P131,=SUM(D131:O131),1
AN,B132,=+'I&T'!B9,1
AN,D132,=-'I&T'!D9/1000,1
AN,E132,=-'I&T'!E9/1000,1
AN,F132,=-'I&T'!F9/1000,1
AN,G132,=-'I&T'!G9/1000,1
AN,H132,=-'I&T'!H9/1000,1
AN,I132,=-'I&T'!I9/1000,1
AN,J132,=-'I&T'!J9/1000,1
AN,K132,=-'I&T'!K9/1000,1
AN,L132,=-'I&T'!L9/1000,1
AN,M132,=-'I&T'!M9/1000,1
AN,N132,=-'I&T'!N9/1000,1
AN,O132,=-'I&T'!O9/1000,1
AN,P132,=SUM(D132:O132),1
AN,B133,=+'I&T'!B10,1
AN,D133,=-'I&T'!D10/1000,1
AN,E133,=-'I&T'!E10/1000,1
AN,F133,=-'I&T'!F10/1000,1
AN,G133,=-'I&T'!G10/1000,1
AN,H133,=-'I&T'!H10/1000,1
AN,I133,=-'I&T'!I10/1000,1
AN,J133,=-'I&T'!J10/1000,1
AN,K133,=-'I&T'!K10/1000,1
AN,L133,=-'I&T'!L10/1000,1
AN,M133,=-'I&T'!M10/1000,1
AN,N133,=-'I&T'!N10/1000,1
AN,O133,=-'I&T'!O10/1000,1
AN,P133,=SUM(D133:O133),1
AN,B134,=+'I&T'!B11,1
AN,D134,=-'I&T'!D11/1000,1
AN,E134,=-'I&T'!E11/1000,1
AN,F134,=-'I&T'!F11/1000,1
AN,G134,=-'I&T'!G11/1000,1
AN,H134,=-'I&T'!H11/1000,1
AN,I134,=-'I&T'!I11/1000,1
AN,J134,=-'I&T'!J11/1000,1
AN,K134,=-'I&T'!K11/1000,1
AN,L134,=-'I&T'!L11/1000,1
AN,M134,=-'I&T'!M11/1000,1
AN,N134,=-'I&T'!N11/1000,1
AN,O134,=-'I&T'!O11/1000,1
AN,P134,=SUM(D134:O134),1
AN,D135,=-SUM(D126:D134)-D125,2
AN,E135,=-SUM(E126:E134),1
AN,F135,=-SUM(F126:F134),1
AN,G135,=-SUM(G126:G134),1
AN,H135,=-SUM(H126:H134),1
AN,I135,=-SUM(I126:I134),1
AN,J135,=-SUM(J126:J134),1
AN,K135,=-SUM(K126:K134),1
AN,L135,=-SUM(L126:L134),1
AN,M135,=-SUM(M126:M134),1
AN,N135,=-SUM(N126:N134),1
AN,O135,=-SUM(O126:O134),1
AN,P135,=SUM(D135:O135),1
AN,C136,=+C32,1
AN,D136,=SUM(D125:D135),1
AN,E136,=SUM(E125:E135),1
AN,F136,=SUM(F125:F135),1
AN,G136,=SUM(G125:G135),1
AN,H136,=SUM(H125:H135),1
AN,I136,=SUM(I125:I135),1
AN,J136,=SUM(J125:J135),1
AN,K136,=SUM(K125:K135),1
AN,L136,=SUM(L125:L135),1
AN,M136,=SUM(M125:M135),1
AN,N136,=SUM(N125:N135),1
AN,O136,=SUM(O125:O135),1
AN,P136,=SUM(P125:P135),1
AN,B138,=+B34,1
AN,C138,=+C124,1
AN,D138,=+D124,1
AN,E138,=+E124,1
AN,F138,=+F124,1
AN,G138,=+G124,1
AN,H138,=+H124,1
AN,I138,=+I124,1
AN,J138,=+J124,1
AN,K138,=+K124,1
AN,L138,=+L124,1
AN,M138,=+M124,1
AN,N138,=+N124,1
AN,O138,=+O124,1
AN,P138,=+P124,1
AN,D139,=+C143,1
AN,E139,=+D143,1
AN,F139,=+E143,1
AN,G139,=+F143,1
AN,H139,=+G143,1
AN,I139,=+H143,1
AN,J139,=+I143,1
AN,K139,=+J143,1
AN,L139,=+K143,1
AN,M139,=+L143,1
AN,N139,=+M143,1
AN,O139,=+N143,1
AN,P139,=+D139,1
AN,P140,=SUM(D140:O140),1
AN,P141,=SUM(D141:O141),1
AN,P142,=SUM(D142:O142),1
AN,C143,=+C34,1
AN,D143,=SUM(D139:D142),1
AN,E143,=SUM(E139:E142),1
AN,F143,=SUM(F139:F142),1
AN,G143,=SUM(G139:G142),1
AN,H143,=SUM(H139:H142),1
AN,I143,=SUM(I139:I142),1
AN,J143,=SUM(J139:J142),1
AN,K143,=SUM(K139:K142),1
AN,L143,=SUM(L139:L142),1
AN,M143,=SUM(M139:M142),1
AN,N143,=SUM(N139:N142),1
AN,O143,=SUM(O139:O142),1
AN,P143,=SUM(P139:P142),1
AN,C145,=+C138,1
AN,D145,=+D138,1
AN,E145,=+E138,1
AN,F145,=+F138,1
AN,G145,=+G138,1
AN,H145,=+H138,1
AN,I145,=+I138,1
AN,J145,=+J138,1
AN,K145,=+K138,1
AN,L145,=+L138,1
AN,M145,=+M138,1
AN,N145,=+N138,1
AN,O145,=+O138,1
AN,P145,=+P138,1
AN,D146,=+C150,1
AN,E146,=+D150,1
AN,F146,=+E150,1
AN,G146,=+F150,1
AN,H146,=+G150,1
AN,I146,=+H150,1
AN,J146,=+I150,1
AN,K146,=+J150,1
AN,L146,=+K150,1
AN,M146,=+L150,1
AN,N146,=+M150,1
AN,O146,=+N150,1
AN,P146,=+D146,1
AN,P147,=SUM(D147:O147),1
AN,P148,=SUM(D148:O148),1
AN,P149,=SUM(D149:O149),1
AN,C150,=+C35,1
AN,D150,=SUM(D146:D149),1
AN,E150,=SUM(E146:E149),1
AN,F150,=SUM(F146:F149),1
AN,G150,=SUM(G146:G149),1
AN,H150,=SUM(H146:H149),1
AN,I150,=SUM(I146:I149),1
AN,J150,=SUM(J146:J149),1
AN,K150,=SUM(K146:K149),1
AN,L150,=SUM(L146:L149),1
AN,M150,=SUM(M146:M149),1
AN,N150,=SUM(N146:N149),1
AN,O150,=SUM(O146:O149),1
AN,P150,=SUM(P146:P149),1
AN,B152,=+B36,1
AN,C152,=+C145,1
AN,D152,=+D145,1
AN,E152,=+E145,1
AN,F152,=+F145,1
AN,G152,=+G145,1
AN,H152,=+H145,1
AN,I152,=+I145,1
AN,J152,=+J145,1
AN,K152,=+K145,1
AN,L152,=+L145,1
AN,M152,=+M145,1
AN,N152,=+N145,1
AN,O152,=+O145,1
AN,P152,=+P145,1
AN,D153,=+C156,1
AN,E153,=+D156,1
AN,F153,=+E156,1
AN,G153,=+F156,1
AN,H153,=+G156,1
AN,I153,=+H156,1
AN,J153,=+I156,1
AN,K153,=+J156,1
AN,L153,=+K156,1
AN,M153,=+L156,1
AN,N153,=+M156,1
AN,O153,=+N156,1
AN,P153,=+D153,1
AN,D154,=-Autres!C5/1000,1
AN,E154,=-Autres!D5/1000,1
AN,F154,=-Autres!E5/1000,1
AN,G154,=-Autres!F5/1000,1
AN,H154,=-Autres!G5/1000,1
AN,I154,=-Autres!H5/1000,1
AN,J154,=-Autres!I5/1000,1
AN,K154,=-Autres!J5/1000,1
AN,L154,=-Autres!K5/1000,1
AN,M154,=-Autres!L5/1000,1
AN,N154,=-Autres!M5/1000,1
AN,O154,=-Autres!N5/1000,1
AN,P154,=SUM(D154:O154),1
AN,D155,=-SUM(D153:D154),1
AN,E155,=-SUM(E153:E154),1
AN,F155,=-SUM(F153:F154),1
AN,G155,=-SUM(G153:G154),1
AN,H155,=-SUM(H153:H154),1
AN,I155,=-SUM(I153:I154),1
AN,J155,=-SUM(J153:J154),1
AN,K155,=-SUM(K153:K154),1
AN,L155,=-SUM(L153:L154),1
AN,M155,=-SUM(M153:M154),1
AN,N155,=-SUM(N153:N154),1
AN,O155,=-SUM(O153:O154),1
AN,P155,=SUM(D155:O155),1
AN,C156,=+C36+C33,2
AN,D156,=SUM(D153:D155),1
AN,E156,=SUM(E153:E155),1
AN,F156,=SUM(F153:F155),1
AN,G156,=SUM(G153:G155),1
AN,H156,=SUM(H153:H155),1
AN,I156,=SUM(I153:I155),1
AN,J156,=SUM(J153:J155),1
AN,K156,=SUM(K153:K155),1
AN,L156,=SUM(L153:L155),1
AN,M156,=SUM(M153:M155),1
AN,N156,=SUM(N153:N155),1
AN,O156,=SUM(O153:O155),1
AN,P156,=SUM(P153:P155),1
AN,C158,=+C156+C150+C143+C136+C122+C116+C109+C103+C97+C91+C85+C83+C76+C69,14
AN,D158,=+D155+D154+D149+D148+D147+D142+D141+D140+D135+D134+D133+D132+D131+D130+D129+D128+D126+D115+D114+D113+D108+D107+D102+D101+D96+D95+D90+D89+D85+D82+D81+D80+D75+D74+D73+D68+D67+D66+D120+D121,40
AN,E158,=+E155+E154+E149+E148+E147+E142+E141+E140+E135+E134+E133+E132+E131+E130+E129+E128+E126+E115+E114+E113+E108+E107+E102+E101+E96+E95+E90+E89+E85+E82+E81+E80+E75+E74+E73+E68+E67+E66+E120+E121,40
AN,F158,=+F155+F154+F149+F148+F147+F142+F141+F140+F135+F134+F133+F132+F131+F130+F129+F128+F126+F115+F114+F113+F108+F107+F102+F101+F96+F95+F90+F89+F85+F82+F81+F80+F75+F74+F73+F68+F67+F66+F120+F121,40
AN,G158,=+G155+G154+G149+G148+G147+G142+G141+G140+G135+G134+G133+G132+G131+G130+G129+G128+G126+G115+G114+G113+G108+G107+G102+G101+G96+G95+G90+G89+G85+G82+G81+G80+G75+G74+G73+G68+G67+G66+G120+G121,40
AN,H158,=+H155+H154+H149+H148+H147+H142+H141+H140+H135+H134+H133+H132+H131+H130+H129+H128+H126+H115+H114+H113+H108+H107+H102+H101+H96+H95+H90+H89+H85+H82+H81+H80+H75+H74+H73+H68+H67+H66+H120+H121,40
AN,I158,=+I155+I154+I149+I148+I147+I142+I141+I140+I135+I134+I133+I132+I131+I130+I129+I128+I126+I115+I114+I113+I108+I107+I102+I101+I96+I95+I90+I89+I85+I82+I81+I80+I75+I74+I73+I68+I67+I66+I120+I121,40
AN,J158,=+J155+J154+J149+J148+J147+J142+J141+J140+J135+J134+J133+J132+J131+J130+J129+J128+J126+J115+J114+J113+J108+J107+J102+J101+J96+J95+J90+J89+J85+J82+J81+J80+J75+J74+J73+J68+J67+J66+J120+J121,40
AN,K158,=+K155+K154+K149+K148+K147+K142+K141+K140+K135+K134+K133+K132+K131+K130+K129+K128+K126+K115+K114+K113+K108+K107+K102+K101+K96+K95+K90+K89+K85+K82+K81+K80+K75+K74+K73+K68+K67+K66+K120+K121,40
AN,L158,=+L155+L154+L149+L148+L147+L142+L141+L140+L135+L134+L133+L132+L131+L130+L129+L128+L126+L115+L114+L113+L108+L107+L102+L101+L96+L95+L90+L89+L85+L82+L81+L80+L75+L74+L73+L68+L67+L66+L120+L121,40
AN,M158,=+M155+M154+M149+M148+M147+M142+M141+M140+M135+M134+M133+M132+M131+M130+M129+M128+M126+M115+M114+M113+M108+M107+M102+M101+M96+M95+M90+M89+M85+M82+M81+M80+M75+M74+M73+M68+M67+M66+M120+M121,40
AN,N158,=+N155+N154+N149+N148+N147+N142+N141+N140+N135+N134+N133+N132+N131+N130+N129+N128+N126+N115+N114+N113+N108+N107+N102+N101+N96+N95+N90+N89+N85+N82+N81+N80+N75+N74+N73+N68+N67+N66+N120+N121,40
AN,O158,=+O155+O154+O149+O148+O147+O142+O141+O140+O135+O134+O133+O132+O131+O130+O129+O128+O126+O115+O114+O113+O108+O107+O102+O101+O96+O95+O90+O89+O85+O82+O81+O80+O75+O74+O73+O68+O67+O66+O120+O121,40
AN,P158,=+P156+P150+P143+P136+P122+P116+P109+P103+P97+P91+P85+P83+P76+P69,14
AN,C159,=+C158-C37,2
AN,D159,=+D158-D37,2
AN,E159,=+E158-E37,2
AN,F159,=+F158-F37,2
AN,G159,=+G158-G37,2
AN,H159,=+H158-H37,2
AN,I159,=+I158-I37,2
AN,J159,=+J158-J37,2
AN,K159,=+K158-K37,2
AN,L159,=+L158-L37,2
AN,M159,=+M158-M37,2
AN,N159,=+N158-N37,2
AN,O159,=+O158-O37,2
AN,P159,=+P158-P37,2
AN,C160,=+C145,1
AN,D160,=+D145,1
AN,E160,=+E145,1
AN,F160,=+F145,1
AN,G160,=+G145,1
AN,H160,=+H145,1
AN,I160,=+I145,1
AN,J160,=+J145,1
AN,K160,=+K145,1
AN,L160,=+L145,1
AN,M160,=+M145,1
AN,N160,=+N145,1
AN,O160,=+O145,1
AN,P160,=+P145,1
AN,D162,=+C169,1
AN,E162,=+D169,1
AN,F162,=+E169,1
AN,G162,=+F169,1
AN,H162,=+G169,1
AN,I162,=+H169,1
AN,J162,=+I169,1
AN,K162,=+J169,1
AN,L162,=+K169,1
AN,M162,=+L169,1
AN,N162,=+M169,1
AN,O162,=+N169,1
AN,P162,=+D162,1
AN,D163,=+Production!D54*Production!$P$71/1000,2
AN,E163,=+Production!E54*Production!$P$71/1000,2
AN,F163,=+Production!F54*Production!$P$71/1000,2
AN,G163,=+Production!G54*Production!$P$71/1000,2
AN,H163,=+Production!H54*Production!$P$71/1000,2
AN,I163,=+Production!I54*Production!$P$71/1000,2
AN,J163,=+Production!J54*Production!$P$71/1000,2
AN,K163,=+Production!K54*Production!$P$71/1000,2
AN,L163,=+Production!L54*Production!$P$71/1000,2
AN,M163,=+Production!M54*Production!$P$71/1000,2
AN,N163,=+Production!N54*Production!$P$71/1000,2
AN,O163,=+Production!O54*Production!$P$71/1000,2
AN,P163,=SUM(D163:O163),1
AN,D164,=-Production!D58*Production!$P$71/1000,2
AN,E164,=-Production!E58*Production!$P$71/1000,2
AN,F164,=-Production!F58*Production!$P$71/1000,2
AN,G164,=-Production!G58*Production!$P$71/1000,2
AN,H164,=-Production!H58*Production!$P$71/1000,2
AN,I164,=-Production!I58*Production!$P$71/1000,2
AN,J164,=-Production!J58*Production!$P$71/1000,2
AN,K164,=-Production!K58*Production!$P$71/1000,2
AN,L164,=-Production!L58*Production!$P$71/1000,2
AN,M164,=-Production!M58*Production!$P$71/1000,2
AN,N164,=-Production!N58*Production!$P$71/1000,2
AN,O164,=-Production!O58*Production!$P$71/1000,2
AN,P164,=SUM(D164:O164),1
AN,B166,=+B162,1
AN,P166,=+D166,1
AN,B167,=+B163,1
AN,D167,=-'Besoins en micas'!C17*'Besoins en micas'!$O$91/1000,2
AN,E167,=-'Besoins en micas'!D17*'Besoins en micas'!$O$91/1000,2
AN,F167,=-'Besoins en micas'!E17*'Besoins en micas'!$O$91/1000,2
AN,G167,=-'Besoins en micas'!F17*'Besoins en micas'!$O$91/1000,2
AN,H167,=-'Besoins en micas'!G17*'Besoins en micas'!$O$91/1000,2
AN,I167,=-'Besoins en micas'!H17*'Besoins en micas'!$O$91/1000,2
AN,J167,=-'Besoins en micas'!I17*'Besoins en micas'!$O$91/1000,2
AN,K167,=-'Besoins en micas'!J17*'Besoins en micas'!$O$91/1000,2
AN,L167,=-'Besoins en micas'!K17*'Besoins en micas'!$O$91/1000,2
AN,M167,=-'Besoins en micas'!L17*'Besoins en micas'!$O$91/1000,2
AN,N167,=-'Besoins en micas'!M17*'Besoins en micas'!$O$91/1000,2
AN,O167,=-'Besoins en micas'!N17*'Besoins en micas'!$O$91/1000,2
AN,P167,=SUM(D167:O167),1
AN,B168,=+B164,1
AN,D168,=+'Besoins en micas'!C21*'Besoins en micas'!$O$91/1000,2
AN,E168,=+'Besoins en micas'!D21*'Besoins en micas'!$O$91/1000,2
AN,F168,=+'Besoins en micas'!E21*'Besoins en micas'!$O$91/1000,2
AN,G168,=+'Besoins en micas'!F21*'Besoins en micas'!$O$91/1000,2
AN,H168,=+'Besoins en micas'!G21*'Besoins en micas'!$O$91/1000,2
AN,I168,=+'Besoins en micas'!H21*'Besoins en micas'!$O$91/1000,2
AN,J168,=+'Besoins en micas'!I21*'Besoins en micas'!$O$91/1000,2
AN,K168,=+'Besoins en micas'!J21*'Besoins en micas'!$O$91/1000,2
AN,L168,=+'Besoins en micas'!K21*'Besoins en micas'!$O$91/1000,2
AN,M168,=+'Besoins en micas'!L21*'Besoins en micas'!$O$91/1000,2
AN,N168,=+'Besoins en micas'!M21*'Besoins en micas'!$O$91/1000,2
AN,O168,=+'Besoins en micas'!N21*'Besoins en micas'!$O$91/1000,2
AN,P168,=SUM(D168:O168),1
AN,C169,=+Production!D50,1
AN,D169,=SUM(D162:D168),1
AN,E169,=SUM(E162:E168),1
AN,F169,=SUM(F162:F168),1
AN,G169,=SUM(G162:G168),1
AN,H169,=SUM(H162:H168),1
AN,I169,=SUM(I162:I168),1
AN,J169,=SUM(J162:J168),1
AN,K169,=SUM(K162:K168),1
AN,L169,=SUM(L162:L168),1
AN,M169,=SUM(M162:M168),1
AN,N169,=SUM(N162:N168),1
AN,O169,=SUM(O162:O168),1
AN,P169,=SUM(P162:P168),1
AN,C171,=+C160,1
AN,D171,=+D160,1
AN,E171,=+E160,1
AN,F171,=+F160,1
AN,G171,=+G160,1
AN,H171,=+H160,1
AN,I171,=+I160,1
AN,J171,=+J160,1
AN,K171,=+K160,1
AN,L171,=+L160,1
AN,M171,=+M160,1
AN,N171,=+N160,1
AN,O171,=+O160,1
AN,P171,=+P160,1
AN,D172,=+C175,1
AN,E172,=+D175,1
AN,F172,=+E175,1
AN,G172,=+F175,1
AN,H172,=+G175,1
AN,I172,=+H175,1
AN,J172,=+I175,1
AN,K172,=+J175,1
AN,L172,=+K175,1
AN,M172,=+L175,1
AN,N172,=+M175,1
AN,O172,=+N175,1
AN,P172,=+D172,1
AN,P173,=SUM(D173:O173),1
AN,P174,=SUM(D174:O174),1
AN,C175,=+C42,1
AN,D175,=SUM(D171:D174),1
AN,E175,=SUM(E171:E174),1
AN,F175,=SUM(F171:F174),1
AN,G175,=SUM(G171:G174),1
AN,H175,=SUM(H171:H174),1
AN,I175,=SUM(I171:I174),1
AN,J175,=SUM(J171:J174),1
AN,K175,=SUM(K171:K174),1
AN,L175,=SUM(L171:L174),1
AN,M175,=SUM(M171:M174),1
AN,N175,=SUM(N171:N174),1
AN,O175,=SUM(O171:O174),1
AN,P175,=SUM(P171:P174),1
AN,C177,=+C160,1
AN,D177,=+D160,1
AN,E177,=+E160,1
AN,F177,=+F160,1
AN,G177,=+G160,1
AN,H177,=+H160,1
AN,I177,=+I160,1
AN,J177,=+J160,1
AN,K177,=+K160,1
AN,L177,=+L160,1
AN,M177,=+M160,1
AN,N177,=+N160,1
AN,O177,=+O160,1
AN,P177,=+P160,1
AN,D178,=+C181,1
AN,E178,=+D181,1
AN,F178,=+E181,1
AN,G178,=+F181,1
AN,H178,=+G181,1
AN,I178,=+H181,1
AN,J178,=+I181,1
AN,K178,=+J181,1
AN,L178,=+K181,1
AN,M178,=+L181,1
AN,N178,=+M181,1
AN,O178,=+N181,1
AN,P178,=+D178,1
AN,D179,=+CA!D38,1
AN,E179,=+CA!E38,1
AN,F179,=+CA!F38,1
AN,G179,=+CA!G38,1
AN,H179,=+CA!H38,1
AN,I179,=+CA!I38,1
AN,J179,=+CA!J38,1
AN,K179,=+CA!K38,1
AN,L179,=+CA!L38,1
AN,M179,=+CA!M38,1
AN,N179,=+CA!N38,1
AN,O179,=+CA!O38,1
AN,P179,=SUM(D179:O179),1
AN,D180,=+CA!D39,1
AN,E180,=+CA!E39,1
AN,F180,=+CA!F39,1
AN,G180,=+CA!G39,1
AN,H180,=+CA!H39,1
AN,I180,=+CA!I39,1
AN,J180,=+CA!J39,1
AN,K180,=+CA!K39,1
AN,L180,=+CA!L39,1
AN,M180,=+CA!M39,1
AN,N180,=+CA!N39,1
AN,O180,=+CA!O39,1
AN,P180,=SUM(D180:O180),1
AN,C181,=+C41,1
AN,D181,=SUM(D178:D180),1
AN,E181,=SUM(E178:E180),1
AN,F181,=SUM(F178:F180),1
AN,G181,=SUM(G178:G180),1
AN,H181,=SUM(H178:H180),1
AN,I181,=SUM(I178:I180),1
AN,J181,=SUM(J178:J180),1
AN,K181,=SUM(K178:K180),1
AN,L181,=SUM(L178:L180),1
AN,M181,=SUM(M178:M180),1
AN,N181,=SUM(N178:N180),1
AN,O181,=SUM(O178:O180),1
AN,P181,=SUM(P178:P180),1
AN,C183,=+C177,1
AN,D183,=+D177,1
AN,E183,=+E177,1
AN,F183,=+F177,1
AN,G183,=+G177,1
AN,H183,=+H177,1
AN,I183,=+I177,1
AN,J183,=+J177,1
AN,K183,=+K177,1
AN,L183,=+L177,1
AN,M183,=+M177,1
AN,N183,=+N177,1
AN,O183,=+O177,1
AN,P183,=+P177,1
AN,D184,=+C187,1
AN,E184,=+D187,1
AN,F184,=+E187,1
AN,G184,=+F187,1
AN,H184,=+G187,1
AN,I184,=+H187,1
AN,J184,=+I187,1
AN,K184,=+J187,1
AN,L184,=+K187,1
AN,M184,=+L187,1
AN,N184,=+M187,1
AN,O184,=+N187,1
AN,P184,=+D184,1
AN,P185,=SUM(D185:O185),1
AN,P186,=SUM(D186:O186),1
AN,C187,=+C43,1
AN,D187,=SUM(D184:D186),1
AN,E187,=SUM(E184:E186),1
AN,F187,=SUM(F184:F186),1
AN,G187,=SUM(G184:G186),1
AN,H187,=SUM(H184:H186),1
AN,I187,=SUM(I184:I186),1
AN,J187,=SUM(J184:J186),1
AN,K187,=SUM(K184:K186),1
AN,L187,=SUM(L184:L186),1
AN,M187,=SUM(M184:M186),1
AN,N187,=SUM(N184:N186),1
AN,O187,=SUM(O184:O186),1
AN,P187,=SUM(P184:P186),1
AN,C189,=+C183,1
AN,D189,=+D183,1
AN,E189,=+E183,1
AN,F189,=+F183,1
AN,G189,=+G183,1
AN,H189,=+H183,1
AN,I189,=+I183,1
AN,J189,=+J183,1
AN,K189,=+K183,1
AN,L189,=+L183,1
AN,M189,=+M183,1
AN,N189,=+N183,1
AN,O189,=+O183,1
AN,P189,=+P183,1
AN,D190,=+C193,1
AN,E190,=+D193,1
AN,F190,=+E193,1
AN,G190,=+F193,1
AN,H190,=+G193,1
AN,I190,=+H193,1
AN,J190,=+I193,1
AN,K190,=+J193,1
AN,L190,=+K193,1
AN,M190,=+L193,1
AN,N190,=+M193,1
AN,O190,=+N193,1
AN,P190,=+D190,1
AN,D191,=Achat!D34/1000+Prestation!D78/1000,2
AN,E191,=Achat!E34/1000+Prestation!E78/1000,2
AN,F191,=Achat!F34/1000+Prestation!F78/1000,2
AN,G191,=Achat!G34/1000+Prestation!G78/1000,2
AN,H191,=Achat!H34/1000+Prestation!H78/1000,2
AN,I191,=Achat!I34/1000+Prestation!I78/1000,2
AN,J191,=Achat!J34/1000+Prestation!J78/1000,2
AN,K191,=Achat!K34/1000+Prestation!K78/1000,2
AN,L191,=Achat!L34/1000+Prestation!L78/1000,2
AN,M191,=Achat!M34/1000+Prestation!M78/1000,2
AN,N191,=Achat!N34/1000+Prestation!N78/1000,2
AN,O191,=Achat!O34/1000+Prestation!O78/1000,2
AN,P191,=SUM(D191:O191),1
AN,D192,=-D190-D191,2
AN,E192,=-E190-E191,2
AN,F192,=-F190-F191,2
AN,G192,=-G190-G191,2
AN,H192,=-H190-H191,2
AN,I192,=-I190-I191,2
AN,J192,=-J190-J191,2
AN,K192,=-K190-K191,2
AN,L192,=-L190-L191,2
AN,M192,=-M190-M191,2
AN,N192,=-N190-N191,2
AN,O192,=-O190-O191,2
AN,P192,=SUM(D192:O192),1
AN,C193,=+C44,1
AN,D193,=SUM(D190:D192),1
AN,E193,=SUM(E190:E192),1
AN,F193,=SUM(F190:F192),1
AN,G193,=SUM(G190:G192),1
AN,H193,=SUM(H190:H192),1
AN,I193,=SUM(I190:I192),1
AN,J193,=SUM(J190:J192),1
AN,K193,=SUM(K190:K192),1
AN,L193,=SUM(L190:L192),1
AN,M193,=SUM(M190:M192),1
AN,N193,=SUM(N190:N192),1
AN,O193,=SUM(O190:O192),1
AN,P193,=SUM(P190:P192),1
AN,C195,=+C189,1
AN,D195,=+D189,1
AN,E195,=+E189,1
AN,F195,=+F189,1
AN,G195,=+G189,1
AN,H195,=+H189,1
AN,I195,=+I189,1
AN,J195,=+J189,1
AN,K195,=+K189,1
AN,L195,=+L189,1
AN,M195,=+M189,1
AN,N195,=+N189,1
AN,O195,=+O189,1
AN,P195,=+P189,1
AN,D196,=+C199,1
AN,E196,=+D199,1
AN,F196,=+E199,1
AN,G196,=+F199,1
AN,H196,=+G199,1
AN,I196,=+H199,1
AN,J196,=+I199,1
AN,K196,=+J199,1
AN,L196,=+K199,1
AN,M196,=+L199,1
AN,N196,=+M199,1
AN,O196,=+N199,1
AN,P196,=+D196,1
AN,D197,=-D192-D121,2
AN,E197,=-E192-E121,2
AN,F197,=-F192-F121,2
AN,G197,=-G192-G121,2
AN,H197,=-H192-H121,2
AN,I197,=-I192-I121,2
AN,J197,=-J192-J121,2
AN,K197,=-K192-K121,2
AN,L197,=-L192-L121,2
AN,M197,=-M192-M121,2
AN,N197,=-N192-N121,2
AN,O197,=-O192-O121,2
AN,P197,=SUM(D197:O197),1
AN,I198,=+H198*2,1
AN,J198,=+I198*1.5,1
AN,P198,=SUM(D198:O198),1
AN,C199,=+C45,1
AN,D199,=SUM(D196:D198),1
AN,E199,=SUM(E196:E198),1
AN,F199,=SUM(F196:F198),1
AN,G199,=SUM(G196:G198),1
AN,H199,=SUM(H196:H198),1
AN,I199,=SUM(I196:I198),1
AN,J199,=SUM(J196:J198),1
AN,K199,=SUM(K196:K198),1
AN,L199,=SUM(L196:L198),1
AN,M199,=SUM(M196:M198),1
AN,N199,=SUM(N196:N198),1
AN,O199,=SUM(O196:O198),1
AN,P199,=SUM(P196:P198),1
AN,B201,=+B47,1
AN,C201,=+C195,1
AN,D201,=+D195,1
AN,E201,=+E195,1
AN,F201,=+F195,1
AN,G201,=+G195,1
AN,H201,=+H195,1
AN,I201,=+I195,1
AN,J201,=+J195,1
AN,K201,=+K195,1
AN,L201,=+L195,1
AN,M201,=+M195,1
AN,N201,=+N195,1
AN,O201,=+O195,1
AN,P201,=+P195,1
AN,D202,=+C205,1
AN,E202,=+D205,1
AN,F202,=+E205,1
AN,G202,=+F205,1
AN,H202,=+G205,1
AN,I202,=+H205,1
AN,J202,=+I205,1
AN,K202,=+J205,1
AN,L202,=+K205,1
AN,M202,=+L205,1
AN,N202,=+M205,1
AN,O202,=+N205,1
AN,P202,=+D202,1
AN,P203,=SUM(D203:O203),1
AN,P204,=SUM(D204:O204),1
AN,C205,=+C47,1
AN,D205,=SUM(D202:D204),1
AN,E205,=SUM(E202:E204),1
AN,F205,=SUM(F202:F204),1
AN,G205,=SUM(G202:G204),1
AN,H205,=SUM(H202:H204),1
AN,I205,=SUM(I202:I204),1
AN,J205,=SUM(J202:J204),1
AN,K205,=SUM(K202:K204),1
AN,L205,=SUM(L202:L204),1
AN,M205,=SUM(M202:M204),1
AN,N205,=SUM(N202:N204),1
AN,O205,=SUM(O202:O204),1
AN,P205,=SUM(P202:P204),1
AN,C207,=+C46,1
AN,B209,=+B48,1
AN,C209,=+C201,1
AN,D209,=+D201,1
AN,E209,=+E201,1
AN,F209,=+F201,1
AN,G209,=+G201,1
AN,H209,=+H201,1
AN,I209,=+I201,1
AN,J209,=+J201,1
AN,K209,=+K201,1
AN,L209,=+L201,1
AN,M209,=+M201,1
AN,N209,=+N201,1
AN,O209,=+O201,1
AN,P209,=+P201,1
AN,D210,=+C213,1
AN,E210,=+D213,1
AN,F210,=+E213,1
AN,G210,=+F213,1
AN,H210,=+G213,1
AN,I210,=+H213,1
AN,J210,=+I213,1
AN,K210,=+J213,1
AN,L210,=+K213,1
AN,M210,=+L213,1
AN,N210,=+M213,1
AN,O210,=+N213,1
AN,P210,=+D210,1
AN,P211,=SUM(D211:O211),1
AN,P212,=SUM(D212:O212),1
AN,C213,=+C48,1
AN,D213,=SUM(D210:D212),1
AN,E213,=SUM(E210:E212),1
AN,F213,=SUM(F210:F212),1
AN,G213,=SUM(G210:G212),1
AN,H213,=SUM(H210:H212),1
AN,I213,=SUM(I210:I212),1
AN,J213,=SUM(J210:J212),1
AN,K213,=SUM(K210:K212),1
AN,L213,=SUM(L210:L212),1
AN,M213,=SUM(M210:M212),1
AN,N213,=SUM(N210:N212),1
AN,O213,=SUM(O210:O212),1
AN,P213,=SUM(P210:P212),1
AN,C215,=+C213+C207+C205+C199+C193+C187+C181+C175+C169,9
AN,D215,=+D212+D211+D207+D204+D203+D198+D197+D192+D191+D186+D185+D180+D179+D174+D164+D163+D167+D168,18
AN,E215,=+E212+E211+E207+E204+E203+E198+E197+E192+E191+E186+E185+E180+E179+E174+E164+E163+E167+E168,18
AN,F215,=+F212+F211+F207+F204+F203+F198+F197+F192+F191+F186+F185+F180+F179+F174+F164+F163+F167+F168,18
AN,G215,=+G212+G211+G207+G204+G203+G198+G197+G192+G191+G186+G185+G180+G179+G174+G164+G163+G167+G168,18
AN,H215,=+H212+H211+H207+H204+H203+H198+H197+H192+H191+H186+H185+H180+H179+H174+H164+H163+H167+H168,18
AN,I215,=+I212+I211+I207+I204+I203+I198+I197+I192+I191+I186+I185+I180+I179+I174+I164+I163+I167+I168,18
AN,J215,=+J212+J211+J207+J204+J203+J198+J197+J192+J191+J186+J185+J180+J179+J174+J164+J163+J167+J168,18
AN,K215,=+K212+K211+K207+K204+K203+K198+K197+K192+K191+K186+K185+K180+K179+K174+K164+K163+K167+K168,18
AN,L215,=+L212+L211+L207+L204+L203+L198+L197+L192+L191+L186+L185+L180+L179+L174+L164+L163+L167+L168,18
AN,M215,=+M212+M211+M207+M204+M203+M198+M197+M192+M191+M186+M185+M180+M179+M174+M164+M163+M167+M168,18
AN,N215,=+N212+N211+N207+N204+N203+N198+N197+N192+N191+N186+N185+N180+N179+N174+N164+N163+N167+N168,18
AN,O215,=+O212+O211+O207+O204+O203+O198+O197+O192+O191+O186+O185+O180+O179+O174+O164+O163+O167+O168,18
AN,P215,=+P213+P207+P205+P199+P193+P187+P181+P175+P169,9
AN,C216,=+C215-C49,2
AN,D216,=+D215-D49,2
AN,E216,=+E215-E49,2
AN,F216,=+F215-F49,2
AN,G216,=+G215-G49,2
AN,H216,=+H215-H49,2
AN,I216,=+I215-I49,2
AN,J216,=+J215-J49,2
AN,K216,=+K215-K49,2
AN,L216,=+L215-L49,2
AN,M216,=+M215-M49,2
AN,N216,=+N215-N49,2
AN,O216,=+O215-O49,2
AN,P216,=+P215-P49,2
AN,C217,=-C158-C215,2
AN,D217,=-D158-D215,2
AN,E217,=-E158-E215,2
AN,F217,=-F158-F215,2
AN,G217,=-G158-G215,2
AN,H217,=-H158-H215,2
AN,I217,=-I158-I215,2
AN,J217,=-J158-J215,2
AN,K217,=-K158-K215,2
AN,L217,=-L158-L215,2
AN,M217,=-M158-M215,2
AN,N217,=-N158-N215,2
AN,O217,=-O158-O215,2
AN,P217,=-P158-P215,2
AN,C218,=+C217-C50,2
AN,D218,=+D217-D50,2
AN,E218,=+E217-E50,2
AN,F218,=+F217-F50,2
AN,G218,=+G217-G50,2
AN,H218,=+H217-H50,2
AN,I218,=+I217-I50,2
AN,J218,=+J217-J50,2
AN,K218,=+K217-K50,2
AN,L218,=+L217-L50,2
AN,M218,=+M217-M50,2
AN,N218,=+N217-N50,2
AN,O218,=+O217-O50,2
AN,P218,=+P217-P50,2
AN,C219,=C52,1
AN,D219,=+D217+D19,2
AN,E219,=+E217+E19,2
AN,F219,=+F217+F19,2
AN,G219,=+G217+G19,2
AN,H219,=+H217+H19,2
AN,I219,=+I217+I19,2
AN,J219,=+J217+J19,2
AN,K219,=+K217+K19,2
AN,L219,=+L217+L19,2
AN,M219,=+M217+M19,2
AN,N219,=+N217+N19,2
AN,O219,=+O217+O19,2
AN,P219,=+O221,1
AN,H220,=+H219-H52,2
AN,I220,=+I219-I52,2
AN,J220,=+J219-J52,2
AN,K220,=+K219-K52,2
AN,L220,=+L219-L52,2
AN,M220,=+M219-M52,2
AN,N220,=+N219-N52,2
AN,O220,=+O219-O52,2
AN,C221,=+C219,1
AN,D221,=+D219+C221,2
AN,E221,=+E219+D221,2
AN,F221,=+F219+E221,2
AN,G221,=+G219+F221,2
AN,H221,=+H219+G221,2
AN,I221,=+I219+H221,2
AN,J221,=+J219+I221,2
AN,K221,=+K219+J221,2
AN,L221,=+L219+K221,2
AN,M221,=+M219+L221,2
AN,N221,=+N219+M221,2
AN,O221,=+O219+N221,2
AN,D223,=-'Détails FF FD'!C3/1000,1
AN,E223,=-'Détails FF FD'!D3/1000,1
AN,F223,=-'Détails FF FD'!E3/1000,1
AN,G223,=-'Détails FF FD'!F3/1000,1
AN,H223,=-'Détails FF FD'!G3/1000,1
AN,I223,=-'Détails FF FD'!H3/1000,1
AN,J223,=-'Détails FF FD'!I3/1000,1
AN,K223,=-'Détails FF FD'!J3/1000,1
AN,L223,=-'Détails FF FD'!K3/1000,1
AN,M223,=-'Détails FF FD'!L3/1000,1
AN,N223,=-'Détails FF FD'!M3/1000,1
AN,O223,=-'Détails FF FD'!N3/1000,1
AN,C225,=+C209,1
AN,D225,=+D209,1
AN,E225,=+E209,1
AN,F225,=+F209,1
AN,G225,=+G209,1
AN,H225,=+H209,1
AN,I225,=+I209,1
AN,J225,=+J209,1
AN,K225,=+K209,1
AN,L225,=+L209,1
AN,M225,=+M209,1
AN,N225,=+N209,1
AN,O225,=+O209,1
AN,P225,=+P209,1
AN,D226,=+C229,1
AN,E226,=+D229,1
AN,F226,=+E229,1
AN,G226,=+F229,1
AN,H226,=+G229,1
AN,I226,=+H229,1
AN,J226,=+I229,1
AN,K226,=+J229,1
AN,L226,=+K229,1
AN,M226,=+L229,1
AN,N226,=+M229,1
AN,O226,=+N229,1
AN,P226,=+D226,1
AN,D227,=-D58-D180-D198-D212-D204-D148,6
AN,E227,=-E58-E180-E198-E212-E204-E148,6
AN,F227,=-F58-F180-F198-F212-F204-F148,6
AN,G227,=-G58-G180-G198-G212-G204-G148,6
AN,H227,=-H58-H180-H198-H212-H204-H148,6
AN,I227,=-I58-I180-I198-I212-I204-I148,6
AN,J227,=-J58-J180-J198-J212-J204-J148,6
AN,K227,=-K58-K180-K198-K212-K204-K148,6
AN,L227,=-L58-L180-L198-L212-L204-L148,6
AN,M227,=-M58-M180-M198-M212-M204-M148,6
AN,N227,=-N58-N180-N198-N212-N204-N148,6
AN,O227,=-O58-O180-O198-O212-O204-O148,6
AN,P227,=SUM(D227:O227),1
AN,D228,=-(+D67+D68+D74+D75+D81+D82+D90+D96+D102+D108+D115+D135+D142+D149+D155)+D223-D61-D60,18
AN,E228,=-(+E67+E68+E74+E75+E81+E82+E90+E96+E102+E108+E115+E135+E142+E149+E155)+E223-E61-E60,18
AN,F228,=-(+F67+F68+F74+F75+F81+F82+F90+F96+F102+F108+F115+F135+F142+F149+F155)+F223-F61-F60,18
AN,G228,=-(+G67+G68+G74+G75+G81+G82+G90+G96+G102+G108+G115+G135+G142+G149+G155)+G223-G61-G60,18
AN,H228,=-(+H67+H68+H74+H75+H81+H82+H90+H96+H102+H108+H115+H135+H142+H149+H155)+H223-H61-H60,18
AN,I228,=-(+I67+I68+I74+I75+I81+I82+I90+I96+I102+I108+I115+I135+I142+I149+I155)+I223-I61-I60,18
AN,J228,=-(+J67+J68+J74+J75+J81+J82+J90+J96+J102+J108+J115+J135+J142+J149+J155)+J223-J61-J60,18
AN,K228,=-(+K67+K68+K74+K75+K81+K82+K90+K96+K102+K108+K115+K135+K142+K149+K155)+K223-K61-K60,18
AN,L228,=-(+L67+L68+L74+L75+L81+L82+L90+L96+L102+L108+L115+L135+L142+L149+L155)+L223-L61-L60,18
AN,M228,=-(+M67+M68+M74+M75+M81+M82+M90+M96+M102+M108+M115+M135+M142+M149+M155)+M223-M61-M60,18
AN,N228,=-(+N67+N68+N74+N75+N81+N82+N90+N96+N102+N108+N115+N135+N142+N149+N155)+N223-N61-N60,18
AN,O228,=-(+O67+O68+O74+O75+O81+O82+O90+O96+O102+O108+O115+O135+O142+O149+O155)+O223-O61-O60,18
AN,P228,=SUM(D228:O228),1
AN,C229,=+C219,1
AN,D229,=SUM(D226:D228),1
AN,E229,=SUM(E226:E228),1
AN,F229,=SUM(F226:F228),1
AN,G229,=SUM(G226:G228),1
AN,H229,=SUM(H226:H228),1
AN,I229,=SUM(I226:I228),1
AN,J229,=SUM(J226:J228),1
AN,K229,=SUM(K226:K228),1
AN,L229,=SUM(L226:L228),1
AN,M229,=SUM(M226:M228),1
AN,N229,=SUM(N226:N228),1
AN,O229,=SUM(O226:O228),1
AN,P229,=SUM(P226:P228),1
AN,C230,=+C229-C221,2
AN,D230,=+D229-D221,2
AN,E230,=+E229-E221,2
AN,F230,=+F229-F221,2
AN,G230,=+G229-G221,2
AN,H230,=+H229-H221,2
AN,I230,=+I229-I221,2
AN,J230,=+J229-J221,2
AN,K230,=+K229-K221,2
AN,L230,=+L229-L221,2
AN,M230,=+M229-M221,2
AN,N230,=+N229-N221,2
AN,O230,=+O229-O221,2
AN,P230,=+P229-P219,2
AN,C233,=+C2,1
AN,D233,=+D2,1
AN,E233,=+E2,1
AN,F233,=+F2,1
AN,G233,=+G2,1
AN,H233,=+H2,1
AN,I233,=+I2,1
AN,J233,=+J2,1
AN,K233,=+K2,1
AN,L233,=+L2,1
AN,M233,=+M2,1
AN,N233,=+N2,1
AN,O233,=+O2,1
AN,B236,=+B15,1
AN,C236,=+C15,1
AN,D236,=+C236+D15,2
AN,E236,=+D236+E15,2
AN,F236,=+E236+F15,2
AN,G236,=+F236+G15,2
AN,H236,=+G236+H15,2
AN,I236,=+H236+I15,2
AN,J236,=+I236+J15,2
AN,K236,=+J236+K15,2
AN,L236,=+K236+L15,2
AN,M236,=+L236+M15,2
AN,N236,=+M236+N15,2
AN,O236,=+N236+O15,2
AN,B237,=+B16,1
AN,C237,=+C16,1
AN,D237,=+C237+D16,2
AN,E237,=+D237+E16,2
AN,F237,=+E237+F16,2
AN,G237,=+F237+G16,2
AN,H237,=+G237+H16,2
AN,I237,=+H237+I16,2
AN,J237,=+I237+J16,2
AN,K237,=+J237+K16,2
AN,L237,=+K237+L16,2
AN,M237,=+L237+M16,2
AN,N237,=+M237+N16,2
AN,O237,=+N237+O16,2
AN,B238,=+B17,1
AN,C238,=+C17,1
AN,D238,=+C238+D17,2
AN,E238,=+D238+E17,2
AN,F238,=+E238+F17,2
AN,G238,=+F238+G17,2
AN,H238,=+G238+H17,2
AN,I238,=+H238+I17,2
AN,J238,=+I238+J17,2
AN,K238,=+J238+K17,2
AN,L238,=+K238+L17,2
AN,M238,=+L238+M17,2
AN,N238,=+M238+N17,2
AN,O238,=+N238+O17,2
AN,B240,=+B39,1
AN,C240,=+C37,1
AN,D240,=+C240+D39,2
AN,E240,=+D240+E39,2
AN,F240,=+E240+F39,2
AN,G240,=+F240+G39,2
AN,H240,=+G240+H39,2
AN,I240,=+H240+I39,2
AN,J240,=+I240+J39,2
AN,K240,=+J240+K39,2
AN,L240,=+K240+L39,2
AN,M240,=+L240+M39,2
AN,N240,=+M240+N39,2
AN,O240,=+N240+O39,2
AN,B241,=+B40,1
AN,C241,=+C38,1
AN,D241,=+C241+D40,2
AN,E241,=+D241+E40,2
AN,F241,=+E241+F40,2
AN,G241,=+F241+G40,2
AN,H241,=+G241+H40,2
AN,I241,=+H241+I40,2
AN,J241,=+I241+J40,2
AN,K241,=+J241+K40,2
AN,L241,=+K241+L40,2
AN,M241,=+L241+M40,2
AN,N241,=+M241+N40,2
AN,O241,=+N241+O40,2
AN,B242,=+B41,1
AN,C242,=+C39,1
AN,D242,=+C242+D41,2
AN,E242,=+D242+E41,2
AN,F242,=+E242+F41,2
AN,G242,=+F242+G41,2
AN,H242,=+G242+H41,2
AN,I242,=+H242+I41,2
AN,J242,=+I242+J41,2
AN,K242,=+J242+K41,2
AN,L242,=+K242+L41,2
AN,M242,=+L242+M41,2
AN,N242,=+M242+N41,2
AN,O242,=+N242+O41,2
AN,B243,=+B42,1
AN,C243,=+C40,1
AN,D243,=+C243+D42,2
AN,E243,=+D243+E42,2
AN,F243,=+E243+F42,2
AN,G243,=+F243+G42,2
AN,H243,=+G243+H42,2
AN,I243,=+H243+I42,2
AN,J243,=+I243+J42,2
AN,K243,=+J243+K42,2
AN,L243,=+K243+L42,2
AN,M243,=+L243+M42,2
AN,N243,=+M243+N42,2
AN,O243,=+N243+O42,2
AN,B244,=+B43,1
AN,C244,=+C41,1
AN,D244,=+C244+D43,2
AN,E244,=+D43+E43,2
AN,F244,=+E43+F43,2
AN,G244,=+F43+G43,2
AN,H244,=+G43+H43,2
AN,I244,=+H43+I43,2
AN,J244,=+I43+J43,2
AN,K244,=+J43+K43,2
AN,L244,=+K43+L43,2
AN,M244,=+L43+M43,2
AN,N244,=+M43+N43,2
AN,O244,=+N43+O43,2
AN,B245,=+B44,1
AN,C245,=+C42,1
AN,D245,=+C245+D44,2
AN,E245,=+D245+E44,2
AN,F245,=+E245+F44,2
AN,G245,=+F245+G44,2
AN,H245,=+G245+H44,2
AN,I245,=+H245+I44,2
AN,J245,=+I245+J44,2
AN,K245,=+J245+K44,2
AN,L245,=+K245+L44,2
AN,M245,=+L245+M44,2
AN,N245,=+M245+N44,2
AN,O245,=+N245+O42,2
AN,B246,=+B45,1
AN,C246,=+C43,1
AN,D246,=+C246+D45,2
AN,E246,=+D246+E45,2
AN,F246,=+E246+F45,2
AN,G246,=+F246+G45,2
AN,H246,=+G246+H45,2
AN,I246,=+H246+I45,2
AN,J246,=+I246+J45,2
AN,K246,=+J246+K45,2
AN,L246,=+K246+L45,2
AN,M246,=+L246+M45,2
AN,N246,=+M246+N45,2
AN,O246,=+N246+O45,2
AN,C248,"=+IF(C47>0,C47,0)",2
AN,D248,"=+IF(D54>0,D54,0)",2
AN,E248,"=+IF(E54>0,E54,0)",2
AN,F248,"=+IF(F54>0,F54,0)",2
AN,G248,"=+IF(G54>0,G54,0)",2
AN,H248,"=+IF(H54>0,H54,0)",2
AN,I248,"=+IF(I54>0,I54,0)",2
AN,J248,"=+IF(J54>0,J54,0)",2
AN,K248,"=+IF(K54>0,K54,0)",2
AN,L248,"=+IF(L54>0,L54,0)",2
AN,M248,"=+IF(M54>0,M54,0)",2
AN,N248,"=+IF(N54>0,N54,0)",2
AN,O248,"=+IF(O54>0,O54,0)",2
AN,B249,"=""TOTAL   ""&B234",1
AN,C249,=SUM(C236:C248),1
AN,D249,=SUM(D236:D248),1
AN,E249,=SUM(E236:E248),1
AN,F249,=SUM(F236:F248),1
AN,G249,=SUM(G236:G248),1
AN,H249,=SUM(H236:H248),1
AN,I249,=SUM(I236:I248),1
AN,J249,=SUM(J236:J248),1
AN,K249,=SUM(K236:K248),1
AN,L249,=SUM(L236:L248),1
AN,M249,=SUM(M236:M248),1
AN,N249,=SUM(N236:N248),1
AN,O249,=SUM(O236:O248),1
AN,B252,=+B4,1
AN,C252,=-C4,1
AN,D252,=-(-C252+D4),2
AN,E252,=-(-D252+E4),2
AN,F252,=-(-E252+F4),2
AN,G252,=-(-F252+G4),2
AN,H252,=-(-G252+H4),2
AN,I252,=-(-H252+I4),2
AN,J252,=-(-I252+J4),2
AN,K252,=-(-J252+K4),2
AN,L252,=-(-K252+L4),2
AN,M252,=-(-L252+M4),2
AN,N252,=-(-M252+N4),2
AN,O252,=-(-N252+O4),2
AN,B253,=+B5,1
AN,C253,=-C5,1
AN,D253,=-(-C253+D5),2
AN,E253,=-(-D253+E5),2
AN,F253,=-(-E253+F5),2
AN,G253,=-(-F253+G5),2
AN,H253,=-(-G253+H5),2
AN,I253,=-(-H253+I5),2
AN,J253,=-(-I253+J5),2
AN,K253,=-(-J253+K5),2
AN,L253,=-(-K253+L5),2
AN,M253,=-(-L253+M5),2
AN,N253,=-(-M253+N5),2
AN,O253,=-(-N253+O5),2
AN,B254,=+B6,1
AN,C254,=-C6,1
AN,D254,=-(-C254+D6),2
AN,E254,=-(-D254+E6),2
AN,F254,=-(-E254+F6),2
AN,G254,=-(-F254+G6),2
AN,H254,=-(-G254+H6),2
AN,I254,=-(-H254+I6),2
AN,J254,=-(-I254+J6),2
AN,K254,=-(-J254+K6),2
AN,L254,=-(-K254+L6),2
AN,M254,=-(-L254+M6),2
AN,N254,=-(-M254+N6),2
AN,O254,=-(-N254+O6),2
AN,B255,=+B7,1
AN,C255,=-C7,1
AN,D255,=-(-C255+D7),2
AN,E255,=-(-D255+E7),2
AN,F255,=-(-E255+F7),2
AN,G255,=-(-F255+G7),2
AN,H255,=-(-G255+H7),2
AN,I255,=-(-H255+I7),2
AN,J255,=-(-I255+J7),2
AN,K255,=-(-J255+K7),2
AN,L255,=-(-K255+L7),2
AN,M255,=-(-L255+M7),2
AN,N255,=-(-M255+N7),2
AN,O255,=-(-N255+O7),2
AN,B256,=+B8,1
AN,C256,=-C8,1
AN,D256,=-(-C256+D8),2
AN,E256,=-(-D256+E8),2
AN,F256,=-(-E256+F8),2
AN,G256,=-(-F256+G8),2
AN,H256,=-(-G256+H8),2
AN,I256,=-(-H256+I8),2
AN,J256,=-(-I256+J8),2
AN,K256,=-(-J256+K8),2
AN,L256,=-(-K256+L8),2
AN,M256,=-(-L256+M8),2
AN,N256,=-(-M256+N8),2
AN,O256,=-(-N256+O8),2
AN,B258,=+B10,1
AN,C258,=-C10,1
AN,D258,=-(-C258+D10),2
AN,E258,=-(-D258+E10),2
AN,F258,=-(-E258+F10),2
AN,G258,=-(-F258+G10),2
AN,H258,=-(-G258+H10),2
AN,I258,=-(-H258+I10),2
AN,J258,=-(-I258+J10),2
AN,K258,=-(-J258+K10),2
AN,L258,=-(-K258+L10),2
AN,M258,=-(-L258+M10),2
AN,N258,=-(-M258+N10),2
AN,O258,=-(-N258+O10),2
AN,B259,=+B11,1
AN,C259,=-C11,1
AN,D259,=-(-C259+D11),2
AN,E259,=-(-D259+E11),2
AN,F259,=-(-E259+F11),2
AN,G259,=-(-F259+G11),2
AN,H259,=-(-G259+H11),2
AN,I259,=-(-H259+I11),2
AN,J259,=-(-I259+J11),2
AN,K259,=-(-J259+K11),2
AN,L259,=-(-K259+L11),2
AN,M259,=-(-L259+M11),2
AN,N259,=-(-M259+N11),2
AN,O259,=-(-N259+O11),2
AN,B261,=+B12,1
AN,C261,=-C12,1
AN,D261,=(+C261-D12),2
AN,E261,=(+D261-E12),2
AN,F261,=(+E261-F12),2
AN,G261,=(+F261-G12),2
AN,H261,=(+G261-H12),2
AN,I261,=(+H261-I12),2
AN,J261,=(+I261-J12),2
AN,K261,=(+J261-K12),2
AN,L261,=(+K261-L12),2
AN,M261,=(+L261-M12),2
AN,N261,=(+M261-N12),2
AN,O261,=(+N261-O12),2
AN,B262,=+B23,1
AN,C262,=-C23,1
AN,D262,=-(-C262+D23),2
AN,E262,=-(-D262+E23),2
AN,F262,=-(-E262+F23),2
AN,G262,=-(-F262+G23),2
AN,H262,=-(-G262+H23),2
AN,I262,=-(-H262+I23),2
AN,J262,=-(-I262+J23),2
AN,K262,=-(-J262+K23),2
AN,L262,=-(-K262+L23),2
AN,M262,=-(-L262+M23),2
AN,N262,=-(-M262+N23),2
AN,O262,=-(-N262+O23),2
AN,B263,=+B24,1
AN,C263,=-C24,1
AN,D263,=-(-C263+D24),2
AN,E263,=-(-D263+E24),2
AN,F263,=-(-E263+F24),2
AN,G263,=-(-F263+G24),2
AN,H263,=-(-G263+H24),2
AN,I263,=-(-H263+I24),2
AN,J263,=-(-I263+J24),2
AN,K263,=-(-J263+K24),2
AN,L263,=-(-K263+L24),2
AN,M263,=-(-L263+M24),2
AN,N263,=-(-M263+N24),2
AN,O263,=-(-N263+O24),2
AN,B264,=+B25,1
AN,C264,=-C25,1
AN,D264,=-(-C264+D25),2
AN,E264,=-(-D264+E25),2
AN,F264,=-(-E264+F25),2
AN,G264,=-(-F264+G25),2
AN,H264,=-(-G264+H25),2
AN,I264,=-(-H264+I25),2
AN,J264,=-(-I264+J25),2
AN,K264,=-(-J264+K25),2
AN,L264,=-(-K264+L25),2
AN,M264,=-(-L264+M25),2
AN,N264,=-(-M264+N25),2
AN,O264,=-(-N264+O25),2
AN,B265,=+B26,1
AN,C265,=-C26,1
AN,D265,=-(-C265+D26),2
AN,E265,=-(-D265+E26),2
AN,F265,=-(-E265+F26),2
AN,G265,=-(-F265+G26),2
AN,H265,=-(-G265+H26),2
AN,I265,=-(-H265+I26),2
AN,J265,=-(-I265+J26),2
AN,K265,=-(-J265+K26),2
AN,L265,=-(-K265+L26),2
AN,M265,=-(-L265+M26),2
AN,N265,=-(-M265+N26),2
AN,O265,=-(-N265+O26),2
AN,B266,=+B27,1
AN,C266,=-C27,1
AN,D266,=-(-C266+D27),2
AN,E266,=-(-D266+E27),2
AN,F266,=-(-E266+F27),2
AN,G266,=-(-F266+G27),2
AN,H266,=-(-G266+H27),2
AN,I266,=-(-H266+I27),2
AN,J266,=-(-I266+J27),2
AN,K266,=-(-J266+K27),2
AN,L266,=-(-K266+L27),2
AN,M266,=-(-L266+M27),2
AN,N266,=-(-M266+N27),2
AN,O266,=-(-N266+O27),2
AN,B267,=+B28,1
AN,C267,=-C28,1
AN,D267,=-(-C267+D28),2
AN,E267,=-(-D267+E28),2
AN,F267,=-(-E267+F28),2
AN,G267,=-(-F267+G28),2
AN,H267,=-(-G267+H28),2
AN,I267,=-(-H267+I28),2
AN,J267,=-(-I267+J28),2
AN,K267,=-(-J267+K28),2
AN,L267,=-(-K267+L28),2
AN,M267,=-(-L267+M28),2
AN,N267,=-(-M267+N28),2
AN,O267,=-(-N267+O28),2
AN,B268,=+B29,1
AN,C268,=-C29,1
AN,D268,=-(-C268+D29),2
AN,E268,=-(-D268+E29),2
AN,F268,=-(-E268+F29),2
AN,G268,=-(-F268+G29),2
AN,H268,=-(-G268+H29),2
AN,I268,=-(-H268+I29),2
AN,J268,=-(-I268+J29),2
AN,K268,=-(-J268+K29),2
AN,L268,=-(-K268+L29),2
AN,M268,=-(-L268+M29),2
AN,N268,=-(-M268+N29),2
AN,O268,=-(-N268+O29),2
AN,B269,=+B30,1
AN,C269,=-C30,1
AN,D269,=-(-C269+D30),2
AN,E269,=-(-D269+E30),2
AN,F269,=-(-E269+F30),2
AN,G269,=-(-F269+G30),2
AN,H269,=-(-G269+H30),2
AN,I269,=-(-H269+I30),2
AN,J269,=-(-I269+J30),2
AN,K269,=-(-J269+K30),2
AN,L269,=-(-K269+L30),2
AN,M269,=-(-L269+M30),2
AN,N269,=-(-M269+N30),2
AN,O269,=-(-N269+O30),2
AN,B270,=+B31,1
AN,C270,=-C31,1
AN,D270,=-(-C270+D31),2
AN,E270,=-(-D270+E31),2
AN,F270,=-(-E270+F31),2
AN,G270,=-(-F270+G31),2
AN,H270,=-(-G270+H31),2
AN,I270,=-(-H270+I31),2
AN,J270,=-(-I270+J31),2
AN,K270,=-(-J270+K31),2
AN,L270,=-(-K270+L31),2
AN,M270,=-(-L270+M31),2
AN,N270,=-(-M270+N31),2
AN,O270,=-(-N270+O31),2
AN,B271,=+B32,1
AN,C271,=-C32,1
AN,D271,=-(-C271+D32),2
AN,E271,=-(-D271+E32),2
AN,F271,=-(-E271+F32),2
AN,G271,=-(-F271+G32),2
AN,H271,=-(-G271+H32),2
AN,I271,=-(-H271+I32),2
AN,J271,=-(-I271+J32),2
AN,K271,=-(-J271+K32),2
AN,L271,=-(-K271+L32),2
AN,M271,=-(-L271+M32),2
AN,N271,=-(-M271+N32),2
AN,O271,=-(-N271+O32),2
AN,B272,=+B33,1
AN,C272,=-C33,1
AN,D272,=-(-C272+D33),2
AN,E272,=-(-D272+E33),2
AN,F272,=-(-E272+F33),2
AN,G272,=-(-F272+G33),2
AN,H272,=-(-G272+H33),2
AN,I272,=-(-H272+I33),2
AN,J272,=-(-I272+J33),2
AN,K272,=-(-J272+K33),2
AN,L272,=-(-K272+L33),2
AN,M272,=-(-L272+M33),2
AN,N272,=-(-M272+N33),2
AN,O272,=-(-N272+O33),2
AN,B273,=+B34,1
AN,C273,=-C34,1
AN,D273,=-(-C273+D34),2
AN,E273,=-(-D273+E34),2
AN,F273,=-(-E273+F34),2
AN,G273,=-(-F273+G34),2
AN,H273,=-(-G273+H34),2
AN,I273,=-(-H273+I34),2
AN,J273,=-(-I273+J34),2
AN,K273,=-(-J273+K34),2
AN,L273,=-(-K273+L34),2
AN,M273,=-(-L273+M34),2
AN,N273,=-(-M273+N34),2
AN,O273,=-(-N273+O34),2
AN,B274,=+B35,1
AN,C274,=-C35,1
AN,D274,=-(-C274+D35),2
AN,E274,=-(-D274+E35),2
AN,F274,=-(-E274+F35),2
AN,G274,=-(-F274+G35),2
AN,H274,=-(-G274+H35),2
AN,I274,=-(-H274+I35),2
AN,J274,=-(-I274+J35),2
AN,K274,=-(-J274+K35),2
AN,L274,=-(-K274+L35),2
AN,M274,=-(-L274+M35),2
AN,N274,=-(-M274+N35),2
AN,O274,=-(-N274+O35),2
AN,B275,=+B36,1
AN,C275,=-C36,1
AN,D275,=-(-C275+D36),2
AN,E275,=-(-D275+E36),2
AN,F275,=-(-E275+F36),2
AN,G275,=-(-F275+G36),2
AN,H275,=-(-G275+H36),2
AN,I275,=-(-H275+I36),2
AN,J275,=-(-I275+J36),2
AN,K275,=-(-J275+K36),2
AN,L275,=-(-K275+L36),2
AN,M275,=-(-L275+M36),2
AN,N275,=-(-M275+N36),2
AN,O275,=-(-N275+O36),2
AN,C277,"=+IF(C49<0,-C49,0)",2
AN,D277,"=+IF(D54<0,-D54,0)",2
AN,E277,"=+IF(E54<0,-E54,0)",2
AN,F277,"=+IF(F54<0,-F54,0)",2
AN,G277,"=+IF(G54<0,-G54,0)",2
AN,H277,"=+IF(H54<0,-H54,0)",2
AN,I277,"=+IF(I54<0,-I54,0)",2
AN,J277,"=+IF(J54<0,-J54,0)",2
AN,K277,"=+IF(K54<0,-K54,0)",2
AN,L277,"=+IF(L54<0,-L54,0)",2
AN,M277,"=+IF(M54<0,-M54,0)",2
AN,N277,"=+IF(N54<0,-N54,0)",2
AN,O277,"=+IF(O54<0,-O54,0)",2
AN,B278,"=""TOTAL   ""&B250",1
AN,C278,=SUM(C252:C277),1
AN,D278,=SUM(D252:D277),1
AN,E278,=SUM(E252:E277),1
AN,F278,=SUM(F252:F277),1
AN,G278,=SUM(G252:G277),1
AN,H278,=SUM(H252:H277),1
AN,I278,=SUM(I252:I277),1
AN,J278,=SUM(J252:J277),1
AN,K278,=SUM(K252:K277),1
AN,L278,=SUM(L252:L277),1
AN,M278,=SUM(M252:M277),1
AN,N278,=SUM(N252:N277),1
AN,O278,=SUM(O252:O277),1
AN,D279,=+D249-D278,2
AN,E279,=+E249-E278,2
AN,F279,=+F249-F278,2
AN,G279,=+G249-G278,2
AN,H279,=+H249-H278,2
AN,I279,=+I249-I278,2
AN,J279,=+J249-J278,2
AN,K279,=+K249-K278,2
AN,L279,=+L249-L278,2
AN,M279,=+M249-M278,2
AN,N279,=+N249-N278,2
AN,O279,=+O249-O278,2
AN,O281,=+O279*1000,1
Emprunts FD,F2,=+E2/1000,1
Emprunts FD,E3,=+B8,1
Emprunts FD,E4,=+C8,1
Emprunts FD,B8,=+C8+D8,2
Emprunts FD,E8,=+E5/12,1
Emprunts FD,F8,=+E2,1
Emprunts FD,K8,=F8*(E8/(1-(1+E8)^-D8)),4
Emprunts FD,E14,=+F8,1
Emprunts FD,F14,=+G14,1
Emprunts FD,G14,=+E14*$E$8,2
Emprunts FD,I14,=+E14+G14-F14,3
Emprunts FD,B15,=+B14+1,1
Emprunts FD,E15,=+D15+I14,2
Emprunts FD,F15,=+G15,1
Emprunts FD,G15,=+E15*$E$8,2
Emprunts FD,I15,"=IF(A14="" "","" "",IF(A14+1>$D$8,"" "",E15-H15))",5
Emprunts FD,B16,=+B15+1,1
Emprunts FD,E16,=+D16+I15,2
Emprunts FD,F16,=+G16,1
Emprunts FD,G16,=+E16*$E$8,2
Emprunts FD,I16,"=IF(A15="" "","" "",IF(A15+1>$D$8,"" "",E16-H16))",5
Emprunts FD,B17,=+B16+1,1
Emprunts FD,E17,=+D17+I16,2
Emprunts FD,F17,=+G17,1
Emprunts FD,G17,=+E17*$E$8,2
Emprunts FD,I17,"=IF(A16="" "","" "",IF(A16+1>$D$8,"" "",E17-H17))",5
Emprunts FD,B18,=+B17+1,1
Emprunts FD,E18,=+D18+I17,2
Emprunts FD,F18,=+G18,1
Emprunts FD,G18,=+E18*$E$8,2
Emprunts FD,I18,"=IF(A17="" "","" "",IF(A17+1>$D$8,"" "",E18-H18))",5
Emprunts FD,B19,=+B18+1,1
Emprunts FD,E19,=+D19+I18,2
Emprunts FD,F19,=+G19,1
Emprunts FD,G19,=+E19*$E$8,2
Emprunts FD,I19,"=IF(A18="" "","" "",IF(A18+1>$D$8,"" "",E19-H19))",5
Emprunts FD,B20,=+B19+1,1
Emprunts FD,E20,=+I19,1
Emprunts FD,F20,=+K8,1
Emprunts FD,G20,"=IF(A20="" "","" "",IF(A20+1>$D$8,"" "",E20*$E$8))",5
Emprunts FD,H20,"=IF(A20="" "","" "",IF(A20+1>$D$8,"" "",F20-G20))",5
Emprunts FD,I20,"=IF(A20="" "","" "",IF(A20+1>$D$8,"" "",E20-H20))",5
Emprunts FD,A21,"=IF(A20="" "","" "",IF(A20+1>$D$8,"" "",A20+1))",4
Emprunts FD,B21,=+B20+1,1
Emprunts FD,E21,"=IF(A20="" "","" "",IF(A20+1>$D$8,"" "",I20))",4
Emprunts FD,F21,"=IF(A20="" "","" "",IF(A20+1>$D$8,"" "",F20))",4
Emprunts FD,G21,"=IF(A20="" "","" "",IF(A20+1>$D$8,"" "",E21*$E$8))",5
Emprunts FD,H21,"=IF(A20="" "","" "",IF(A20+1>$D$8,"" "",F21-G21))",5
Emprunts FD,I21,"=IF(A20="" "","" "",IF(A20+1>$D$8,"" "",E21-H21))",5
Emprunts FD,A22,"=IF(A21="" "","" "",IF(A21+1>$D$8,"" "",A21+1))",4
Emprunts FD,B22,=+B21+1,1
Emprunts FD,E22,"=IF(A21="" "","" "",IF(A21+1>$D$8,"" "",I21))",4
Emprunts FD,F22,"=IF(A21="" "","" "",IF(A21+1>$D$8,"" "",F21))",4
Emprunts FD,G22,"=IF(A21="" "","" "",IF(A21+1>$D$8,"" "",E22*$E$8))",5
Emprunts FD,H22,"=IF(A21="" "","" "",IF(A21+1>$D$8,"" "",F22-G22))",5
Emprunts FD,I22,"=IF(A21="" "","" "",IF(A21+1>$D$8,"" "",E22-H22))",5
Emprunts FD,A23,"=IF(A22="" "","" "",IF(A22+1>$D$8,"" "",A22+1))",4
Emprunts FD,B23,=+B22+1,1
Emprunts FD,E23,"=IF(A22="" "","" "",IF(A22+1>$D$8,"" "",I22))",4
Emprunts FD,F23,"=IF(A22="" "","" "",IF(A22+1>$D$8,"" "",F22))",4
Emprunts FD,G23,"=IF(A22="" "","" "",IF(A22+1>$D$8,"" "",E23*$E$8))",5
Emprunts FD,H23,"=IF(A22="" "","" "",IF(A22+1>$D$8,"" "",F23-G23))",5
Emprunts FD,I23,"=IF(A22="" "","" "",IF(A22+1>$D$8,"" "",E23-H23))",5
Emprunts FD,A24,"=IF(A23="" "","" "",IF(A23+1>$D$8,"" "",A23+1))",4
Emprunts FD,B24,=+B23+1,1
Emprunts FD,E24,"=IF(A23="" "","" "",IF(A23+1>$D$8,"" "",I23))",4
Emprunts FD,F24,"=IF(A23="" "","" "",IF(A23+1>$D$8,"" "",F23))",4
Emprunts FD,G24,"=IF(A23="" "","" "",IF(A23+1>$D$8,"" "",E24*$E$8))",5
Emprunts FD,H24,"=IF(A23="" "","" "",IF(A23+1>$D$8,"" "",F24-G24))",5
Emprunts FD,I24,"=IF(A23="" "","" "",IF(A23+1>$D$8,"" "",E24-H24))",5
Emprunts FD,A25,"=IF(A24="" "","" "",IF(A24+1>$D$8,"" "",A24+1))",4
Emprunts FD,B25,=+B24+1,1
Emprunts FD,E25,"=IF(A24="" "","" "",IF(A24+1>$D$8,"" "",I24))",4
Emprunts FD,F25,"=IF(A24="" "","" "",IF(A24+1>$D$8,"" "",F24))",4
Emprunts FD,G25,"=IF(A24="" "","" "",IF(A24+1>$D$8,"" "",E25*$E$8))",5
Emprunts FD,H25,"=IF(A24="" "","" "",IF(A24+1>$D$8,"" "",F25-G25))",5
Emprunts FD,I25,"=IF(A24="" "","" "",IF(A24+1>$D$8,"" "",E25-H25))",5
Emprunts FD,A26,"=IF(A25="" "","" "",IF(A25+1>$D$8,"" "",A25+1))",4
Emprunts FD,B26,=+B25+1,1
Emprunts FD,E26,"=IF(A25="" "","" "",IF(A25+1>$D$8,"" "",I25))",4
Emprunts FD,F26,"=IF(A25="" "","" "",IF(A25+1>$D$8,"" "",F25))",4
Emprunts FD,G26,"=IF(A25="" "","" "",IF(A25+1>$D$8,"" "",E26*$E$8))",5
Emprunts FD,H26,"=IF(A25="" "","" "",IF(A25+1>$D$8,"" "",F26-G26))",5
Emprunts FD,I26,"=IF(A25="" "","" "",IF(A25+1>$D$8,"" "",E26-H26))",5
Emprunts FD,A27,"=IF(A26="" "","" "",IF(A26+1>$D$8,"" "",A26+1))",4
Emprunts FD,B27,=+B26+1,1
Emprunts FD,E27,"=IF(A26="" "","" "",IF(A26+1>$D$8,"" "",I26))",4
Emprunts FD,F27,"=IF(A26="" "","" "",IF(A26+1>$D$8,"" "",F26))",4
Emprunts FD,G27,"=IF(A26="" "","" "",IF(A26+1>$D$8,"" "",E27*$E$8))",5
Emprunts FD,H27,"=IF(A26="" "","" "",IF(A26+1>$D$8,"" "",F27-G27))",5
Emprunts FD,I27,"=IF(A26="" "","" "",IF(A26+1>$D$8,"" "",E27-H27))",5
Emprunts FD,A28,"=IF(A27="" "","" "",IF(A27+1>$D$8,"" "",A27+1))",4
Emprunts FD,B28,=+B27+1,1
Emprunts FD,E28,"=IF(A27="" "","" "",IF(A27+1>$D$8,"" "",I27))",4
Emprunts FD,F28,"=IF(A27="" "","" "",IF(A27+1>$D$8,"" "",F27))",4
Emprunts FD,G28,"=IF(A27="" "","" "",IF(A27+1>$D$8,"" "",E28*$E$8))",5
Emprunts FD,H28,"=IF(A27="" "","" "",IF(A27+1>$D$8,"" "",F28-G28))",5
Emprunts FD,I28,"=IF(A27="" "","" "",IF(A27+1>$D$8,"" "",E28-H28))",5
Emprunts FD,A29,"=IF(A28="" "","" "",IF(A28+1>$D$8,"" "",A28+1))",4
Emprunts FD,B29,=+B28+1,1
Emprunts FD,E29,"=IF(A28="" "","" "",IF(A28+1>$D$8,"" "",I28))",4
Emprunts FD,F29,"=IF(A28="" "","" "",IF(A28+1>$D$8,"" "",F28))",4
Emprunts FD,G29,"=IF(A28="" "","" "",IF(A28+1>$D$8,"" "",E29*$E$8))",5
Emprunts FD,H29,"=IF(A28="" "","" "",IF(A28+1>$D$8,"" "",F29-G29))",5
Emprunts FD,I29,"=IF(A28="" "","" "",IF(A28+1>$D$8,"" "",E29-H29))",5
Emprunts FD,A30,"=IF(A29="" "","" "",IF(A29+1>$D$8,"" "",A29+1))",4
Emprunts FD,B30,=+B29+1,1
Emprunts FD,E30,"=IF(A29="" "","" "",IF(A29+1>$D$8,"" "",I29))",4
Emprunts FD,F30,"=IF(A29="" "","" "",IF(A29+1>$D$8,"" "",F29))",4
Emprunts FD,G30,"=IF(A29="" "","" "",IF(A29+1>$D$8,"" "",E30*$E$8))",5
Emprunts FD,H30,"=IF(A29="" "","" "",IF(A29+1>$D$8,"" "",F30-G30))",5
Emprunts FD,I30,"=IF(A29="" "","" "",IF(A29+1>$D$8,"" "",E30-H30))",5
Emprunts FD,A31,"=IF(A30="" "","" "",IF(A30+1>$D$8,"" "",A30+1))",4
Emprunts FD,B31,=+B30+1,1
Emprunts FD,E31,"=IF(A30="" "","" "",IF(A30+1>$D$8,"" "",I30))",4
Emprunts FD,F31,"=IF(A30="" "","" "",IF(A30+1>$D$8,"" "",F30))",4
Emprunts FD,G31,"=IF(A30="" "","" "",IF(A30+1>$D$8,"" "",E31*$E$8))",5
Emprunts FD,H31,"=IF(A30="" "","" "",IF(A30+1>$D$8,"" "",F31-G31))",5
Emprunts FD,I31,"=IF(A30="" "","" "",IF(A30+1>$D$8,"" "",E31-H31))",5
Emprunts FD,A32,"=IF(A31="" "","" "",IF(A31+1>$D$8,"" "",A31+1))",4
Emprunts FD,B32,=+B31+1,1
Emprunts FD,E32,"=IF(A31="" "","" "",IF(A31+1>$D$8,"" "",I31))",4
Emprunts FD,F32,"=IF(A31="" "","" "",IF(A31+1>$D$8,"" "",F31))",4
Emprunts FD,G32,"=IF(A31="" "","" "",IF(A31+1>$D$8,"" "",E32*$E$8))",5
Emprunts FD,H32,"=IF(A31="" "","" "",IF(A31+1>$D$8,"" "",F32-G32))",5
Emprunts FD,I32,"=IF(A31="" "","" "",IF(A31+1>$D$8,"" "",E32-H32))",5
Emprunts FD,A33,"=IF(A32="" "","" "",IF(A32+1>$D$8,"" "",A32+1))",4
Emprunts FD,B33,=+B32+1,1
Emprunts FD,E33,"=IF(A32="" "","" "",IF(A32+1>$D$8,"" "",I32))",4
Emprunts FD,F33,"=IF(A32="" "","" "",IF(A32+1>$D$8,"" "",F32))",4
Emprunts FD,G33,"=IF(A32="" "","" "",IF(A32+1>$D$8,"" "",E33*$E$8))",5
Emprunts FD,H33,"=IF(A32="" "","" "",IF(A32+1>$D$8,"" "",F33-G33))",5
Emprunts FD,I33,"=IF(A32="" "","" "",IF(A32+1>$D$8,"" "",E33-H33))",5
Emprunts FD,A34,"=IF(A33="" "","" "",IF(A33+1>$D$8,"" "",A33+1))",4
Emprunts FD,B34,=+B33+1,1
Emprunts FD,E34,"=IF(A33="" "","" "",IF(A33+1>$D$8,"" "",I33))",4
Emprunts FD,F34,"=IF(A33="" "","" "",IF(A33+1>$D$8,"" "",F33))",4
Emprunts FD,G34,"=IF(A33="" "","" "",IF(A33+1>$D$8,"" "",E34*$E$8))",5
Emprunts FD,H34,"=IF(A33="" "","" "",IF(A33+1>$D$8,"" "",F34-G34))",5
Emprunts FD,I34,"=IF(A33="" "","" "",IF(A33+1>$D$8,"" "",E34-H34))",5
Emprunts FD,A35,"=IF(A34="" "","" "",IF(A34+1>$D$8,"" "",A34+1))",4
Emprunts FD,B35,=+B34+1,1
Emprunts FD,E35,"=IF(A34="" "","" "",IF(A34+1>$D$8,"" "",I34))",4
Emprunts FD,F35,"=IF(A34="" "","" "",IF(A34+1>$D$8,"" "",F34))",4
Emprunts FD,G35,"=IF(A34="" "","" "",IF(A34+1>$D$8,"" "",E35*$E$8))",5
Emprunts FD,H35,"=IF(A34="" "","" "",IF(A34+1>$D$8,"" "",F35-G35))",5
Emprunts FD,I35,"=IF(A34="" "","" "",IF(A34+1>$D$8,"" "",E35-H35))",5
Emprunts FD,A36,"=IF(A35="" "","" "",IF(A35+1>$D$8,"" "",A35+1))",4
Emprunts FD,B36,=+B35+1,1
Emprunts FD,E36,"=IF(A35="" "","" "",IF(A35+1>$D$8,"" "",I35))",4
Emprunts FD,F36,"=IF(A35="" "","" "",IF(A35+1>$D$8,"" "",F35))",4
Emprunts FD,G36,"=IF(A35="" "","" "",IF(A35+1>$D$8,"" "",E36*$E$8))",5
Emprunts FD,H36,"=IF(A35="" "","" "",IF(A35+1>$D$8,"" "",F36-G36))",5
Emprunts FD,I36,"=IF(A35="" "","" "",IF(A35+1>$D$8,"" "",E36-H36))",5
Emprunts FD,A37,"=IF(A36="" "","" "",IF(A36+1>$D$8,"" "",A36+1))",4
Emprunts FD,B37,=+B36+1,1
Emprunts FD,E37,"=IF(A36="" "","" "",IF(A36+1>$D$8,"" "",I36))",4
Emprunts FD,F37,"=IF(A36="" "","" "",IF(A36+1>$D$8,"" "",F36))",4
Emprunts FD,G37,"=IF(A36="" "","" "",IF(A36+1>$D$8,"" "",E37*$E$8))",5
Emprunts FD,H37,"=IF(A36="" "","" "",IF(A36+1>$D$8,"" "",F37-G37))",5
Emprunts FD,I37,"=IF(A36="" "","" "",IF(A36+1>$D$8,"" "",E37-H37))",5
Emprunts FD,A38,"=IF(A37="" "","" "",IF(A37+1>$D$8,"" "",A37+1))",4
Emprunts FD,B38,=+B37+1,1
Emprunts FD,E38,"=IF(A37="" "","" "",IF(A37+1>$D$8,"" "",I37))",4
Emprunts FD,F38,"=IF(A37="" "","" "",IF(A37+1>$D$8,"" "",F37))",4
Emprunts FD,G38,"=IF(A37="" "","" "",IF(A37+1>$D$8,"" "",E38*$E$8))",5
Emprunts FD,H38,"=IF(A37="" "","" "",IF(A37+1>$D$8,"" "",F38-G38))",5
Emprunts FD,I38,"=IF(A37="" "","" "",IF(A37+1>$D$8,"" "",E38-H38))",5
Emprunts FD,A39,"=IF(A38="" "","" "",IF(A38+1>$D$8,"" "",A38+1))",4
Emprunts FD,B39,=+B38+1,1
Emprunts FD,E39,"=IF(A38="" "","" "",IF(A38+1>$D$8,"" "",I38))",4
Emprunts FD,F39,"=IF(A38="" "","" "",IF(A38+1>$D$8,"" "",F38))",4
Emprunts FD,G39,"=IF(A38="" "","" "",IF(A38+1>$D$8,"" "",E39*$E$8))",5
Emprunts FD,H39,"=IF(A38="" "","" "",IF(A38+1>$D$8,"" "",F39-G39))",5
Emprunts FD,I39,"=IF(A38="" "","" "",IF(A38+1>$D$8,"" "",E39-H39))",5
Emprunts FD,A40,"=IF(A39="" "","" "",IF(A39+1>$D$8,"" "",A39+1))",4
Emprunts FD,B40,=+B39+1,1
Emprunts FD,E40,"=IF(A39="" "","" "",IF(A39+1>$D$8,"" "",I39))",4
Emprunts FD,F40,"=IF(A39="" "","" "",IF(A39+1>$D$8,"" "",F39))",4
Emprunts FD,G40,"=IF(A39="" "","" "",IF(A39+1>$D$8,"" "",E40*$E$8))",5
Emprunts FD,H40,"=IF(A39="" "","" "",IF(A39+1>$D$8,"" "",F40-G40))",5
Emprunts FD,I40,"=IF(A39="" "","" "",IF(A39+1>$D$8,"" "",E40-H40))",5
Emprunts FD,A41,"=IF(A40="" "","" "",IF(A40+1>$D$8,"" "",A40+1))",4
Emprunts FD,B41,=+B40+1,1
Emprunts FD,E41,"=IF(A40="" "","" "",IF(A40+1>$D$8,"" "",I40))",4
Emprunts FD,F41,"=IF(A40="" "","" "",IF(A40+1>$D$8,"" "",F40))",4
Emprunts FD,G41,"=IF(A40="" "","" "",IF(A40+1>$D$8,"" "",E41*$E$8))",5
Emprunts FD,H41,"=IF(A40="" "","" "",IF(A40+1>$D$8,"" "",F41-G41))",5
Emprunts FD,I41,"=IF(A40="" "","" "",IF(A40+1>$D$8,"" "",E41-H41))",5
Emprunts FD,A42,"=IF(A41="" "","" "",IF(A41+1>$D$8,"" "",A41+1))",4
Emprunts FD,B42,=+B41+1,1
Emprunts FD,E42,"=IF(A41="" "","" "",IF(A41+1>$D$8,"" "",I41))",4
Emprunts FD,F42,"=IF(A41="" "","" "",IF(A41+1>$D$8,"" "",F41))",4
Emprunts FD,G42,"=IF(A41="" "","" "",IF(A41+1>$D$8,"" "",E42*$E$8))",5
Emprunts FD,H42,"=IF(A41="" "","" "",IF(A41+1>$D$8,"" "",F42-G42))",5
Emprunts FD,I42,"=IF(A41="" "","" "",IF(A41+1>$D$8,"" "",E42-H42))",5
Emprunts FD,A43,"=IF(A42="" "","" "",IF(A42+1>$D$8,"" "",A42+1))",4
Emprunts FD,B43,=+B42+1,1
Emprunts FD,E43,"=IF(A42="" "","" "",IF(A42+1>$D$8,"" "",I42))",4
Emprunts FD,F43,"=IF(A42="" "","" "",IF(A42+1>$D$8,"" "",F42))",4
Emprunts FD,G43,"=IF(A42="" "","" "",IF(A42+1>$D$8,"" "",E43*$E$8))",5
Emprunts FD,H43,"=IF(A42="" "","" "",IF(A42+1>$D$8,"" "",F43-G43))",5
Emprunts FD,I43,"=IF(A42="" "","" "",IF(A42+1>$D$8,"" "",E43-H43))",5
Emprunts FD,A44,"=IF(A43="" "","" "",IF(A43+1>$D$8,"" "",A43+1))",4
Emprunts FD,B44,=+B43+1,1
Emprunts FD,E44,"=IF(A43="" "","" "",IF(A43+1>$D$8,"" "",I43))",4
Emprunts FD,F44,"=IF(A43="" "","" "",IF(A43+1>$D$8,"" "",F43))",4
Emprunts FD,G44,"=IF(A43="" "","" "",IF(A43+1>$D$8,"" "",E44*$E$8))",5
Emprunts FD,H44,"=IF(A43="" "","" "",IF(A43+1>$D$8,"" "",F44-G44))",5
Emprunts FD,I44,"=IF(A43="" "","" "",IF(A43+1>$D$8,"" "",E44-H44))",5
Emprunts FD,A45,"=IF(A44="" "","" "",IF(A44+1>$D$8,"" "",A44+1))",4
Emprunts FD,B45,=+B44+1,1
Emprunts FD,E45,"=IF(A44="" "","" "",IF(A44+1>$D$8,"" "",I44))",4
Emprunts FD,F45,"=IF(A44="" "","" "",IF(A44+1>$D$8,"" "",F44))",4
Emprunts FD,G45,"=IF(A44="" "","" "",IF(A44+1>$D$8,"" "",E45*$E$8))",5
Emprunts FD,H45,"=IF(A44="" "","" "",IF(A44+1>$D$8,"" "",F45-G45))",5
Emprunts FD,I45,"=IF(A44="" "","" "",IF(A44+1>$D$8,"" "",E45-H45))",5
Emprunts FD,A46,"=IF(A45="" "","" "",IF(A45+1>$D$8,"" "",A45+1))",4
Emprunts FD,B46,=+B45+1,1
Emprunts FD,E46,"=IF(A45="" "","" "",IF(A45+1>$D$8,"" "",I45))",4
Emprunts FD,F46,"=IF(A45="" "","" "",IF(A45+1>$D$8,"" "",F45))",4
Emprunts FD,G46,"=IF(A45="" "","" "",IF(A45+1>$D$8,"" "",E46*$E$8))",5
Emprunts FD,H46,"=IF(A45="" "","" "",IF(A45+1>$D$8,"" "",F46-G46))",5
Emprunts FD,I46,"=IF(A45="" "","" "",IF(A45+1>$D$8,"" "",E46-H46))",5
Emprunts FD,A47,"=IF(A46="" "","" "",IF(A46+1>$D$8,"" "",A46+1))",4
Emprunts FD,B47,=+B46+1,1
Emprunts FD,E47,"=IF(A46="" "","" "",IF(A46+1>$D$8,"" "",I46))",4
Emprunts FD,F47,"=IF(A46="" "","" "",IF(A46+1>$D$8,"" "",F46))",4
Emprunts FD,G47,"=IF(A46="" "","" "",IF(A46+1>$D$8,"" "",E47*$E$8))",5
Emprunts FD,H47,"=IF(A46="" "","" "",IF(A46+1>$D$8,"" "",F47-G47))",5
Emprunts FD,I47,"=IF(A46="" "","" "",IF(A46+1>$D$8,"" "",E47-H47))",5
Emprunts FD,A48,"=IF(A47="" "","" "",IF(A47+1>$D$8,"" "",A47+1))",4
Emprunts FD,B48,=+B47+1,1
Emprunts FD,E48,"=IF(A47="" "","" "",IF(A47+1>$D$8,"" "",I47))",4
Emprunts FD,F48,"=IF(A47="" "","" "",IF(A47+1>$D$8,"" "",F47))",4
Emprunts FD,G48,"=IF(A47="" "","" "",IF(A47+1>$D$8,"" "",E48*$E$8))",5
Emprunts FD,H48,"=IF(A47="" "","" "",IF(A47+1>$D$8,"" "",F48-G48))",5
Emprunts FD,I48,"=IF(A47="" "","" "",IF(A47+1>$D$8,"" "",E48-H48))",5
Emprunts FD,A49,"=IF(A48="" "","" "",IF(A48+1>$D$8,"" "",A48+1))",4
Emprunts FD,B49,=+B48+1,1
Emprunts FD,E49,"=IF(A48="" "","" "",IF(A48+1>$D$8,"" "",I48))",4
Emprunts FD,F49,"=IF(A48="" "","" "",IF(A48+1>$D$8,"" "",F48))",4
Emprunts FD,G49,"=IF(A48="" "","" "",IF(A48+1>$D$8,"" "",E49*$E$8))",5
Emprunts FD,H49,"=IF(A48="" "","" "",IF(A48+1>$D$8,"" "",F49-G49))",5
Emprunts FD,I49,"=IF(A48="" "","" "",IF(A48+1>$D$8,"" "",E49-H49))",5
Emprunts FD,A50,"=IF(A49="" "","" "",IF(A49+1>$D$8,"" "",A49+1))",4
Emprunts FD,B50,=+B49+1,1
Emprunts FD,E50,"=IF(A49="" "","" "",IF(A49+1>$D$8,"" "",I49))",4
Emprunts FD,F50,"=IF(A49="" "","" "",IF(A49+1>$D$8,"" "",F49))",4
Emprunts FD,G50,"=IF(A49="" "","" "",IF(A49+1>$D$8,"" "",E50*$E$8))",5
Emprunts FD,H50,"=IF(A49="" "","" "",IF(A49+1>$D$8,"" "",F50-G50))",5
Emprunts FD,I50,"=IF(A49="" "","" "",IF(A49+1>$D$8,"" "",E50-H50))",5
Emprunts FD,A51,"=IF(A50="" "","" "",IF(A50+1>$D$8,"" "",A50+1))",4
Emprunts FD,B51,=+B50+1,1
Emprunts FD,E51,"=IF(A50="" "","" "",IF(A50+1>$D$8,"" "",I50))",4
Emprunts FD,F51,"=IF(A50="" "","" "",IF(A50+1>$D$8,"" "",F50))",4
Emprunts FD,G51,"=IF(A50="" "","" "",IF(A50+1>$D$8,"" "",E51*$E$8))",5
Emprunts FD,H51,"=IF(A50="" "","" "",IF(A50+1>$D$8,"" "",F51-G51))",5
Emprunts FD,I51,"=IF(A50="" "","" "",IF(A50+1>$D$8,"" "",E51-H51))",5
Emprunts FD,A52,"=IF(A51="" "","" "",IF(A51+1>$D$8,"" "",A51+1))",4
Emprunts FD,B52,=+B51+1,1
Emprunts FD,E52,"=IF(A51="" "","" "",IF(A51+1>$D$8,"" "",I51))",4
Emprunts FD,F52,"=IF(A51="" "","" "",IF(A51+1>$D$8,"" "",F51))",4
Emprunts FD,G52,"=IF(A51="" "","" "",IF(A51+1>$D$8,"" "",E52*$E$8))",5
Emprunts FD,H52,"=IF(A51="" "","" "",IF(A51+1>$D$8,"" "",F52-G52))",5
Emprunts FD,I52,"=IF(A51="" "","" "",IF(A51+1>$D$8,"" "",E52-H52))",5
Emprunts FD,A53,"=IF(A52="" "","" "",IF(A52+1>$D$8,"" "",A52+1))",4
Emprunts FD,B53,=+B52+1,1
Emprunts FD,E53,"=IF(A52="" "","" "",IF(A52+1>$D$8,"" "",I52))",4
Emprunts FD,F53,"=IF(A52="" "","" "",IF(A52+1>$D$8,"" "",F52))",4
Emprunts FD,G53,"=IF(A52="" "","" "",IF(A52+1>$D$8,"" "",E53*$E$8))",5
Emprunts FD,H53,"=IF(A52="" "","" "",IF(A52+1>$D$8,"" "",F53-G53))",5
Emprunts FD,I53,"=IF(A52="" "","" "",IF(A52+1>$D$8,"" "",E53-H53))",5
Emprunts FD,A54,"=IF(A53="" "","" "",IF(A53+1>$D$8,"" "",A53+1))",4
Emprunts FD,B54,=+B53+1,1
Emprunts FD,E54,"=IF(A53="" "","" "",IF(A53+1>$D$8,"" "",I53))",4
Emprunts FD,F54,"=IF(A53="" "","" "",IF(A53+1>$D$8,"" "",F53))",4
Emprunts FD,G54,"=IF(A53="" "","" "",IF(A53+1>$D$8,"" "",E54*$E$8))",5
Emprunts FD,H54,"=IF(A53="" "","" "",IF(A53+1>$D$8,"" "",F54-G54))",5
Emprunts FD,I54,"=IF(A53="" "","" "",IF(A53+1>$D$8,"" "",E54-H54))",5
Emprunts FD,A55,"=IF(A54="" "","" "",IF(A54+1>$D$8,"" "",A54+1))",4
Emprunts FD,B55,=+B54+1,1
Emprunts FD,E55,"=IF(A54="" "","" "",IF(A54+1>$D$8,"" "",I54))",4
Emprunts FD,F55,"=IF(A54="" "","" "",IF(A54+1>$D$8,"" "",F54))",4
Emprunts FD,G55,"=IF(A54="" "","" "",IF(A54+1>$D$8,"" "",E55*$E$8))",5
Emprunts FD,H55,"=IF(A54="" "","" "",IF(A54+1>$D$8,"" "",F55-G55))",5
Emprunts FD,I55,"=IF(A54="" "","" "",IF(A54+1>$D$8,"" "",E55-H55))",5
Emprunts FD,A56,"=IF(A55="" "","" "",IF(A55+1>$D$8,"" "",A55+1))",4
Emprunts FD,B56,=+B55+1,1
Emprunts FD,E56,"=IF(A55="" "","" "",IF(A55+1>$D$8,"" "",I55))",4
Emprunts FD,F56,"=IF(A55="" "","" "",IF(A55+1>$D$8,"" "",F55))",4
Emprunts FD,G56,"=IF(A55="" "","" "",IF(A55+1>$D$8,"" "",E56*$E$8))",5
Emprunts FD,H56,"=IF(A55="" "","" "",IF(A55+1>$D$8,"" "",F56-G56))",5
Emprunts FD,I56,"=IF(A55="" "","" "",IF(A55+1>$D$8,"" "",E56-H56))",5
Emprunts FD,A57,"=IF(A56="" "","" "",IF(A56+1>$D$8,"" "",A56+1))",4
Emprunts FD,B57,=+B56+1,1
Emprunts FD,E57,"=IF(A56="" "","" "",IF(A56+1>$D$8,"" "",I56))",4
Emprunts FD,F57,"=IF(A56="" "","" "",IF(A56+1>$D$8,"" "",F56))",4
Emprunts FD,G57,"=IF(A56="" "","" "",IF(A56+1>$D$8,"" "",E57*$E$8))",5
Emprunts FD,H57,"=IF(A56="" "","" "",IF(A56+1>$D$8,"" "",F57-G57))",5
Emprunts FD,I57,"=IF(A56="" "","" "",IF(A56+1>$D$8,"" "",E57-H57))",5
Emprunts FD,A58,"=IF(A57="" "","" "",IF(A57+1>$D$8,"" "",A57+1))",4
Emprunts FD,B58,=+B57+1,1
Emprunts FD,E58,"=IF(A57="" "","" "",IF(A57+1>$D$8,"" "",I57))",4
Emprunts FD,F58,"=IF(A57="" "","" "",IF(A57+1>$D$8,"" "",F57))",4
Emprunts FD,G58,"=IF(A57="" "","" "",IF(A57+1>$D$8,"" "",E58*$E$8))",5
Emprunts FD,H58,"=IF(A57="" "","" "",IF(A57+1>$D$8,"" "",F58-G58))",5
Emprunts FD,I58,"=IF(A57="" "","" "",IF(A57+1>$D$8,"" "",E58-H58))",5
Emprunts FD,A59,"=IF(A58="" "","" "",IF(A58+1>$D$8,"" "",A58+1))",4
Emprunts FD,B59,=+B58+1,1
Emprunts FD,E59,"=IF(A58="" "","" "",IF(A58+1>$D$8,"" "",I58))",4
Emprunts FD,F59,"=IF(A58="" "","" "",IF(A58+1>$D$8,"" "",F58))",4
Emprunts FD,G59,"=IF(A58="" "","" "",IF(A58+1>$D$8,"" "",E59*$E$8))",5
Emprunts FD,H59,"=IF(A58="" "","" "",IF(A58+1>$D$8,"" "",F59-G59))",5
Emprunts FD,I59,"=IF(A58="" "","" "",IF(A58+1>$D$8,"" "",E59-H59))",5
Emprunts FD,A60,"=IF(A59="" "","" "",IF(A59+1>$D$8,"" "",A59+1))",4
Emprunts FD,B60,=+B59+1,1
Emprunts FD,E60,"=IF(A59="" "","" "",IF(A59+1>$D$8,"" "",I59))",4
Emprunts FD,F60,"=IF(A59="" "","" "",IF(A59+1>$D$8,"" "",F59))",4
Emprunts FD,G60,"=IF(A59="" "","" "",IF(A59+1>$D$8,"" "",E60*$E$8))",5
Emprunts FD,H60,"=IF(A59="" "","" "",IF(A59+1>$D$8,"" "",F60-G60))",5
Emprunts FD,I60,"=IF(A59="" "","" "",IF(A59+1>$D$8,"" "",E60-H60))",5
Emprunts FD,A61,"=IF(A60="" "","" "",IF(A60+1>$D$8,"" "",A60+1))",4
Emprunts FD,B61,=+B60+1,1
Emprunts FD,E61,"=IF(A60="" "","" "",IF(A60+1>$D$8,"" "",I60))",4
Emprunts FD,F61,"=IF(A60="" "","" "",IF(A60+1>$D$8,"" "",F60))",4
Emprunts FD,G61,"=IF(A60="" "","" "",IF(A60+1>$D$8,"" "",E61*$E$8))",5
Emprunts FD,H61,"=IF(A60="" "","" "",IF(A60+1>$D$8,"" "",F61-G61))",5
Emprunts FD,I61,"=IF(A60="" "","" "",IF(A60+1>$D$8,"" "",E61-H61))",5
Emprunts FD,A62,"=IF(A61="" "","" "",IF(A61+1>$D$8,"" "",A61+1))",4
Emprunts FD,B62,=+B61+1,1
Emprunts FD,E62,"=IF(A61="" "","" "",IF(A61+1>$D$8,"" "",I61))",4
Emprunts FD,F62,"=IF(A61="" "","" "",IF(A61+1>$D$8,"" "",F61))",4
Emprunts FD,G62,"=IF(A61="" "","" "",IF(A61+1>$D$8,"" "",E62*$E$8))",5
Emprunts FD,H62,"=IF(A61="" "","" "",IF(A61+1>$D$8,"" "",F62-G62))",5
Emprunts FD,I62,"=IF(A61="" "","" "",IF(A61+1>$D$8,"" "",E62-H62))",5
Emprunts FD,A63,"=IF(A62="" "","" "",IF(A62+1>$D$8,"" "",A62+1))",4
Emprunts FD,B63,=+B62+1,1
Emprunts FD,E63,"=IF(A62="" "","" "",IF(A62+1>$D$8,"" "",I62))",4
Emprunts FD,F63,"=IF(A62="" "","" "",IF(A62+1>$D$8,"" "",F62))",4
Emprunts FD,G63,"=IF(A62="" "","" "",IF(A62+1>$D$8,"" "",E63*$E$8))",5
Emprunts FD,H63,"=IF(A62="" "","" "",IF(A62+1>$D$8,"" "",F63-G63))",5
Emprunts FD,I63,"=IF(A62="" "","" "",IF(A62+1>$D$8,"" "",E63-H63))",5
Emprunts FD,A64,"=IF(A63="" "","" "",IF(A63+1>$D$8,"" "",A63+1))",4
Emprunts FD,B64,=+B63+1,1
Emprunts FD,E64,"=IF(A63="" "","" "",IF(A63+1>$D$8,"" "",I63))",4
Emprunts FD,F64,"=IF(A63="" "","" "",IF(A63+1>$D$8,"" "",F63))",4
Emprunts FD,G64,"=IF(A63="" "","" "",IF(A63+1>$D$8,"" "",E64*$E$8))",5
Emprunts FD,H64,"=IF(A63="" "","" "",IF(A63+1>$D$8,"" "",F64-G64))",5
Emprunts FD,I64,"=IF(A63="" "","" "",IF(A63+1>$D$8,"" "",E64-H64))",5
Emprunts FD,A65,"=IF(A64="" "","" "",IF(A64+1>$D$8,"" "",A64+1))",4
Emprunts FD,B65,=+B64+1,1
Emprunts FD,E65,"=IF(A64="" "","" "",IF(A64+1>$D$8,"" "",I64))",4
Emprunts FD,F65,"=IF(A64="" "","" "",IF(A64+1>$D$8,"" "",F64))",4
Emprunts FD,G65,"=IF(A64="" "","" "",IF(A64+1>$D$8,"" "",E65*$E$8))",5
Emprunts FD,H65,"=IF(A64="" "","" "",IF(A64+1>$D$8,"" "",F65-G65))",5
Emprunts FD,I65,"=IF(A64="" "","" "",IF(A64+1>$D$8,"" "",E65-H65))",5
Emprunts FD,A66,"=IF(A65="" "","" "",IF(A65+1>$D$8,"" "",A65+1))",4
Emprunts FD,B66,=+B65+1,1
Emprunts FD,E66,"=IF(A65="" "","" "",IF(A65+1>$D$8,"" "",I65))",4
Emprunts FD,F66,"=IF(A65="" "","" "",IF(A65+1>$D$8,"" "",F65))",4
Emprunts FD,G66,"=IF(A65="" "","" "",IF(A65+1>$D$8,"" "",E66*$E$8))",5
Emprunts FD,H66,"=IF(A65="" "","" "",IF(A65+1>$D$8,"" "",F66-G66))",5
Emprunts FD,I66,"=IF(A65="" "","" "",IF(A65+1>$D$8,"" "",E66-H66))",5
Emprunts FD,A67,"=IF(A66="" "","" "",IF(A66+1>$D$8,"" "",A66+1))",4
Emprunts FD,B67,=+B66+1,1
Emprunts FD,E67,"=IF(A66="" "","" "",IF(A66+1>$D$8,"" "",I66))",4
Emprunts FD,F67,"=IF(A66="" "","" "",IF(A66+1>$D$8,"" "",F66))",4
Emprunts FD,G67,"=IF(A66="" "","" "",IF(A66+1>$D$8,"" "",E67*$E$8))",5
Emprunts FD,H67,"=IF(A66="" "","" "",IF(A66+1>$D$8,"" "",F67-G67))",5
Emprunts FD,I67,"=IF(A66="" "","" "",IF(A66+1>$D$8,"" "",E67-H67))",5
Emprunts FD,A68,"=IF(A67="" "","" "",IF(A67+1>$D$8,"" "",A67+1))",4
Emprunts FD,B68,=+B67+1,1
Emprunts FD,E68,"=IF(A67="" "","" "",IF(A67+1>$D$8,"" "",I67))",4
Emprunts FD,F68,"=IF(A67="" "","" "",IF(A67+1>$D$8,"" "",F67))",4
Emprunts FD,G68,"=IF(A67="" "","" "",IF(A67+1>$D$8,"" "",E68*$E$8))",5
Emprunts FD,H68,"=IF(A67="" "","" "",IF(A67+1>$D$8,"" "",F68-G68))",5
Emprunts FD,I68,"=IF(A67="" "","" "",IF(A67+1>$D$8,"" "",E68-H68))",5
Emprunts FD,A69,"=IF(A68="" "","" "",IF(A68+1>$D$8,"" "",A68+1))",4
Emprunts FD,B69,=+B68+1,1
Emprunts FD,E69,"=IF(A68="" "","" "",IF(A68+1>$D$8,"" "",I68))",4
Emprunts FD,F69,"=IF(A68="" "","" "",IF(A68+1>$D$8,"" "",F68))",4
Emprunts FD,G69,"=IF(A68="" "","" "",IF(A68+1>$D$8,"" "",E69*$E$8))",5
Emprunts FD,H69,"=IF(A68="" "","" "",IF(A68+1>$D$8,"" "",F69-G69))",5
Emprunts FD,I69,"=IF(A68="" "","" "",IF(A68+1>$D$8,"" "",E69-H69))",5
Emprunts FD,A70,"=IF(A69="" "","" "",IF(A69+1>$D$8,"" "",A69+1))",4
Emprunts FD,B70,=+B69+1,1
Emprunts FD,E70,"=IF(A69="" "","" "",IF(A69+1>$D$8,"" "",I69))",4
Emprunts FD,F70,"=IF(A69="" "","" "",IF(A69+1>$D$8,"" "",F69))",4
Emprunts FD,G70,"=IF(A69="" "","" "",IF(A69+1>$D$8,"" "",E70*$E$8))",5
Emprunts FD,H70,"=IF(A69="" "","" "",IF(A69+1>$D$8,"" "",F70-G70))",5
Emprunts FD,I70,"=IF(A69="" "","" "",IF(A69+1>$D$8,"" "",E70-H70))",5
Emprunts FD,A71,"=IF(A70="" "","" "",IF(A70+1>$D$8,"" "",A70+1))",4
Emprunts FD,B71,=+B70+1,1
Emprunts FD,E71,"=IF(A70="" "","" "",IF(A70+1>$D$8,"" "",I70))",4
Emprunts FD,F71,"=IF(A70="" "","" "",IF(A70+1>$D$8,"" "",F70))",4
Emprunts FD,G71,"=IF(A70="" "","" "",IF(A70+1>$D$8,"" "",E71*$E$8))",5
Emprunts FD,H71,"=IF(A70="" "","" "",IF(A70+1>$D$8,"" "",F71-G71))",5
Emprunts FD,I71,"=IF(A70="" "","" "",IF(A70+1>$D$8,"" "",E71-H71))",5
Emprunts FD,A72,"=IF(A71="" "","" "",IF(A71+1>$D$8,"" "",A71+1))",4
Emprunts FD,B72,=+B71+1,1
Emprunts FD,E72,"=IF(A71="" "","" "",IF(A71+1>$D$8,"" "",I71))",4
Emprunts FD,F72,"=IF(A71="" "","" "",IF(A71+1>$D$8,"" "",F71))",4
Emprunts FD,G72,"=IF(A71="" "","" "",IF(A71+1>$D$8,"" "",E72*$E$8))",5
Emprunts FD,H72,"=IF(A71="" "","" "",IF(A71+1>$D$8,"" "",F72-G72))",5
Emprunts FD,I72,"=IF(A71="" "","" "",IF(A71+1>$D$8,"" "",E72-H72))",5
Emprunts FD,A73,"=IF(A72="" "","" "",IF(A72+1>$D$8,"" "",A72+1))",4
Emprunts FD,B73,=+B72+1,1
Emprunts FD,E73,"=IF(A72="" "","" "",IF(A72+1>$D$8,"" "",I72))",4
Emprunts FD,F73,"=IF(A72="" "","" "",IF(A72+1>$D$8,"" "",F72))",4
Emprunts FD,G73,"=IF(A72="" "","" "",IF(A72+1>$D$8,"" "",E73*$E$8))",5
Emprunts FD,H73,"=IF(A72="" "","" "",IF(A72+1>$D$8,"" "",F73-G73))",5
Emprunts FD,I73,"=IF(A72="" "","" "",IF(A72+1>$D$8,"" "",E73-H73))",5
Emprunts FD,A74,"=IF(A73="" "","" "",IF(A73+1>$D$8,"" "",A73+1))",4
Emprunts FD,B74,=+B73+1,1
Emprunts FD,E74,"=IF(A73="" "","" "",IF(A73+1>$D$8,"" "",I73))",4
Emprunts FD,F74,"=IF(A73="" "","" "",IF(A73+1>$D$8,"" "",F73))",4
Emprunts FD,G74,"=IF(A73="" "","" "",IF(A73+1>$D$8,"" "",E74*$E$8))",5
Emprunts FD,H74,"=IF(A73="" "","" "",IF(A73+1>$D$8,"" "",F74-G74))",5
Emprunts FD,I74,"=IF(A73="" "","" "",IF(A73+1>$D$8,"" "",E74-H74))",5
Emprunts FD,A75,"=IF(A74="" "","" "",IF(A74+1>$D$8,"" "",A74+1))",4
Emprunts FD,B75,=+B74+1,1
Emprunts FD,E75,"=IF(A74="" "","" "",IF(A74+1>$D$8,"" "",I74))",4
Emprunts FD,F75,"=IF(A74="" "","" "",IF(A74+1>$D$8,"" "",F74))",4
Emprunts FD,G75,"=IF(A74="" "","" "",IF(A74+1>$D$8,"" "",E75*$E$8))",5
Emprunts FD,H75,"=IF(A74="" "","" "",IF(A74+1>$D$8,"" "",F75-G75))",5
Emprunts FD,I75,"=IF(A74="" "","" "",IF(A74+1>$D$8,"" "",E75-H75))",5
Emprunts FD,A76,"=IF(A75="" "","" "",IF(A75+1>$D$8,"" "",A75+1))",4
Emprunts FD,B76,=+B75+1,1
Emprunts FD,E76,"=IF(A75="" "","" "",IF(A75+1>$D$8,"" "",I75))",4
Emprunts FD,F76,"=IF(A75="" "","" "",IF(A75+1>$D$8,"" "",F75))",4
Emprunts FD,G76,"=IF(A75="" "","" "",IF(A75+1>$D$8,"" "",E76*$E$8))",5
Emprunts FD,H76,"=IF(A75="" "","" "",IF(A75+1>$D$8,"" "",F76-G76))",5
Emprunts FD,I76,"=IF(A75="" "","" "",IF(A75+1>$D$8,"" "",E76-H76))",5
Emprunts FD,A77,"=IF(A76="" "","" "",IF(A76+1>$D$8,"" "",A76+1))",4
Emprunts FD,B77,=+B76+1,1
Emprunts FD,E77,"=IF(A76="" "","" "",IF(A76+1>$D$8,"" "",I76))",4
Emprunts FD,F77,"=IF(A76="" "","" "",IF(A76+1>$D$8,"" "",F76))",4
Emprunts FD,G77,"=IF(A76="" "","" "",IF(A76+1>$D$8,"" "",E77*$E$8))",5
Emprunts FD,H77,"=IF(A76="" "","" "",IF(A76+1>$D$8,"" "",F77-G77))",5
Emprunts FD,I77,"=IF(A76="" "","" "",IF(A76+1>$D$8,"" "",E77-H77))",5
Emprunts FD,A78,"=IF(A77="" "","" "",IF(A77+1>$D$8,"" "",A77+1))",4
Emprunts FD,B78,=+B77+1,1
Emprunts FD,E78,"=IF(A77="" "","" "",IF(A77+1>$D$8,"" "",I77))",4
Emprunts FD,F78,"=IF(A77="" "","" "",IF(A77+1>$D$8,"" "",F77))",4
Emprunts FD,G78,"=IF(A77="" "","" "",IF(A77+1>$D$8,"" "",E78*$E$8))",5
Emprunts FD,H78,"=IF(A77="" "","" "",IF(A77+1>$D$8,"" "",F78-G78))",5
Emprunts FD,I78,"=IF(A77="" "","" "",IF(A77+1>$D$8,"" "",E78-H78))",5
Emprunts FD,A79,"=IF(A78="" "","" "",IF(A78+1>$D$8,"" "",A78+1))",4
Emprunts FD,B79,=+B78+1,1
Emprunts FD,E79,"=IF(A78="" "","" "",IF(A78+1>$D$8,"" "",I78))",4
Emprunts FD,F79,"=IF(A78="" "","" "",IF(A78+1>$D$8,"" "",F78))",4
Emprunts FD,G79,"=IF(A78="" "","" "",IF(A78+1>$D$8,"" "",E79*$E$8))",5
Emprunts FD,H79,"=IF(A78="" "","" "",IF(A78+1>$D$8,"" "",F79-G79))",5
Emprunts FD,I79,"=IF(A78="" "","" "",IF(A78+1>$D$8,"" "",E79-H79))",5
Emprunts FD,A80,"=IF(A79="" "","" "",IF(A79+1>$D$8,"" "",A79+1))",4
Emprunts FD,B80,=+B79+1,1
Emprunts FD,E80,"=IF(A79="" "","" "",IF(A79+1>$D$8,"" "",I79))",4
Emprunts FD,F80,"=IF(A79="" "","" "",IF(A79+1>$D$8,"" "",F79))",4
Emprunts FD,G80,"=IF(A79="" "","" "",IF(A79+1>$D$8,"" "",E80*$E$8))",5
Emprunts FD,H80,"=IF(A79="" "","" "",IF(A79+1>$D$8,"" "",F80-G80))",5
Emprunts FD,I80,"=IF(A79="" "","" "",IF(A79+1>$D$8,"" "",E80-H80))",5
Emprunts FD,A81,"=IF(A80="" "","" "",IF(A80+1>$D$8,"" "",A80+1))",4
Emprunts FD,B81,=+B80+1,1
Emprunts FD,E81,"=IF(A80="" "","" "",IF(A80+1>$D$8,"" "",I80))",4
Emprunts FD,F81,"=IF(A80="" "","" "",IF(A80+1>$D$8,"" "",F80))",4
Emprunts FD,G81,"=IF(A80="" "","" "",IF(A80+1>$D$8,"" "",E81*$E$8))",5
Emprunts FD,H81,"=IF(A80="" "","" "",IF(A80+1>$D$8,"" "",F81-G81))",5
Emprunts FD,I81,"=IF(A80="" "","" "",IF(A80+1>$D$8,"" "",E81-H81))",5
Emprunts FD,A82,"=IF(A81="" "","" "",IF(A81+1>$D$8,"" "",A81+1))",4
Emprunts FD,B82,=+B81+1,1
Emprunts FD,E82,"=IF(A81="" "","" "",IF(A81+1>$D$8,"" "",I81))",4
Emprunts FD,F82,"=IF(A81="" "","" "",IF(A81+1>$D$8,"" "",F81))",4
Emprunts FD,G82,"=IF(A81="" "","" "",IF(A81+1>$D$8,"" "",E82*$E$8))",5
Emprunts FD,H82,"=IF(A81="" "","" "",IF(A81+1>$D$8,"" "",F82-G82))",5
Emprunts FD,I82,"=IF(A81="" "","" "",IF(A81+1>$D$8,"" "",E82-H82))",5
Emprunts FD,A83,"=IF(A82="" "","" "",IF(A82+1>$D$8,"" "",A82+1))",4
Emprunts FD,B83,=+B82+1,1
Emprunts FD,E83,"=IF(A82="" "","" "",IF(A82+1>$D$8,"" "",I82))",4
Emprunts FD,F83,"=IF(A82="" "","" "",IF(A82+1>$D$8,"" "",F82))",4
Emprunts FD,G83,"=IF(A82="" "","" "",IF(A82+1>$D$8,"" "",E83*$E$8))",5
Emprunts FD,H83,"=IF(A82="" "","" "",IF(A82+1>$D$8,"" "",F83-G83))",5
Emprunts FD,I83,"=IF(A82="" "","" "",IF(A82+1>$D$8,"" "",E83-H83))",5
Emprunts FD,A84,"=IF(A83="" "","" "",IF(A83+1>$D$8,"" "",A83+1))",4
Emprunts FD,B84,=+B83+1,1
Emprunts FD,E84,"=IF(A83="" "","" "",IF(A83+1>$D$8,"" "",I83))",4
Emprunts FD,F84,"=IF(A83="" "","" "",IF(A83+1>$D$8,"" "",F83))",4
Emprunts FD,G84,"=IF(A83="" "","" "",IF(A83+1>$D$8,"" "",E84*$E$8))",5
Emprunts FD,H84,"=IF(A83="" "","" "",IF(A83+1>$D$8,"" "",F84-G84))",5
Emprunts FD,I84,"=IF(A83="" "","" "",IF(A83+1>$D$8,"" "",E84-H84))",5
Emprunts FD,A85,"=IF(A84="" "","" "",IF(A84+1>$D$8,"" "",A84+1))",4
Emprunts FD,B85,=+B84+1,1
Emprunts FD,E85,"=IF(A84="" "","" "",IF(A84+1>$D$8,"" "",I84))",4
Emprunts FD,F85,"=IF(A84="" "","" "",IF(A84+1>$D$8,"" "",F84))",4
Emprunts FD,G85,"=IF(A84="" "","" "",IF(A84+1>$D$8,"" "",E85*$E$8))",5
Emprunts FD,H85,"=IF(A84="" "","" "",IF(A84+1>$D$8,"" "",F85-G85))",5
Emprunts FD,I85,"=IF(A84="" "","" "",IF(A84+1>$D$8,"" "",E85-H85))",5
Emprunts FD,A86,"=IF(A85="" "","" "",IF(A85+1>$D$8,"" "",A85+1))",4
Emprunts FD,B86,=+B85+1,1
Emprunts FD,E86,"=IF(A85="" "","" "",IF(A85+1>$D$8,"" "",I85))",4
Emprunts FD,F86,"=IF(A85="" "","" "",IF(A85+1>$D$8,"" "",F85))",4
Emprunts FD,G86,"=IF(A85="" "","" "",IF(A85+1>$D$8,"" "",E86*$E$8))",5
Emprunts FD,H86,"=IF(A85="" "","" "",IF(A85+1>$D$8,"" "",F86-G86))",5
Emprunts FD,I86,"=IF(A85="" "","" "",IF(A85+1>$D$8,"" "",E86-H86))",5
Emprunts FD,A87,"=IF(A86="" "","" "",IF(A86+1>$D$8,"" "",A86+1))",4
Emprunts FD,B87,=+B86+1,1
Emprunts FD,E87,"=IF(A86="" "","" "",IF(A86+1>$D$8,"" "",I86))",4
Emprunts FD,F87,"=IF(A86="" "","" "",IF(A86+1>$D$8,"" "",F86))",4
Emprunts FD,G87,"=IF(A86="" "","" "",IF(A86+1>$D$8,"" "",E87*$E$8))",5
Emprunts FD,H87,"=IF(A86="" "","" "",IF(A86+1>$D$8,"" "",F87-G87))",5
Emprunts FD,I87,"=IF(A86="" "","" "",IF(A86+1>$D$8,"" "",E87-H87))",5
Emprunts FD,A88,"=IF(A87="" "","" "",IF(A87+1>$D$8,"" "",A87+1))",4
Emprunts FD,B88,=+B87+1,1
Emprunts FD,E88,"=IF(A87="" "","" "",IF(A87+1>$D$8,"" "",I87))",4
Emprunts FD,F88,"=IF(A87="" "","" "",IF(A87+1>$D$8,"" "",F87))",4
Emprunts FD,G88,"=IF(A87="" "","" "",IF(A87+1>$D$8,"" "",E88*$E$8))",5
Emprunts FD,H88,"=IF(A87="" "","" "",IF(A87+1>$D$8,"" "",F88-G88))",5
Emprunts FD,I88,"=IF(A87="" "","" "",IF(A87+1>$D$8,"" "",E88-H88))",5
Emprunts FD,A89,"=IF(A88="" "","" "",IF(A88+1>$D$8,"" "",A88+1))",4
Emprunts FD,B89,=+B88+1,1
Emprunts FD,E89,"=IF(A88="" "","" "",IF(A88+1>$D$8,"" "",I88))",4
Emprunts FD,F89,"=IF(A88="" "","" "",IF(A88+1>$D$8,"" "",F88))",4
Emprunts FD,G89,"=IF(A88="" "","" "",IF(A88+1>$D$8,"" "",E89*$E$8))",5
Emprunts FD,H89,"=IF(A88="" "","" "",IF(A88+1>$D$8,"" "",F89-G89))",5
Emprunts FD,I89,"=IF(A88="" "","" "",IF(A88+1>$D$8,"" "",E89-H89))",5
Emprunts FD,A90,"=IF(A89="" "","" "",IF(A89+1>$D$8,"" "",A89+1))",4
Emprunts FD,B90,=+B89+1,1
Emprunts FD,E90,"=IF(A89="" "","" "",IF(A89+1>$D$8,"" "",I89))",4
Emprunts FD,F90,"=IF(A89="" "","" "",IF(A89+1>$D$8,"" "",F89))",4
Emprunts FD,G90,"=IF(A89="" "","" "",IF(A89+1>$D$8,"" "",E90*$E$8))",5
Emprunts FD,H90,"=IF(A89="" "","" "",IF(A89+1>$D$8,"" "",F90-G90))",5
Emprunts FD,I90,"=IF(A89="" "","" "",IF(A89+1>$D$8,"" "",E90-H90))",5
Emprunts FD,A91,"=IF(A90="" "","" "",IF(A90+1>$D$8,"" "",A90+1))",4
Emprunts FD,B91,=+B90+1,1
Emprunts FD,E91,"=IF(A90="" "","" "",IF(A90+1>$D$8,"" "",I90))",4
Emprunts FD,F91,"=IF(A90="" "","" "",IF(A90+1>$D$8,"" "",F90))",4
Emprunts FD,G91,"=IF(A90="" "","" "",IF(A90+1>$D$8,"" "",E91*$E$8))",5
Emprunts FD,H91,"=IF(A90="" "","" "",IF(A90+1>$D$8,"" "",F91-G91))",5
Emprunts FD,I91,"=IF(A90="" "","" "",IF(A90+1>$D$8,"" "",E91-H91))",5
Emprunts FD,A92,"=IF(A91="" "","" "",IF(A91+1>$D$8,"" "",A91+1))",4
Emprunts FD,B92,=+B91+1,1
Emprunts FD,E92,"=IF(A91="" "","" "",IF(A91+1>$D$8,"" "",I91))",4
Emprunts FD,F92,"=IF(A91="" "","" "",IF(A91+1>$D$8,"" "",F91))",4
Emprunts FD,G92,"=IF(A91="" "","" "",IF(A91+1>$D$8,"" "",E92*$E$8))",5
Emprunts FD,H92,"=IF(A91="" "","" "",IF(A91+1>$D$8,"" "",F92-G92))",5
Emprunts FD,I92,"=IF(A91="" "","" "",IF(A91+1>$D$8,"" "",E92-H92))",5
Emprunts FD,A93,"=IF(A92="" "","" "",IF(A92+1>$D$8,"" "",A92+1))",4
Emprunts FD,B93,=+B92+1,1
Emprunts FD,E93,"=IF(A92="" "","" "",IF(A92+1>$D$8,"" "",I92))",4
Emprunts FD,F93,"=IF(A92="" "","" "",IF(A92+1>$D$8,"" "",F92))",4
Emprunts FD,G93,"=IF(A92="" "","" "",IF(A92+1>$D$8,"" "",E93*$E$8))",5
Emprunts FD,H93,"=IF(A92="" "","" "",IF(A92+1>$D$8,"" "",F93-G93))",5
Emprunts FD,I93,"=IF(A92="" "","" "",IF(A92+1>$D$8,"" "",E93-H93))",5
Emprunts FD,A94,"=IF(A93="" "","" "",IF(A93+1>$D$8,"" "",A93+1))",4
Emprunts FD,B94,=+B93+1,1
Emprunts FD,E94,"=IF(A93="" "","" "",IF(A93+1>$D$8,"" "",I93))",4
Emprunts FD,F94,"=IF(A93="" "","" "",IF(A93+1>$D$8,"" "",F93))",4
Emprunts FD,G94,"=IF(A93="" "","" "",IF(A93+1>$D$8,"" "",E94*$E$8))",5
Emprunts FD,H94,"=IF(A93="" "","" "",IF(A93+1>$D$8,"" "",F94-G94))",5
Emprunts FD,I94,"=IF(A93="" "","" "",IF(A93+1>$D$8,"" "",E94-H94))",5
Emprunts FD,A95,"=IF(A94="" "","" "",IF(A94+1>$D$8,"" "",A94+1))",4
Emprunts FD,B95,=+B94+1,1
Emprunts FD,E95,"=IF(A94="" "","" "",IF(A94+1>$D$8,"" "",I94))",4
Emprunts FD,F95,"=IF(A94="" "","" "",IF(A94+1>$D$8,"" "",F94))",4
Emprunts FD,G95,"=IF(A94="" "","" "",IF(A94+1>$D$8,"" "",E95*$E$8))",5
Emprunts FD,H95,"=IF(A94="" "","" "",IF(A94+1>$D$8,"" "",F95-G95))",5
Emprunts FD,I95,"=IF(A94="" "","" "",IF(A94+1>$D$8,"" "",E95-H95))",5
Emprunts FD,A96,"=IF(A95="" "","" "",IF(A95+1>$D$8,"" "",A95+1))",4
Emprunts FD,B96,=+B95+1,1
Emprunts FD,E96,"=IF(A95="" "","" "",IF(A95+1>$D$8,"" "",I95))",4
Emprunts FD,F96,"=IF(A95="" "","" "",IF(A95+1>$D$8,"" "",F95))",4
Emprunts FD,G96,"=IF(A95="" "","" "",IF(A95+1>$D$8,"" "",E96*$E$8))",5
Emprunts FD,H96,"=IF(A95="" "","" "",IF(A95+1>$D$8,"" "",F96-G96))",5
Emprunts FD,I96,"=IF(A95="" "","" "",IF(A95+1>$D$8,"" "",E96-H96))",5
Emprunts FD,A97,"=IF(A96="" "","" "",IF(A96+1>$D$8,"" "",A96+1))",4
Emprunts FD,B97,=+B96+1,1
Emprunts FD,E97,"=IF(A96="" "","" "",IF(A96+1>$D$8,"" "",I96))",4
Emprunts FD,F97,"=IF(A96="" "","" "",IF(A96+1>$D$8,"" "",F96))",4
Emprunts FD,G97,"=IF(A96="" "","" "",IF(A96+1>$D$8,"" "",E97*$E$8))",5
Emprunts FD,H97,"=IF(A96="" "","" "",IF(A96+1>$D$8,"" "",F97-G97))",5
Emprunts FD,I97,"=IF(A96="" "","" "",IF(A96+1>$D$8,"" "",E97-H97))",5
Emprunts FD,A98,"=IF(A97="" "","" "",IF(A97+1>$D$8,"" "",A97+1))",4
Emprunts FD,B98,=+B97+1,1
Emprunts FD,E98,"=IF(A97="" "","" "",IF(A97+1>$D$8,"" "",I97))",4
Emprunts FD,F98,"=IF(A97="" "","" "",IF(A97+1>$D$8,"" "",F97))",4
Emprunts FD,G98,"=IF(A97="" "","" "",IF(A97+1>$D$8,"" "",E98*$E$8))",5
Emprunts FD,H98,"=IF(A97="" "","" "",IF(A97+1>$D$8,"" "",F98-G98))",5
Emprunts FD,I98,"=IF(A97="" "","" "",IF(A97+1>$D$8,"" "",E98-H98))",5
Emprunts FD,A99,"=IF(A98="" "","" "",IF(A98+1>$D$8,"" "",A98+1))",4
Emprunts FD,B99,=+B98+1,1
Emprunts FD,E99,"=IF(A98="" "","" "",IF(A98+1>$D$8,"" "",I98))",4
Emprunts FD,F99,"=IF(A98="" "","" "",IF(A98+1>$D$8,"" "",F98))",4
Emprunts FD,G99,"=IF(A98="" "","" "",IF(A98+1>$D$8,"" "",E99*$E$8))",5
Emprunts FD,H99,"=IF(A98="" "","" "",IF(A98+1>$D$8,"" "",F99-G99))",5
Emprunts FD,I99,"=IF(A98="" "","" "",IF(A98+1>$D$8,"" "",E99-H99))",5
Emprunts FD,A100,"=IF(A99="" "","" "",IF(A99+1>$D$8,"" "",A99+1))",4
Emprunts FD,B100,=+B99+1,1
Emprunts FD,E100,"=IF(A99="" "","" "",IF(A99+1>$D$8,"" "",I99))",4
Emprunts FD,F100,"=IF(A99="" "","" "",IF(A99+1>$D$8,"" "",F99))",4
Emprunts FD,G100,"=IF(A99="" "","" "",IF(A99+1>$D$8,"" "",E100*$E$8))",5
Emprunts FD,H100,"=IF(A99="" "","" "",IF(A99+1>$D$8,"" "",F100-G100))",5
Emprunts FD,I100,"=IF(A99="" "","" "",IF(A99+1>$D$8,"" "",E100-H100))",5
Emprunts FD,A101,"=IF(A100="" "","" "",IF(A100+1>$D$8,"" "",A100+1))",4
Emprunts FD,B101,=+B100+1,1
Emprunts FD,E101,"=IF(A100="" "","" "",IF(A100+1>$D$8,"" "",I100))",4
Emprunts FD,F101,"=IF(A100="" "","" "",IF(A100+1>$D$8,"" "",F100))",4
Emprunts FD,G101,"=IF(A100="" "","" "",IF(A100+1>$D$8,"" "",E101*$E$8))",5
Emprunts FD,H101,"=IF(A100="" "","" "",IF(A100+1>$D$8,"" "",F101-G101))",5
Emprunts FD,I101,"=IF(A100="" "","" "",IF(A100+1>$D$8,"" "",E101-H101))",5
Emprunts FD,A102,"=IF(A101="" "","" "",IF(A101+1>$D$8,"" "",A101+1))",4
Emprunts FD,B102,=+B101+1,1
Emprunts FD,E102,"=IF(A101="" "","" "",IF(A101+1>$D$8,"" "",I101))",4
Emprunts FD,F102,"=IF(A101="" "","" "",IF(A101+1>$D$8,"" "",F101))",4
Emprunts FD,G102,"=IF(A101="" "","" "",IF(A101+1>$D$8,"" "",E102*$E$8))",5
Emprunts FD,H102,"=IF(A101="" "","" "",IF(A101+1>$D$8,"" "",F102-G102))",5
Emprunts FD,I102,"=IF(A101="" "","" "",IF(A101+1>$D$8,"" "",E102-H102))",5
Emprunts FD,A103,"=IF(A102="" "","" "",IF(A102+1>$D$8,"" "",A102+1))",4
Emprunts FD,B103,=+B102+1,1
Emprunts FD,E103,"=IF(A102="" "","" "",IF(A102+1>$D$8,"" "",I102))",4
Emprunts FD,F103,"=IF(A102="" "","" "",IF(A102+1>$D$8,"" "",F102))",4
Emprunts FD,G103,"=IF(A102="" "","" "",IF(A102+1>$D$8,"" "",E103*$E$8))",5
Emprunts FD,H103,"=IF(A102="" "","" "",IF(A102+1>$D$8,"" "",F103-G103))",5
Emprunts FD,I103,"=IF(A102="" "","" "",IF(A102+1>$D$8,"" "",E103-H103))",5
Emprunts FD,A104,"=IF(A103="" "","" "",IF(A103+1>$D$8,"" "",A103+1))",4
Emprunts FD,B104,=+B103+1,1
Emprunts FD,E104,"=IF(A103="" "","" "",IF(A103+1>$D$8,"" "",I103))",4
Emprunts FD,F104,"=IF(A103="" "","" "",IF(A103+1>$D$8,"" "",F103))",4
Emprunts FD,G104,"=IF(A103="" "","" "",IF(A103+1>$D$8,"" "",E104*$E$8))",5
Emprunts FD,H104,"=IF(A103="" "","" "",IF(A103+1>$D$8,"" "",F104-G104))",5
Emprunts FD,I104,"=IF(A103="" "","" "",IF(A103+1>$D$8,"" "",E104-H104))",5
Emprunts FD,A105,"=IF(A104="" "","" "",IF(A104+1>$D$8,"" "",A104+1))",4
Emprunts FD,B105,=+B104+1,1
Emprunts FD,E105,"=IF(A104="" "","" "",IF(A104+1>$D$8,"" "",I104))",4
Emprunts FD,F105,"=IF(A104="" "","" "",IF(A104+1>$D$8,"" "",F104))",4
Emprunts FD,G105,"=IF(A104="" "","" "",IF(A104+1>$D$8,"" "",E105*$E$8))",5
Emprunts FD,H105,"=IF(A104="" "","" "",IF(A104+1>$D$8,"" "",F105-G105))",5
Emprunts FD,I105,"=IF(A104="" "","" "",IF(A104+1>$D$8,"" "",E105-H105))",5
Emprunts FD,A106,"=IF(A105="" "","" "",IF(A105+1>$D$8,"" "",A105+1))",4
Emprunts FD,B106,=+B105+1,1
Emprunts FD,E106,"=IF(A105="" "","" "",IF(A105+1>$D$8,"" "",I105))",4
Emprunts FD,F106,"=IF(A105="" "","" "",IF(A105+1>$D$8,"" "",F105))",4
Emprunts FD,G106,"=IF(A105="" "","" "",IF(A105+1>$D$8,"" "",E106*$E$8))",5
Emprunts FD,H106,"=IF(A105="" "","" "",IF(A105+1>$D$8,"" "",F106-G106))",5
Emprunts FD,I106,"=IF(A105="" "","" "",IF(A105+1>$D$8,"" "",E106-H106))",5
Emprunts FD,A107,"=IF(A106="" "","" "",IF(A106+1>$D$8,"" "",A106+1))",4
Emprunts FD,B107,=+B106+1,1
Emprunts FD,E107,"=IF(A106="" "","" "",IF(A106+1>$D$8,"" "",I106))",4
Emprunts FD,F107,"=IF(A106="" "","" "",IF(A106+1>$D$8,"" "",F106))",4
Emprunts FD,G107,"=IF(A106="" "","" "",IF(A106+1>$D$8,"" "",E107*$E$8))",5
Emprunts FD,H107,"=IF(A106="" "","" "",IF(A106+1>$D$8,"" "",F107-G107))",5
Emprunts FD,I107,"=IF(A106="" "","" "",IF(A106+1>$D$8,"" "",E107-H107))",5
Emprunts FD,A108,"=IF(A107="" "","" "",IF(A107+1>$D$8,"" "",A107+1))",4
Emprunts FD,B108,=+B107+1,1
Emprunts FD,E108,"=IF(A107="" "","" "",IF(A107+1>$D$8,"" "",I107))",4
Emprunts FD,F108,"=IF(A107="" "","" "",IF(A107+1>$D$8,"" "",F107))",4
Emprunts FD,G108,"=IF(A107="" "","" "",IF(A107+1>$D$8,"" "",E108*$E$8))",5
Emprunts FD,H108,"=IF(A107="" "","" "",IF(A107+1>$D$8,"" "",F108-G108))",5
Emprunts FD,I108,"=IF(A107="" "","" "",IF(A107+1>$D$8,"" "",E108-H108))",5
Emprunts FD,A109,"=IF(A108="" "","" "",IF(A108+1>$D$8,"" "",A108+1))",4
Emprunts FD,B109,=+B108+1,1
Emprunts FD,E109,"=IF(A108="" "","" "",IF(A108+1>$D$8,"" "",I108))",4
Emprunts FD,F109,"=IF(A108="" "","" "",IF(A108+1>$D$8,"" "",F108))",4
Emprunts FD,G109,"=IF(A108="" "","" "",IF(A108+1>$D$8,"" "",E109*$E$8))",5
Emprunts FD,H109,"=IF(A108="" "","" "",IF(A108+1>$D$8,"" "",F109-G109))",5
Emprunts FD,I109,"=IF(A108="" "","" "",IF(A108+1>$D$8,"" "",E109-H109))",5
Emprunts FD,F110,=+SUM(F14:F109),1
Emprunts FD,G110,=+SUM(G14:G109),1
Emprunts FD,H110,=+SUM(H14:H109),1
Détails FF FD,C3,<openpyxl.worksheet.formula.ArrayFormula object at 0x0000026CDE79C450>,0
Détails FF FD,O3,=SUM(C3:N3),1
Détails FF FD,C4,<openpyxl.worksheet.formula.ArrayFormula object at 0x0000026CDE833DD0>,0
Détails FF FD,O4,=SUM(C4:N4),1
Détails FF FD,C5,<openpyxl.worksheet.formula.ArrayFormula object at 0x0000026CDE7D3D50>,0
Détails FF FD,O5,=SUM(C5:N5),1
Détails FF FD,C6,<openpyxl.worksheet.formula.ArrayFormula object at 0x0000026CDE3A1490>,0
Détails FF FD,O6,=SUM(C6:N6),1
Détails FF FD,C7,=SUM(C3:C6),1
Détails FF FD,D7,=SUM(D3:D6),1
Détails FF FD,E7,=SUM(E3:E6),1
Détails FF FD,F7,=SUM(F3:F6),1
Détails FF FD,G7,=SUM(G3:G6),1
Détails FF FD,H7,=SUM(H3:H6),1
Détails FF FD,I7,=SUM(I3:I6),1
Détails FF FD,J7,=SUM(J3:J6),1
Détails FF FD,K7,=SUM(K3:K6),1
Détails FF FD,L7,=SUM(L3:L6),1
Détails FF FD,M7,=SUM(M3:M6),1
Détails FF FD,N7,=SUM(N3:N6),1
Détails FF FD,O7,=SUM(O3:O6),1
Détails FF FD,P7,=+O7-'Emprunts FD'!G110,2
Détails FF FD,C9,=+C2,1
Détails FF FD,D9,=+D2,1
Détails FF FD,E9,=+E2,1
Détails FF FD,F9,=+F2,1
Détails FF FD,G9,=+G2,1
Détails FF FD,H9,=+H2,1
Détails FF FD,I9,=+I2,1
Détails FF FD,J9,=+J2,1
Détails FF FD,K9,=+K2,1
Détails FF FD,L9,=+L2,1
Détails FF FD,M9,=+M2,1
Détails FF FD,N9,=+N2,1
Détails FF FD,O9,=+O2,1
Détails FF FD,B10,=+B3,1
Détails FF FD,C10,<openpyxl.worksheet.formula.ArrayFormula object at 0x0000026CDE7B89D0>,0
Détails FF FD,O10,=SUM(C10:N10),1
Détails FF FD,B11,=+B4,1
Détails FF FD,C11,<openpyxl.worksheet.formula.ArrayFormula object at 0x0000026CDE94C150>,0
Détails FF FD,O11,=SUM(C11:N11),1
Détails FF FD,B12,=+B5,1
Détails FF FD,C12,<openpyxl.worksheet.formula.ArrayFormula object at 0x0000026CDE1818D0>,0
Détails FF FD,O12,=SUM(C12:N12),1
Détails FF FD,B13,=+B6,1
Détails FF FD,C13,<openpyxl.worksheet.formula.ArrayFormula object at 0x0000026CDD9419D0>,0
Détails FF FD,O13,=SUM(C13:N13),1
Détails FF FD,C14,=SUM(C10:C13),1
Détails FF FD,D14,=SUM(D10:D13),1
Détails FF FD,E14,=SUM(E10:E13),1
Détails FF FD,F14,=SUM(F10:F13),1
Détails FF FD,G14,=SUM(G10:G13),1
Détails FF FD,H14,=SUM(H10:H13),1
Détails FF FD,I14,=SUM(I10:I13),1
Détails FF FD,J14,=SUM(J10:J13),1
Détails FF FD,K14,=SUM(K10:K13),1
Détails FF FD,L14,=SUM(L10:L13),1
Détails FF FD,M14,=SUM(M10:M13),1
Détails FF FD,N14,=SUM(N10:N13),1
Détails FF FD,O14,=SUM(O10:O13),1
Détails FF FD,P14,=+'Emprunts FD'!H110-O14,2
Détails FF FD,C16,=+C9,1
Détails FF FD,D16,=+D9,1
Détails FF FD,E16,=+E9,1
Détails FF FD,F16,=+F9,1
Détails FF FD,G16,=+G9,1
Détails FF FD,H16,=+H9,1
Détails FF FD,I16,=+I9,1
Détails FF FD,J16,=+J9,1
Détails FF FD,K16,=+K9,1
Détails FF FD,L16,=+L9,1
Détails FF FD,M16,=+M9,1
Détails FF FD,N16,=+N9,1
Détails FF FD,O16,=+O9,1
Détails FF FD,B17,=+B10,1
Détails FF FD,C17,"=IFERROR(+C10+C3,0)",2
Détails FF FD,D17,"=IFERROR(+D10+D3,0)",2
Détails FF FD,E17,"=IFERROR(+E10+E3,0)",2
Détails FF FD,F17,"=IFERROR(+F10+F3,0)",2
Détails FF FD,G17,"=IFERROR(+G10+G3,0)",2
Détails FF FD,H17,"=IFERROR(+H10+H3,0)",2
Détails FF FD,I17,"=IFERROR(+I10+I3,0)",2
Détails FF FD,J17,"=IFERROR(+J10+J3,0)",2
Détails FF FD,K17,"=IFERROR(+K10+K3,0)",2
Détails FF FD,L17,"=IFERROR(+L10+L3,0)",2
Détails FF FD,M17,"=IFERROR(+M10+M3,0)",2
Détails FF FD,N17,"=IFERROR(+N10+N3,0)",2
Détails FF FD,O17,=SUM(C17:N17),1
Détails FF FD,B18,=+B11,1
Détails FF FD,C18,"=IFERROR(+C11+C4,0)",2
Détails FF FD,D18,"=IFERROR(+D11+D4,0)",2
Détails FF FD,E18,"=IFERROR(+E11+E4,0)",2
Détails FF FD,F18,"=IFERROR(+F11+F4,0)",2
Détails FF FD,G18,"=IFERROR(+G11+G4,0)",2
Détails FF FD,H18,"=IFERROR(+H11+H4,0)",2
Détails FF FD,I18,"=IFERROR(+I11+I4,0)",2
Détails FF FD,J18,"=IFERROR(+J11+J4,0)",2
Détails FF FD,K18,"=IFERROR(+K11+K4,0)",2
Détails FF FD,L18,"=IFERROR(+L11+L4,0)",2
Détails FF FD,M18,"=IFERROR(+M11+M4,0)",2
Détails FF FD,N18,"=IFERROR(+N11+N4,0)",2
Détails FF FD,O18,=SUM(C18:N18),1
Détails FF FD,B19,=+B12,1
Détails FF FD,C19,=+C12+C5,2
Détails FF FD,D19,=+D12+D5,2
Détails FF FD,E19,=+E12+E5,2
Détails FF FD,F19,=+F12+F5,2
Détails FF FD,G19,=+G12+G5,2
Détails FF FD,H19,=+H12+H5,2
Détails FF FD,I19,=+I12+I5,2
Détails FF FD,J19,=+J12+J5,2
Détails FF FD,K19,=+K12+K5,2
Détails FF FD,L19,=+L12+L5,2
Détails FF FD,M19,=+M12+M5,2
Détails FF FD,N19,=+N12+N5,2
Détails FF FD,O19,=SUM(C19:N19),1
Détails FF FD,B20,=+B13,1
Détails FF FD,C21,=SUM(C17:C20),1
Détails FF FD,D21,=SUM(D17:D20),1
Détails FF FD,E21,=SUM(E17:E20),1
Détails FF FD,F21,=SUM(F17:F20),1
Détails FF FD,G21,=SUM(G17:G20),1
Détails FF FD,H21,=SUM(H17:H20),1
Détails FF FD,I21,=SUM(I17:I20),1
Détails FF FD,J21,=SUM(J17:J20),1
Détails FF FD,K21,=SUM(K17:K20),1
Détails FF FD,L21,=SUM(L17:L20),1
Détails FF FD,M21,=SUM(M17:M20),1
Détails FF FD,N21,=SUM(N17:N20),1
Détails FF FD,O21,=SUM(O17:O20),1
Détails FF FD,P21,=+O21-'Emprunts FD'!F110,2
