sheet,region_id,start_row,end_row,start_column,end_column,row_count,column_span,formula_count,constant_count,text_count,numeric_count,preview
FORT DAUPHIN,FORT DAUPHIN_R1,5,135,1,26,131,26,118,3143,950,2064,"A= ; B= ; C= ; D==SUBTOTAL(3,D7:D135) ; E= ; F= ; G==SUBTOTAL(9,G7:G135) ; H==SUBTOTAL(9,H7:H135) ; I==SUBTOTAL(9,I7:I135) ; J==SUBTOTAL(9,J7:J135) ; K==SUBTOTAL(9,K7:K135) ; L==SUBTOTAL(9,L7:L135) ; M==SUBTOTAL(9,M7:M135) ; N==SUBTOTAL(9,N7:N135) ; O==SUBTOTAL(9,O7:O135) ; P==SUBTOTAL(9,P7:P135) ; Q==SUBTOTAL(9,Q7:Q135) ; R==SUBTOTAL(9,R7:R135) ; S==SUBTOTAL(9,S7:S135) ; T==SUBTOTAL(9,T7:T135) ; U==SUBTOTAL(9,U7:U135) ; V==SUBTOTAL(9,V7:V135) ; W==SUBTOTAL(9,W7:W135) ; X==SUBTOTAL(9,X7:X135) ; Y==SUBTOTAL(9,Y7:Y135) ; Z==SUBTOTAL(9,Z7:Z135) || A==""Matricule"" ; B==""NOM"" ; C==""PRENOMS"" ; D==""FONCTION"" ; E==""entree"" ; F==""CAT"" ; G==""Base"" ; H==""ALLOCATION DE CONGES"" ; I==""HEURES SUPP"" ; J==""NBRES"" ; K==""ABSENCE"" ; L==""PREAVIS (retenue)"" ; M==""INDEMNITE"" ; N==""BRUT"" ; O==""IRSA"" ; P==""RET CNAPS"" ; Q==""RET OSTIE"" ; R==""AVANCES"" ; S==""ANC ARR"" ; T==""NOUV ARR"" ; U==""NET A PAYER"" ; V==""UNITE"" ; W==""SERVICE"" ; X==""Intitulé établissement"" ; Y==""MODE DE PAIEMENT"" ; Z=Cout u || A=100081 ; B=MBOLA ; C=Mahasoa ; D=MANUTENTIONNAIRE ; E=2017-10-25 00:00:00 ; F= ; G=117000 ; H=0 ; I=0 ; J=39 ; K=0 ; L=0 ; M=0 ; N=117000 ; O=2000 ; P=0 ; Q=0 ; R=0 ; S=0 ; T=0 ; U=115000 ; V=JOURNALIER ; W=TRANOMARO ; X=SOMIDA TRA ; Y=Espèces ; Z==+N7/J7 || A=100135 ; B=MONJA ; C=Tovontsoa ; D=MANUTENTIONNAIRE ; E=2017-10-25 00:00:00 ; F= ; G=117000 ; H=0 ; I=0 ; J=39 ; K=0 ; L=0 ; M=0 ; N=117000 ; O=2000 ; P=0 ; Q=0 ; R=0 ; S=0 ; T=0 ; U=115000 ; V=JOURNALIER ; W=TRANOMARO ; X=SOMIDA TRA ; Y=Espèces ; Z==+N8/J8 || A=100137 ; B=LAMBO ; C=Retahie ; D=MANUTENTIONNAIRE ; E=2017-10-03 00:00:00 ; F= ; G=117000 ; H=0 ; I=0 ; J=39 ; K=0 ; L=0 ; M=0 ; N=117000 ; O=2000 ; P=0 ; Q=0 ; R=0 ; S=0 ; T=0 ; U=115000 ; V=JOURNALIER ; W=TRANOMARO ; X=SOMIDA TRA ; Y=Espèces ; Z==+N9/J9 || A=100265 ; B=RAHERINIAINA ; C=Jochristia ; D=MANUTENTIONNAIRE ; E=2017-04-25 00:00:00 ; F= ; G=117000 ; H=0 ; I=0 ; J=39 ; K=0 ; L=0 ; M=0 ; N=117000 ; O=2000 ; P=0 ; Q=0 ; R=0 ; S=0 ; T=0 ; U=115000 ; V=JOURNALIER ; W=TRANOMARO ; X=SOMIDA TRA ; Y=Espèces ; Z==+N10/J10 || A=100266 ; B=MONJA ; C=Voriavy ; D=MANUTENTIONNAIRE ; E=2017-09-25 00:00:00 ; F= ; G=117000 ; H=0 ; I=0 ; J=39 ; K=0 ; L=0 ; M=0 ; N=117000 ; O=2000 ; P=0 ; Q=0 ; R=0 ; S=0 ; T=0 ; U=115000 ; V=JOURNALIER ; W=TRANOMARO ; X=SOMIDA TRA ; Y=Espèces ; Z==+N11/J11 || A=100269 ; B=IALY ; C= ; D=MANUTENTIONNAIRE ; E=2017-05-26 00:00:00 ; F= ; G=117000 ; H=0 ; I=0 ; J=39 ; K=0 ; L=0 ; M=0 ; N=117000 ; O=2000 ; P=0 ; Q=0 ; R=0 ; S=0 ; T=0 ; U=115000 ; V=JOURNALIER ; W=TRANOMARO ; X=SOMIDA TRA ; Y=Espèces ; Z==+N12/J12"
FORT DAUPHIN,FORT DAUPHIN_R2,138,189,1,25,52,25,156,393,85,308,"A=="""" ; B=="""" ; C=="""" ; D=="""" ; E=129 ; F=="""" ; G==SUM(G7:G135) ; H==SUM(H7:H135) ; I==SUM(I7:I135) ; J==SUM(J7:J135) ; K==SUM(K7:K135) ; L==SUM(L7:L135) ; M==SUM(M7:M135) ; N==SUM(N7:N135) ; O==SUM(O7:O135) ; P==SUM(P7:P135) ; Q==SUM(Q7:Q135) ; R==SUM(R7:R135) ; S==SUM(S7:S135) ; T==SUM(T7:T135) ; U==SUM(U7:U135) ; V=="""" ; W=="""" ; X=="""" ; Y=="""" || A=FORT DAUPHIN ; B= ; C= ; D= ; E==+E5 ; F= ; G=Patronnale ; H= ; I= ; J= ; K= ; L==+L5 ; M==+M5 ; N==+N5 ; O==+O5 ; P==+P5 ; Q==+Q5 ; R==+R5 ; S==+S5 ; T==+T5 ; U==+U5 ; V= ; W= ; X= ; Y= || A= ; B=Administration ; C=BRUT ; D=IRSA ; E=RET CNAPS ; F=RET OSTIE ; G=CNAPS ; H=OSTIE ; I= ; J= ; K= ; L= ; M= ; N= ; O= ; P= ; Q= ; R= ; S= ; T= ; U= ; V= ; W= ; X= ; Y= || A= ; B=RESP PAIE DU SUD ; C=650000 ; D=71400 ; E=6500 ; F=6500 ; G==+E141*13 ; H==+F141*5 ; I= ; J= ; K= ; L= ; M= ; N= ; O= ; P= ; Q= ; R= ; S= ; T= ; U= ; V= ; W= ; X= ; Y= || A= ; B=RESP TRANSIT ; C=500000 ; D=44000 ; E=5000 ; F=5000 ; G==+E142*13 ; H==+F142*5 ; I= ; J= ; K= ; L= ; M= ; N= ; O= ; P= ; Q= ; R= ; S= ; T= ; U= ; V= ; W= ; X= ; Y= || A= ; B=DIR D'EXPLOITATION ; C=2194958.49 ; D=382500 ; E=12441.84 ; F=0 ; G==+E143*13 ; H==+F143*5 ; I= ; J= ; K= ; L= ; M= ; N= ; O= ; P= ; Q= ; R= ; S= ; T= ; U= ; V= ; W= ; X= ; Y= || A= ; B=ASSISTANTE ADMIN/FINANCE ; C=246051 ; D=2000 ; E=2460.51 ; F=2460.51 ; G==+E144*13 ; H==+F144*5 ; I= ; J= ; K= ; L= ; M= ; N= ; O= ; P= ; Q= ; R= ; S= ; T= ; U= ; V= ; W= ; X= ; Y= || A= ; B=ASSISTANTE RH ; C=213554 ; D=2000 ; E=2135.54 ; F=2135.54 ; G==+E145*13 ; H==+F145*5 ; I= ; J= ; K= ; L= ; M= ; N= ; O= ; P= ; Q= ; R= ; S= ; T= ; U= ; V= ; W= ; X= ; Y="
FORT DAUPHIN,FORT DAUPHIN_R3,191,195,2,15,5,14,15,43,11,32,"B=CHEF DE POSTE ; C=240828 ; D=2000 ; E=2408.28 ; F=2408.28 ; G==+E191*13 ; H==+F191*5 ; I=AGENT DE SECURITE ; J=27 ; K=3000 ; L==+J191*K191 ; M=2000 ; N=Journalier ; O=4 || B=AGENT DE SECURITE ; C=159585 ; D=2000 ; E=1595.85 ; F=1595.85 ; G==+E192*13 ; H==+F192*5 ; I=AGENT DE SECURITE ; J=27 ; K=3000 ; L==+J192*K192 ; M=2000 ; N= ; O= || B=AGENT DE SECURITE ; C=159585 ; D=2000 ; E=1595.85 ; F=1595.85 ; G==+E193*13 ; H==+F193*5 ; I=AGENT DE SECURITE ; J=26 ; K=3000 ; L==+J193*K193 ; M=2000 ; N= ; O= || B=AGENT DE SECURITE ; C=159585 ; D=2000 ; E=1595.85 ; F=1595.85 ; G==+E194*13 ; H==+F194*5 ; I=AGENT DE SECURITE ; J=19 ; K=3000 ; L==+J194*K194 ; M=2000 ; N= ; O= || B=Villa BA ; C= ; D= ; E= ; F= ; G==SUBTOTAL(9,G191:G194) ; H==SUBTOTAL(9,H191:H194) ; I=AGENT DE SECURITE ; J=4 ; K=3500 ; L==+J195*K195 ; M=2000 ; N= ; O="
FORT DAUPHIN,FORT DAUPHIN_R4,197,210,1,15,14,15,29,72,21,51,"A= ; B=FEMME DE MENAGE ; C=155523 ; D=2000 ; E=1555.23 ; F=1555.23 ; G==+E197*13 ; H==+F197*5 ; I=AGENT DE MAISON ; J=24 ; K=3500 ; L==+J197*K197 ; M=2000 ; N=Journalier ; O=2 || A= ; B= ; C= ; D= ; E= ; F= ; G==SUBTOTAL(9,G197) ; H==SUBTOTAL(9,H197) ; I=JARDINIER ; J=24 ; K=3500 ; L==+J198*K198 ; M=2000 ; N= ; O= || A=AMBOASARY ; B= ; C= ; D= ; E= ; F= ; G==+E199*13 ; H==+F199*5 ; I= ; J= ; K= ; L= ; M= ; N= ; O= || A= ; B=Administration ; C= ; D= ; E= ; F= ; G==+E200*13 ; H==+F200*5 ; I= ; J= ; K= ; L= ; M= ; N= ; O= || A= ; B=CHEF DE CHANTIER ; C=300000 ; D=9400 ; E=3000 ; F=0 ; G==+E201*13 ; H==+F201*5 ; I=MANUTENTIONNAIRE ; J=14 ; K=3000 ; L==+J201*K201 ; M=2000 ; N=Journalier ; O=4 || A= ; B=MAGASINIERE ; C=246051 ; D=2000 ; E=2460.51 ; F=0 ; G==+E202*13 ; H==+F202*5 ; I=MANUTENTIONNAIRE ; J=14 ; K=3000 ; L==+J202*K202 ; M=2000 ; N= ; O= || A= ; B= ; C= ; D= ; E= ; F= ; G==SUBTOTAL(9,G201:G202) ; H==SUBTOTAL(9,H201:H202) ; I=MANUTENTIONNAIRE ; J=14 ; K=3000 ; L==+J203*K203 ; M=2000 ; N= ; O= || A= ; B= ; C= ; D= ; E= ; F= ; G= ; H= ; I=MANUTENTIONNAIRE ; J=13 ; K=3500 ; L==+J204*K204 ; M=2000 ; N= ; O="
FORT DAUPHIN,FORT DAUPHIN_R5,212,244,1,15,33,15,53,154,40,114,"A=SAKAMASY ; B= ; C= ; D= ; E= ; F= ; G==+E212*13 ; H==+F212*5 ; I= ; J= ; K= ; L= ; M= ; N= ; O= || A= ; B=Administration ; C= ; D= ; E= ; F= ; G==+E213*13 ; H==+F213*5 ; I= ; J= ; K= ; L= ; M= ; N= ; O= || A= ; B=SECRETAIRE FOND MINE ; C=182797 ; D=2000 ; E=1827.97 ; F=0 ; G==+E214*13 ; H==+F214*5 ; I= ; J= ; K= ; L= ; M= ; N= ; O= || A= ; B=CHEF DE CHANTIER ; C=315108 ; D=12380 ; E=3151.08 ; F=0 ; G==+E215*13 ; H==+F215*5 ; I= ; J= ; K= ; L= ; M= ; N= ; O= || A=TRANOMARO ; B= ; C= ; D= ; E= ; F= ; G==SUBTOTAL(9,G214:G215) ; H==SUBTOTAL(9,H214:H215) ; I= ; J= ; K= ; L= ; M= ; N= ; O= || A= ; B=Administration ; C= ; D= ; E= ; F= ; G==+E217*13 ; H==+F217*5 ; I= ; J= ; K= ; L= ; M= ; N= ; O= || A= ; B=CHEF DE CHANTIER ; C=182797 ; D=2000 ; E=1827.97 ; F=0 ; G==+E218*13 ; H==+F218*5 ; I=MANUTENTIONNAIRE ; J=39 ; K=3000 ; L==+J218*K218 ; M=2000 ; N=Journalier ; O=27 || A= ; B=COLLECTEUR MICA ; C=164808 ; D=2000 ; E=1648.08 ; F=0 ; G==+E219*13 ; H==+F219*5 ; I=MANUTENTIONNAIRE ; J=39 ; K=3000 ; L==+J219*K219 ; M=2000 ; N= ; O="
FORT DAUPHIN,FORT DAUPHIN_R6,246,247,3,12,2,10,11,0,0,0,"C==SUBTOTAL(9,C140:C245) ; D==SUBTOTAL(9,D140:D245) ; E==SUBTOTAL(9,E140:E245) ; F==SUBTOTAL(9,F140:F245) ; G==SUBTOTAL(9,G141:G245) ; H==SUBTOTAL(9,H141:H245) ; I= ; J= ; K= ; L==SUBTOTAL(9,L140:L245) || C==+C246+L246 ; D= ; E= ; F= ; G==+G246/2 ; H==+H246/2 ; I==COUNTA(I218:I244) ; J= ; K= ; L="
BL,BL_R1,3,202,1,21,200,21,1082,1686,413,1273,"A= ; B= ; C= ; D= ; E= ; F= ; G= ; H==+SUBTOTAL(9,H5:H201) ; I==+SUBTOTAL(9,I5:I201) ; J==+SUBTOTAL(9,J5:J201) ; K==+SUBTOTAL(9,K5:K201) ; L==+SUBTOTAL(9,L5:L201) ; M==+SUBTOTAL(9,M5:M201) ; N==+SUBTOTAL(9,N5:N201) ; O==+SUBTOTAL(9,O5:O201) ; P==+SUBTOTAL(9,P5:P201) ; Q==+SUBTOTAL(9,Q5:Q201) ; R==+SUBTOTAL(9,R5:R201) ; S==+SUBTOTAL(9,S5:S201) ; T==+SUBTOTAL(9,T5:T201) ; U==+SUBTOTAL(9,U5:U201) || A=CG ; B=R1 ; C=R2 ; D=R3 ; E=R4 ; F= ; G=N° - Intitulé Compte Général ; H=AN ; I=Janvier ; J=Février ; K=Mars ; L=Avril ; M=Mai ; N=Juin ; O=Juillet ; P=Août ; Q=Septembre ; R=Octobre ; S=Novembre ; T=Décembre ; U=Total général || A=101100 ; B==+LEFT(A5,1) ; C==+LEFT(A5,2) ; D==+LEFT(A5,3) ; E==+LEFT(A5,4) ; F==RIGHT(A5,3) ; G=101100 - CAPITAL SOUSCRIT : NON APPELE ; H=2476801800 ; I= ; J= ; K= ; L= ; M= ; N= ; O= ; P= ; Q= ; R= ; S= ; T= ; U==SUM(H5:T5) || A=104200 ; B==+LEFT(A6,1) ; C==+LEFT(A6,2) ; D==+LEFT(A6,3) ; E==+LEFT(A6,4) ; F==RIGHT(A6,3) ; G=104200 - PRIMES DE FUSION ; H=174771 ; I= ; J= ; K= ; L= ; M= ; N= ; O= ; P= ; Q= ; R= ; S= ; T= ; U==SUM(H6:T6) || A=106100 ; B==+LEFT(A7,1) ; C==+LEFT(A7,2) ; D==+LEFT(A7,3) ; E==+LEFT(A7,4) ; F==RIGHT(A7,3) ; G=106100 - RESERVE LEGALE ; H=3265789.59 ; I= ; J= ; K= ; L= ; M= ; N= ; O= ; P= ; Q= ; R= ; S= ; T= ; U==SUM(H7:T7) || A=106200 ; B==+LEFT(A8,1) ; C==+LEFT(A8,2) ; D==+LEFT(A8,3) ; E==+LEFT(A8,4) ; F==RIGHT(A8,3) ; G=106200 - RESERVES FACULTATIVES ; H=268672 ; I= ; J= ; K= ; L= ; M= ; N= ; O= ; P= ; Q= ; R= ; S= ; T= ; U==SUM(H8:T8) || A=119000 ; B==+LEFT(A9,1) ; C==+LEFT(A9,2) ; D==+LEFT(A9,3) ; E==+LEFT(A9,4) ; F==RIGHT(A9,3) ; G=119000 - REPORT A NOUVEAU SOLDE DEBITEUR ; H=-2010147112.02 ; I= ; J= ; K= ; L= ; M= ; N= ; O= ; P= ; Q= ; R=-636323191.07 ; S= ; T= ; U==SUM(H9:T9) || A=119100 ; B==+LEFT(A10,1) ; C==+LEFT(A10,2) ; D==+LEFT(A10,3) ; E==+LEFT(A10,4) ; F==RIGHT(A10,3) ; G=119100 - RAN CORRECTIONS D'ERREUR (DB) ; H= ; I= ; J= ; K= ; L= ; M= ; N= ; O= ; P= ; Q= ; R= ; S= ; T=-13500000 ; U==SUM(H10:T10)"
Données SOMIDA,Données SOMIDA_R1,4,6,3,5,3,3,0,9,7,2,C=Monnaie ; D=Unité ; E=Montant || C=Taux de change USD ; D=MGA/USD ; E=4500 || C=Taux de change EUR ; D=MGA/EUR ; E=4900
Données SOMIDA,Données SOMIDA_R2,10,12,3,13,3,11,18,13,3,10,C=Glissement USD: ; D=0.03 ; E=0 ; F=1 ; G=2 ; H=3 ; I=4 ; J=5 ; K=6 ; L=7 ; M=8 || C=MGA vs USD ; D= ; E==+E5 ; F==+$E$11*(1+$D$10)^F10 ; G==+$E$11*(1+$D$10)^G10 ; H==+$E$11*(1+$D$10)^H10 ; I==+$E$11*(1+$D$10)^I10 ; J==+$E$11*(1+$D$10)^J10 ; K==+$E$11*(1+$D$10)^K10 ; L==+$E$11*(1+$D$10)^L10 ; M==+$E$11*(1+$D$10)^M10 || C=MGA vs EUR ; D= ; E==+E6 ; F==+$E$12*(1+$D$10)^F10 ; G==+$E$12*(1+$D$10)^G10 ; H==+$E$12*(1+$D$10)^H10 ; I==+$E$12*(1+$D$10)^I10 ; J==+$E$12*(1+$D$10)^J10 ; K==+$E$12*(1+$D$10)^K10 ; L==+$E$12*(1+$D$10)^L10 ; M==+$E$12*(1+$D$10)^M10
Données SOMIDA,Données SOMIDA_R3,18,20,2,13,3,12,19,9,6,3,"B=1 PF ; C=TRA COUPE ; D==+E18*12 ; E==+F18*25 ; F==ROUND(+G18*F48,1) ; G=0.4 ; H= ; I= ; J==+K18*12 ; K==+L18*25 ; L==ROUND(+L48*G18,0) ; M==+K18/28 || B=2 PF ; C=ABR COUPE ; D==+E19*12 ; E==+F19*25 ; F==+F48-F18 ; G=0.6 ; H= ; I= ; J==+K19*12 ; K==+L19*25 ; L==+L48-L18 ; M==+K19/28 || B=3 PF ; C=FP1 COUPE ; D==+E20*12 ; E=20 ; F==+E20/25 ; G= ; H= ; I= ; J==+K20*12 ; K==+L20*25 ; L==+ROUND(L60*D59,1) ; M="
Données SOMIDA,Données SOMIDA_R4,27,28,2,7,2,6,2,8,6,2,B=10 LO ; C=Loyer 1 ; D==+E27*12 ; E=1050000 ; F= ; G=Dr Jane || B=11 LO ; C=Loyer 2 ; D==+E28*12 ; E=918750 ; F= ; G=Dr Jane
Données SOMIDA,Données SOMIDA_R5,30,42,2,4,13,3,2,37,37,0,B=Réf ; C=Types ; D=Catégories || B=1 MC ; C=TRA GAZ ; D=Mat 1° || B=2 MC ; C=ABR GAZ ; D=Mat 1° || B=3 MC ; C=FP1 GAZ ; D=Mat 1° || B=4 MC ; C=FP2 GAZ ; D=Mat 1° || B=5 MC ; C=BSA GAZ ; D=Mat 1° || B=6 MC ; C=BLOC TRA ; D=Mat 1° || B=7 MC ; C=BLOC ABR ; D=Mat 1°
Données SOMIDA,Données SOMIDA_R6,48,51,3,12,4,10,19,4,2,2,"C=Capacité de Production ; D==+E48*12 ; E==+F48*25 ; F=22.5 ; G=Tonnes ; H= ; I= ; J==+K48*12 ; K==+L48*25 ; L==+L53*L54 || C==+C18 ; D==+E49*12 ; E==+F49*25 ; F==ROUND(+G49*F48,1) ; G==+Production!R23 ; H= ; I= ; J= ; K= ; L= || C==+C19 ; D==+E50*12 ; E==+F50*25 ; F==+F48-F49 ; G==+Production!R30 ; H= ; I= ; J= ; K= ; L= || C==+C20 ; D==+E51*12 ; E=20 ; F==+E20/25 ; G==+G20 ; H= ; I= ; J= ; K= ; L="
Données SOMIDA,Données SOMIDA_R7,53,54,3,12,2,10,9,7,4,3,C=Nombre coupeur(s)e ; D==+E53*12 ; E==+F53*25 ; F=200 ; G=Personnes ; H= ; I= ; J==+K53*12 ; K==+L53*25 ; L=350 || C=Productions ; D==+E54*12 ; E==+F54*25 ; F==+F48/F53 ; G=T/pers/jours ; H= ; I= ; J==+K54*12 ; K==+L54*25 ; L=0.15
Données SOMIDA,Données SOMIDA_R8,62,65,3,13,4,11,25,15,8,7,"C=Tranomaro ; D=0.25 ; E==+D62*$E$60 ; F==+$F$60*D62 ; G==+$G$60*D62 ; H=Tonnes ; I= ; J==+K62*12 ; K==+L62*25 ; L==ROUND(+$L$60*M62,0) ; M=0.3 || C=Ampandrandava ; D=0.35 ; E==+D63*$E$60 ; F==+$F$60*D63 ; G==+$G$60*D63 ; H=Tonnes ; I= ; J==+K63*12 ; K==+L63*25 ; L==ROUND(+$L$60*M63,0) ; M=0.4 || C=Fort dauphin ; D=0.2 ; E==+D64*$E$60 ; F==+$F$60*D64 ; G==+$G$60*D64 ; H=Tonnes ; I= ; J==+K64*12 ; K==+L64*25 ; L==ROUND(+$L$60*M64,0) ; M=0.2 || C=Autres ; D==100%-D62-D63-D64 ; E==+D65*$E$60 ; F==+$F$60*D65 ; G==+$G$60*D65 ; H=Tonnes ; I= ; J==+K65*12 ; K==+L65*25 ; L==+L60-L62-L63-L64 ; M=0.1"
Données SOMIDA,Données SOMIDA_R9,70,83,3,15,14,13,44,77,55,22,C=Distances ; D= ; E=Locations ; F= ; G=Prix Gaz ; H= ; I=Croisiere ; J= ; K= ; L= ; M= ; N= ; O= || C==+C62 ; D=115 km ; E=200 ; F=ar/kg ; G=250 ; H=Ar/kg ; I=Vente ; J= ; K= ; L= ; M= ; N==+E71+G71 ; O=Ar/kg || C==+C63 ; D=260 km ; E=300 ; F=ar/kg ; G=100 ; H=Ar/kg ; I=TRA ; J= ; K= ; L= ; M= ; N==+E72+G72 ; O=Ar/kg || C=FP1 GAZ ; D=260 km ; E=300 ; F=ar/kg ; G=250 ; H=Ar/kg ; I= ; J= ; K= ; L= ; M= ; N==+E73+G73 ; O=Ar/kg || C==+C64 ; D=0 km ; E= ; F= ; G=450 ; H=Ar/kg ; I==+C79 ; J==+K74*12 ; K==+L74*25 ; L=0.8 ; M= ; N==+E74+G74 ; O=Ar/kg || C==+C65 ; D=200 km ; E=200 ; F=ar/kg ; G=250 ; H=Ar/kg ; I==+C80 ; J==+K75*12 ; K=17.8 ; L=0.71 ; M= ; N==+E75+G75 ; O=Ar/kg || C==+C66 ; D=520 km ; E=100 ; F=ar/kg ; G=350 ; H=Ar/kg ; I= ; J= ; K= ; L= ; M= ; N==+E76+G76 ; O=Ar/kg || C= ; D= ; E= ; F= ; G= ; H= ; I==+C81 ; J==+K77*12 ; K==12*28 ; L==+K77/28 ; M= ; N= ; O=
Données SOMIDA,Données SOMIDA_R10,85,86,3,12,2,10,7,7,6,1,"C=Fret ; D=968 ; E=USD ; F=/CT ; G==+IF(E85=""EUR"",$E$6,$E$5)*D85 ; H=MGA/CT ; I=Dechets ; J==+K85*12 ; K==+L85*25 ; L==+L67*0.1 || C= ; D= ; E= ; F= ; G= ; H= ; I=Total ; J==SUM(J74:J85) ; K==SUM(K74:K85) ; L==SUM(L74:L85)"
Données SOMIDA,Données SOMIDA_R11,108,109,3,13,2,11,20,2,2,0,C=Appro Mica ; D==+D88 ; E==+E88 ; F==+F88 ; G==+G88 ; H==+H88 ; I==+I88 ; J==+J88 ; K==+K88 ; L==+L88 ; M==+M88 || C=Achat ; D==+(D89+D90)/$D$58 ; E==+(E89+E90)/$D$58 ; F==+(F89+F90)/$D$58 ; G==+(G89+G90)/$D$58 ; H==+(H89+H90)/$D$58 ; I==+(I89+I90)/$D$58 ; J==+(J89+J90)/$D$58 ; K==+(K89+K90)/$D$58 ; L==+(L89+L90)/$D$58 ; M==+(M89+M90)/$D$58
Stat,Stat_R1,3,112,2,31,110,30,1558,76,39,37,"B=Réf ; C=Types ; D=Date ; E=Lieux ; F=Qté ; G=PU ; H=Valeur ; I=Transp U ; J=Transport ; K=Cout d'achat ; L=CA U ; M= ; N==+B3 ; O==+C3 ; P==+D3 ; Q==+F3 ; R==+G3 ; S==+H3 ; T==+J3 ; U==+K3 ; V==+L3 ; W= ; X==+P3 ; Y==+Q3 ; Z==+R3 ; AA==+S3 ; AB==+T3 ; AC==+U3 ; AD==+V3 ; AE= || B==_xlfn.XLOOKUP(C4,O:O,N:N) ; C=='Besoins en micas'!#REF! ; D=='Besoins en micas'!#REF! ; E=='Besoins en micas'!#REF! ; F=='Besoins en micas'!#REF! ; G==IF(C4=""FP1"",'Données SOMIDA'!$G$73,V... ; H==+F4*G4 ; I==+VLOOKUP(E4,'Données SOMIDA'!$C$71:$... ; J==+F4*I4 ; K==+J4+H4 ; L==IFERROR(+K4/F4,0) ; M= ; N=1 ; O==+$C$4 ; P==+$D$4 ; Q==SUMIF($C$4:$F$12,$C$4,$F$4:$F$12) ; R==+VLOOKUP(O4,#REF!,4,FALSE) ; S==+Q4*R4 ; T==SUMIF($C$4:$J$12,O4,$J$4:$J$12) ; U==+S4+T4 ; V==IFERROR(+U4/Q4,0) ; W= ; X=Janvier ; Y=<openpyxl.worksheet.formula.ArrayForm... ; Z=<openpyxl.worksheet.formula.ArrayForm... ; AA==+Y4*Z4 ; AB==+SUMIF(P4:T39,X4,T4:T39) ; AC==+AA4+AB4 ; AD==+AC4/Y4 ; AE= || B==_xlfn.XLOOKUP(C5,O:O,N:N) ; C=='Besoins en micas'!#REF! ; D=='Besoins en micas'!#REF! ; E=='Besoins en micas'!#REF! ; F=='Besoins en micas'!#REF! ; G==IF(C5=""FP1"",'Données SOMIDA'!$G$73,V... ; H==+F5*G5 ; I==+VLOOKUP(E5,'Données SOMIDA'!$C$71:$... ; J==+F5*I5 ; K==+J5+H5 ; L==IFERROR(+K5/F5,0) ; M= ; N=2 ; O==+$C$8 ; P==+$D$4 ; Q==SUMIF($C$4:$F$12,$C$8,$F$4:$F$12) ; R==+VLOOKUP(O5,#REF!,4,FALSE) ; S==+Q5*R5 ; T==SUMIF($C$4:$J$12,O5,$J$4:$J$12) ; U==+S5+T5 ; V==IFERROR(+U5/Q5,0) ; W= ; X=Février ; Y= ; Z=#REF! ; AA==+Y5*Z5 ; AB==+SUMIF(P5:T40,X5,T5:T40) ; AC==+AA5+AB5 ; AD==+AC5/Y5 ; AE= || B==_xlfn.XLOOKUP(C6,O:O,N:N) ; C=='Besoins en micas'!#REF! ; D=='Besoins en micas'!#REF! ; E=='Besoins en micas'!#REF! ; F=='Besoins en micas'!#REF! ; G==IF(C6=""FP1"",'Données SOMIDA'!$G$73,V... ; H==+F6*G6 ; I==+VLOOKUP(E6,'Données SOMIDA'!$C$71:$... ; J==+F6*I6 ; K==+J6+H6 ; L==IFERROR(+K6/F6,0) ; M= ; N=3 ; O==+$C$12 ; P==+$D$4 ; Q==SUMIF($C$4:$F$12,$C$12,$F$4:$F$12) ; R==+VLOOKUP(O6,#REF!,4,FALSE) ; S==+Q6*R6 ; T==SUMIF($C$4:$J$12,O6,$J$4:$J$12) ; U==+S6+T6 ; V==IFERROR(+U6/Q6,0) ; W= ; X=Mars ; Y= ; Z=#REF! ; AA==+Y6*Z6 ; AB==+SUMIF(P6:T41,X6,T6:T41) ; AC==+AA6+AB6 ; AD==+AC6/Y6 ; AE= || B==_xlfn.XLOOKUP(C7,O:O,N:N) ; C=='Besoins en micas'!#REF! ; D=='Besoins en micas'!#REF! ; E=='Besoins en micas'!#REF! ; F=='Besoins en micas'!#REF! ; G==IF(C7=""FP1"",'Données SOMIDA'!$G$73,V... ; H==+F7*G7 ; I==+VLOOKUP(E7,'Données SOMIDA'!$C$71:$... ; J==+F7*I7 ; K==+J7+H7 ; L==IFERROR(+K7/F7,0) ; M= ; N=1 ; O==+$C$4 ; P==+$D$13 ; Q==SUMIF($C$13:$F$21,$C$13,$F$13:$F$21) ; R==+VLOOKUP(O7,#REF!,4,FALSE) ; S==+Q7*R7 ; T==SUMIF($C$13:$J$21,O7,$J$13:$J$21) ; U==+S7+T7 ; V==IFERROR(+U7/Q7,0) ; W= ; X=Avril ; Y= ; Z=#REF! ; AA==+Y7*Z7 ; AB==+SUMIF(P7:T42,X7,T7:T42) ; AC==+AA7+AB7 ; AD==+AC7/Y7 ; AE= || B==_xlfn.XLOOKUP(C8,O:O,N:N) ; C=='Besoins en micas'!#REF! ; D=='Besoins en micas'!#REF! ; E=='Besoins en micas'!#REF! ; F=='Besoins en micas'!#REF! ; G==IF(C8=""FP1"",'Données SOMIDA'!$G$73,V... ; H==+F8*G8 ; I==+VLOOKUP(E8,'Données SOMIDA'!$C$71:$... ; J==+F8*I8 ; K==+J8+H8 ; L==IFERROR(+K8/F8,0) ; M= ; N=2 ; O==+$C$8 ; P==+$D$13 ; Q==SUMIF($C$13:$F$21,$C$17,$F$13:$F$21) ; R==+VLOOKUP(O8,#REF!,4,FALSE) ; S==+Q8*R8 ; T==SUMIF($C$13:$J$21,O8,$J$13:$J$21) ; U==+S8+T8 ; V==IFERROR(+U8/Q8,0) ; W= ; X=Mai ; Y= ; Z=#REF! ; AA==+Y8*Z8 ; AB==+SUMIF(P8:T43,X8,T8:T43) ; AC==+AA8+AB8 ; AD==+AC8/Y8 ; AE=0 || B==_xlfn.XLOOKUP(C9,O:O,N:N) ; C=='Besoins en micas'!#REF! ; D=='Besoins en micas'!#REF! ; E=='Besoins en micas'!#REF! ; F=='Besoins en micas'!#REF! ; G==IF(C9=""FP1"",'Données SOMIDA'!$G$73,V... ; H==+F9*G9 ; I==+VLOOKUP(E9,'Données SOMIDA'!$C$71:$... ; J==+F9*I9 ; K==+J9+H9 ; L==IFERROR(+K9/F9,0) ; M= ; N=3 ; O==+$C$12 ; P==+$D$13 ; Q==SUMIF($C$13:$F$21,$C$21,$F$13:$F$21) ; R==+VLOOKUP(O9,#REF!,4,FALSE) ; S==+Q9*R9 ; T==SUMIF($C$13:$J$21,O9,$J$13:$J$21) ; U==+S9+T9 ; V==IFERROR(+U9/Q9,0) ; W= ; X=Juin ; Y= ; Z=#REF! ; AA==+Y9*Z9 ; AB==+SUMIF(P9:T44,X9,T9:T44) ; AC==+AA9+AB9 ; AD==+AC9/Y9 ; AE= || B==_xlfn.XLOOKUP(C10,O:O,N:N) ; C=='Besoins en micas'!#REF! ; D=='Besoins en micas'!#REF! ; E=='Besoins en micas'!#REF! ; F=='Besoins en micas'!#REF! ; G==IF(C10=""FP1"",'Données SOMIDA'!$G$73,... ; H==+F10*G10 ; I==+VLOOKUP(E10,'Données SOMIDA'!$C$71:... ; J==+F10*I10 ; K==+J10+H10 ; L==IFERROR(+K10/F10,0) ; M= ; N=1 ; O==+$C$4 ; P==+$D$22 ; Q==SUMIF($C$22:$F$30,$C$22,$F$22:$F$30) ; R==+VLOOKUP(O10,#REF!,4,FALSE) ; S==+Q10*R10 ; T==SUMIF($C$22:$J$30,O10,$J$22:$J$30) ; U==+S10+T10 ; V==+U10/Q10 ; W= ; X=Juillet ; Y= ; Z=#REF! ; AA==+Y10*Z10 ; AB==+SUMIF(P10:T45,X10,T10:T45) ; AC==+AA10+AB10 ; AD==+AC10/Y10 ; AE="
Stat,Stat_R2,115,116,6,12,2,7,5,5,0,5,F=9276250 ; G= ; H=2349693750 ; I= ; J=1657409375 ; K=4007103125 ; L=431.97446435790323 || F==+F112-F115 ; G= ; H==+H112-H115 ; I= ; J==+J112-J115 ; K==+K112-K115 ; L==+L112-L115
Org,Org_R1,13,21,2,57,9,56,44,90,62,28,"B= ; C= ; D= ; E= ; F= ; G= ; H= ; I= ; J= ; K= ; L= ; M= ; N= ; O= ; P= ; Q= ; R= ; S= ; T= ; U= ; V= ; W= ; X= ; Y= ; Z= ; AA= ; AB= ; AC=Postes ; AD= ; AE= ; AF= ; AG=Sal Base Unitaires ; AH= ; AI= ; AJ= ; AK= ; AL=Nbre ; AM=Total Base ; AN= ; AO= ; AP= ; AQ= ; AR=Interessements ; AS= ; AT= ; AU= ; AV= ; AW= ; AX= ; AY= ; AZ= ; BA= ; BB=CNaPs ; BC= ; BD= ; BE=Total || B=Postes ; C= ; D= ; E= ; F=Sal Base Unitaires ; G= ; H= ; I= ; J= ; K= ; L= ; M=Nbre ; N=Total Base ; O= ; P= ; Q= ; R= ; S=CNaPs ; T= ; U= ; V=Total ; W= ; X= ; Y= ; Z= ; AA= ; AB=FO ; AC=Resp Site ; AD= ; AE= ; AF= ; AG=350000 ; AH= ; AI= ; AJ= ; AK=Ar ; AL=1 ; AM==+AG14*AL14 ; AN= ; AO= ; AP= ; AQ= ; AR=CNaPs ; AS= ; AT=+ ; AU==+IF(AB14=""FO"",""Prime de rendement"",""... ; AV= ; AW= ; AX= ; AY= ; AZ= ; BA= ; BB==+AM14*13% ; BC= ; BD= ; BE==+AM14+BB14 || B=Machiniste ; C= ; D= ; E= ; F=300000 ; G= ; H= ; I= ; J=Ar ; K=CNaPs ; L= ; M=1 ; N=300000 ; O= ; P= ; Q= ; R= ; S==+N15*13% ; T= ; U= ; V==+N15+S15 ; W= ; X= ; Y= ; Z= ; AA= ; AB=FO ; AC=Collecteurs ; AD= ; AE= ; AF= ; AG=250000 ; AH= ; AI= ; AJ= ; AK=Ar ; AL=6 ; AM==+AG15*AL15 ; AN= ; AO= ; AP= ; AQ= ; AR=CNaPs ; AS= ; AT=+ ; AU==+IF(AB15=""FO"",""Prime de rendement"",""... ; AV= ; AW= ; AX= ; AY= ; AZ= ; BA= ; BB==+AM15*13% ; BC= ; BD= ; BE==+AM15+BB15 || B=Aide Machiniste ; C= ; D= ; E= ; F=275000 ; G= ; H= ; I= ; J=Ar ; K=CNaPs ; L= ; M=1 ; N=275000 ; O= ; P= ; Q= ; R= ; S==+N16*13% ; T= ; U= ; V==+N16+S16 ; W= ; X= ; Y= ; Z= ; AA= ; AB=FO ; AC=Aides Collecteurs ; AD= ; AE= ; AF= ; AG=150000 ; AH= ; AI= ; AJ= ; AK=Ar ; AL=6 ; AM==+AG16*AL16 ; AN= ; AO= ; AP= ; AQ= ; AR=CNaPs ; AS= ; AT=+ ; AU==+IF(AB16=""FO"",""Prime de rendement"",""... ; AV= ; AW= ; AX= ; AY= ; AZ= ; BA= ; BB==+AM16*13% ; BC= ; BD= ; BE==+AM16+BB16 || B=Gardiens ; C= ; D= ; E= ; F=250000 ; G= ; H= ; I= ; J=Ar ; K=CNaPs ; L= ; M=2 ; N=500000 ; O= ; P= ; Q= ; R= ; S==+N17*13% ; T= ; U= ; V==+N17+S17 ; W= ; X= ; Y= ; Z= ; AA= ; AB=FO ; AC=Controleurs ; AD= ; AE= ; AF= ; AG=300000 ; AH= ; AI= ; AJ= ; AK=Ar ; AL=3 ; AM==+AG17*AL17 ; AN= ; AO= ; AP= ; AQ= ; AR=CNaPs ; AS= ; AT=+ ; AU==+IF(AB17=""FO"",""Prime de rendement"",""... ; AV= ; AW= ; AX= ; AY= ; AZ= ; BA= ; BB==+AM17*13% ; BC= ; BD= ; BE==+AM17+BB17 || B=Temp Central ; C= ; D= ; E= ; F=250000 ; G= ; H= ; I= ; J=Ar ; K=Prime ; L= ; M=1 ; N=250000 ; O= ; P= ; Q= ; R= ; S==+N18*13% ; T= ; U= ; V==+N18+S18 ; W= ; X= ; Y= ; Z= ; AA= ; AB=BO ; AC=Agents entretiens ; AD= ; AE= ; AF= ; AG=275000 ; AH= ; AI= ; AJ= ; AK=Ar ; AL=2 ; AM==+AG18*AL18 ; AN= ; AO= ; AP= ; AQ= ; AR=CNaPs ; AS= ; AT=+ ; AU==+IF(AB18=""FO"",""Prime de rendement"",""... ; AV= ; AW= ; AX= ; AY= ; AZ= ; BA= ; BB==+AM18*13% ; BC= ; BD= ; BE==+AM18+BB18 || B=Total ; C= ; D= ; E= ; F=1075000 ; G= ; H= ; I= ; J= ; K= ; L= ; M=5 ; N==SUM(N15:R18) ; O= ; P= ; Q= ; R= ; S==SUM(S15:U18) ; T= ; U= ; V==SUM(V15:Z18) ; W= ; X= ; Y= ; Z= ; AA= ; AB=BO ; AC=Agents securités ; AD= ; AE= ; AF= ; AG=275000 ; AH= ; AI= ; AJ= ; AK=Ar ; AL=3 ; AM==+AG19*AL19 ; AN= ; AO= ; AP= ; AQ= ; AR=CNaPs ; AS= ; AT=+ ; AU==+IF(AB19=""FO"",""Prime de rendement"",""... ; AV= ; AW= ; AX= ; AY= ; AZ= ; BA= ; BB==+AM19*13% ; BC= ; BD= ; BE==+AM19+BB19 || B= ; C= ; D= ; E= ; F= ; G= ; H= ; I= ; J= ; K= ; L= ; M= ; N= ; O= ; P= ; Q= ; R= ; S= ; T= ; U= ; V= ; W= ; X= ; Y= ; Z= ; AA= ; AB=BO ; AC=Gestionnaire ; AD= ; AE= ; AF= ; AG=275000 ; AH= ; AI= ; AJ= ; AK=Ar ; AL=1 ; AM==+AG20*AL20 ; AN= ; AO= ; AP= ; AQ= ; AR=CNaPs ; AS= ; AT=+ ; AU==+IF(AB20=""FO"",""Prime de rendement"",""... ; AV= ; AW= ; AX= ; AY= ; AZ= ; BA= ; BB==+AM20*13% ; BC= ; BD= ; BE==+AM20+BB20"
Org,Org_R2,30,37,1,59,8,59,34,61,48,13,"A= ; B= ; C= ; D= ; E= ; F= ; G= ; H= ; I= ; J= ; K= ; L= ; M= ; N= ; O= ; P= ; Q= ; R= ; S= ; T= ; U= ; V= ; W= ; X= ; Y= ; Z= ; AA= ; AB= ; AC= ; AD= ; AE= ; AF= ; AG= ; AH= ; AI= ; AJ= ; AK= ; AL= ; AM= ; AN=Postes ; AO= ; AP= ; AQ= ; AR=Salaire base ; AS= ; AT= ; AU= ; AV=Nbre ; AW=Salaire brut ; AX= ; AY= ; AZ= ; BA=CNaPS ; BB= ; BC= ; BD=OsIe ; BE= ; BF= ; BG=Total || A= ; B=Objectifs: 2,5 T/J Par équipe de coll... ; C= ; D= ; E= ; F= ; G= ; H= ; I= ; J= ; K= ; L= ; M= ; N= ; O= ; P= ; Q= ; R= ; S= ; T= ; U= ; V= ; W= ; X= ; Y= ; Z= ; AA= ; AB= ; AC= ; AD= ; AE= ; AF= ; AG= ; AH= ; AI= ; AJ= ; AK= ; AL= ; AM= ; AN==+AC14 ; AO= ; AP= ; AQ= ; AR=400000 ; AS= ; AT= ; AU= ; AV=1 ; AW==+AR31*AV31 ; AX= ; AY= ; AZ= ; BA==+AW31*0.13 ; BB= ; BC= ; BD==+AW31*0.5 ; BE= ; BF= ; BG==+AW31+BA31+BD31 || A= ; B=Postes ; C= ; D= ; E= ; F=Sal Base Unitaires ; G= ; H= ; I= ; J= ; K= ; L= ; M=Nbre ; N=Total Base ; O= ; P= ; Q= ; R= ; S= ; T=Autres ; U= ; V=Interessements ; W= ; X= ; Y= ; Z= ; AA= ; AB=Amit ; AC= ; AD= ; AE=CNaPs ; AF= ; AG= ; AH=Total sans Primes ; AI= ; AJ= ; AK= ; AL= ; AM= ; AN=Assistants ; AO= ; AP= ; AQ= ; AR=250000 ; AS= ; AT= ; AU= ; AV=2 ; AW==+AR32*AV32 ; AX= ; AY= ; AZ= ; BA==+AW32*0.13 ; BB= ; BC= ; BD==+AW32*0.5 ; BE= ; BF= ; BG==+AW32+BA32+BD32 || A=FO ; B=Resp Site ; C= ; D= ; E= ; F=350000 ; G= ; H= ; I= ; J=Ar ; K=CNaPs ; L= ; M=1 ; N==+F33*M33 ; O= ; P= ; Q= ; R= ; S=Ar ; T=CNaPs ; U= ; V=+ ; W==+IF(A33=""FO"",""Prime de rendement"",""B... ; X= ; Y= ; Z= ; AA= ; AB= ; AC= ; AD= ; AE==+N33*13% ; AF= ; AG= ; AH==+N33+AB33+AE33 ; AI= ; AJ= ; AK= ; AL= ; AM= ; AN=Total ; AO= ; AP= ; AQ= ; AR==+AR32+AR31 ; AS= ; AT= ; AU= ; AV= ; AW==+AW32+AW31 ; AX= ; AY= ; AZ= ; BA==+AW33*0.13 ; BB= ; BC= ; BD==+AW33*0.5 ; BE= ; BF= ; BG==+AW33+BA33+BD33 || A=FO ; B=Collecteurs ; C= ; D= ; E= ; F=250000 ; G= ; H= ; I= ; J=Ar ; K=CNaPs ; L= ; M=6 ; N==+F34*M34 ; O= ; P= ; Q= ; R= ; S=Ar ; T=CNaPs ; U= ; V=+ ; W==+IF(A34=""FO"",""Prime de rendement"",""B... ; X= ; Y= ; Z= ; AA= ; AB= ; AC= ; AD= ; AE==+N34*13% ; AF= ; AG= ; AH==+N34+AB34+AE34 ; AI= ; AJ= ; AK= ; AL= ; AM= ; AN= ; AO= ; AP= ; AQ= ; AR= ; AS= ; AT= ; AU= ; AV= ; AW= ; AX= ; AY= ; AZ= ; BA= ; BB= ; BC= ; BD= ; BE= ; BF= ; BG= || A=FO ; B=Aide colleceturs ; C= ; D= ; E= ; F=150000 ; G= ; H= ; I= ; J=Ar ; K=CNaPs ; L= ; M=6 ; N==+F35*M35 ; O= ; P= ; Q= ; R= ; S=Ar ; T=CNaPs ; U= ; V=+ ; W==+IF(A35=""FO"",""Prime de rendement"",""B... ; X= ; Y= ; Z= ; AA= ; AB= ; AC= ; AD= ; AE==+N35*13% ; AF= ; AG= ; AH==+N35+AB35+AE35 ; AI= ; AJ= ; AK= ; AL= ; AM= ; AN= ; AO= ; AP= ; AQ= ; AR= ; AS= ; AT= ; AU= ; AV= ; AW= ; AX= ; AY= ; AZ= ; BA= ; BB= ; BC= ; BD= ; BE= ; BF= ; BG= || A=FO ; B=Controleurs ; C= ; D= ; E= ; F=300000 ; G= ; H= ; I= ; J=Ar ; K=CNaPs ; L= ; M=3 ; N==+F36*M36 ; O= ; P= ; Q= ; R= ; S=Ar ; T=CNaPs ; U= ; V=+ ; W==+IF(A36=""FO"",""Prime de rendement"",""B... ; X= ; Y= ; Z= ; AA= ; AB= ; AC= ; AD= ; AE==+N36*13% ; AF= ; AG= ; AH==+N36+AB36+AE36 ; AI= ; AJ= ; AK= ; AL= ; AM= ; AN= ; AO= ; AP= ; AQ= ; AR= ; AS= ; AT= ; AU= ; AV= ; AW= ; AX= ; AY= ; AZ= ; BA= ; BB= ; BC= ; BD= ; BE= ; BF= ; BG= || A= ; B=Total ; C= ; D= ; E= ; F= ; G= ; H= ; I= ; J= ; K= ; L= ; M=16 ; N==SUM(N33:R36) ; O= ; P= ; Q= ; R= ; S= ; T= ; U= ; V= ; W= ; X= ; Y= ; Z= ; AA= ; AB==SUM(AB33:AD36) ; AC= ; AD= ; AE==SUM(AE33:AG36) ; AF= ; AG= ; AH==SUM(AH33:AJ36) ; AI= ; AJ= ; AK= ; AL= ; AM= ; AN= ; AO= ; AP= ; AQ= ; AR= ; AS= ; AT= ; AU= ; AV= ; AW= ; AX= ; AY= ; AZ= ; BA= ; BB= ; BC= ; BD= ; BE= ; BF= ; BG="
Org,Org_R3,62,79,1,34,18,34,87,152,122,30,"A= ; B=Postes ; C= ; D= ; E= ; F=Sal Base Unitaires ; G= ; H= ; I= ; J= ; K= ; L= ; M=Nbre ; N=Total Base ; O= ; P= ; Q= ; R= ; S= ; T=Autres ; U= ; V=Interessements ; W= ; X= ; Y= ; Z= ; AA= ; AB=Amit ; AC= ; AD= ; AE=CNaPs ; AF= ; AG= ; AH=Total sans Primes || A=FO ; B=Directeur de site ; C= ; D= ; E= ; F=2000000 ; G= ; H= ; I= ; J=Ar ; K=CNaPs ; L= ; M=1 ; N==+F63*M63 ; O= ; P= ; Q= ; R= ; S=Ar ; T=CNaPs ; U= ; V=+ ; W==+IF(A63=""FO"",""Prime de rendement"",""B... ; X= ; Y= ; Z= ; AA= ; AB==+N63*5% ; AC= ; AD= ; AE==+N63*13% ; AF= ; AG= ; AH==+N63+AB63+AE63 || A=FO ; B=Collecteurs ; C= ; D= ; E= ; F=250000 ; G= ; H= ; I= ; J=Ar ; K=CNaPs ; L= ; M=6 ; N==+F64*M64 ; O= ; P= ; Q= ; R= ; S=Ar ; T=CNaPs ; U= ; V=+ ; W==+IF(A64=""FO"",""Prime de rendement"",""B... ; X= ; Y= ; Z= ; AA= ; AB==+N64*5% ; AC= ; AD= ; AE==+N64*13% ; AF= ; AG= ; AH==+N64+AB64+AE64 || A=FO ; B=Aide colleceturs ; C= ; D= ; E= ; F=150000 ; G= ; H= ; I= ; J=Ar ; K=CNaPs ; L= ; M=6 ; N==+F65*M65 ; O= ; P= ; Q= ; R= ; S=Ar ; T=CNaPs ; U= ; V=+ ; W==+IF(A65=""FO"",""Prime de rendement"",""B... ; X= ; Y= ; Z= ; AA= ; AB==+N65*5% ; AC= ; AD= ; AE==+N65*13% ; AF= ; AG= ; AH==+N65+AB65+AE65 || A=BO ; B=RAF ; C= ; D= ; E= ; F=500000 ; G= ; H= ; I= ; J=Ar ; K=CNaPs ; L= ; M=1 ; N==+F66*M66 ; O= ; P= ; Q= ; R= ; S=Ar ; T=CNaPs ; U= ; V=+ ; W==+IF(A66=""FO"",""Prime de rendement"",""B... ; X= ; Y= ; Z= ; AA= ; AB==+N66*5% ; AC= ; AD= ; AE==+N66*13% ; AF= ; AG= ; AH==+N66+AB66+AE66 || A=BO ; B=Resp Transit ; C= ; D= ; E= ; F=500000 ; G= ; H= ; I= ; J=Ar ; K=CNaPs ; L= ; M=1 ; N==+F67*M67 ; O= ; P= ; Q= ; R= ; S=Ar ; T=CNaPs ; U= ; V=+ ; W==+IF(A67=""FO"",""Prime de rendement"",""B... ; X= ; Y= ; Z= ; AA= ; AB==+N67*5% ; AC= ; AD= ; AE==+N67*13% ; AF= ; AG= ; AH==+N67+AB67+AE67 || A=FO ; B=Resp Mica ; C= ; D= ; E= ; F=500000 ; G= ; H= ; I= ; J=Ar ; K=CNaPs ; L= ; M=3 ; N==+F68*M68 ; O= ; P= ; Q= ; R= ; S=Ar ; T=CNaPs ; U= ; V=+ ; W==+IF(A68=""FO"",""Prime de rendement"",""B... ; X= ; Y= ; Z= ; AA= ; AB==+N68*5% ; AC= ; AD= ; AE==+N68*13% ; AF= ; AG= ; AH==+N68+AB68+AE68 || A=BO ; B=Resp Entretien ; C= ; D= ; E= ; F=350000 ; G= ; H= ; I= ; J=Ar ; K=CNaPs ; L= ; M==1*0 ; N==+F69*M69 ; O= ; P= ; Q= ; R= ; S=Ar ; T=CNaPs ; U= ; V=+ ; W==+IF(A69=""FO"",""Prime de rendement"",""B... ; X= ; Y= ; Z= ; AA= ; AB==+N69*5% ; AC= ; AD= ; AE==+N69*13% ; AF= ; AG= ; AH==+N69+AB69+AE69"
Org,Org_R4,85,91,2,17,7,16,18,15,10,5,B=Sites ; C= ; D= ; E= ; F=Salaires de base ; G= ; H= ; I= ; J= ; K=CNaPS ; L= ; M= ; N=OSIE ; O= ; P= ; Q=Total || B=ANIVORANO ; C= ; D= ; E= ; F==+N19 ; G= ; H= ; I= ; J= ; K==+S19 ; L= ; M= ; N=0 ; O= ; P= ; Q==+F86+K86+N86 || B=AMPANDRANDAVA ; C= ; D= ; E= ; F==+AM21 ; G= ; H= ; I= ; J= ; K==+BB21 ; L= ; M= ; N= ; O= ; P= ; Q==+F87+K87+N87 || B=TRANOMARO ; C= ; D= ; E= ; F==+N37 ; G= ; H= ; I= ; J= ; K==+AE37 ; L= ; M= ; N= ; O= ; P= ; Q==+F88+K88+N88 || B==+AI24 ; C= ; D= ; E= ; F==+AW33 ; G= ; H= ; I= ; J= ; K==+BA33 ; L= ; M= ; N==+BD33 ; O= ; P= ; Q==+F89+K89+N89 || B=FORT DAUPHIN ; C= ; D= ; E= ; F==+N79 ; G= ; H= ; I= ; J= ; K==+AE79 ; L= ; M= ; N==+AB79 ; O= ; P= ; Q==+F90+K90+N90 || B=Total ; C= ; D= ; E= ; F=21980000 ; G= ; H= ; I= ; J= ; K=219800 ; L= ; M= ; N=219800 ; O= ; P= ; Q=22199800
Org,Org_R5,94,95,2,20,2,19,0,8,5,3,B=3 premiers mois: 560 T/Mois ; C= ; D= ; E= ; F= ; G= ; H= ; I= ; J= ; K= ; L=Directeurs ; M= ; N= ; O= ; P=Resp Site ; Q= ; R= ; S= ; T=Equipe collecteurs || B=9 derniers mois: 1.120 T/Mois ; C= ; D= ; E= ; F= ; G= ; H= ; I= ; J= ; K= ; L=2.5 ; M= ; N= ; O= ; P=1.5 ; Q= ; R= ; S= ; T=15
Org,Org_R6,99,104,2,27,6,26,5,64,13,51,"B=- 02,5 T/J Par équipe de collecte: ; C= ; D= ; E= ; F= ; G= ; H= ; I=Sites ; J=Sites ; K= ; L= ; M= ; N=0.5 ; O=0.6 ; P=0.65 ; Q=0.7 ; R=0.75 ; S=0.85 ; T=0.95 ; U= ; V= ; W= ; X= ; Y= ; Z= ; AA=Mois || B= ; C=6 ; D=x ; E=2.5 ; F=15 ; G= ; H= ; I=Ampandra ; J= ; K= ; L= ; M= ; N=7.5 ; O=9 ; P=9.75 ; Q=10.5 ; R=11.25 ; S=12.75 ; T=14.25 ; U= ; V= ; W= ; X= ; Y= ; Z= ; AA==+N100*25 || B= ; C=6 ; D=x ; E=2.5 ; F=15 ; G= ; H= ; I=TRA ; J= ; K= ; L= ; M= ; N=7.5 ; O=9 ; P=9.75 ; Q=10.5 ; R=11.25 ; S=12.75 ; T=14.25 ; U= ; V= ; W= ; X= ; Y= ; Z= ; AA==+N101*25 || B=- 05 T/J Par équipe de collecte pour FD ; C= ; D= ; E= ; F= ; G= ; H= ; I= ; J=S/Total ; K= ; L= ; M= ; N=15 ; O=18 ; P=19.5 ; Q=21 ; R=22.5 ; S=25.5 ; T=28.5 ; U= ; V= ; W= ; X= ; Y= ; Z= ; AA==SUM(AA100:AA101) || B= ; C=6 ; D=x ; E=5 ; F=30 ; G= ; H= ; I=FD ; J= ; K= ; L= ; M= ; N=15 ; O=18 ; P=19.5 ; Q=21 ; R=22.5 ; S=25.5 ; T=28.5 ; U= ; V= ; W= ; X= ; Y= ; Z= ; AA==+N103*25 || B= ; C= ; D= ; E= ; F= ; G= ; H= ; I= ; J=Total general ; K= ; L= ; M= ; N=30 ; O=36 ; P=39 ; Q=42 ; R=45 ; S=51 ; T=57 ; U= ; V= ; W= ; X= ; Y= ; Z= ; AA==+AA103+AA102"
Org,Org_R7,106,109,10,20,4,11,7,25,4,21,J=Collectes (en T) ; K= ; L= ; M= ; N=0.5 ; O=0.6 ; P=0.65 ; Q=0.7 ; R=0.75 ; S=0.85 ; T=0.95 || J=Jour ; K= ; L= ; M= ; N=30 ; O=36 ; P=39 ; Q=42 ; R=45 ; S=51 ; T=57 || J=Semaine ; K= ; L= ; M= ; N=150 ; O=180 ; P=195 ; Q=210 ; R=225 ; S=255 ; T=285 || J=Mois ; K= ; L= ; M= ; N==+N107*25 ; O==+O107*25 ; P==+P107*25 ; Q==+Q107*25 ; R==+R107*25 ; S==+S107*25 ; T==+T107*25
Org,Org_R8,111,115,2,22,5,21,0,40,5,35,"B=Salaires variables  mensuelles ( x 1.... ; C= ; D= ; E= ; F= ; G= ; H= ; I= ; J=0.5 ; K= ; L=0.6 ; M= ; N=0.65 ; O= ; P=0.7 ; Q= ; R=0.75 ; S= ; T=0.85 ; U= ; V=0.95 || B=Directeur (2,5 Ar/Kg) ; C= ; D= ; E= ; F= ; G= ; H= ; I= ; J=1875000 ; K= ; L=2250000 ; M= ; N=2437500 ; O= ; P=2625000 ; Q= ; R=2812500 ; S= ; T=3187500 ; U= ; V=3562500 || B=Resp. Site (1,5 Ar/Kg) ; C= ; D= ; E= ; F= ; G= ; H= ; I= ; J=281250 ; K= ; L=337500 ; M= ; N=365625 ; O= ; P=393750 ; Q= ; R=421875 ; S= ; T=478125 ; U= ; V=534375 || B=Equipe Collecte Site (15 Ar/Kg) ; C= ; D= ; E= ; F= ; G= ; H= ; I= ; J=2812500 ; K= ; L=3375000 ; M= ; N=3656250 ; O= ; P=3937500 ; Q= ; R=4218750 ; S= ; T=4781250 ; U= ; V=5343750 || B=Equipe Collecte FD (10 Ar/Kg) ; C= ; D= ; E= ; F= ; G= ; H= ; I= ; J=3750000 ; K= ; L=4500000 ; M= ; N=4875000 ; O= ; P=5250000 ; Q= ; R=5625000 ; S= ; T=6375000 ; U= ; V=7125000"
Org,Org_R9,117,120,2,22,4,21,0,36,5,31,B=Equipe collecte ; C= ; D= ; E= ; F= ; G=Nbre ; H= ; I= ; J=0.5 ; K= ; L=0.6 ; M= ; N=0.65 ; O= ; P=0.7 ; Q= ; R=0.75 ; S= ; T=0.85 ; U= ; V=0.95 || B=TRA ; C= ; D= ; E= ; F= ; G=12 ; H= ; I= ; J=234375 ; K= ; L=281250 ; M= ; N=304687.5 ; O= ; P=328125 ; Q= ; R=351562.5 ; S= ; T=398437.5 ; U= ; V=445312.5 || B=Ampandra ; C= ; D= ; E= ; F= ; G=12 ; H= ; I= ; J=234375 ; K= ; L=281250 ; M= ; N=304687.5 ; O= ; P=328125 ; Q= ; R=351562.5 ; S= ; T=398437.5 ; U= ; V=445312.5 || B=FD ; C= ; D= ; E= ; F= ; G=12 ; H= ; I= ; J=312500 ; K= ; L=375000 ; M= ; N=406250 ; O= ; P=437500 ; Q= ; R=468750 ; S= ; T=531250 ; U= ; V=593750
Org,Org_R10,124,126,2,22,3,21,14,10,3,7,B=Salaires fixe ; C= ; D= ; E= ; F= ; G= ; H= ; I= ; J==+F64 ; K= ; L==+J124 ; M= ; N==+L124 ; O= ; P==+N124 ; Q= ; R==+P124 ; S= ; T==+R124 ; U= ; V==+T124 || B=Salaires variables ; C= ; D= ; E= ; F= ; G= ; H= ; I= ; J==+J118 ; K= ; L==+L118 ; M= ; N==+N118 ; O= ; P==+P118 ; Q= ; R==+R118 ; S= ; T==+T118 ; U= ; V==+V118 || B=Total mensuel ; C= ; D= ; E= ; F= ; G= ; H= ; I= ; J=434375 ; K= ; L=481250 ; M= ; N=504687.5 ; O= ; P=528125 ; Q= ; R=551562.5 ; S= ; T=598437.5 ; U= ; V=645312.5
Org,Org_R11,128,130,2,22,3,21,14,10,3,7,B=Salaires fixe ; C= ; D= ; E= ; F= ; G= ; H= ; I= ; J==+F65 ; K= ; L==+J128 ; M= ; N==+L128 ; O= ; P==+N128 ; Q= ; R==+P128 ; S= ; T==+R128 ; U= ; V==+T128 || B=Salaires variables ; C= ; D= ; E= ; F= ; G= ; H= ; I= ; J==+J119 ; K= ; L==+L119 ; M= ; N==+N119 ; O= ; P==+P119 ; Q= ; R==+R119 ; S= ; T==+T119 ; U= ; V==+V119 || B=Total mensuel ; C= ; D= ; E= ; F= ; G= ; H= ; I= ; J=334375 ; K= ; L=381250 ; M= ; N=404687.5 ; O= ; P=428125 ; Q= ; R=451562.5 ; S= ; T=498437.5 ; U= ; V=545312.5
 OKB TRA ABR, OKB TRA ABR_R1,14,16,1,6,3,6,4,13,11,2,"A=Coûts ; B=PU ; C=Quantité ; D=Unité ; E=Montant ; F=Remarques || A=Achat mica brut (à FD) ; B=450 ; C==($B$2*1000)-45000 ; D=kg ; E==B15*C15 ; F=Basé sur achat FD, 45t déjà à charge ... || A=coupe ; B=80 ; C==$B$3*1000 ; D=kg ; E==B16*C16 ; F="
 OKB TRA ABR, OKB TRA ABR_R2,20,30,1,6,11,6,19,38,27,11,"A=Coûts ; B=PU ; C=Quantité ; D=Unité ; E=Montant ; F=Remarques || A=Redevances et ristournes ; B==$B$9 ; C=0.05 ; D=fft ; E==B21*C21 ; F= || A=Droit certificat de conformité ; B=110000 ; C==$B$4 ; D=TC ; E==B22*C22 ; F= || A=Mise à FOB FD (acquisition TC, Strang) ; B=1250000 ; C==$C$22 ; D=TC ; E==B23*C23 ; F= || A=Indemnité agent douanes ; B=100000 ; C=8 ; D=jour ; E==B24*C24 ; F= || A=Indemnité agent mines ; B==70000*2 ; C=8 ; D=jour ; E==B25*C25 ; F= || A=Transport Hnoor ; B=250000 ; C==$C$23 ; D=TC ; E==B26*C26 ; F= || A=Dokers chargement FD et Ehoala ; B=4000 ; C==$B$6*3 ; D=tonne ; E==B27*C27 ; F=deux chargements et un déchargement s..."
 OKB TRA ABR, OKB TRA ABR_R3,34,37,1,6,4,6,5,17,13,4,A=Coûts ; B=PU ; C=Quantité ; D=Unité ; E=Montant ; F=Remarques || A=Sacs polypropylène ; B=1812 ; C==(C16/50)+(C16/50)*5% ; D=pièce ; E==B35*C35 ; F= || A=Sacs polyéthylène ; B=1770 ; C==$C$35 ; D=pièce ; E==B36*C36 ; F= || A=Envoi sacs vers FD ; B=300000 ; C=1 ; D=fft ; E==B37*C37 ; F=envoi par poste ou autre
 OKB TRA ABR, OKB TRA ABR_R4,39,41,1,6,3,6,4,13,8,5,A=Gasynet ; B=530000 ; C=15 ; D=TC ; E==B39*C39 ; F=à payer pendant empotage || A=Charge locale CMA (BL&plomb) ; B=150000 ; C=15 ; D=TC ; E==B40*C40 ; F=à payer au pus tard un mois après dep... || A=Imprévu (5%) ; B==E17+E38+E31+E39+E40 ; C=0.05 ; D=fft ; E==B41*C41 ; F=
OKB FP1,OKB FP1_R1,15,18,1,6,4,6,6,15,12,3,A=Coûts ; B=PU ; C=Quantité ; D=Unité ; E=Montant ; F=Remarques || A=Achat mica brut Ampandrandava ; B=170 ; C==($B$2*1000) ; D=kg ; E==B16*C16 ; F= || A=coupe ; B=50 ; C==$B$3*1000 ; D=kg ; E==B17*C17 ; F= || A=Transport Ampandrandava FD ; B=4900 ; C==340*6 ; D=l*voyage ; E==B18*C18 ; F=
OKB FP1,OKB FP1_R2,22,32,1,6,11,6,19,38,27,11,"A=Coûts ; B=PU ; C=Quantité ; D=Unité ; E=Montant ; F=Remarques || A=Redevances et ristournes ; B==$B$10 ; C=0.05 ; D=fft ; E==B23*C23 ; F= || A=Droit certificat de conformité ; B=110000 ; C==$B$4 ; D=TC ; E==B24*C24 ; F= || A=Mise à FOB FD (acquisition TC, Strang) ; B=1250000 ; C==$C$24 ; D=TC ; E==B25*C25 ; F= || A=Indemnité agent douanes ; B=100000 ; C=3 ; D=jour ; E==B26*C26 ; F= || A=Indemnité agent mines ; B==70000*2 ; C=3 ; D=jour ; E==B27*C27 ; F= || A=Transport Hnoor ; B=250000 ; C==$C$25 ; D=TC ; E==B28*C28 ; F= || A=Dokers chargement FD et Ehoala ; B=4000 ; C==$B$7*3 ; D=tonne ; E==B29*C29 ; F=deux chargements et un déchargement s..."
OKB FP1,OKB FP1_R3,36,39,1,6,4,6,5,17,13,4,A=Coûts ; B=PU ; C=Quantité ; D=Unité ; E=Montant ; F=Remarques || A=Sacs polypropylène ; B=1812 ; C==(C17/50)+(C17/50)*5% ; D=pièce ; E==B37*C37 ; F= || A=Sacs polyéthylène ; B=1770 ; C==$C$37 ; D=pièce ; E==B38*C38 ; F= || A=Envoi sacs vers FD ; B=200000 ; C=1 ; D=fft ; E==B39*C39 ; F=envoi par poste ou autre
OKB FP1,OKB FP1_R4,41,43,1,6,3,6,6,11,8,3,A=Gasynet ; B=530000 ; C==$B$4 ; D=TC ; E==B41*C41 ; F=à payer pendant empotage || A=Charge locale CMA (BL&plomb) ; B=150000 ; C==$C$41 ; D=TC ; E==B42*C42 ; F=à payer au pus tard un mois après dep... || A=Imprévu (5%) ; B==E19+E40+E33+E41+E42 ; C=0.05 ; D=fft ; E==B43*C43 ; F=
OKB FP1,OKB FP1_R5,46,47,2,5,2,4,4,2,2,0,B==+B37/1.2 ; C= ; D=Total FD ; E==E19+E33 || B==+B38/1.2 ; C= ; D=Total Tana ; E==E40+E44
Goodeis,Goodeis_R1,6,7,1,4,2,4,2,6,4,2,A=Quantité Goodeis 03TCS ; B==28*3 ; C=marchandise ; D=fret || A=PU/t CFR TMM Goodeis ; B=425 ; C=240 ; D==B7-C7
Goodeis,Goodeis_R2,18,22,1,6,5,6,6,19,15,4,A=Coûts ; B=PU ; C=Quantité ; D=Unité ; E=Montant ; F=Remarques || A=Achat mica brut (à FD) ; B=450 ; C==$B$2*1000 ; D=kg ; E==B19*C19 ; F=Basé sur achat FD à 450ar/kg || A=coupe ; B=80 ; C==$B$3*1000 ; D=kg ; E==B20*C20 ; F= || A=Sacs polypropylène ; B=1812 ; C= ; D=pièce ; E==B21*C21 ; F= || A=Sacs polyéthylène ; B=1770 ; C= ; D=pièce ; E==B22*C22 ; F=
Goodeis,Goodeis_R3,28,48,1,13,21,13,45,148,92,56,"A=Coûts ; B=PU ; C=Quantité ; D=Unité ; E=Montant ; F=Remarques ; G= ; H=Coûts ; I=PU ; J=Quantité ; K=Unité ; L=Montant ; M=Remarques || A=Dokers chargement camion vers vieux port ; B=4500 ; C==$B$6 ; D=tonne ; E==B29*C29 ; F= ; G= ; H=Redevances et ristournes ; I==$B$12 ; J=0.05 ; K=fft ; L=3141600 ; M=donnée FD || A=Dokers embarquement vieux port ; B=5500 ; C==$B$6 ; D=tonne ; E==B30*C30 ; F= ; G= ; H=Droit certificat de conformité ; I=110000 ; J=3 ; K=TC ; L==I30*J30 ; M= || A=Nourriture dokers embarquement vieux ... ; B=30000 ; C=2 ; D=jour ; E==B31*C31 ; F= ; G= ; H=Mise à FOB FD (acquisition TC, Strang) ; I=1250000 ; J=3 ; K=TC ; L==I31*J31 ; M= || A=Essence Hardy ou Godcelot ; B=20000 ; C=1 ; D=jour ; E==B32*C32 ; F= ; G= ; H=Indemnité agent douanes ; I=100000 ; J=3 ; K=jour ; L==I32*J32 ; M= || A=indemnité agent mine FD ; B=60000 ; C=2 ; D=jour ; E==B33*C33 ; F= ; G= ; H=Indemnité agent mines ; I==70000*2 ; J=3 ; K=jour ; L==I33*J33 ; M= || A=gasoil camion Jacky ; B=4900 ; C=20 ; D=l ; E==B34*C34 ; F= ; G= ; H=Transport Hnoor ; I=250000 ; J=3 ; K=TC ; L==I34*J34 ; M= || A=Indemnité Jacky et son aide ; B=15000 ; C=2 ; D=jour ; E==B35*C35 ; F= ; G= ; H=Dokers chargement FD et Ehoala ; I=4000 ; J==B3*3 ; K=tonne ; L==I35*J35 ; M=deux chargements et un déchargement s..."
Goodeis,Goodeis_R4,52,53,1,12,2,12,6,10,8,2,A=Facture Laseal ; B==5500000-2100000 ; C=3 ; D=TC ; E==B52*C52 ; F=2100000=droit sortie annulé ; G= ; H=TOTAL A PAYER A TANA ; I= ; J= ; K= ; L==L44+L45 || A=fret ; B==989*4250 ; C=3 ; D=TC ; E==B53*C53 ; F=crédit 3 mois (estimation) ; G= ; H=TOTAL MONTANT NECESSAIRE SI ENVOI PAR... ; I= ; J= ; K= ; L==L51+L52
Goodeis,Goodeis_R5,57,58,4,9,2,6,4,4,4,0,D=cout cabotage par TC (28t) ; E==E50/3 ; F=hors Laseal ; G= ; H=TOTAL AVEC ACHAT MICA ET COUPE ; I==I56+E23 || D=fret FD TMM par TC (28t) ; E==E38/3 ; F==E58/4500 ; G= ; H= ; I=
Org (2),Org (2)_R1,13,21,2,57,9,56,37,94,63,31,"B= ; C= ; D= ; E= ; F= ; G= ; H= ; I= ; J= ; K= ; L= ; M= ; N= ; O= ; P= ; Q= ; R= ; S= ; T= ; U= ; V= ; W= ; X= ; Y= ; Z= ; AA= ; AB= ; AC=Postes ; AD= ; AE= ; AF= ; AG=Sal Base Unitaires ; AH= ; AI= ; AJ= ; AK= ; AL=Nbre ; AM=Total Base ; AN= ; AO= ; AP= ; AQ= ; AR=Interessements ; AS= ; AT= ; AU= ; AV= ; AW= ; AX= ; AY= ; AZ= ; BA= ; BB=CNaPs ; BC= ; BD= ; BE=Total || B=Postes ; C= ; D= ; E= ; F=Sal Base Unitaires ; G= ; H= ; I= ; J= ; K= ; L= ; M=Nbre ; N=Total Base ; O= ; P= ; Q= ; R= ; S=CNaPs ; T= ; U= ; V=Total ; W= ; X= ; Y= ; Z= ; AA= ; AB= ; AC=Resp Site ; AD= ; AE= ; AF= ; AG=300000 ; AH= ; AI= ; AJ= ; AK=Ar ; AL=1 ; AM==+AG14*AL14 ; AN= ; AO= ; AP= ; AQ= ; AR=CNaPs ; AS= ; AT=+ ; AU=Salaire variable (1,5 Ar/kg) ; AV= ; AW= ; AX= ; AY= ; AZ= ; BA= ; BB==+AM14*13% ; BC= ; BD= ; BE==+AM14+BB14 || B=Machiniste ; C= ; D= ; E= ; F=300000 ; G= ; H= ; I= ; J=Ar ; K=CNaPs ; L= ; M=1 ; N=300000 ; O= ; P= ; Q= ; R= ; S==+N15*13% ; T= ; U= ; V==+N15+S15 ; W= ; X= ; Y= ; Z= ; AA= ; AB= ; AC=Collecteurs ; AD= ; AE= ; AF= ; AG=200000 ; AH= ; AI= ; AJ= ; AK=Ar ; AL=6 ; AM==+AG15*AL15 ; AN= ; AO= ; AP= ; AQ= ; AR=CNaPs ; AS= ; AT=+ ; AU=Salaire variable (1,5 Ar/kg) ; AV= ; AW= ; AX= ; AY= ; AZ= ; BA= ; BB==+AM15*13% ; BC= ; BD= ; BE==+AM15+BB15 || B=Aide Machiniste ; C= ; D= ; E= ; F=275000 ; G= ; H= ; I= ; J=Ar ; K=CNaPs ; L= ; M=1 ; N=275000 ; O= ; P= ; Q= ; R= ; S==+N16*13% ; T= ; U= ; V==+N16+S16 ; W= ; X= ; Y= ; Z= ; AA= ; AB= ; AC=Aides Collecteurs ; AD= ; AE= ; AF= ; AG=100000 ; AH= ; AI= ; AJ= ; AK=Ar ; AL=6 ; AM==+AG16*AL16 ; AN= ; AO= ; AP= ; AQ= ; AR=CNaPs ; AS= ; AT=+ ; AU=Primes rendement (05 Ar/kg) ; AV= ; AW= ; AX= ; AY= ; AZ= ; BA= ; BB==+AM16*13% ; BC= ; BD= ; BE==+AM16+BB16 || B=Gardiens ; C= ; D= ; E= ; F=250000 ; G= ; H= ; I= ; J=Ar ; K=CNaPs ; L= ; M=2 ; N=500000 ; O= ; P= ; Q= ; R= ; S==+N17*13% ; T= ; U= ; V==+N17+S17 ; W= ; X= ; Y= ; Z= ; AA= ; AB= ; AC=Controleurs ; AD= ; AE= ; AF= ; AG=300000 ; AH= ; AI= ; AJ= ; AK=Ar ; AL=3 ; AM==+AG17*AL17 ; AN= ; AO= ; AP= ; AQ= ; AR=CNaPs ; AS= ; AT=+ ; AU=Primes (Base 1 mois salaire) ; AV= ; AW= ; AX= ; AY= ; AZ= ; BA= ; BB==+AM17*13% ; BC= ; BD= ; BE==+AM17+BB17 || B=Temp Central ; C= ; D= ; E= ; F=250000 ; G= ; H= ; I= ; J=Ar ; K=Prime ; L= ; M=1 ; N=250000 ; O= ; P= ; Q= ; R= ; S==+N18*13% ; T= ; U= ; V==+N18+S18 ; W= ; X= ; Y= ; Z= ; AA= ; AB= ; AC=Agents entretiens ; AD= ; AE= ; AF= ; AG=275000 ; AH= ; AI= ; AJ= ; AK=Ar ; AL=2 ; AM==+AG18*AL18 ; AN= ; AO= ; AP= ; AQ= ; AR=CNaPs ; AS= ; AT=+ ; AU=Primes (Base 1 mois salaire) ; AV= ; AW= ; AX= ; AY= ; AZ= ; BA= ; BB==+AM18*13% ; BC= ; BD= ; BE==+AM18+BB18 || B=Total ; C= ; D= ; E= ; F=1075000 ; G= ; H= ; I= ; J= ; K= ; L= ; M=5 ; N==SUM(N15:R18) ; O= ; P= ; Q= ; R= ; S==SUM(S15:U18) ; T= ; U= ; V==SUM(V15:Z18) ; W= ; X= ; Y= ; Z= ; AA= ; AB= ; AC=Agents securités ; AD= ; AE= ; AF= ; AG=275000 ; AH= ; AI= ; AJ= ; AK=Ar ; AL=3 ; AM==+AG19*AL19 ; AN= ; AO= ; AP= ; AQ= ; AR=CNaPs ; AS= ; AT=+ ; AU=Primes (Base 1 mois salaire) ; AV= ; AW= ; AX= ; AY= ; AZ= ; BA= ; BB==+AM19*13% ; BC= ; BD= ; BE==+AM19+BB19 || B= ; C= ; D= ; E= ; F= ; G= ; H= ; I= ; J= ; K= ; L= ; M= ; N= ; O= ; P= ; Q= ; R= ; S= ; T= ; U= ; V= ; W= ; X= ; Y= ; Z= ; AA= ; AB= ; AC=Gestionnaire ; AD= ; AE= ; AF= ; AG=275000 ; AH= ; AI= ; AJ= ; AK=Ar ; AL=1 ; AM==+AG20*AL20 ; AN= ; AO= ; AP= ; AQ= ; AR=CNaPs ; AS= ; AT=+ ; AU=Primes (Base 1 mois salaire) ; AV= ; AW= ; AX= ; AY= ; AZ= ; BA= ; BB==+AM20*13% ; BC= ; BD= ; BE==+AM20+BB20"
Org (2),Org (2)_R2,25,30,29,49,6,21,11,33,19,14,AC=Postes ; AD= ; AE= ; AF= ; AG=Sal Base Unitaires ; AH= ; AI= ; AJ= ; AK= ; AL= ; AM= ; AN=Nbre ; AO=Total Base ; AP= ; AQ= ; AR= ; AS= ; AT=CNaPs ; AU= ; AV= ; AW=Total || AC=Machiniste ; AD= ; AE= ; AF= ; AG=300000 ; AH= ; AI= ; AJ= ; AK=Ar ; AL=CNaPs ; AM= ; AN=1 ; AO=300000 ; AP= ; AQ= ; AR= ; AS= ; AT==+AO26*13% ; AU= ; AV= ; AW==+AO26+AT26 || AC=Aide Machiniste ; AD= ; AE= ; AF= ; AG=275000 ; AH= ; AI= ; AJ= ; AK=Ar ; AL=CNaPs ; AM= ; AN=1 ; AO=275000 ; AP= ; AQ= ; AR= ; AS= ; AT==+AO27*13% ; AU= ; AV= ; AW==+AO27+AT27 || AC=Gardiens ; AD= ; AE= ; AF= ; AG=250000 ; AH= ; AI= ; AJ= ; AK=Ar ; AL=CNaPs ; AM= ; AN=2 ; AO=500000 ; AP= ; AQ= ; AR= ; AS= ; AT==+AO28*13% ; AU= ; AV= ; AW==+AO28+AT28 || AC=Temp Central ; AD= ; AE= ; AF= ; AG=250000 ; AH= ; AI= ; AJ= ; AK=Ar ; AL=Prime ; AM= ; AN=1 ; AO=250000 ; AP= ; AQ= ; AR= ; AS= ; AT==+AO29*13% ; AU= ; AV= ; AW==+AO29+AT29 || AC=Total ; AD= ; AE= ; AF= ; AG=1075000 ; AH= ; AI= ; AJ= ; AK= ; AL= ; AM= ; AN=5 ; AO==SUM(AO26:AS29) ; AP= ; AQ= ; AR= ; AS= ; AT==SUM(AT26:AV29) ; AU= ; AV= ; AW==SUM(AW26:BA29)
Org (2),Org (2)_R3,33,38,29,61,6,33,12,51,38,13,AC=Postes ; AD= ; AE= ; AF= ; AG=Sal Base Unitaires ; AH= ; AI= ; AJ= ; AK= ; AL= ; AM= ; AN=Nbre ; AO=Total Base ; AP= ; AQ= ; AR= ; AS= ; AT= ; AU=Autres ; AV= ; AW=Interessements ; AX= ; AY= ; AZ= ; BA= ; BB= ; BC=Amit ; BD= ; BE= ; BF=CNaPs ; BG= ; BH= ; BI=Total sans Primes || AC=Resp Site ; AD= ; AE= ; AF= ; AG=300000 ; AH= ; AI= ; AJ= ; AK=Ar ; AL=CNaPs ; AM= ; AN=1 ; AO=300000 ; AP= ; AQ= ; AR= ; AS= ; AT=Ar ; AU=CNaPs ; AV= ; AW=+ ; AX=Variable ; AY= ; AZ= ; BA= ; BB= ; BC= ; BD= ; BE= ; BF==+AO34*13% ; BG= ; BH= ; BI==+AO34+BC34+BF34 || AC=Collecteurs ; AD= ; AE= ; AF= ; AG=200000 ; AH= ; AI= ; AJ= ; AK=Ar ; AL=CNaPs ; AM= ; AN=6 ; AO=1200000 ; AP= ; AQ= ; AR= ; AS= ; AT=Ar ; AU=CNaPs ; AV= ; AW=+ ; AX=Primes rendement (10 Ar/kg) ; AY= ; AZ= ; BA= ; BB= ; BC= ; BD= ; BE= ; BF==+AO35*13% ; BG= ; BH= ; BI==+AO35+BC35+BF35 || AC=Aide colleceturs ; AD= ; AE= ; AF= ; AG=100000 ; AH= ; AI= ; AJ= ; AK=Ar ; AL=CNaPs ; AM= ; AN=6 ; AO=600000 ; AP= ; AQ= ; AR= ; AS= ; AT=Ar ; AU=CNaPs ; AV= ; AW=+ ; AX=Primes rendement (05 Ar/kg) ; AY= ; AZ= ; BA= ; BB= ; BC= ; BD= ; BE= ; BF==+AO36*13% ; BG= ; BH= ; BI==+AO36+BC36+BF36 || AC=Controleurs ; AD= ; AE= ; AF= ; AG=300000 ; AH= ; AI= ; AJ= ; AK=Ar ; AL=CNaPs ; AM= ; AN=3 ; AO=900000 ; AP= ; AQ= ; AR= ; AS= ; AT=Ar ; AU=CNaPs ; AV= ; AW=+ ; AX=Primes (Base 1 mois salaire) ; AY= ; AZ= ; BA= ; BB= ; BC= ; BD= ; BE= ; BF==+AO37*13% ; BG= ; BH= ; BI==+AO37+BC37+BF37 || AC=Total ; AD= ; AE= ; AF= ; AG= ; AH= ; AI= ; AJ= ; AK= ; AL= ; AM= ; AN=16 ; AO==SUM(AO34:AS37) ; AP= ; AQ= ; AR= ; AS= ; AT= ; AU= ; AV= ; AW= ; AX= ; AY= ; AZ= ; BA= ; BB= ; BC==SUM(BC34:BE37) ; BD= ; BE= ; BF==SUM(BF34:BH37) ; BG= ; BH= ; BI==SUM(BI34:BK37)
Org (2),Org (2)_R4,40,43,29,61,4,33,6,29,23,6,AC=Postes ; AD= ; AE= ; AF= ; AG=Sal Base Unitaires ; AH= ; AI= ; AJ= ; AK= ; AL= ; AM= ; AN=Nbre ; AO=Total Base ; AP= ; AQ= ; AR= ; AS= ; AT= ; AU=Autres ; AV= ; AW=Interessements ; AX= ; AY= ; AZ= ; BA= ; BB= ; BC=Amit ; BD= ; BE= ; BF=CNaPs ; BG= ; BH= ; BI=Total sans Primes || AC==+AC34 ; AD= ; AE= ; AF= ; AG=400000 ; AH= ; AI= ; AJ= ; AK=Ar ; AL=CNaPs ; AM= ; AN=1 ; AO=300000 ; AP= ; AQ= ; AR= ; AS= ; AT=Ar ; AU=CNaPs ; AV= ; AW=+ ; AX=Primes rendement (10 Ar/kg) ; AY= ; AZ= ; BA= ; BB= ; BC= ; BD= ; BE= ; BF= ; BG= ; BH= ; BI= || AC=Assistant ; AD= ; AE= ; AF= ; AG=250000 ; AH= ; AI= ; AJ= ; AK=Ar ; AL=CNaPs ; AM= ; AN=2 ; AO=600000 ; AP= ; AQ= ; AR= ; AS= ; AT=Ar ; AU=CNaPs ; AV= ; AW=+ ; AX=Primes rendement (05 Ar/kg) ; AY= ; AZ= ; BA= ; BB= ; BC= ; BD= ; BE= ; BF= ; BG= ; BH= ; BI= || AC=Total ; AD= ; AE= ; AF= ; AG==+AG42+AG41 ; AH= ; AI= ; AJ= ; AK= ; AL= ; AM==+AN42+AN41 ; AN= ; AO= ; AP= ; AQ==+AM43*0.13 ; AR= ; AS= ; AT==+AM43*0.5 ; AU= ; AV= ; AW==+AM43+AQ43+AT43 ; AX= ; AY= ; AZ= ; BA= ; BB= ; BC= ; BD= ; BE= ; BF= ; BG= ; BH= ; BI=
Org (2),Org (2)_R5,136,143,2,59,8,58,27,64,47,17,"B= ; C= ; D= ; E= ; F= ; G= ; H= ; I= ; J= ; K= ; L= ; M= ; N= ; O= ; P= ; Q= ; R= ; S= ; T= ; U= ; V= ; W= ; X= ; Y= ; Z= ; AA= ; AB= ; AC= ; AD= ; AE= ; AF= ; AG= ; AH= ; AI= ; AJ= ; AK= ; AL= ; AM= ; AN=Postes ; AO= ; AP= ; AQ= ; AR=Salaire base ; AS= ; AT= ; AU= ; AV=Nbre ; AW=Salaire brut ; AX= ; AY= ; AZ= ; BA=CNaPS ; BB= ; BC= ; BD=OsIe ; BE= ; BF= ; BG=Total || B=Objectifs: 2,5 T/J Par équipe de coll... ; C= ; D= ; E= ; F= ; G= ; H= ; I= ; J= ; K= ; L= ; M= ; N= ; O= ; P= ; Q= ; R= ; S= ; T= ; U= ; V= ; W= ; X= ; Y= ; Z= ; AA= ; AB= ; AC= ; AD= ; AE= ; AF= ; AG= ; AH= ; AI= ; AJ= ; AK= ; AL= ; AM= ; AN==+AM130 ; AO= ; AP= ; AQ= ; AR=400000 ; AS= ; AT= ; AU= ; AV=1 ; AW==+AR137*AV137 ; AX= ; AY= ; AZ= ; BA==+AW137*0.13 ; BB= ; BC= ; BD==+AW137*0.5 ; BE= ; BF= ; BG==+AW137+BA137+BD137 || B=Postes ; C= ; D= ; E= ; F=Sal Base Unitaires ; G= ; H= ; I= ; J= ; K= ; L= ; M=Nbre ; N=Total Base ; O= ; P= ; Q= ; R= ; S= ; T=Autres ; U= ; V=Interessements ; W= ; X= ; Y= ; Z= ; AA= ; AB=Amit ; AC= ; AD= ; AE=CNaPs ; AF= ; AG= ; AH=Total sans Primes ; AI= ; AJ= ; AK= ; AL= ; AM= ; AN==+AM133 ; AO= ; AP= ; AQ= ; AR=250000 ; AS= ; AT= ; AU= ; AV=2 ; AW==+AR138*AV138 ; AX= ; AY= ; AZ= ; BA==+AW138*0.13 ; BB= ; BC= ; BD==+AW138*0.5 ; BE= ; BF= ; BG==+AW138+BA138+BD138 || B=Resp Site ; C= ; D= ; E= ; F=300000 ; G= ; H= ; I= ; J=Ar ; K=CNaPs ; L= ; M=1 ; N=300000 ; O= ; P= ; Q= ; R= ; S=Ar ; T=CNaPs ; U= ; V=+ ; W=Variable ; X= ; Y= ; Z= ; AA= ; AB= ; AC= ; AD= ; AE==+N139*13% ; AF= ; AG= ; AH==+N139+AB139+AE139 ; AI= ; AJ= ; AK= ; AL= ; AM= ; AN=Total ; AO= ; AP= ; AQ= ; AR==+AR138+AR137 ; AS= ; AT= ; AU= ; AV= ; AW==+AW138+AW137 ; AX= ; AY= ; AZ= ; BA==+AW139*0.13 ; BB= ; BC= ; BD==+AW139*0.5 ; BE= ; BF= ; BG==+AW139+BA139+BD139 || B=Collecteurs ; C= ; D= ; E= ; F=200000 ; G= ; H= ; I= ; J=Ar ; K=CNaPs ; L= ; M=6 ; N=1200000 ; O= ; P= ; Q= ; R= ; S=Ar ; T=CNaPs ; U= ; V=+ ; W=Primes rendement (10 Ar/kg) ; X= ; Y= ; Z= ; AA= ; AB= ; AC= ; AD= ; AE==+N140*13% ; AF= ; AG= ; AH==+N140+AB140+AE140 ; AI= ; AJ= ; AK= ; AL= ; AM= ; AN= ; AO= ; AP= ; AQ= ; AR= ; AS= ; AT= ; AU= ; AV= ; AW= ; AX= ; AY= ; AZ= ; BA= ; BB= ; BC= ; BD= ; BE= ; BF= ; BG= || B=Aide colleceturs ; C= ; D= ; E= ; F=100000 ; G= ; H= ; I= ; J=Ar ; K=CNaPs ; L= ; M=6 ; N=600000 ; O= ; P= ; Q= ; R= ; S=Ar ; T=CNaPs ; U= ; V=+ ; W=Primes rendement (05 Ar/kg) ; X= ; Y= ; Z= ; AA= ; AB= ; AC= ; AD= ; AE==+N141*13% ; AF= ; AG= ; AH==+N141+AB141+AE141 ; AI= ; AJ= ; AK= ; AL= ; AM= ; AN= ; AO= ; AP= ; AQ= ; AR= ; AS= ; AT= ; AU= ; AV= ; AW= ; AX= ; AY= ; AZ= ; BA= ; BB= ; BC= ; BD= ; BE= ; BF= ; BG= || B=Controleurs ; C= ; D= ; E= ; F=300000 ; G= ; H= ; I= ; J=Ar ; K=CNaPs ; L= ; M=3 ; N=900000 ; O= ; P= ; Q= ; R= ; S=Ar ; T=CNaPs ; U= ; V=+ ; W=Primes (Base 1 mois salaire) ; X= ; Y= ; Z= ; AA= ; AB= ; AC= ; AD= ; AE==+N142*13% ; AF= ; AG= ; AH==+N142+AB142+AE142 ; AI= ; AJ= ; AK= ; AL= ; AM= ; AN= ; AO= ; AP= ; AQ= ; AR= ; AS= ; AT= ; AU= ; AV= ; AW= ; AX= ; AY= ; AZ= ; BA= ; BB= ; BC= ; BD= ; BE= ; BF= ; BG= || B=Total ; C= ; D= ; E= ; F= ; G= ; H= ; I= ; J= ; K= ; L= ; M=16 ; N==SUM(N139:R142) ; O= ; P= ; Q= ; R= ; S= ; T= ; U= ; V= ; W= ; X= ; Y= ; Z= ; AA= ; AB==SUM(AB139:AD142) ; AC= ; AD= ; AE==SUM(AE139:AG142) ; AF= ; AG= ; AH==SUM(AH139:AJ142) ; AI= ; AJ= ; AK= ; AL= ; AM= ; AN= ; AO= ; AP= ; AQ= ; AR= ; AS= ; AT= ; AU= ; AV= ; AW= ; AX= ; AY= ; AZ= ; BA= ; BB= ; BC= ; BD= ; BE= ; BF= ; BG="
Org (2),Org (2)_R6,168,187,2,34,20,33,77,172,136,36,B=Postes ; C= ; D= ; E= ; F=Sal Base Unitaires ; G= ; H= ; I= ; J= ; K= ; L= ; M=Nbre ; N=Total Base ; O= ; P= ; Q= ; R= ; S= ; T=Autres ; U= ; V=Interessements ; W= ; X= ; Y= ; Z= ; AA= ; AB=Amit ; AC= ; AD= ; AE=CNaPs ; AF= ; AG= ; AH=Total sans Primes || B=Directeur de site ; C= ; D= ; E= ; F=2000000 ; G= ; H= ; I= ; J=Ar ; K=CNaPs ; L= ; M=1 ; N==+F169*M169 ; O= ; P= ; Q= ; R= ; S=Ar ; T=CNaPs ; U= ; V=+ ; W=Primes rendement (05 Ar/kg) ; X= ; Y= ; Z= ; AA= ; AB==+N169*5% ; AC= ; AD= ; AE==+N169*13% ; AF= ; AG= ; AH==+N169+AB169+AE169 || B=Collecteurs ; C= ; D= ; E= ; F=200000 ; G= ; H= ; I= ; J=Ar ; K=CNaPs ; L= ; M=6 ; N==+F170*M170 ; O= ; P= ; Q= ; R= ; S=Ar ; T=CNaPs ; U= ; V=+ ; W=Primes rendement (05 Ar/kg) ; X= ; Y= ; Z= ; AA= ; AB==+N170*5% ; AC= ; AD= ; AE==+N170*13% ; AF= ; AG= ; AH==+N170+AB170+AE170 || B=Aide colleceturs ; C= ; D= ; E= ; F=100000 ; G= ; H= ; I= ; J=Ar ; K=CNaPs ; L= ; M=6 ; N==+F171*M171 ; O= ; P= ; Q= ; R= ; S=Ar ; T=CNaPs ; U= ; V=+ ; W=Primes rendement (05 Ar/kg) ; X= ; Y= ; Z= ; AA= ; AB==+N171*5% ; AC= ; AD= ; AE==+N171*13% ; AF= ; AG= ; AH==+N171+AB171+AE171 || B=RAF ; C= ; D= ; E= ; F=500000 ; G= ; H= ; I= ; J=Ar ; K=CNaPs ; L= ; M=1 ; N==+F172*M172 ; O= ; P= ; Q= ; R= ; S=Ar ; T=CNaPs ; U= ; V=+ ; W=Primes (Base 1 mois salaire) ; X= ; Y= ; Z= ; AA= ; AB==+N172*5% ; AC= ; AD= ; AE==+N172*13% ; AF= ; AG= ; AH==+N172+AB172+AE172 || B=Resp Transit ; C= ; D= ; E= ; F=500000 ; G= ; H= ; I= ; J=Ar ; K=CNaPs ; L= ; M=1 ; N==+F173*M173 ; O= ; P= ; Q= ; R= ; S=Ar ; T=CNaPs ; U= ; V=+ ; W=Primes (Base 1 mois salaire) ; X= ; Y= ; Z= ; AA= ; AB==+N173*5% ; AC= ; AD= ; AE==+N173*13% ; AF= ; AG= ; AH==+N173+AB173+AE173 || B=Resp Mica ; C= ; D= ; E= ; F=500000 ; G= ; H= ; I= ; J=Ar ; K=CNaPs ; L= ; M=3 ; N==+F174*M174 ; O= ; P= ; Q= ; R= ; S=Ar ; T=CNaPs ; U= ; V=+ ; W=Primes (Base 1 mois salaire) ; X= ; Y= ; Z= ; AA= ; AB==+N174*5% ; AC= ; AD= ; AE==+N174*13% ; AF= ; AG= ; AH==+N174+AB174+AE174 || B=Resp Entretien ; C= ; D= ; E= ; F=350000 ; G= ; H= ; I= ; J=Ar ; K=CNaPs ; L= ; M=1 ; N==+F175*M175 ; O= ; P= ; Q= ; R= ; S=Ar ; T=CNaPs ; U= ; V=+ ; W=Primes (Base 1 mois salaire) ; X= ; Y= ; Z= ; AA= ; AB==+N175*5% ; AC= ; AD= ; AE==+N175*13% ; AF= ; AG= ; AH==+N175+AB175+AE175
Org (2),Org (2)_R7,193,199,2,17,7,16,18,15,10,5,B=Sites ; C= ; D= ; E= ; F=Salaires de base ; G= ; H= ; I= ; J= ; K=CNaPS ; L= ; M= ; N=OSIE ; O= ; P= ; Q=Total || B=ANIVORANO ; C= ; D= ; E= ; F==+N19 ; G= ; H= ; I= ; J= ; K==+S19 ; L= ; M= ; N=0 ; O= ; P= ; Q==+F194+K194+N194 || B=AMPANDRANDAVA ; C= ; D= ; E= ; F==+AM21 ; G= ; H= ; I= ; J= ; K==+BB21 ; L= ; M= ; N= ; O= ; P= ; Q==+F195+K195+N195 || B=TRANOMARO ; C= ; D= ; E= ; F==+N143 ; G= ; H= ; I= ; J= ; K==+AE143 ; L= ; M= ; N= ; O= ; P= ; Q==+F196+K196+N196 || B==+AI130 ; C= ; D= ; E= ; F==+AW139 ; G= ; H= ; I= ; J= ; K==+BA139 ; L= ; M= ; N==+BD139 ; O= ; P= ; Q==+F197+K197+N197 || B=FORT DAUPHIN ; C= ; D= ; E= ; F==+N187 ; G= ; H= ; I= ; J= ; K==+AE187 ; L= ; M= ; N==+AB187 ; O= ; P= ; Q==+F198+K198+N198 || B=Total ; C= ; D= ; E= ; F=21980000 ; G= ; H= ; I= ; J= ; K=219800 ; L= ; M= ; N=219800 ; O= ; P= ; Q=22199800
Org (2),Org (2)_R8,202,203,2,20,2,19,0,8,5,3,B=3 premiers mois: 560 T/Mois ; C= ; D= ; E= ; F= ; G= ; H= ; I= ; J= ; K= ; L=Directeurs ; M= ; N= ; O= ; P=Resp Site ; Q= ; R= ; S= ; T=Equipe collecteurs || B=9 derniers mois: 1.120 T/Mois ; C= ; D= ; E= ; F= ; G= ; H= ; I= ; J= ; K= ; L=2.5 ; M= ; N= ; O= ; P=1.5 ; Q= ; R= ; S= ; T=15
Org (2),Org (2)_R9,207,212,2,20,6,19,0,63,12,51,"B=- 02,5 T/J Par équipe de collecte: ; C= ; D= ; E= ; F= ; G= ; H= ; I=Sites ; J=Sites ; K= ; L= ; M= ; N=0.5 ; O=0.6 ; P=0.65 ; Q=0.7 ; R=0.75 ; S=0.85 ; T=0.95 || B= ; C=6 ; D=x ; E=2.5 ; F=15 ; G= ; H= ; I=Ampandra ; J= ; K= ; L= ; M= ; N=7.5 ; O=9 ; P=9.75 ; Q=10.5 ; R=11.25 ; S=12.75 ; T=14.25 || B= ; C=6 ; D=x ; E=2.5 ; F=15 ; G= ; H= ; I=TRA ; J= ; K= ; L= ; M= ; N=7.5 ; O=9 ; P=9.75 ; Q=10.5 ; R=11.25 ; S=12.75 ; T=14.25 || B=- 05 T/J Par équipe de collecte pour FD ; C= ; D= ; E= ; F= ; G= ; H= ; I= ; J=S/Total ; K= ; L= ; M= ; N=15 ; O=18 ; P=19.5 ; Q=21 ; R=22.5 ; S=25.5 ; T=28.5 || B= ; C=6 ; D=x ; E=5 ; F=30 ; G= ; H= ; I=FD ; J= ; K= ; L= ; M= ; N=15 ; O=18 ; P=19.5 ; Q=21 ; R=22.5 ; S=25.5 ; T=28.5 || B= ; C= ; D= ; E= ; F= ; G= ; H= ; I= ; J=Total general ; K= ; L= ; M= ; N=30 ; O=36 ; P=39 ; Q=42 ; R=45 ; S=51 ; T=57"
Org (2),Org (2)_R10,214,217,10,20,4,11,7,25,4,21,J=Collectes (en T) ; K= ; L= ; M= ; N=0.5 ; O=0.6 ; P=0.65 ; Q=0.7 ; R=0.75 ; S=0.85 ; T=0.95 || J=Jour ; K= ; L= ; M= ; N=30 ; O=36 ; P=39 ; Q=42 ; R=45 ; S=51 ; T=57 || J=Semaine ; K= ; L= ; M= ; N=150 ; O=180 ; P=195 ; Q=210 ; R=225 ; S=255 ; T=285 || J=Mois ; K= ; L= ; M= ; N==+N215*25 ; O==+O215*25 ; P==+P215*25 ; Q==+Q215*25 ; R==+R215*25 ; S==+S215*25 ; T==+T215*25
Org (2),Org (2)_R11,219,223,2,24,5,23,4,41,5,36,"B=Salaires variables  mensuelles ( x 1.... ; C= ; D= ; E= ; F= ; G= ; H= ; I= ; J=0.5 ; K= ; L=0.6 ; M= ; N=0.65 ; O= ; P=0.7 ; Q= ; R=0.75 ; S= ; T=0.85 ; U= ; V=0.95 ; W= ; X=1 || B=Directeur (2,5 Ar/Kg) ; C= ; D= ; E= ; F= ; G= ; H= ; I= ; J=1875000 ; K= ; L=2250000 ; M= ; N=2437500 ; O= ; P=2625000 ; Q= ; R=2812500 ; S= ; T=3187500 ; U= ; V=3562500 ; W= ; X==+J220*2 || B=Resp. Site (1,5 Ar/Kg) ; C= ; D= ; E= ; F= ; G= ; H= ; I= ; J=281250 ; K= ; L=337500 ; M= ; N=365625 ; O= ; P=393750 ; Q= ; R=421875 ; S= ; T=478125 ; U= ; V=534375 ; W= ; X==+J221*2 || B=Equipe Collecte Site (15 Ar/Kg) ; C= ; D= ; E= ; F= ; G= ; H= ; I= ; J=2812500 ; K= ; L=3375000 ; M= ; N=3656250 ; O= ; P=3937500 ; Q= ; R=4218750 ; S= ; T=4781250 ; U= ; V=5343750 ; W= ; X==+J222*2 || B=Equipe Collecte FD (10 Ar/Kg) ; C= ; D= ; E= ; F= ; G= ; H= ; I= ; J=3750000 ; K= ; L=4500000 ; M= ; N=4875000 ; O= ; P=5250000 ; Q= ; R=5625000 ; S= ; T=6375000 ; U= ; V=7125000 ; W= ; X==+J223*2"
Org (2),Org (2)_R12,225,238,2,32,14,31,41,120,14,106,B=Equipe collecte ; C= ; D= ; E= ; F= ; G=Nbre ; H= ; I= ; J=0.5 ; K= ; L=0.6 ; M= ; N=0.65 ; O= ; P=0.7 ; Q= ; R=0.75 ; S= ; T=0.85 ; U= ; V=0.95 ; W= ; X=1 ; Y= ; Z= ; AA= ; AB= ; AC= ; AD= ; AE= ; AF= || B=TRA ; C= ; D= ; E= ; F= ; G=12 ; H= ; I= ; J=234375 ; K= ; L=281250 ; M= ; N=304687.5 ; O= ; P=328125 ; Q= ; R=351562.5 ; S= ; T=398437.5 ; U= ; V=445312.5 ; W= ; X==+J226*2 ; Y= ; Z= ; AA= ; AB=0.5 ; AC=1875000 ; AD=281250 ; AE=2812500 ; AF=3750000 || B=Ampandra ; C= ; D= ; E= ; F= ; G=12 ; H= ; I= ; J=234375 ; K= ; L=281250 ; M= ; N=304687.5 ; O= ; P=328125 ; Q= ; R=351562.5 ; S= ; T=398437.5 ; U= ; V=445312.5 ; W= ; X==+J227*2 ; Y= ; Z= ; AA= ; AB=0.6 ; AC=2250000 ; AD=337500 ; AE=3375000 ; AF=4500000 || B=FD ; C= ; D= ; E= ; F= ; G=12 ; H= ; I= ; J=312500 ; K= ; L=375000 ; M= ; N=406250 ; O= ; P=437500 ; Q= ; R=468750 ; S= ; T=531250 ; U= ; V=593750 ; W= ; X==+J228*2 ; Y= ; Z= ; AA= ; AB=0.65 ; AC=2437500 ; AD=365625 ; AE=3656250 ; AF=4875000 || B= ; C= ; D= ; E= ; F= ; G= ; H= ; I= ; J= ; K= ; L= ; M= ; N= ; O= ; P= ; Q= ; R= ; S= ; T= ; U= ; V= ; W= ; X= ; Y= ; Z= ; AA= ; AB= ; AC=0 ; AD=0 ; AE=0 ; AF=0 || B=Atteinte Objectifs ; C= ; D= ; E= ; F= ; G= ; H= ; I= ; J=0.5 ; K= ; L=0.6 ; M= ; N=0.65 ; O= ; P=0.7 ; Q= ; R=0.75 ; S= ; T=0.85 ; U= ; V=0.95 ; W= ; X=1 ; Y= ; Z= ; AA= ; AB=0.7 ; AC=2625000 ; AD=393750 ; AE=3937500 ; AF=5250000 || B=Collecteurs ; C= ; D= ; E= ; F= ; G= ; H= ; I= ; J= ; K= ; L= ; M= ; N= ; O= ; P= ; Q= ; R= ; S= ; T= ; U= ; V= ; W= ; X= ; Y= ; Z= ; AA= ; AB= ; AC=0 ; AD=1 ; AE=0 ; AF=0 || B=Salaires fixe ; C= ; D= ; E= ; F= ; G= ; H= ; I= ; J==+F170 ; K= ; L==+J232 ; M= ; N==+L232 ; O= ; P==+N232 ; Q= ; R==+P232 ; S= ; T==+R232 ; U= ; V==+T232 ; W= ; X==+J232*2 ; Y= ; Z= ; AA= ; AB=0.75 ; AC=2812500 ; AD=421875 ; AE=4218750 ; AF=5625000
Organigramme,Organigramme_R1,6,7,2,10,2,9,1,6,6,0,B=Tranomaro ; C= ; D= ; E= ; F=Amboasary ; G= ; H= ; I= ; J=Ranopiso || B=Responsable ; C= ; D= ; E= ; F=Responsable ; G= ; H==+'FORT DAUPHIN'!B108 ; I= ; J=Responsable
Organigramme,Organigramme_R2,19,20,2,10,2,9,1,6,6,0,"B=Resp. Magasin ; C= ; D= ; E= ; F=Resp. Magasin ; G= ; H==+'FORT DAUPHIN'!B109&"" ""&'FORT DAUPH... ; I= ; J=Resp. Magasin || B=01 permanent ; C= ; D= ; E= ; F=01 permanent ; G= ; H= ; I= ; J=01 permanent"
Organigramme,Organigramme_R3,39,40,2,14,2,13,0,10,10,0,B=Sce Transit ; C= ; D= ; E=Sce Administratif ; F= ; G= ; H=Atelier bois ; I= ; J= ; K=Magasinier ; L= ; M= ; N=Atelier coupe || B=01 permanent ; C= ; D= ; E=01 permanent ; F= ; G= ; H=01 permanent ; I= ; J= ; K=01 permanent ; L= ; M= ; N=01 permanent
Organigramme,Organigramme_R4,45,46,4,16,2,13,0,8,8,0,D=Assistante ; E= ; F= ; G=Assistante ; H= ; I= ; J=MO ; K= ; L= ; M= ; N= ; O= ; P=Coupeuses || D=01 Permanent ; E= ; F= ; G=01 Permanent ; H= ; I= ; J=02 journaliers ; K= ; L= ; M= ; N= ; O= ; P=250 Journaliers
Organigramme,Organigramme_R5,48,49,4,16,2,13,0,6,6,0,D=Caisse ; E= ; F= ; G=Chauffeur ; H= ; I= ; J= ; K= ; L= ; M= ; N= ; O= ; P=Manutentionnaire || D=01 Permanent ; E= ; F= ; G=03 permanents ; H= ; I= ; J= ; K= ; L= ; M= ; N= ; O= ; P=24 journaliers
Recap coupeuses FD,Recap coupeuses FD_R1,7,11,2,15,5,14,23,31,14,17,B=N° ; C=POIDS (kg) ; D=MONTANT1 ; E=POIDS (kgs) ; F=MONTANT2 ; G=100 ar/kg ; H=MONTANT3 ; I=5000ar/j ; J=MONTANT4 ; K=3500 ar/j ; L=MONTANT5 ; M=MONTANT BRUT ; N=IRSA ; O=NET  A PAYER || B=317 ; C=93989 ; D=7581200 ; E=253450 ; F=25440300 ; G=0 ; H=0 ; I=0 ; J=0 ; K=0 ; L=0 ; M=='Recap coupeuses FD'!D8+F8 ; N==B8*2000 ; O==M8-N8 || B=18 ; C=6968 ; D=487760 ; E= ; F= ; G= ; H= ; I= ; J= ; K= ; L= ; M=='Recap coupeuses FD'!D9 ; N==B9*2000 ; O==M9-N9 || B=10 ; C=42765 ; D=2993550 ; E= ; F= ; G= ; H= ; I= ; J= ; K= ; L= ; M=='Recap coupeuses FD'!D10 ; N==B10*2000 ; O==M10-N10 || B==SUM(B8:B10) ; C==SUM(C8:C10) ; D==SUM(D8:D10) ; E==SUM(E8:E10) ; F==SUM(F8:F10) ; G==SUM(G8:G10) ; H==SUM(H8:H10) ; I==SUM(I8:I10) ; J==SUM(J8:J10) ; K==SUM(K8:K10) ; L==SUM(L8:L10) ; M==SUM(M8:M10) ; N==SUM(N8:N10) ; O==SUM(O8:O10)
AMPANDRANDAVA,AMPANDRANDAVA_R1,1,78,1,23,78,23,653,1141,0,1065,"A==""Matricule"" ; B==""NOM"" ; C==""PRENOMS"" ; D==""FONCTION"" ; E==""entree"" ; F==""CAT"" ; G==""Base"" ; H==""ALLOCATION DE CONGES"" ; I==""HEURES SUPP"" ; J==""NBRES"" ; K==""ABSENCE"" ; L==""INDEMNITE"" ; M==""RAPPEL SUR SALAIRE"" ; N==""BRUT"" ; O==""IRSA"" ; P==""RET CNAPS"" ; Q==""PAIEMENT ESP"" ; R==""ANC ARR"" ; S==""NOUV ARR"" ; T==""NET A PAYER"" ; U==""UNITE"" ; V==""Intitulé établissement"" ; W==""MODE DE PAIEMENT"" || A=="" 0760"" ; B==""REFILA"" ; C==""Mosa"" ; D==""TEMP CENTRALE"" ; E=2015-12-01 00:00:00 ; F==""M1"" ; G=155523 ; H=0 ; I=20529.54 ; J=0 ; K=0 ; L=0 ; M=0 ; N=176052.54 ; O=2000 ; P=0 ; Q=0 ; R=3.08 ; S=55.62 ; T=174000 ; U==""TEMPORAIRE"" ; V==""SOCIETE DES MINES D'AMPANDRANDAVA"" ; W==""Espèces"" || A==""01096"" ; B==""TOLISOA"" ; C=="""" ; D==""AGENT DE SECURITE"" ; E=1994-01-26 00:00:00 ; F==""4A"" ; G=212393 ; H=0 ; I=0 ; J=0 ; K=0 ; L=0 ; M=0 ; N=212393 ; O=2000 ; P=2123.93 ; Q=0 ; R=71.98 ; S=41.05 ; T=208300 ; U==""PERMANENT"" ; V==""SOCIETE DES MINES D'AMPANDRANDAVA"" ; W==""Espèces"" || A==""01120"" ; B==""JEAN BAPTISTE"" ; C=="""" ; D==""MECANICIEN"" ; E=1990-01-01 00:00:00 ; F==""OP3"" ; G=315108 ; H=0 ; I=90716.71 ; J=0 ; K=0 ; L=0 ; M=0 ; N=405824.71 ; O=24340 ; P=4058.25 ; Q=0 ; R=15.63 ; S=42.09 ; T=377400 ; U==""PERMANENT"" ; V==""SOCIETE DES MINES D'AMPANDRANDAVA"" ; W==""Espèces"" || A==""01196"" ; B==""BRUNO"" ; C=="""" ; D==""AGENT DE SECURITE"" ; E=2015-02-25 00:00:00 ; F==""5A"" ; G=246051 ; H=0 ; I=0 ; J=0 ; K=0 ; L=0 ; M=0 ; N=246051 ; O=2000 ; P=2460.51 ; Q=0 ; R=77.85 ; S=68.34 ; T=241600 ; U==""PERMANENT"" ; V==""SOCIETE DES MINES D'AMPANDRANDAVA"" ; W==""Espèces"" || A==""01227"" ; B==""RAYMOND NOEL"" ; C=="""" ; D==""AGENT DE SECURITE"" ; E=1993-08-28 00:00:00 ; F==""3B"" ; G=200207 ; H=0 ; I=0 ; J=0 ; K=0 ; L=0 ; M=0 ; N=200207 ; O=2000 ; P=2002.07 ; Q=0 ; R=11.7 ; S=16.63 ; T=196200 ; U==""PERMANENT"" ; V==""SOCIETE DES MINES D'AMPANDRANDAVA"" ; W==""Espèces"" || A==""01276"" ; B==""ANDRIANJAKASOA"" ; C==""Lala"" ; D==""CHEF D'EXPLOITATION"" ; E=1996-06-20 00:00:00 ; F==""HC"" ; G=295000 ; H=0 ; I=0 ; J=22 ; K=0 ; L=80000 ; M=0 ; N=375000 ; O=9000 ; P=0 ; Q=0 ; R=0 ; S=0 ; T=366000 ; U==""TEMPORAIRE"" ; V==""SOCIETE DES MINES D'AMPANDRANDAVA"" ; W==""Espèces"" || A==""01319"" ; B==""FAHAMARO"" ; C==""Olivier"" ; D==""AGENT DE SECURITE"" ; E=2001-08-02 00:00:00 ; F==""4A"" ; G=212393 ; H=0 ; I=0 ; J=0 ; K=0 ; L=0 ; M=0 ; N=212393 ; O=2000 ; P=2123.93 ; Q=0 ; R=55.61 ; S=24.68 ; T=208300 ; U==""PERMANENT"" ; V==""SOCIETE DES MINES D'AMPANDRANDAVA"" ; W==""Espèces"""
Recap coupeuses Ampandra,Recap coupeuses Ampandra_R1,5,9,1,14,5,14,3,55,16,39,A=N° ; B=NOM ET PRENOMS ; C= ; D=POIDS 1 ; E=POIDS2 ; F=TOTAL POIDS ; G=PRIX DU POIDS 1 ; H=PRIX DU POIDS 2 ; I=BRUT ; J=IRSA ; K=NET A PAYER ; L=NET A PAYER ARRONDI ; M= ; N= || A=5 ; B=COUPEUSES ; C= ; D=10697 ; E=83 ; F=10780 ; G=90 ; H=120 ; I=972690 ; J=10000 ; K=962690 ; L=962600 ; M= ; N==+J6/A6 || A=12 ; B=ACHAT MICA BRUT FP1 FOND MINE ; C= ; D=9014 ; E=0 ; F=9014 ; G=170 ; H=250 ; I=1532380 ; J=24000 ; K=1508380 ; L=1507900 ; M= ; N==+J7/A7 || A=10 ; B=TO SURFACE ; C= ; D=6491 ; E=0 ; F=6491 ; G=120 ; H=250 ; I=778920 ; J=20000 ; K=758920 ; L=758900 ; M= ; N==+J8/A8 || A=27 ; B=TOTAL ; C= ; D=26202 ; E=83 ; F=26285 ; G=380 ; H=620 ; I=3283990 ; J=54000 ; K=3229990 ; L=3229400 ; M= ; N=
Commande à honorer,Commande à honorer_R1,2,8,1,11,7,11,2,50,25,23,A=Client ; B=Commande ; C=Date de livraison ; D=Type ; E=En tonne ; F=Nbre CT ; G=Observation ; H= ; I= ; J= ; K= || A=ELINAR ; B=2017 ; C=2017 ; D=TRA ; E=360 ; F=15 ; G=Reliquat commande 2017 à livrer en 20... ; H= ; I= ; J= ; K= || A=ELINAR ; B=2017 ; C=2017 ; D=ABR ; E=336 ; F=14 ; G=Reliquat commande 2017 à livrer en 20... ; H= ; I= ; J= ; K= || A=ELINAR ; B=2018 ; C=2018 ; D=TRA ; E=1200 ; F=50 ; G=Commande 2018 livraison à partir de M... ; H= ; I==73*24000 ; J= ; K=73 || A=ELINAR ; B=2018 ; C=2018 ; D=ABR ; E=1200 ; F=50 ; G=Commande 2018 livraison à partir de M... ; H= ; I= ; J= ; K= || A=OKABE ; B=2017 ; C=2017-11-01 00:00:00 ; D=TRA ; E=40 ; F=2 ; G=Retard de 02 mois ; H= ; I==2*17500 ; J= ; K= || A=NIPPON RIKA ; B=2017 ; C=2017-12-01 00:00:00 ; D=TRA ; E=17.5 ; F=1 ; G=Devrait être envoyé ce mois-ci ; H= ; I= ; J= ; K=
Commande à honorer,Commande à honorer_R2,12,17,1,9,6,9,3,36,18,15,A=OKABE ; B=2017 ; C=Début 12/2017 ; D=FP1 ; E=40 ; F=2 ; G=A envoyer dès que possible (dernier e... ; H= ; I= || A=OKABE ; B=2017 ; C=Début 12/2017 ; D=FP1 ; E=40 ; F=2 ; G=A envoyer dès que possible (dernier e... ; H= ; I= || A=OKABE ; B=2018 ; C=2017-11-01 00:00:00 ; D=TRA ; E=40 ; F=2 ; G=Commande 2017/2018 ; H= ; I==2*17.5 || A=OKABE ; B=2018 ; C=2018-03-01 00:00:00 ; D=TRA ; E=40 ; F=2 ; G=Commande 2017/2018 ; H= ; I= || A=OKABE ; B=2018 ; C=2018-07-01 00:00:00 ; D=TRA ; E=40 ; F=2 ; G=Commande 2017/2018 ; H= ; I= || A= ; B= ; C= ; D=Total ; E==SUM(E3:E16) ; F==SUM(F3:F16) ; G= ; H= ; I=
Commande à honorer,Commande à honorer_R3,19,23,3,7,5,5,12,5,5,0,"C=Total ; D=TRA ; E==SUMIF(D3:D16,""TRA"",E3:E16) ; F==SUMIF(D4:D17,""TRA"",F3:F16) ; G= || C= ; D=ABR ; E==SUMIF(D3:D16,""ABR"",E3:E16) ; F==SUMIF(D3:D16,""ABR"",F3:F16) ; G==+E20/24000 || C= ; D=FP1 ; E==SUMIF(D3:D16,""FP1"",E3:E16) ; F==SUMIF(D3:D16,""FP1"",F3:F16) ; G= || C= ; D=S FP ; E==SUMIF(D3:D16,""S FP"",E3:E16) ; F==SUMIF(D4:D17,""S FP"",F3:F16) ; G= || C= ; D= ; E==SUM(E19:E22) ; F==SUM(F19:F22) ; G==+E23-Production!#REF!/1000-E21-E22"
Détails,Détails_R1,8,10,1,15,3,15,37,2,2,0,A=Traders soit 50% ou moins ; B= ; C==+$B$8*C4 ; D==+$B$8*D4 ; E==+$B$8*E4 ; F==+$B$8*F4 ; G==+$B$8*G4 ; H==+$B$8*H4 ; I==+$B$8*I4 ; J==+$B$8*J4 ; K==+$B$8*K4 ; L==+$B$8*L4 ; M==+$B$8*M4 ; N==+$B$8*N4 ; O= || A=Vente directe soit 50% ou plus ; B= ; C==+$B$9*C5 ; D==+$B$9*D5 ; E==+$B$9*E5 ; F==+$B$9*F5 ; G==+$B$9*G5 ; H==+$B$9*H5 ; I==+$B$9*I5 ; J==+$B$9*J5 ; K==+$B$9*K5 ; L==+$B$9*L5 ; M==+$B$9*M5 ; N==+$B$9*N5 ; O= || A= ; B= ; C==+C8+C9 ; D==+D8+D9 ; E==+E8+E9 ; F==+F8+F9 ; G==+G8+G9 ; H==+H8+H9 ; I==+I8+I9 ; J==+J8+J9 ; K==+K8+K9 ; L==+L8+L9 ; M==+M8+M9 ; N==+N8+N9 ; O==+O8+O9
Détails,Détails_R2,24,28,1,6,5,6,9,18,12,6,A=Tranomaro ; B=Jours ; C=Semaines ; D=Mois ; E=PU ; F=Livraison || A=- Tsimalaha ; B=6 ; C==+B25*5 ; D==+C25*4 ; E=150 ; F=Lieu même || A=- Andranondambo ; B=6 ; C==+B26*5 ; D==+C26*4 ; E=170 ; F=Lieu même || A=- Marorotro ; B=6 ; C==+B27*5 ; D==+C27*4 ; E=150 ; F=Lieu même || A= ; B==SUM(B25:B27) ; C==SUM(C25:C27) ; D==SUM(D25:D27) ; E= ; F=
Détails,Détails_R3,30,36,1,10,7,10,10,28,14,14,A=- Ankazofotsy ; B=6 ; C==+B30*5 ; D==+C30*4 ; E=200 ; F=Lieu même ; G==25*50 ; H= ; I= ; J= || A=- Ambatoabo ; B=6 ; C==+B31*5 ; D==+C31*4 ; E=200 ; F=Lieu même ; G= ; H= ; I= ; J= || A=- Ampikazo ; B=6 ; C==+B32*5 ; D==+C32*4 ; E=200 ; F=Lieu même ; G= ; H= ; I= ; J= || A=- FRS 1 ; B= ; C=30 ; D==+C33*4 ; E=300 ; F=Livré FD ; G= ; H= ; I= ; J= || A=- FRS 2 ; B= ; C=30 ; D==+C34*4 ; E=300 ; F=Livré FD ; G= ; H= ; I= ; J= || A=- FRS 3 ; B= ; C= ; D= ; E=300 ; F=Livré FD ; G= ; H= ; I=4200 ; J= || A=- FRS 4 ; B= ; C= ; D= ; E=300 ; F=Livré FD ; G= ; H= ; I=2400 ; J==+I36*2
Détails,Détails_R4,39,40,1,11,2,11,2,6,4,2,A=- FRS 1 ; B= ; C= ; D= ; E=270 ; F=Lieu même ; G= ; H= ; I= ; J==18*24 ; K==+J39*10 || A=- FRS 2 ; B= ; C= ; D= ; E=300 ; F=Livré FD avec prise en charge de la 1... ; G= ; H= ; I= ; J= ; K=
Détails,Détails_R5,43,44,1,7,2,7,4,5,5,0,"A= ; B= ; C=Mica brut ; D=Mica coupé ; E= ; F=Mica brut ; G=Mica coupé || A=Potentialité annuelle ; B= ; C==SUM(D41,D37,D28) ; D==+C44*0.7 ; E= ; F==C44*12 ; G==+F44*0.7"
Détails,Détails_R6,46,49,1,7,4,7,7,14,14,0,A=COUPES: ; B=Jours ; C=Semaines ; D=Mois ; E= ; F=Couts ; G= || A=Tranomaro ; B=50 x 75 = 3 750 ; C==3750*5 ; D==+C47*4 ; E= ; F=80 Ar/kg => 100 Ar/kg ; G==100+80 || A=Amboasary ; B=25 x 75 = 1 875 ; C==1875*5 ; D==+C48*4 ; E= ; F=80 Ar/kg => 100 Ar/kg ; G= || A=Fort dauphin ; B=250 x 75 = 18 750 ; C==18750*5 ; D==+C49*4 ; E= ; F=80 Ar/kg => 100 Ar/kg ; G=
Détails,Détails_R7,61,67,1,8,7,8,10,37,33,4,A=Transport ; B= ; C= ; D=Fréquence ; E=Jour ; F=Semaine ; G=Disponibilité ; H= || A=Tsimalaha - Tranomaro ; B=15 km ; C=Tracteur ; D=1 AR/J ; E=6 ; F==+E62*6 ; G==+C25 ; H=1 Tracteur || A=Andranondambo - Tranomaro ; B=25 km ; C=Camion ; D=1 AR/J ; E=15 ; F==+E63*6 ; G==+C26 ; H=1 Camion || A=Marorotro - Tranomaro ; B=30 km ; C=Camion ; D=1 AR/J ; E=15 ; F==+E64*6 ; G==+C27 ; H= || A=Sakamasy ; B=239 km ; C=Camion ; D=1 AR/Sem ; E= ; F= ; G= ; H= || A=Tranomaro - Fort Dauphin ; B=139 km ; C=Camion ; D=2 AR/Sem ; E= ; F==15*2 ; G==+SUM(G62:G64) ; H=3 Camions || A=Ranopiso - Fort Dauphin ; B=43 km ; C=Camion ; D=1 AR/J ; E=15 ; F==+E67*5 ; G==+C28 ; H=1 Camions
Détails,Détails_R8,77,78,1,7,2,7,1,7,6,1,"A=1 fois par semaine: graissage rouleme... ; B= ; C= ; D=500 g/entretien ; E= ; F= ; G==0.5*6*4 || A=Vidanges ; B= ; C=5000 ; D=km ou 03 mois ; E=Filtre huile, air  et GO ; F= ; G=12 litres de huile 40"
Détails,Détails_R9,81,90,1,7,10,7,15,33,25,8,A=Tracteur ; B=5 x 16 km x 2 ; C==80*2 ; D=Par semaine ; E==+C81*4 ; F=Environ TRA ; G==12*6 || A=Camion TRA FD N°1 SOMIDA ; B=6 x 30 km ; C=180 ; D=Par semaine ; E==+C82*4 ; F=Environ TRA ; G= || A=Camion TRA FD N° 2 SOMIDA ; B=2 x 239 km x 1 ; C==239*2 ; D=Par semaine ; E==+C83*4 ; F=Ampandrandava ; G= || A=Camion TRA FD N°3 SOMIDA ; B=2 x73 km x 1 ; C=146 ; D=Par semaine ; E==+C84*4 ; F=Amboasary ; G= || A= ; B=Total ; C==SUM(C81:C84) ; D=Km ; E==SUM(E81:E84) ; F= ; G= || A= ; B=Consommation GO ; C==+C85*0.45 ; D=Litres/semaine ; E==+E85*0.45 ; F= ; G= || A=Pneumatiques ; B=Tous les 06 mois ; C= ; D= ; E==+E86*4000 ; F= ; G= || A=Camion 1 ; B=6 ; C=1000000 ; D==+B88*C88 ; E= ; F= ; G=
Détails,Détails_R10,97,101,1,9,5,9,12,6,4,2,A=Camions ; B=70000000 ; C==+B97*0.25 ; D= ; E= ; F= ; G= ; H= ; I= || A=Camions ; B=120000000 ; C==+B98*0.25 ; D= ; E= ; F= ; G= ; H= ; I= || A=Camions ; B==+B98 ; C==+B99*0.25 ; D= ; E= ; F==+B99*1.2 ; G==+F99/3 ; H= ; I==250000000/3750 || A= ; B==SUM(B97:B99) ; C==SUM(C97:C99) ; D==+C100/12 ; E= ; F= ; G= ; H= ; I= || A=Frais financiers ; B==+B100*0.1 ; C= ; D==+B101/12 ; E= ; F= ; G= ; H= ; I=
Commandes,Commandes_R1,2,7,2,14,6,13,21,12,7,5,B= ; C==+C45 ; D==+D45 ; E==+E45 ; F==+F45 ; G==+G45 ; H==+H45 ; I==+I45 ; J==+J45 ; K==+K45 ; L==+L45 ; M==+M45 ; N==+N45 || B=Conditionnement ; C=Poids ; D= ; E=Nbre Sacs ; F= ; G=2 ; H= ; I= ; J= ; K= ; L= ; M= ; N= || B==+B28 ; C=20 ; D=T/CT ; E==+C4*1000/50 ; F= ; G= ; H= ; I= ; J= ; K= ; L= ; M= ; N= || B==+B29 ; C=17.8 ; D=T/CT ; E==+C5*1000/50 ; F= ; G= ; H= ; I= ; J= ; K= ; L= ; M= ; N= || B==+B30 ; C=28 ; D=T/CT ; E==+C6*1000/50 ; F= ; G==500/C6 ; H= ; I= ; J= ; K= ; L= ; M= ; N= || B==+B31 ; C=25.2 ; D=T/CT ; E==+C7*1000/50 ; F= ; G= ; H= ; I= ; J= ; K= ; L= ; M= ; N=
Commandes,Commandes_R2,9,14,2,18,6,17,37,49,1,48,B==+'Données SOMIDA'!C31 ; C==+'Besoins en micas'!C2 ; D==+'Besoins en micas'!D2 ; E==+'Besoins en micas'!E2 ; F==+'Besoins en micas'!F2 ; G==+'Besoins en micas'!G2 ; H==+'Besoins en micas'!H2 ; I==+'Besoins en micas'!I2 ; J==+'Besoins en micas'!J2 ; K==+'Besoins en micas'!K2 ; L==+'Besoins en micas'!L2 ; M==+'Besoins en micas'!M2 ; N==+'Besoins en micas'!N2 ; O=Total ; P= ; Q= ; R= || B==+B28 ; C=0 ; D=1 ; E=0 ; F=1 ; G=0 ; H=1 ; I=0 ; J=1 ; K=0 ; L=1 ; M=0 ; N=1 ; O==SUM(C10:N10) ; P= ; Q= ; R= || B==+B29 ; C=1 ; D=0 ; E=1 ; F=0 ; G=1 ; H=0 ; I=1 ; J=0 ; K=1 ; L=0 ; M=1 ; N=0 ; O==SUM(C11:N11) ; P= ; Q= ; R= || B==+B30 ; C=9 ; D=9 ; E=9 ; F=9 ; G=9 ; H=9 ; I=9 ; J=9 ; K=9 ; L=9 ; M=9 ; N=9 ; O==SUM(C12:N12) ; P= ; Q= ; R= || B==+B31 ; C=3 ; D=3 ; E=3 ; F=3 ; G=3 ; H=3 ; I=3 ; J=3 ; K=3 ; L=3 ; M=3 ; N=3 ; O==SUM(C13:N13) ; P= ; Q==1600/12 ; R==+Q13/20 || B==+B32 ; C==SUM(C10:C13) ; D==SUM(D10:D13) ; E==SUM(E10:E13) ; F==SUM(F10:F13) ; G==SUM(G10:G13) ; H==SUM(H10:H13) ; I==SUM(I10:I13) ; J==SUM(J10:J13) ; K==SUM(K10:K13) ; L==SUM(L10:L13) ; M==SUM(M10:M13) ; N==SUM(N10:N13) ; O==SUM(O10:O13) ; P= ; Q= ; R=
Commandes,Commandes_R3,16,21,2,15,6,14,35,49,1,48,B==+'Données SOMIDA'!C32 ; C==+C9 ; D==+D9 ; E==+E9 ; F==+F9 ; G==+G9 ; H==+H9 ; I==+I9 ; J==+J9 ; K==+K9 ; L==+L9 ; M==+M9 ; N==+N9 ; O==+O9 || B==+B35 ; C=0 ; D=0 ; E=0 ; F=0 ; G=0 ; H=0 ; I=0 ; J=0 ; K=0 ; L=0 ; M=0 ; N=0 ; O==SUM(C17:N17) || B==+B36 ; C=0 ; D=0 ; E=0 ; F=0 ; G=0 ; H=0 ; I=0 ; J=0 ; K=0 ; L=0 ; M=0 ; N=0 ; O==SUM(C18:N18) || B==+B37 ; C=9 ; D=9 ; E=9 ; F=9 ; G=9 ; H=9 ; I=9 ; J=9 ; K=9 ; L=9 ; M=9 ; N=9 ; O==SUM(C19:N19) || B==+B38 ; C=3 ; D=3 ; E=3 ; F=3 ; G=3 ; H=3 ; I=3 ; J=3 ; K=3 ; L=3 ; M=3 ; N=3 ; O==SUM(C20:N20) || B=Total ABR ; C==SUM(C17:C20) ; D==SUM(D17:D20) ; E==SUM(E17:E20) ; F==SUM(F17:F20) ; G==SUM(G17:G20) ; H==SUM(H17:H20) ; I==SUM(I17:I20) ; J==SUM(J17:J20) ; K==SUM(K17:K20) ; L==SUM(L17:L20) ; M==SUM(M17:M20) ; N==SUM(N17:N20) ; O==SUM(O17:O20)
Commandes,Commandes_R4,23,25,2,15,3,14,27,15,3,12,B==+'Données SOMIDA'!C33 ; C==+C16 ; D==+D16 ; E==+E16 ; F==+F16 ; G==+G16 ; H==+H16 ; I==+I16 ; J==+J16 ; K==+K16 ; L==+L16 ; M==+M16 ; N==+N16 ; O=Total || B=Okabe ; C=0 ; D=0 ; E=0 ; F=0 ; G=0 ; H=0 ; I=0 ; J=0 ; K=0 ; L=0 ; M=0 ; N=0 ; O==SUM(C24:N24) || B=Total FP1 ; C==SUM(C24) ; D==SUM(D24) ; E==SUM(E24) ; F==SUM(F24) ; G==SUM(G24) ; H==SUM(H24) ; I==SUM(I24) ; J==SUM(J24) ; K==SUM(K24) ; L==SUM(L24) ; M==SUM(M24) ; N==SUM(N24) ; O==SUM(O24)
Commandes,Commandes_R5,27,32,2,15,6,14,82,2,2,0,B==+B9 ; C==+C23 ; D==+D23 ; E==+E23 ; F==+F23 ; G==+G23 ; H==+H23 ; I==+I23 ; J==+J23 ; K==+K23 ; L==+L23 ; M==+M23 ; N==+N23 ; O=Total || B==+'Données SOMIDA'!C96 ; C==+C10*$C$4 ; D==+D10*$C$4 ; E==+E10*$C$4 ; F==+F10*$C$4 ; G==+G10*$C$4 ; H==+H10*$C$4 ; I==+I10*$C$4 ; J==+J10*$C$4 ; K==+K10*$C$4 ; L==+L10*$C$4 ; M==+M10*$C$4 ; N==+N10*$C$4 ; O==SUM(C28:N28) || B==+'Données SOMIDA'!C97 ; C==+C11*$C$5 ; D==+D11*$C$5 ; E==+E11*$C$5 ; F==+F11*$C$5 ; G==+G11*$C$5 ; H==+H11*$C$5 ; I==+I11*$C$5 ; J==+J11*$C$5 ; K==+K11*$C$5 ; L==+L11*$C$5 ; M==+M11*$C$5 ; N==+N11*$C$5 ; O==SUM(C29:N29) || B==+'Données SOMIDA'!C98 ; C==+C12*$C$6 ; D==+D12*$C$6 ; E==+E12*$C$6 ; F==+F12*$C$6 ; G==+G12*$C$6 ; H==+H12*$C$6 ; I==+I12*$C$6 ; J==+J12*$C$6 ; K==+K12*$C$6 ; L==+L12*$C$6 ; M==+M12*$C$6 ; N==+N12*$C$6 ; O==SUM(C30:N30) || B==+'Données SOMIDA'!C99 ; C==+C13*$C$7 ; D==+D13*$C$7 ; E==+E13*$C$7 ; F==+F13*$C$7 ; G==+G13*$C$7 ; H==+H13*$C$7 ; I==+I13*$C$7 ; J==+J13*$C$7 ; K==+K13*$C$7 ; L==+L13*$C$7 ; M==+M13*$C$7 ; N==+N13*$C$7 ; O==SUM(C31:N31) || B=Total TRA ; C==SUM(C28:C31) ; D==SUM(D28:D31) ; E==SUM(E28:E31) ; F==SUM(F28:F31) ; G==SUM(G28:G31) ; H==SUM(H28:H31) ; I==SUM(I28:I31) ; J==SUM(J28:J31) ; K==SUM(K28:K31) ; L==SUM(L28:L31) ; M==SUM(M28:M31) ; N==SUM(N28:N31) ; O==SUM(O28:O31)
Commandes,Commandes_R6,34,39,2,15,6,14,82,2,2,0,B==+B16 ; C==+C27 ; D==+D27 ; E==+E27 ; F==+F27 ; G==+G27 ; H==+H27 ; I==+I27 ; J==+J27 ; K==+K27 ; L==+L27 ; M==+M27 ; N==+N27 ; O=Total || B==+'Données SOMIDA'!C101 ; C==+C17*$C$4 ; D==+D17*$C$4 ; E==+E17*$C$4 ; F==+F17*$C$4 ; G==+G17*$C$4 ; H==+H17*$C$4 ; I==+I17*$C$4 ; J==+J17*$C$4 ; K==+K17*$C$4 ; L==+L17*$C$4 ; M==+M17*$C$4 ; N==+N17*$C$4 ; O==SUM(C35:N35) || B==+'Données SOMIDA'!C102 ; C==+C18*$C$5 ; D==+D18*$C$5 ; E==+E18*$C$5 ; F==+F18*$C$5 ; G==+G18*$C$5 ; H==+H18*$C$5 ; I==+I18*$C$5 ; J==+J18*$C$5 ; K==+K18*$C$5 ; L==+L18*$C$5 ; M==+M18*$C$5 ; N==+N18*$C$5 ; O==SUM(C36:N36) || B==+'Données SOMIDA'!C103 ; C==+C19*$C$6 ; D==+D19*$C$6 ; E==+E19*$C$6 ; F==+F19*$C$6 ; G==+G19*$C$6 ; H==+H19*$C$6 ; I==+I19*$C$6 ; J==+J19*$C$6 ; K==+K19*$C$6 ; L==+L19*$C$6 ; M==+M19*$C$6 ; N==+N19*$C$6 ; O==SUM(C37:N37) || B==+'Données SOMIDA'!C104 ; C==+C20*$C$7 ; D==+D20*$C$7 ; E==+E20*$C$7 ; F==+F20*$C$7 ; G==+G20*$C$7 ; H==+H20*$C$7 ; I==+I20*$C$7 ; J==+J20*$C$7 ; K==+K20*$C$7 ; L==+L20*$C$7 ; M==+M20*$C$7 ; N==+N20*$C$7 ; O==SUM(C38:N38) || B=Total ABR ; C==SUM(C35:C38) ; D==SUM(D35:D38) ; E==SUM(E35:E38) ; F==SUM(F35:F38) ; G==SUM(G35:G38) ; H==SUM(H35:H38) ; I==SUM(I35:I38) ; J==SUM(J35:J38) ; K==SUM(K35:K38) ; L==SUM(L35:L38) ; M==SUM(M35:M38) ; N==SUM(N35:N38) ; O==SUM(O35:O38)
Commandes,Commandes_R7,41,43,2,15,3,14,39,3,3,0,B==+B23 ; C==+C34 ; D==+D34 ; E==+E34 ; F==+F34 ; G==+G34 ; H==+H34 ; I==+I34 ; J==+J34 ; K==+K34 ; L==+L34 ; M==+M34 ; N==+N34 ; O=Total || B=Okabe ; C==+C24*$C$4 ; D==+D24*$C$4 ; E==+E24*$C$4 ; F==+F24*$C$4 ; G==+G24*$C$4 ; H==+H24*$C$4 ; I==+I24*$C$4 ; J==+J24*$C$4 ; K==+K24*$C$4 ; L==+L24*$C$4 ; M==+M24*$C$4 ; N==+N24*$C$4 ; O==SUM(C42:N42) || B=Total FP1 ; C==SUM(C42:C42) ; D==SUM(D42:D42) ; E==SUM(E42:E42) ; F==SUM(F42:F42) ; G==SUM(G42:G42) ; H==SUM(H42:H42) ; I==SUM(I42:I42) ; J==SUM(J42:J42) ; K==SUM(K42:K42) ; L==SUM(L42:L42) ; M==SUM(M42:M42) ; N==SUM(N42:N42) ; O==SUM(O42:O42)
Commandes,Commandes_R8,51,54,2,15,4,14,56,0,0,0,"B==+B28 ; C==ROUND((+C28)*(1+$C$47),0)*1000 ; D==ROUND((+D28)*(1+$C$47),0)*1000 ; E==ROUND((+E28)*(1+$C$47),0)*1000 ; F==ROUND((+F28)*(1+$C$47),0)*1000 ; G==ROUND((+G28)*(1+$C$47),0)*1000 ; H==ROUND((+H28)*(1+$C$47),0)*1000 ; I==ROUND((+I28)*(1+$C$47),0)*1000 ; J==ROUND((+J28)*(1+$C$47),0)*1000 ; K==ROUND((+K28)*(1-$C$47),0)*1000 ; L==ROUND((+L28)*(1-$C$47),0)*1000 ; M==ROUND((+M28)*(1-$C$47),0)*1000 ; N==ROUND((+N28)*(1-$C$47),0)*1000 ; O==SUM(C51:N51) || B==+B29 ; C==ROUND((+C29)*(1+$C$47),0)*1000 ; D==ROUND((+D29)*(1+$C$47),0)*1000 ; E==ROUND((+E29)*(1+$C$47),0)*1000 ; F==ROUND((+F29)*(1+$C$47),0)*1000 ; G==ROUND((+G29)*(1+$C$47),0)*1000 ; H==ROUND((+H29)*(1+$C$47),0)*1000 ; I==ROUND((+I29)*(1+$C$47),0)*1000 ; J==ROUND((+J29)*(1+$C$47),0)*1000 ; K==ROUND((+K29)*(1-$C$47),0)*1000 ; L==ROUND((+L29)*(1-$C$47),0)*1000 ; M==ROUND((+M29)*(1-$C$47),0)*1000 ; N==ROUND((+N29)*(1-$C$47),0)*1000 ; O==SUM(C52:N52) || B==+B30 ; C==ROUND((+C30)*(1+$C$47),0)*1000 ; D==ROUND((+D30)*(1+$C$47),0)*1000 ; E==ROUND((+E30)*(1+$C$47),0)*1000 ; F==ROUND((+F30)*(1+$C$47),0)*1000 ; G==ROUND((+G30)*(1+$C$47),0)*1000 ; H==ROUND((+H30)*(1+$C$47),0)*1000 ; I==ROUND((+I30)*(1+$C$47),0)*1000 ; J==ROUND((+J30)*(1+$C$47),0)*1000 ; K==ROUND((+K30)*(1-$C$47),0)*1000 ; L==ROUND((+L30)*(1-$C$47),0)*1000 ; M==ROUND((+M30)*(1-$C$47),0)*1000 ; N==ROUND((+N30)*(1-$C$47),0)*1000 ; O==SUM(C53:N53) || B==+B31 ; C==ROUND((+C31)*(1+$C$47),0)*1000 ; D==ROUND((+D31)*(1+$C$47),0)*1000 ; E==ROUND((+E31)*(1+$C$47),0)*1000 ; F==ROUND((+F31)*(1+$C$47),0)*1000 ; G==ROUND((+G31)*(1+$C$47),0)*1000 ; H==ROUND((+H31)*(1+$C$47),0)*1000 ; I==ROUND((+I31)*(1+$C$47),0)*1000 ; J==ROUND((+J31)*(1+$C$47),0)*1000 ; K==ROUND((+K31)*(1-$C$47),0)*1000 ; L==ROUND((+L31)*(1-$C$47),0)*1000 ; M==ROUND((+M31)*(1-$C$47),0)*1000 ; N==ROUND((+N31)*(1-$C$47),0)*1000 ; O==SUM(C54:N54)"
Commandes,Commandes_R9,56,59,2,15,4,14,56,0,0,0,"B==+B35 ; C==ROUND((+C35)*(1+$C$47),0)*1000 ; D==ROUND((+D35)*(1+$C$47),0)*1000 ; E==ROUND((+E35)*(1+$C$47),0)*1000 ; F==ROUND((+F35)*(1+$C$47),0)*1000 ; G==ROUND((+G35)*(1+$C$47),0)*1000 ; H==ROUND((+H35)*(1+$C$47),0)*1000 ; I==ROUND((+I35)*(1+$C$47),0)*1000 ; J==ROUND((+J35)*(1+$C$47),0)*1000 ; K==ROUND((+K35)*(1-$C$47),0)*1000 ; L==ROUND((+L35)*(1-$C$47),0)*1000 ; M==ROUND((+M35)*(1-$C$47),0)*1000 ; N==ROUND((+N35)*(1-$C$47),0)*1000 ; O==SUM(C56:N56) || B==+B36 ; C==ROUND((+C36)*(1+$C$47),0)*1000 ; D==ROUND((+D36)*(1+$C$47),0)*1000 ; E==ROUND((+E36)*(1+$C$47),0)*1000 ; F==ROUND((+F36)*(1+$C$47),0)*1000 ; G==ROUND((+G36)*(1+$C$47),0)*1000 ; H==ROUND((+H36)*(1+$C$47),0)*1000 ; I==ROUND((+I36)*(1+$C$47),0)*1000 ; J==ROUND((+J36)*(1+$C$47),0)*1000 ; K==ROUND((+K36)*(1-$C$47),0)*1000 ; L==ROUND((+L36)*(1-$C$47),0)*1000 ; M==ROUND((+M36)*(1-$C$47),0)*1000 ; N==ROUND((+N36)*(1-$C$47),0)*1000 ; O==SUM(C57:N57) || B==+B37 ; C==ROUND((+C37)*(1+$C$47),0)*1000 ; D==ROUND((+D37)*(1+$C$47),0)*1000 ; E==ROUND((+E37)*(1+$C$47),0)*1000 ; F==ROUND((+F37)*(1+$C$47),0)*1000 ; G==ROUND((+G37)*(1+$C$47),0)*1000 ; H==ROUND((+H37)*(1+$C$47),0)*1000 ; I==ROUND((+I37)*(1+$C$47),0)*1000 ; J==ROUND((+J37)*(1+$C$47),0)*1000 ; K==ROUND((+K37)*(1-$C$47),0)*1000 ; L==ROUND((+L37)*(1-$C$47),0)*1000 ; M==ROUND((+M37)*(1-$C$47),0)*1000 ; N==ROUND((+N37)*(1-$C$47),0)*1000 ; O==SUM(C58:N58) || B==+B38 ; C==ROUND((+C38)*(1+$C$47),0)*1000 ; D==ROUND((+D38)*(1+$C$47),0)*1000 ; E==ROUND((+E38)*(1+$C$47),0)*1000 ; F==ROUND((+F38)*(1+$C$47),0)*1000 ; G==ROUND((+G38)*(1+$C$47),0)*1000 ; H==ROUND((+H38)*(1+$C$47),0)*1000 ; I==ROUND((+I38)*(1+$C$47),0)*1000 ; J==ROUND((+J38)*(1+$C$47),0)*1000 ; K==ROUND((+K38)*(1-$C$47),0)*1000 ; L==ROUND((+L38)*(1-$C$47),0)*1000 ; M==ROUND((+M38)*(1-$C$47),0)*1000 ; N==ROUND((+N38)*(1-$C$47),0)*1000 ; O==SUM(C59:N59)"
Commandes,Commandes_R10,61,62,2,15,2,14,27,0,0,0,"B==+B42 ; C==ROUND((+C42)*(1+$C$47),0)*1000 ; D==ROUND((+D42)*(1+$C$47),0)*1000 ; E==ROUND((+E42)*(1+$C$47),0)*1000 ; F==ROUND((+F42)*(1+$C$47),0)*1000 ; G==ROUND((+G42)*(1+$C$47),0)*1000 ; H==ROUND((+H42)*(1+$C$47),0)*1000 ; I==ROUND((+I42)*(1+$C$47),0)*1000 ; J==ROUND((+J42)*(1+$C$47),0)*1000 ; K==ROUND((+K42)*(1-$C$47),0)*1000 ; L==ROUND((+L42)*(1-$C$47),0)*1000 ; M==ROUND((+M42)*(1-$C$47),0)*1000 ; N==ROUND((+N42)*(1-$C$47),0)*1000 ; O==SUM(C61:N61) || B= ; C==SUM(C51:C59) ; D==SUM(D51:D59) ; E==SUM(E51:E59) ; F==SUM(F51:F59) ; G==SUM(G51:G59) ; H==SUM(H51:H59) ; I==SUM(I51:I59) ; J==SUM(J51:J59) ; K==SUM(K51:K59) ; L==SUM(L51:L59) ; M==SUM(M51:M59) ; N==SUM(N51:N59) ; O==SUM(O51:O59)"
Production,Production_R1,1,6,2,18,6,17,84,3,3,0,B= ; C= ; D==+(D9+D10)*1000 ; E==+(E9+E10)*1000 ; F==+(F9+F10)*1000 ; G==+(G9+G10)*1000 ; H==+(H9+H10)*1000 ; I==+(I9+I10)*1000 ; J==+(J9+J10)*1000 ; K==+(K9+K10)*1000 ; L==+(L9+L10)*1000 ; M==+(M9+M10)*1000 ; N==+(N9+N10)*1000 ; O==+(O9+O10)*1000 ; P= ; Q= ; R= || B=PRODUCTIONS ; C= ; D==+Commandes!C27 ; E==+Commandes!D27 ; F==+Commandes!E27 ; G==+Commandes!F27 ; H==+Commandes!G27 ; I==+Commandes!H27 ; J==+Commandes!I27 ; K==+Commandes!J27 ; L==+Commandes!K27 ; M==+Commandes!L27 ; N==+Commandes!M27 ; O==+Commandes!N27 ; P==+Commandes!O27 ; Q= ; R=% || B==+'Données SOMIDA'!C18 ; C= ; D==+'Données SOMIDA'!$E$18*1000 ; E==+'Données SOMIDA'!$E$18*1000 ; F==+'Données SOMIDA'!$E$18*1000 ; G==+'Données SOMIDA'!$E$18*1000 ; H==+'Données SOMIDA'!$E$18*1000 ; I==+'Données SOMIDA'!$E$18*1000 ; J==+'Données SOMIDA'!$E$18*1000 ; K==+'Données SOMIDA'!$E$18*1000 ; L==+'Données SOMIDA'!$E$18*1000 ; M==+'Données SOMIDA'!$E$18*1000 ; N==+'Données SOMIDA'!$E$18*1000 ; O==+'Données SOMIDA'!$E$18*1000 ; P==SUM(D3:O3) ; Q= ; R==+P3/$P$6 || B==+'Données SOMIDA'!C19 ; C= ; D==+'Données SOMIDA'!$E$19*1000 ; E==+'Données SOMIDA'!$E$19*1000 ; F==+'Données SOMIDA'!$E$19*1000 ; G==+'Données SOMIDA'!$E$19*1000 ; H==+'Données SOMIDA'!$E$19*1000 ; I==+'Données SOMIDA'!$E$19*1000 ; J==+'Données SOMIDA'!$E$19*1000 ; K==+'Données SOMIDA'!$E$19*1000 ; L==+'Données SOMIDA'!$E$19*1000 ; M==+'Données SOMIDA'!$E$19*1000 ; N==+'Données SOMIDA'!$E$19*1000 ; O==+'Données SOMIDA'!$E$19*1000 ; P==SUM(D4:O4) ; Q= ; R==+P4/$P$6 || B==+'Données SOMIDA'!C20 ; C= ; D==+'Données SOMIDA'!$E$20*1000 ; E==+'Données SOMIDA'!$E$20*1000 ; F==+'Données SOMIDA'!$E$20*1000 ; G==+'Données SOMIDA'!$E$20*1000 ; H==+'Données SOMIDA'!$E$20*1000 ; I==+'Données SOMIDA'!$E$20*1000 ; J==+'Données SOMIDA'!$E$20*1000 ; K==+'Données SOMIDA'!$E$20*1000 ; L==+'Données SOMIDA'!$E$20*1000 ; M==+'Données SOMIDA'!$E$20*1000 ; N==+'Données SOMIDA'!$E$20*1000 ; O==+'Données SOMIDA'!$E$20*1000 ; P==SUM(D5:O5) ; Q= ; R==+P5/$P$6 || B=Capacité normale de production ; C= ; D==SUM(D3:D5) ; E==SUM(E3:E5) ; F==SUM(F3:F5) ; G==SUM(G3:G5) ; H==SUM(H3:H5) ; I==SUM(I3:I5) ; J==SUM(J3:J5) ; K==SUM(K3:K5) ; L==SUM(L3:L5) ; M==SUM(M3:M5) ; N==SUM(N3:N5) ; O==SUM(O3:O5) ; P==SUM(P3:P5) ; Q= ; R==SUM(R3:R5)
Production,Production_R2,8,12,2,16,5,15,68,2,2,0,B=PRODUCTIONS ; C= ; D==+Commandes!C27 ; E==+Commandes!D27 ; F==+Commandes!E27 ; G==+Commandes!F27 ; H==+Commandes!G27 ; I==+Commandes!H27 ; J==+Commandes!I27 ; K==+Commandes!J27 ; L==+Commandes!K27 ; M==+Commandes!L27 ; N==+Commandes!M27 ; O==+Commandes!N27 ; P==+Commandes!O27 || B==+B3 ; C= ; D==+D23 ; E==+E23 ; F==+F23 ; G==+G23 ; H==+H23 ; I==+I23 ; J==+J23 ; K==+K23 ; L==+L23 ; M==+M23 ; N==+N23 ; O==+O23 ; P==SUM(D9:O9) || B==+B4 ; C= ; D==+D30 ; E==+E30 ; F==+F30 ; G==+G30 ; H==+H30 ; I==+I30 ; J==+J30 ; K==+K30 ; L==+L30 ; M==+M30 ; N==+N30 ; O==+O30 ; P==SUM(D10:O10) || B==+B5 ; C= ; D==+D33 ; E==+E33 ; F==+F33 ; G==+G33 ; H==+H33 ; I==+I33 ; J==+J33 ; K==+K33 ; L==+L33 ; M==+M33 ; N==+N33 ; O==+O33 ; P==SUM(D11:O11) || B=Niveau d'activité réalisé ; C= ; D==SUM(D9:D11) ; E==SUM(E9:E11) ; F==SUM(F9:F11) ; G==SUM(G9:G11) ; H==SUM(H9:H11) ; I==SUM(I9:I11) ; J==SUM(J9:J11) ; K==SUM(K9:K11) ; L==SUM(L9:L11) ; M==SUM(M9:M11) ; N==SUM(N9:N11) ; O==SUM(O9:O11) ; P==SUM(P9:P11)
Production,Production_R3,14,15,2,16,2,15,28,0,0,0,"B==IF(P12>P6,""Sur activité"",""Sous activ... ; C= ; D==+D6-D12 ; E==+E6-E12 ; F==+F6-F12 ; G==+G6-G12 ; H==+H6-H12 ; I==+I6-I12 ; J==+J6-J12 ; K==+K6-K12 ; L==+L6-L12 ; M==+M6-M12 ; N==+N6-N12 ; O==+O6-O12 ; P==+P6-P12 || B==""%""&"" ""&B12 ; C= ; D==(1-+D14/D6) ; E==(1-+E14/E6) ; F==(1-+F14/F6) ; G==(1-+G14/G6) ; H==(1-+H14/H6) ; I==(1-+I14/I6) ; J==(1-+J14/J6) ; K==(1-+K14/K6) ; L==(1-+L14/L6) ; M==(1-+M14/M6) ; N==(1-+N14/N6) ; O==(1-+O14/O6) ; P==(1-+P14/P6)"
Production,Production_R4,18,23,2,18,6,17,83,2,2,0,B==+B3 ; C= ; D==+D8 ; E==+E8 ; F==+F8 ; G==+G8 ; H==+H8 ; I==+I8 ; J==+J8 ; K==+K8 ; L==+L8 ; M==+M8 ; N==+N8 ; O==+O8 ; P=Total ; Q= ; R= || B==+Commandes!B28 ; C= ; D==+Commandes!C51 ; E==+Commandes!D51 ; F==+Commandes!E51 ; G==+Commandes!F51 ; H==+Commandes!G51 ; I==+Commandes!H51 ; J==+Commandes!I51 ; K==+Commandes!J51 ; L==+Commandes!K51 ; M==+Commandes!L51 ; N==+Commandes!M51 ; O==+Commandes!N51 ; P==SUM(D19:O19) ; Q= ; R= || B==+Commandes!B29 ; C= ; D==+Commandes!C52 ; E==+Commandes!D52 ; F==+Commandes!E52 ; G==+Commandes!F52 ; H==+Commandes!G52 ; I==+Commandes!H52 ; J==+Commandes!I52 ; K==+Commandes!J52 ; L==+Commandes!K52 ; M==+Commandes!L52 ; N==+Commandes!M52 ; O==+Commandes!N52 ; P==SUM(D20:O20) ; Q= ; R= || B==+Commandes!B30 ; C= ; D==+Commandes!C53 ; E==+Commandes!D53 ; F==+Commandes!E53 ; G==+Commandes!F53 ; H==+Commandes!G53 ; I==+Commandes!H53 ; J==+Commandes!I53 ; K==+Commandes!J53 ; L==+Commandes!K53 ; M==+Commandes!L53 ; N==+Commandes!M53 ; O==+Commandes!N53 ; P==SUM(D21:O21) ; Q= ; R= || B==+Commandes!B31 ; C= ; D==+Commandes!C54 ; E==+Commandes!D54 ; F==+Commandes!E54 ; G==+Commandes!F54 ; H==+Commandes!G54 ; I==+Commandes!H54 ; J==+Commandes!I54 ; K==+Commandes!J54 ; L==+Commandes!K54 ; M==+Commandes!L54 ; N==+Commandes!M54 ; O==+Commandes!N54 ; P==SUM(D22:O22) ; Q= ; R= || B= ; C=Total ; D==SUM(D19:D22) ; E==SUM(E19:E22) ; F==SUM(F19:F22) ; G==SUM(G19:G22) ; H==SUM(H19:H22) ; I==SUM(I19:I22) ; J==SUM(J19:J22) ; K==SUM(K19:K22) ; L==SUM(L19:L22) ; M==SUM(M19:M22) ; N==SUM(N19:N22) ; O==SUM(O19:O22) ; P==SUM(P19:P22) ; Q= ; R==+P23/(P23+P30)
Production,Production_R5,25,30,2,18,6,17,84,1,1,0,B==+B10 ; C= ; D==+D18 ; E==+E18 ; F==+F18 ; G==+G18 ; H==+H18 ; I==+I18 ; J==+J18 ; K==+K18 ; L==+L18 ; M==+M18 ; N==+N18 ; O==+O18 ; P==+P18 ; Q= ; R= || B==+B19 ; C= ; D==+Commandes!C56 ; E==+Commandes!D56 ; F==+Commandes!E56 ; G==+Commandes!F56 ; H==+Commandes!G56 ; I==+Commandes!H56 ; J==+Commandes!I56 ; K==+Commandes!J56 ; L==+Commandes!K56 ; M==+Commandes!L56 ; N==+Commandes!M56 ; O==+Commandes!N56 ; P==SUM(D26:O26) ; Q= ; R= || B==+B20 ; C= ; D==+Commandes!C57 ; E==+Commandes!D57 ; F==+Commandes!E57 ; G==+Commandes!F57 ; H==+Commandes!G57 ; I==+Commandes!H57 ; J==+Commandes!I57 ; K==+Commandes!J57 ; L==+Commandes!K57 ; M==+Commandes!L57 ; N==+Commandes!M57 ; O==+Commandes!N57 ; P==SUM(D27:O27) ; Q= ; R= || B==+B21 ; C= ; D==+Commandes!C58 ; E==+Commandes!D58 ; F==+Commandes!E58 ; G==+Commandes!F58 ; H==+Commandes!G58 ; I==+Commandes!H58 ; J==+Commandes!I58 ; K==+Commandes!J58 ; L==+Commandes!K58 ; M==+Commandes!L58 ; N==+Commandes!M58 ; O==+Commandes!N58 ; P==SUM(D28:O28) ; Q= ; R= || B==+B22 ; C= ; D==+Commandes!C59 ; E==+Commandes!D59 ; F==+Commandes!E59 ; G==+Commandes!F59 ; H==+Commandes!G59 ; I==+Commandes!H59 ; J==+Commandes!I59 ; K==+Commandes!J59 ; L==+Commandes!K59 ; M==+Commandes!L59 ; N==+Commandes!M59 ; O==+Commandes!N59 ; P==SUM(D29:O29) ; Q= ; R= || B= ; C=Total ; D==SUM(D26:D29) ; E==SUM(E26:E29) ; F==SUM(F26:F29) ; G==SUM(G26:G29) ; H==SUM(H26:H29) ; I==SUM(I26:I29) ; J==SUM(J26:J29) ; K==SUM(K26:K29) ; L==SUM(L26:L29) ; M==SUM(M26:M29) ; N==SUM(N26:N29) ; O==SUM(O26:O29) ; P==SUM(P26:P29) ; Q= ; R==+P30/(P23+P30)
Production,Production_R6,32,34,2,18,3,17,42,1,1,0,B==+B5 ; C= ; D==+D25 ; E==+E25 ; F==+F25 ; G==+G25 ; H==+H25 ; I==+I25 ; J==+J25 ; K==+K25 ; L==+L25 ; M==+M25 ; N==+N25 ; O==+O25 ; P==+P25 ; Q= ; R= || B==+B26 ; C= ; D==+Commandes!C61 ; E==+Commandes!D61 ; F==+Commandes!E61 ; G==+Commandes!F61 ; H==+Commandes!G61 ; I==+Commandes!H61 ; J==+Commandes!I61 ; K==+Commandes!J61 ; L==+Commandes!K61 ; M==+Commandes!L61 ; N==+Commandes!M61 ; O==+Commandes!N61 ; P==SUM(D33:O33) ; Q= ; R= || B= ; C=Total ; D==+D33 ; E==+E33 ; F==+F33 ; G==+G33 ; H==+H33 ; I==+I33 ; J==+J33 ; K==+K33 ; L==+L33 ; M==+M33 ; N==+N33 ; O==+O33 ; P==+P33 ; Q= ; R==+P34/(P27+P34)
Production,Production_R7,37,44,2,23,8,22,84,14,9,5,"B=Capacité de production ; C=Prod/jour ; D==+#REF! ; E==+#REF! ; F==+#REF! ; G==+#REF! ; H==+#REF! ; I==+#REF! ; J==+#REF! ; K==+#REF! ; L==+#REF! ; M==+#REF! ; N==+#REF! ; O==+#REF! ; P==+#REF! ; Q= ; R= ; S=Prix de revient ; T= ; U= ; V= ; W= || B==+#REF! ; C= ; D= ; E= ; F= ; G= ; H= ; I= ; J= ; K= ; L= ; M= ; N= ; O= ; P= ; Q= ; R= ; S=Ariary ; T=Euro ; U= ; V= ; W= || B=Fort dauphin ; C=0 ; D==+C39*25 ; E==+D39 ; F==+E39 ; G==+F39 ; H==+G39 ; I==+H39 ; J==+I39 ; K==+J39 ; L==+K39 ; M==+L39 ; N==+#REF! ; O==+#REF! ; P==SUM(D39:O39) ; Q= ; R= ; S= ; T= ; U= ; V= ; W==0.05*4000 || B=Tranomaro ; C=600 ; D==+C40*25 ; E==+D40 ; F==+E40 ; G==+F40 ; H==+G40 ; I==+H40 ; J==+I40 ; K==+J40 ; L==+K40 ; M==+L40 ; N= ; O= ; P==SUM(D40:O40) ; Q= ; R==+P40+P41 ; S= ; T= ; U= ; V= ; W= || B=Amboasary ; C=2500 ; D==+C41*25 ; E==+D41 ; F==+E41 ; G==+F41 ; H==+G41 ; I==+H41 ; J==+I41 ; K==+J41 ; L==+K41 ; M==(+L41)-45600 ; N= ; O= ; P==SUM(D41:O41) ; Q= ; R==+R40-#REF! ; S= ; T= ; U= ; V= ; W= || B==+#REF! ; C= ; D= ; E= ; F= ; G= ; H= ; I= ; J= ; K= ; L= ; M= ; N= ; O= ; P= ; Q= ; R= ; S= ; T==+S42/CA!#REF! ; U==+IF((CA!#REF!-Production!T42)>0,ROUN... ; V= ; W= || B=Fort dauphin ; C=4000 ; D==+#REF! ; E==+#REF! ; F==+#REF! ; G==+#REF! ; H==+#REF! ; I==+#REF! ; J==+#REF! ; K==+#REF! ; L==+#REF! ; M==+#REF! ; N==+#REF! ; O==+#REF! ; P==SUM(D43:O43) ; Q= ; R= ; S= ; T= ; U= ; V= ; W==0.05*4000 || B= ; C= ; D==SUM(D39:D43) ; E==SUM(E39:E43) ; F==SUM(F39:F43) ; G==SUM(G39:G43) ; H==SUM(H39:H43) ; I==SUM(I39:I43) ; J==SUM(J39:J43) ; K==SUM(K39:K43) ; L==SUM(L39:L43) ; M==SUM(M39:M43) ; N==SUM(N39:N43) ; O==SUM(O39:O43) ; P==SUM(P39:P43) ; Q= ; R= ; S==(+P43/P44*P68)/P43 ; T=0.30863326537420405 ; U==+IF((CA!#REF!-Production!T44)>0,ROUN... ; V= ; W="
Production,Production_R8,46,62,2,16,17,15,229,9,5,4,B=STOCKS ; C= ; D==+D25 ; E==+E25 ; F==+F25 ; G==+G25 ; H==+H25 ; I==+I25 ; J==+J25 ; K==+K25 ; L==+L25 ; M==+M25 ; N==+N25 ; O==+O25 ; P==+P25 || B= ; C==+B3 ; D=0 ; E==+D59 ; F==+E59 ; G==+F59 ; H==+G59 ; I==+H59 ; J==+I59 ; K==+J59 ; L==+K59 ; M==+L59 ; N==+M59 ; O==+N59 ; P==+D47 || B= ; C==+B4 ; D=0 ; E==+D60 ; F==+E60 ; G==+F60 ; H==+G60 ; I==+H60 ; J==+I60 ; K==+J60 ; L==+K60 ; M==+L60 ; N==+M60 ; O==+N60 ; P==+D48 || B= ; C==+B5 ; D=0 ; E==+D61 ; F==+E61 ; G==+F61 ; H==+G61 ; I==+H61 ; J==+I61 ; K==+J61 ; L==+K61 ; M==+L61 ; N==+M61 ; O==+N61 ; P=0 || B=SI ; C= ; D==SUM(D47:D49) ; E==SUM(E47:E49) ; F==SUM(F47:F49) ; G==SUM(G47:G49) ; H==SUM(H47:H49) ; I==SUM(I47:I49) ; J==SUM(J47:J49) ; K==SUM(K47:K49) ; L==SUM(L47:L49) ; M==SUM(M47:M49) ; N==SUM(N47:N49) ; O==SUM(O47:O49) ; P==SUM(P47:P49) || B= ; C==+C47 ; D==+D9 ; E==+E9 ; F==+F9 ; G==+G9 ; H==+H9 ; I==+I9 ; J==+J9 ; K==+K9 ; L==+L9 ; M==+M9 ; N==+N9 ; O==+O9 ; P==SUM(D51:O51) || B= ; C==+C48 ; D==+D10 ; E==+E10 ; F==+F10 ; G==+G10 ; H==+H10 ; I==+I10 ; J==+J10 ; K==+K10 ; L==+L10 ; M==+M10 ; N==+N10 ; O==+O10 ; P==SUM(D52:O52) || B= ; C==+C49 ; D==+D33 ; E==+E11 ; F==+F11 ; G==+G11 ; H==+H11 ; I==+I11 ; J==+J11 ; K==+K11 ; L==+L11 ; M==+M11 ; N==+N11 ; O==+O11 ; P==SUM(D53:O53)
Production,Production_R9,64,65,2,16,2,15,27,2,2,0,B=Valeur ; C==+C62*$P$71 ; D==+D62*$P$71 ; E==+E62*$P$71 ; F==+F62*$P$71 ; G==+G62*$P$71 ; H==+H62*$P$71 ; I==+I62*$P$71 ; J==+J62*$P$71 ; K==+K62*$P$71 ; L==+L62*$P$71 ; M==+M62*$P$71 ; N==+N62*$P$71 ; O==+O62*$P$71 ; P==+SUM(P59:P61)*P71 || B=Variation ; C= ; D==+D64-C64 ; E==+E64-D64 ; F==+F64-E64 ; G==+G64-F64 ; H==+H64-G64 ; I==+I64-H64 ; J==+J64-I64 ; K==+K64-J64 ; L==+L64-K64 ; M==+M64-L64 ; N==+N64-M64 ; O==+O64-N64 ; P==+SUM(C65:O65)
Production,Production_R10,67,69,2,16,3,15,39,3,3,0,B=PRIX DE REVIENT ; C= ; D==+D46 ; E==+E46 ; F==+F46 ; G==+G46 ; H==+H46 ; I==+I46 ; J==+J46 ; K==+K46 ; L==+L46 ; M==+M46 ; N==+N46 ; O==+O46 ; P==+P46 || B= ; C=Cout total ; D==+'CR Nature FD'!C41+'CR Nature FD'!C50 ; E==+'CR Nature FD'!D41+'CR Nature FD'!D50 ; F==+'CR Nature FD'!E41+'CR Nature FD'!E50 ; G==+'CR Nature FD'!F41+'CR Nature FD'!F50 ; H==+'CR Nature FD'!G41+'CR Nature FD'!G50 ; I==+'CR Nature FD'!H41+'CR Nature FD'!H50 ; J==+'CR Nature FD'!I41+'CR Nature FD'!I50 ; K==+'CR Nature FD'!J41+'CR Nature FD'!J50 ; L==+'CR Nature FD'!K41+'CR Nature FD'!K50 ; M==+'CR Nature FD'!L41+'CR Nature FD'!L50 ; N==+'CR Nature FD'!M41+'CR Nature FD'!M50 ; O==+'CR Nature FD'!N41+'CR Nature FD'!N50 ; P==SUM(D68:O68) || B= ; C=Production ; D==+D54 ; E==+E54 ; F==+F54 ; G==+G54 ; H==+H54 ; I==+I54 ; J==+J54 ; K==+K54 ; L==+L54 ; M==+M54 ; N==+N54 ; O==+O54 ; P==SUM(D69:O69)
Production,Production_R11,71,73,3,19,3,17,42,5,5,0,"C=Ariary ; D==IFERROR(+D68/D69,0) ; E==IFERROR(+E68/E69,0) ; F==IFERROR(+F68/F69,0) ; G==IFERROR(+G68/G69,0) ; H==IFERROR(+H68/H69,0) ; I==IFERROR(+I68/I69,0) ; J==IFERROR(+J68/J69,0) ; K==IFERROR(+K68/K69,0) ; L==IFERROR(+L68/L69,0) ; M==IFERROR(+M68/M69,0) ; N==IFERROR(+N68/N69,0) ; O==IFERROR(+O68/O69,0) ; P==+P68/P69 ; Q= ; R==AVERAGE(D71:O71) ; S= || C=EUR ; D==+D71/'Données SOMIDA'!$E$12 ; E==+E71/'Données SOMIDA'!$E$12 ; F==+F71/'Données SOMIDA'!$E$12 ; G==+G71/'Données SOMIDA'!$E$12 ; H==+H71/'Données SOMIDA'!$E$12 ; I==+I71/'Données SOMIDA'!$E$12 ; J==+J71/'Données SOMIDA'!$E$12 ; K==+K71/'Données SOMIDA'!$E$12 ; L==+L71/'Données SOMIDA'!$E$12 ; M==+M71/'Données SOMIDA'!$E$12 ; N==+N71/'Données SOMIDA'!$E$12 ; O==+O71/'Données SOMIDA'!$E$12 ; P==+P71/'Données SOMIDA'!$E$12 ; Q= ; R==+R71/'Données SOMIDA'!$E$12 ; S=EUR || C=USD ; D==+D71/'Données SOMIDA'!$E$11 ; E==+E71/'Données SOMIDA'!$E$11 ; F==+F71/'Données SOMIDA'!$E$11 ; G==+G71/'Données SOMIDA'!$E$11 ; H==+H71/'Données SOMIDA'!$E$11 ; I==+I71/'Données SOMIDA'!$E$11 ; J==+J71/'Données SOMIDA'!$E$11 ; K==+K71/'Données SOMIDA'!$E$11 ; L==+L71/'Données SOMIDA'!$E$11 ; M==+M71/'Données SOMIDA'!$E$11 ; N==+N71/'Données SOMIDA'!$E$11 ; O==+O71/'Données SOMIDA'!$E$11 ; P==+P71/'Données SOMIDA'!$E$11 ; Q= ; R==+R71/'Données SOMIDA'!$E$11 ; S=USD"
Production,Production_R12,76,86,2,25,11,24,154,10,10,0,B= ; C= ; D==+D68 ; E==+E68 ; F==+F68 ; G==+G68 ; H==+H68 ; I==+I68 ; J==+J68 ; K==+K68 ; L==+L68 ; M==+M68 ; N==+N68 ; O==+O68 ; P==+P68 ; Q= ; R= ; S= ; T= ; U= ; V= ; W= ; X= ; Y= || B==+'Besoins en micas'!B113 ; C=TRA et ABR ; D==-+'Besoins en micas'!C113 ; E==-+'Besoins en micas'!D113 ; F==-+'Besoins en micas'!E113 ; G==-+'Besoins en micas'!F113 ; H==-+'Besoins en micas'!G113 ; I==-+'Besoins en micas'!H113 ; J==-+'Besoins en micas'!I113 ; K==-+'Besoins en micas'!J113 ; L==-+'Besoins en micas'!K113 ; M==-+'Besoins en micas'!L113 ; N==-+'Besoins en micas'!M113 ; O==-+'Besoins en micas'!N113 ; P==-+'Besoins en micas'!O113 ; Q= ; R= ; S= ; T= ; U= ; V= ; W= ; X= ; Y= || B==+'Besoins en micas'!B114 ; C=TRA et ABR ; D==-+'Besoins en micas'!C114 ; E==-+'Besoins en micas'!D114 ; F==-+'Besoins en micas'!E114 ; G==-+'Besoins en micas'!F114 ; H==-+'Besoins en micas'!G114 ; I==-+'Besoins en micas'!H114 ; J==-+'Besoins en micas'!I114 ; K==-+'Besoins en micas'!J114 ; L==-+'Besoins en micas'!K114 ; M==-+'Besoins en micas'!L114 ; N==-+'Besoins en micas'!M114 ; O==-+'Besoins en micas'!N114 ; P==-+'Besoins en micas'!O114 ; Q= ; R= ; S= ; T= ; U= ; V= ; W= ; X= ; Y= || B==+'Besoins en micas'!B115 ; C=TRA et ABR ; D==-+'Besoins en micas'!C115 ; E==-+'Besoins en micas'!D115 ; F==-+'Besoins en micas'!E115 ; G==-+'Besoins en micas'!F115 ; H==-+'Besoins en micas'!G115 ; I==-+'Besoins en micas'!H115 ; J==-+'Besoins en micas'!I115 ; K==-+'Besoins en micas'!J115 ; L==-+'Besoins en micas'!K115 ; M==-+'Besoins en micas'!L115 ; N==-+'Besoins en micas'!M115 ; O==-+'Besoins en micas'!N115 ; P==-+'Besoins en micas'!O115 ; Q= ; R= ; S= ; T= ; U= ; V= ; W= ; X= ; Y= || B==+'Besoins en micas'!B116 ; C=TRA et ABR ; D==-+'Besoins en micas'!C116 ; E==-+'Besoins en micas'!D116 ; F==-+'Besoins en micas'!E116 ; G==-+'Besoins en micas'!F116 ; H==-+'Besoins en micas'!G116 ; I==-+'Besoins en micas'!H116 ; J==-+'Besoins en micas'!I116 ; K==-+'Besoins en micas'!J116 ; L==-+'Besoins en micas'!K116 ; M==-+'Besoins en micas'!L116 ; N==-+'Besoins en micas'!M116 ; O==-+'Besoins en micas'!N116 ; P==-+'Besoins en micas'!O116 ; Q= ; R= ; S= ; T= ; U= ; V= ; W= ; X= ; Y==+P73*1000 || B==+'Besoins en micas'!B117 ; C=FP1 ; D==-+'Besoins en micas'!C118 ; E==-+'Besoins en micas'!D118 ; F==-+'Besoins en micas'!E118 ; G==-+'Besoins en micas'!F118 ; H==-+'Besoins en micas'!G118 ; I==-+'Besoins en micas'!H118 ; J==-+'Besoins en micas'!I118 ; K==-+'Besoins en micas'!J118 ; L==-+'Besoins en micas'!K118 ; M==-+'Besoins en micas'!L118 ; N==-+'Besoins en micas'!M118 ; O==-+'Besoins en micas'!N118 ; P==-+'Besoins en micas'!O118 ; Q= ; R= ; S= ; T= ; U= ; V= ; W= ; X= ; Y= || B==+B77 ; C=TRA et ABR ; D==-SUM(D76:D81)*'Besoins en micas'!$P$113 ; E==-SUM(E76:E81)*'Besoins en micas'!$P$113 ; F==-SUM(F76:F81)*'Besoins en micas'!$P$113 ; G==-SUM(G76:G81)*'Besoins en micas'!$P$113 ; H==-SUM(H76:H81)*'Besoins en micas'!$P$113 ; I==-SUM(I76:I81)*'Besoins en micas'!$P$113 ; J==-SUM(J76:J81)*'Besoins en micas'!$P$113 ; K==-SUM(K76:K81)*'Besoins en micas'!$P$113 ; L==-SUM(L76:L81)*'Besoins en micas'!$P$113 ; M==-SUM(M76:M81)*'Besoins en micas'!$P$113 ; N==-SUM(N76:N81)*'Besoins en micas'!$P$113 ; O==-SUM(O76:O81)*'Besoins en micas'!$P$113 ; P==-SUM(P76:P81)*'Besoins en micas'!$P$113 ; Q= ; R= ; S= ; T= ; U= ; V= ; W= ; X= ; Y= || B==+B78 ; C=TRA et ABR ; D==-SUM(D76:D81)*'Besoins en micas'!$P$114 ; E==-SUM(E76:E81)*'Besoins en micas'!$P$114 ; F==-SUM(F76:F81)*'Besoins en micas'!$P$114 ; G==-SUM(G76:G81)*'Besoins en micas'!$P$114 ; H==-SUM(H76:H81)*'Besoins en micas'!$P$114 ; I==-SUM(I76:I81)*'Besoins en micas'!$P$114 ; J==-SUM(J76:J81)*'Besoins en micas'!$P$114 ; K==-SUM(K76:K81)*'Besoins en micas'!$P$114 ; L==-SUM(L76:L81)*'Besoins en micas'!$P$114 ; M==-SUM(M76:M81)*'Besoins en micas'!$P$114 ; N==-SUM(N76:N81)*'Besoins en micas'!$P$114 ; O==-SUM(O76:O81)*'Besoins en micas'!$P$114 ; P==-SUM(P76:P81)*'Besoins en micas'!$P$114 ; Q= ; R= ; S= ; T= ; U= ; V= ; W= ; X= ; Y=
Production,Production_R13,88,92,3,16,5,14,70,0,0,0,"C==+B77 ; D==SUMIF($B$77:$B$86,$B$77,D77:D86) ; E==SUMIF($B$77:$B$86,$B$77,E77:E86) ; F==SUMIF($B$77:$B$86,$B$77,F77:F86) ; G==SUMIF($B$77:$B$86,$B$77,G77:G86) ; H==SUMIF($B$77:$B$86,$B$77,H77:H86) ; I==SUMIF($B$77:$B$86,$B$77,I77:I86) ; J==SUMIF($B$77:$B$86,$B$77,J77:J86) ; K==SUMIF($B$77:$B$86,$B$77,K77:K86) ; L==SUMIF($B$77:$B$86,$B$77,L77:L86) ; M==SUMIF($B$77:$B$86,$B$77,M77:M86) ; N==SUMIF($B$77:$B$86,$B$77,N77:N86) ; O==SUMIF($B$77:$B$86,$B$77,O77:O86) ; P==SUM(D88:O88) || C==+B78 ; D==SUMIF($B$77:$B$86,$B$78,D77:D86) ; E==SUMIF($B$77:$B$86,$B$78,E77:E86) ; F==SUMIF($B$77:$B$86,$B$78,F77:F86) ; G==SUMIF($B$77:$B$86,$B$78,G77:G86) ; H==SUMIF($B$77:$B$86,$B$78,H77:H86) ; I==SUMIF($B$77:$B$86,$B$78,I77:I86) ; J==SUMIF($B$77:$B$86,$B$78,J77:J86) ; K==SUMIF($B$77:$B$86,$B$78,K77:K86) ; L==SUMIF($B$77:$B$86,$B$78,L77:L86) ; M==SUMIF($B$77:$B$86,$B$78,M77:M86) ; N==SUMIF($B$77:$B$86,$B$78,N77:N86) ; O==SUMIF($B$77:$B$86,$B$78,O77:O86) ; P==SUM(D89:O89) || C==+B79 ; D==SUMIF($B$77:$B$86,$B$79,D77:D86) ; E==SUMIF($B$77:$B$86,$B$79,E77:E86) ; F==SUMIF($B$77:$B$86,$B$79,F77:F86) ; G==SUMIF($B$77:$B$86,$B$79,G77:G86) ; H==SUMIF($B$77:$B$86,$B$79,H77:H86) ; I==SUMIF($B$77:$B$86,$B$79,I77:I86) ; J==SUMIF($B$77:$B$86,$B$79,J77:J86) ; K==SUMIF($B$77:$B$86,$B$79,K77:K86) ; L==SUMIF($B$77:$B$86,$B$79,L77:L86) ; M==SUMIF($B$77:$B$86,$B$79,M77:M86) ; N==SUMIF($B$77:$B$86,$B$79,N77:N86) ; O==SUMIF($B$77:$B$86,$B$79,O77:O86) ; P==SUM(D90:O90) || C==+B80 ; D==SUMIF($B$77:$B$86,$B$80,D77:D86) ; E==SUMIF($B$77:$B$86,$B$80,E77:E86) ; F==SUMIF($B$77:$B$86,$B$80,F77:F86) ; G==SUMIF($B$77:$B$86,$B$80,G77:G86) ; H==SUMIF($B$77:$B$86,$B$80,H77:H86) ; I==SUMIF($B$77:$B$86,$B$80,I77:I86) ; J==SUMIF($B$77:$B$86,$B$80,J77:J86) ; K==SUMIF($B$77:$B$86,$B$80,K77:K86) ; L==SUMIF($B$77:$B$86,$B$80,L77:L86) ; M==SUMIF($B$77:$B$86,$B$80,M77:M86) ; N==SUMIF($B$77:$B$86,$B$80,N77:N86) ; O==SUMIF($B$77:$B$86,$B$80,O77:O86) ; P==SUM(D91:O91) || C==+B81 ; D==SUMIF($B$77:$B$86,$B$81,D77:D86) ; E==SUMIF($B$77:$B$86,$B$81,E77:E86) ; F==SUMIF($B$77:$B$86,$B$81,F77:F86) ; G==SUMIF($B$77:$B$86,$B$81,G77:G86) ; H==SUMIF($B$77:$B$86,$B$81,H77:H86) ; I==SUMIF($B$77:$B$86,$B$81,I77:I86) ; J==SUMIF($B$77:$B$86,$B$81,J77:J86) ; K==SUMIF($B$77:$B$86,$B$81,K77:K86) ; L==SUMIF($B$77:$B$86,$B$81,L77:L86) ; M==SUMIF($B$77:$B$86,$B$81,M77:M86) ; N==SUMIF($B$77:$B$86,$B$81,N77:N86) ; O==SUMIF($B$77:$B$86,$B$81,O77:O86) ; P==SUM(D92:O92)"
Production,Production_R14,94,96,3,16,3,14,39,3,3,0,"C=TRA ; D==+SUM(D88:D91)/(D55+D56) ; E==+SUM(E88:E91)/(E55+E56) ; F==+SUM(F88:F91)/(F55+F56) ; G==+SUM(G88:G91)/(G55+G56) ; H==+SUM(H88:H91)/(H55+H56) ; I==+SUM(I88:I91)/(I55+I56) ; J==+SUM(J88:J91)/(J55+J56) ; K==+SUM(K88:K91)/(K55+K56) ; L==+SUM(L88:L91)/(L55+L56) ; M==+SUM(M88:M91)/(M55+M56) ; N==+SUM(N88:N91)/(N55+N56) ; O==+SUM(O88:O91)/(O55+O56) ; P==+SUM(P88:P91)/(P55+P56) || C=ABR ; D==D94 ; E==E94 ; F==F94 ; G==G94 ; H==H94 ; I==I94 ; J==J94 ; K==K94 ; L==L94 ; M==M94 ; N==N94 ; O==O94 ; P==P94 || C=FP1 ; D==IFERROR(+D92/D57,"""") ; E==IFERROR(+E92/E57,"""") ; F==IFERROR(+F92/F57,"""") ; G==IFERROR(+G92/G57,"""") ; H==IFERROR(+H92/H57,"""") ; I==IFERROR(+I92/I57,"""") ; J==IFERROR(+J92/J57,"""") ; K==IFERROR(+K92/K57,"""") ; L==IFERROR(+L92/L57,"""") ; M==IFERROR(+M92/M57,"""") ; N==IFERROR(+N92/N57,"""") ; O==IFERROR(+O92/O57,"""") ; P==IFERROR(+P92/P57,"""")"
Production,Production_R15,98,100,3,16,3,14,42,0,0,0,"C==+C94 ; D==+D94/'Données SOMIDA'!$E$11 ; E==+E94/'Données SOMIDA'!$E$11 ; F==+F94/'Données SOMIDA'!$E$11 ; G==+G94/'Données SOMIDA'!$E$11 ; H==+H94/'Données SOMIDA'!$E$11 ; I==+I94/'Données SOMIDA'!$E$11 ; J==+J94/'Données SOMIDA'!$E$11 ; K==+K94/'Données SOMIDA'!$E$11 ; L==+L94/'Données SOMIDA'!$E$11 ; M==+M94/'Données SOMIDA'!$E$11 ; N==+N94/'Données SOMIDA'!$E$11 ; O==+O94/'Données SOMIDA'!$E$11 ; P==+P94/'Données SOMIDA'!$E$11 || C==+C95 ; D==+D95/'Données SOMIDA'!$E$11 ; E==+E95/'Données SOMIDA'!$E$11 ; F==+F95/'Données SOMIDA'!$E$11 ; G==+G95/'Données SOMIDA'!$E$11 ; H==+H95/'Données SOMIDA'!$E$11 ; I==+I95/'Données SOMIDA'!$E$11 ; J==+J95/'Données SOMIDA'!$E$11 ; K==+K95/'Données SOMIDA'!$E$11 ; L==+L95/'Données SOMIDA'!$E$11 ; M==+M95/'Données SOMIDA'!$E$11 ; N==+N95/'Données SOMIDA'!$E$11 ; O==+O95/'Données SOMIDA'!$E$11 ; P==+P95/'Données SOMIDA'!$E$11 || C==+C96 ; D==IFERROR(+D96/'Données SOMIDA'!$E$11,"""") ; E==IFERROR(+E96/'Données SOMIDA'!$E$11,"""") ; F==IFERROR(+F96/'Données SOMIDA'!$E$11,"""") ; G==IFERROR(+G96/'Données SOMIDA'!$E$11,"""") ; H==IFERROR(+H96/'Données SOMIDA'!$E$11,"""") ; I==IFERROR(+I96/'Données SOMIDA'!$E$11,"""") ; J==IFERROR(+J96/'Données SOMIDA'!$E$11,"""") ; K==IFERROR(+K96/'Données SOMIDA'!$E$11,"""") ; L==IFERROR(+L96/'Données SOMIDA'!$E$11,"""") ; M==IFERROR(+M96/'Données SOMIDA'!$E$11,"""") ; N==IFERROR(+N96/'Données SOMIDA'!$E$11,"""") ; O==IFERROR(+O96/'Données SOMIDA'!$E$11,"""") ; P==IFERROR(+P96/'Données SOMIDA'!$E$11,"""")"
Production,Production_R16,102,104,3,16,3,14,42,0,0,0,"C==+C98 ; D==D94/'Données SOMIDA'!$E$12 ; E==E94/'Données SOMIDA'!$E$12 ; F==F94/'Données SOMIDA'!$E$12 ; G==G94/'Données SOMIDA'!$E$12 ; H==H94/'Données SOMIDA'!$E$12 ; I==I94/'Données SOMIDA'!$E$12 ; J==J94/'Données SOMIDA'!$E$12 ; K==K94/'Données SOMIDA'!$E$12 ; L==L94/'Données SOMIDA'!$E$12 ; M==M94/'Données SOMIDA'!$E$12 ; N==N94/'Données SOMIDA'!$E$12 ; O==O94/'Données SOMIDA'!$E$12 ; P==P94/'Données SOMIDA'!$E$12 || C==+C99 ; D==D95/'Données SOMIDA'!$E$12 ; E==E95/'Données SOMIDA'!$E$12 ; F==F95/'Données SOMIDA'!$E$12 ; G==G95/'Données SOMIDA'!$E$12 ; H==H95/'Données SOMIDA'!$E$12 ; I==I95/'Données SOMIDA'!$E$12 ; J==J95/'Données SOMIDA'!$E$12 ; K==K95/'Données SOMIDA'!$E$12 ; L==L95/'Données SOMIDA'!$E$12 ; M==M95/'Données SOMIDA'!$E$12 ; N==N95/'Données SOMIDA'!$E$12 ; O==O95/'Données SOMIDA'!$E$12 ; P==P95/'Données SOMIDA'!$E$12 || C==+C100 ; D==IFERROR(D96/'Données SOMIDA'!$E$12,"""") ; E==IFERROR(E96/'Données SOMIDA'!$E$12,"""") ; F==IFERROR(F96/'Données SOMIDA'!$E$12,"""") ; G==IFERROR(G96/'Données SOMIDA'!$E$12,"""") ; H==IFERROR(H96/'Données SOMIDA'!$E$12,"""") ; I==IFERROR(I96/'Données SOMIDA'!$E$12,"""") ; J==IFERROR(J96/'Données SOMIDA'!$E$12,"""") ; K==IFERROR(K96/'Données SOMIDA'!$E$12,"""") ; L==IFERROR(L96/'Données SOMIDA'!$E$12,"""") ; M==IFERROR(M96/'Données SOMIDA'!$E$12,"""") ; N==IFERROR(N96/'Données SOMIDA'!$E$12,"""") ; O==IFERROR(O96/'Données SOMIDA'!$E$12,"""") ; P==IFERROR(P96/'Données SOMIDA'!$E$12,"""")"
Production,Production_R17,138,175,2,14,38,13,219,12,12,0,"B=Date ; C=Réf ; D=Type ; E=Quantité ; F=PU ; G=Productions ; H= ; I=Date ; J=Réf ; K=Type ; L=Quantité ; M=PU ; N=Productions || B= ; C= ; D= ; E= ; F= ; G= ; H= ; I==+D67 ; J==+'Données SOMIDA'!$B$18 ; K==+_xlfn.XLOOKUP(J139,'Données SOMIDA'... ; L==+Production!D$9 ; M==IFERROR(+N139/L139,0) ; N==+Production!$D$68*Production!D9/Prod... || B= ; C= ; D= ; E= ; F= ; G= ; H= ; I==+I139 ; J==+'Données SOMIDA'!$B$19 ; K==+_xlfn.XLOOKUP(J140,'Données SOMIDA'... ; L==+Production!D$10 ; M==IFERROR(+N140/L140,0) ; N==+Production!$D$68*Production!D10/Pro... || B= ; C= ; D= ; E= ; F= ; G= ; H= ; I==+I140 ; J==+'Données SOMIDA'!$B$20 ; K==+_xlfn.XLOOKUP(J141,'Données SOMIDA'... ; L==+Production!D$11 ; M==IFERROR(+N141/L141,0) ; N==+Production!$D$68*Production!D11/Pro... || B= ; C= ; D= ; E= ; F= ; G= ; H= ; I==+E67 ; J==+'Données SOMIDA'!$B$18 ; K==+_xlfn.XLOOKUP(J142,'Données SOMIDA'... ; L==+Production!E$9 ; M==IFERROR(+N142/L142,0) ; N==+Production!$E$68*Production!E9/Prod... || B= ; C= ; D= ; E= ; F= ; G= ; H= ; I==+I142 ; J==+'Données SOMIDA'!$B$19 ; K==+_xlfn.XLOOKUP(J143,'Données SOMIDA'... ; L==+Production!E$10 ; M==IFERROR(+N143/L143,0) ; N==+Production!$E$68*Production!E10/Pro... || B= ; C= ; D= ; E= ; F= ; G= ; H= ; I==+I143 ; J==+'Données SOMIDA'!$B$20 ; K==+_xlfn.XLOOKUP(J144,'Données SOMIDA'... ; L==+Production!E$11 ; M==IFERROR(+N144/L144,0) ; N==+Production!$E$68*Production!E11/Pro... || B= ; C= ; D= ; E= ; F= ; G= ; H= ; I==+F67 ; J==+'Données SOMIDA'!$B$18 ; K==+_xlfn.XLOOKUP(J145,'Données SOMIDA'... ; L==+Production!F$9 ; M==IFERROR(+N145/L145,0) ; N==+Production!$F$68*Production!F9/Prod..."
Traitement,Traitement_R1,1,5,1,7,5,7,2,20,12,8,A=Étiquettes de lignes ; B=Somme de Qté ; C==SUM(B2:B4) ; D= ; E=Étiquettes de lignes ; F=Somme de Cout d'achat ; G==SUM(F2:F4) || A=ABR GAZ ; B=425850 ; C= ; D= ; E=ABR GAZ ; F=184180125 ; G= || A=FP1 GAZ ; B=0 ; C= ; D= ; E=FP1 GAZ ; F=0 ; G= || A=TRA GAZ ; B=448800 ; C= ; D= ; E=TRA GAZ ; F=194106000 ; G= || A=Total général ; B=874650 ; C= ; D= ; E=Total général ; F=378286125 ; G=
Traitement,Traitement_R2,7,11,1,7,5,7,2,15,11,4,A=Étiquettes de lignes ; B=Somme de Quantité ; C==SUM(B8:B10) ; D= ; E=Étiquettes de lignes ; F= ; G==SUM(F8:F10) || A=ABR COUPE ; B=334000 ; C= ; D= ; E=ABR COUPE ; F= ; G= || A=FP1 COUPE ; B=0 ; C= ; D= ; E=FP1 COUPE ; F= ; G= || A=TRA COUPE ; B=352000 ; C= ; D= ; E=TRA COUPE ; F= ; G= || A=Total général ; B=686000 ; C= ; D= ; E=Total général ; F= ; G=
Traitement,Traitement_R3,13,17,1,7,5,7,2,20,12,8,A=Étiquettes de lignes ; B=Somme de Qté ; C==SUM(B14:B16) ; D= ; E=Étiquettes de lignes ; F=Somme de MGA ; G==SUM(F14:F16) || A=ABR COUPE ; B=327600 ; C= ; D= ; E=ABR COUPE ; F=593082000 ; G= || A=FP1 COUPE ; B=0 ; C= ; D= ; E=FP1 COUPE ; F=0 ; G= || A=TRA COUPE ; B=345400 ; C= ; D= ; E=TRA COUPE ; F=623609000 ; G= || A=Total général ; B=673000 ; C= ; D= ; E=Total général ; F=1216691000 ; G=
Traitement,Traitement_R4,19,31,1,8,13,8,24,51,39,12,"A=Étiquettes de lignes ; B=Somme de Qté ; C= ; D= ; E= ; F= ; G= ; H=max || A=Août ; B=877200 ; C= ; D= ; E=Janvier ; F=Janv. ; G==VLOOKUP(E20,$A$20:$B$31,2,FALSE)/1000 ; H==IF(G20=MAX($G$20:$G$31),G20,"""") || A=Avril ; B=877200 ; C= ; D= ; E=Février ; F=Fev. ; G==VLOOKUP(E21,$A$20:$B$31,2,FALSE)/1000 ; H==IF(G21=MAX($G$20:$G$31),G21,"""") || A=Décembre ; B=810950 ; C= ; D= ; E=Mars ; F=Mar. ; G==VLOOKUP(E22,$A$20:$B$31,2,FALSE)/1000 ; H==IF(G22=MAX($G$20:$G$31),G22,"""") || A=Février ; B=877200 ; C= ; D= ; E=Avril ; F=Avr. ; G==VLOOKUP(E23,$A$20:$B$31,2,FALSE)/1000 ; H==IF(G23=MAX($G$20:$G$31),G23,"""") || A=Janvier ; B=874650 ; C= ; D= ; E=Mai ; F=Mai ; G==VLOOKUP(E24,$A$20:$B$31,2,FALSE)/1000 ; H==IF(G24=MAX($G$20:$G$31),G24,"""") || A=Juillet ; B=874650 ; C= ; D= ; E=Juin ; F=Jui. ; G==VLOOKUP(E25,$A$20:$B$31,2,FALSE)/1000 ; H==IF(G25=MAX($G$20:$G$31),G25,"""") || A=Juin ; B=877200 ; C= ; D= ; E=Juillet ; F=Jul. ; G==VLOOKUP(E26,$A$20:$B$31,2,FALSE)/1000 ; H==IF(G26=MAX($G$20:$G$31),G26,"""")"
Traitement,Traitement_R5,35,46,1,8,12,8,24,48,36,12,"A=Août ; B=688000 ; C= ; D= ; E=Janvier ; F=Janv. ; G==VLOOKUP(E35,$A$35:$B$46,2,FALSE)/1000 ; H==IF(G35=MAX($G$35:$G$46),G35,"""") || A=Avril ; B=688000 ; C= ; D= ; E=Février ; F=Fev. ; G==VLOOKUP(E36,$A$35:$B$46,2,FALSE)/1000 ; H==IF(G36=MAX($G$35:$G$46),G36,"""") || A=Décembre ; B=662000 ; C= ; D= ; E=Mars ; F=Mar. ; G==VLOOKUP(E37,$A$35:$B$46,2,FALSE)/1000 ; H==IF(G37=MAX($G$35:$G$46),G37,"""") || A=Février ; B=688000 ; C= ; D= ; E=Avril ; F=Avr. ; G==VLOOKUP(E38,$A$35:$B$46,2,FALSE)/1000 ; H==IF(G38=MAX($G$35:$G$46),G38,"""") || A=Janvier ; B=686000 ; C= ; D= ; E=Mai ; F=Mai ; G==VLOOKUP(E39,$A$35:$B$46,2,FALSE)/1000 ; H==IF(G39=MAX($G$35:$G$46),G39,"""") || A=Juillet ; B=686000 ; C= ; D= ; E=Juin ; F=Jui. ; G==VLOOKUP(E40,$A$35:$B$46,2,FALSE)/1000 ; H==IF(G40=MAX($G$35:$G$46),G40,"""") || A=Juin ; B=688000 ; C= ; D= ; E=Juillet ; F=Jul. ; G==VLOOKUP(E41,$A$35:$B$46,2,FALSE)/1000 ; H==IF(G41=MAX($G$35:$G$46),G41,"""") || A=Mai ; B=686000 ; C= ; D= ; E=Août ; F=Aou. ; G==VLOOKUP(E42,$A$35:$B$46,2,FALSE)/1000 ; H==IF(G42=MAX($G$35:$G$46),G42,"""")"
Traitement,Traitement_R6,50,61,1,8,12,8,24,48,36,12,"A=Août ; B=675200 ; C= ; D= ; E=Janvier ; F=Janv. ; G==VLOOKUP(E50,$A$50:$B$61,2,FALSE)/1000 ; H==IF(G50=MAX($G$50:$G$61),G50,"""") || A=Avril ; B=675200 ; C= ; D= ; E=Février ; F=Fev. ; G==VLOOKUP(E51,$A$50:$B$61,2,FALSE)/1000 ; H==IF(G51=MAX($G$50:$G$61),G51,"""") || A=Décembre ; B=675200 ; C= ; D= ; E=Mars ; F=Mar. ; G==VLOOKUP(E52,$A$50:$B$61,2,FALSE)/1000 ; H==IF(G52=MAX($G$50:$G$61),G52,"""") || A=Février ; B=675200 ; C= ; D= ; E=Avril ; F=Avr. ; G==VLOOKUP(E53,$A$50:$B$61,2,FALSE)/1000 ; H==IF(G53=MAX($G$50:$G$61),G53,"""") || A=Janvier ; B=673000 ; C= ; D= ; E=Mai ; F=Mai ; G==VLOOKUP(E54,$A$50:$B$61,2,FALSE)/1000 ; H==IF(G54=MAX($G$50:$G$61),G54,"""") || A=Juillet ; B=673000 ; C= ; D= ; E=Juin ; F=Jui. ; G==VLOOKUP(E55,$A$50:$B$61,2,FALSE)/1000 ; H==IF(G55=MAX($G$50:$G$61),G55,"""") || A=Juin ; B=675200 ; C= ; D= ; E=Juillet ; F=Jul. ; G==VLOOKUP(E56,$A$50:$B$61,2,FALSE)/1000 ; H==IF(G56=MAX($G$50:$G$61),G56,"""") || A=Mai ; B=673000 ; C= ; D= ; E=Août ; F=Aou. ; G==VLOOKUP(E57,$A$50:$B$61,2,FALSE)/1000 ; H==IF(G57=MAX($G$50:$G$61),G57,"""")"
Traitement,Traitement_R7,65,78,1,11,14,11,24,67,40,27,"A=Étiquettes de lignes ; B=Somme de Cout d'achat ; C=Somme de Cout d'achat2 ; D= ; E= ; F= ; G= ; H= ; I= ; J= ; K= || A=Août ; B=379389000 ; C=379389000 ; D= ; E=Janvier ; F=Janv. ; G==+VLOOKUP(E66,$A$66:$C$77,2,FALSE)/10... ; H==+VLOOKUP(E66,$A$66:$C$77,3,FALSE)/10... ; I= ; J= ; K= || A=Avril ; B=379389000 ; C=379389000 ; D= ; E=Février ; F=Fev. ; G==+VLOOKUP(E67,$A$66:$C$77,2,FALSE)/10... ; H==+VLOOKUP(E67,$A$66:$C$77,3,FALSE)/10... ; I= ; J= ; K= || A=Décembre ; B=350735875 ; C=350735875 ; D= ; E=Mars ; F=Mar. ; G==+VLOOKUP(E68,$A$66:$C$77,2,FALSE)/10... ; H==+VLOOKUP(E68,$A$66:$C$77,3,FALSE)/10... ; I= ; J= ; K= || A=Février ; B=379389000 ; C=379389000 ; D= ; E=Avril ; F=Avr. ; G==+VLOOKUP(E69,$A$66:$C$77,2,FALSE)/10... ; H==+VLOOKUP(E69,$A$66:$C$77,3,FALSE)/10... ; I= ; J= ; K= || A=Janvier ; B=378286125 ; C=378286125 ; D= ; E=Mai ; F=Mai ; G==+VLOOKUP(E70,$A$66:$C$77,2,FALSE)/10... ; H==+VLOOKUP(E70,$A$66:$C$77,3,FALSE)/10... ; I= ; J= ; K=1000 || A=Juillet ; B=378286125 ; C=378286125 ; D= ; E=Juin ; F=Jui. ; G==+VLOOKUP(E71,$A$66:$C$77,2,FALSE)/10... ; H==+VLOOKUP(E71,$A$66:$C$77,3,FALSE)/10... ; I= ; J= ; K= || A=Juin ; B=379389000 ; C=379389000 ; D= ; E=Juillet ; F=Jul. ; G==+VLOOKUP(E72,$A$66:$C$77,2,FALSE)/10... ; H==+VLOOKUP(E72,$A$66:$C$77,3,FALSE)/10... ; I= ; J= ; K="
Traitement,Traitement_R8,81,92,1,8,12,8,24,36,36,0,"A=Août ; B= ; C= ; D= ; E=Janvier ; F=Janv. ; G==+VLOOKUP(E81,$A$81:$C$92,2,FALSE)/10... ; H==+VLOOKUP(E81,$A$81:$C$92,3,FALSE)/10... || A=Avril ; B= ; C= ; D= ; E=Février ; F=Fev. ; G==+VLOOKUP(E82,$A$81:$C$92,2,FALSE)/10... ; H==+VLOOKUP(E82,$A$81:$C$92,3,FALSE)/10... || A=Décembre ; B= ; C= ; D= ; E=Mars ; F=Mar. ; G==+VLOOKUP(E83,$A$81:$C$92,2,FALSE)/10... ; H==+VLOOKUP(E83,$A$81:$C$92,3,FALSE)/10... || A=Février ; B= ; C= ; D= ; E=Avril ; F=Avr. ; G==+VLOOKUP(E84,$A$81:$C$92,2,FALSE)/10... ; H==+VLOOKUP(E84,$A$81:$C$92,3,FALSE)/10... || A=Janvier ; B= ; C= ; D= ; E=Mai ; F=Mai ; G==+VLOOKUP(E85,$A$81:$C$92,2,FALSE)/10... ; H==+VLOOKUP(E85,$A$81:$C$92,3,FALSE)/10... || A=Juillet ; B= ; C= ; D= ; E=Juin ; F=Jui. ; G==+VLOOKUP(E86,$A$81:$C$92,2,FALSE)/10... ; H==+VLOOKUP(E86,$A$81:$C$92,3,FALSE)/10... || A=Juin ; B= ; C= ; D= ; E=Juillet ; F=Jul. ; G==+VLOOKUP(E87,$A$81:$C$92,2,FALSE)/10... ; H==+VLOOKUP(E87,$A$81:$C$92,3,FALSE)/10... || A=Mai ; B= ; C= ; D= ; E=Août ; F=Aou. ; G==+VLOOKUP(E88,$A$81:$C$92,2,FALSE)/10... ; H==+VLOOKUP(E88,$A$81:$C$92,3,FALSE)/10..."
Traitement,Traitement_R9,95,108,1,8,14,8,24,66,40,26,"A=Étiquettes de lignes ; B=Somme de MGA ; C=Somme de MGA2 ; D= ; E= ; F= ; G= ; H= || A=Août ; B=1220464000 ; C=1220464000 ; D= ; E=Janvier ; F=Janv. ; G==+VLOOKUP(E96,$A$96:$C$107,2,FALSE)/1... ; H==+VLOOKUP(E96,$A$96:$C$107,3,FALSE)/1... || A=Avril ; B=1220464000 ; C=1220464000 ; D= ; E=Février ; F=Fev. ; G==+VLOOKUP(E97,$A$96:$C$107,2,FALSE)/1... ; H==+VLOOKUP(E97,$A$96:$C$107,3,FALSE)/1... || A=Décembre ; B=1220464000 ; C=1220464000 ; D= ; E=Mars ; F=Mar. ; G==+VLOOKUP(E98,$A$96:$C$107,2,FALSE)/1... ; H==+VLOOKUP(E98,$A$96:$C$107,3,FALSE)/1... || A=Février ; B=1220464000 ; C=1220464000 ; D= ; E=Avril ; F=Avr. ; G==+VLOOKUP(E99,$A$96:$C$107,2,FALSE)/1... ; H==+VLOOKUP(E99,$A$96:$C$107,3,FALSE)/1... || A=Janvier ; B=1216691000 ; C=1216691000 ; D= ; E=Mai ; F=Mai ; G==+VLOOKUP(E100,$A$96:$C$107,2,FALSE)/... ; H==+VLOOKUP(E100,$A$96:$C$107,3,FALSE)/... || A=Juillet ; B=1216691000 ; C=1216691000 ; D= ; E=Juin ; F=Jui. ; G==+VLOOKUP(E101,$A$96:$C$107,2,FALSE)/... ; H==+VLOOKUP(E101,$A$96:$C$107,3,FALSE)/... || A=Juin ; B=1220464000 ; C=1220464000 ; D= ; E=Juillet ; F=Jul. ; G==+VLOOKUP(E102,$A$96:$C$107,2,FALSE)/... ; H==+VLOOKUP(E102,$A$96:$C$107,3,FALSE)/..."
Traitement,Traitement_R10,112,117,1,14,6,14,0,84,19,65,A=Étiquettes de lignes ; B=Août ; C=Avril ; D=Décembre ; E=Février ; F=Janvier ; G=Juillet ; H=Juin ; I=Mai ; J=Mars ; K=Novembre ; L=Octobre ; M=Septembre ; N=Total général || A=Ampandrandava ; B=307020 ; C=307020 ; D=283832.5 ; E=307020 ; F=306127.5 ; G=306127.5 ; H=307020 ; I=306127.5 ; J=306127.5 ; K=282546.25 ; L=283832.5 ; M=282546.25 ; N=3585347.5 || A=Autres ; B=175440 ; C=175440 ; D=162190 ; E=175440 ; F=174930 ; G=174930 ; H=175440 ; I=174930 ; J=174930 ; K=161455 ; L=162190 ; M=161455 ; N=2048770 || A=Fort dauphin ; B=175440 ; C=175440 ; D=162190 ; E=175440 ; F=174930 ; G=174930 ; H=175440 ; I=174930 ; J=174930 ; K=161455 ; L=162190 ; M=161455 ; N=2048770 || A=Tranomaro ; B=219300 ; C=219300 ; D=202737.5 ; E=219300 ; F=218662.5 ; G=218662.5 ; H=219300 ; I=218662.5 ; J=218662.5 ; K=201818.75 ; L=202737.5 ; M=201818.75 ; N=2560962.5 || A=Total général ; B=877200 ; C=877200 ; D=810950 ; E=877200 ; F=874650 ; G=874650 ; H=877200 ; I=874650 ; J=874650 ; K=807275 ; L=810950 ; M=807275 ; N=10243850
Traitement,Traitement_R11,119,124,1,13,6,13,53,23,23,0,"A= ; B=Janvier ; C=Février ; D=Mars ; E=Avril ; F=Mai ; G=Juin ; H=Juillet ; I=Août ; J=Septembre ; K=Octobre ; L=Novembre ; M=Décembre || A= ; B=<openpyxl.worksheet.formula.ArrayForm... ; C=Fev. ; D=Mar. ; E=Avr. ; F=Mai ; G=Jui. ; H=Jul. ; I=Aou. ; J=Sept ; K=Oct. ; L=Nov. ; M=Déc. || A==+A113 ; B==+HLOOKUP($B$119,$B$112:$M$116,2,FALSE) ; C==+HLOOKUP(B119,$B$112:$M$116,2,FALSE) ; D==+HLOOKUP(C119,$B$112:$M$116,2,FALSE) ; E==+HLOOKUP(D119,$B$112:$M$116,2,FALSE) ; F==+HLOOKUP(E119,$B$112:$M$116,2,FALSE) ; G==+HLOOKUP(F119,$B$112:$M$116,2,FALSE) ; H==+HLOOKUP(G119,$B$112:$M$116,2,FALSE) ; I==+HLOOKUP(H119,$B$112:$M$116,2,FALSE) ; J==+HLOOKUP(I119,$B$112:$M$116,2,FALSE) ; K==+HLOOKUP(J119,$B$112:$M$116,2,FALSE) ; L==+HLOOKUP(K119,$B$112:$M$116,2,FALSE) ; M==+HLOOKUP(L119,$B$112:$M$116,2,FALSE) || A==+A114 ; B==+HLOOKUP(B119,$B$112:$M$116,3,FALSE) ; C==+HLOOKUP(C119,$B$112:$M$116,3,FALSE) ; D==+HLOOKUP(D119,$B$112:$M$116,3,FALSE) ; E==+HLOOKUP(E119,$B$112:$M$116,3,FALSE) ; F==+HLOOKUP(F119,$B$112:$M$116,3,FALSE) ; G==+HLOOKUP(G119,$B$112:$M$116,3,FALSE) ; H==+HLOOKUP(H119,$B$112:$M$116,3,FALSE) ; I==+HLOOKUP(I119,$B$112:$M$116,3,FALSE) ; J==+HLOOKUP(J119,$B$112:$M$116,3,FALSE) ; K==+HLOOKUP(K119,$B$112:$M$116,3,FALSE) ; L==+HLOOKUP(L119,$B$112:$M$116,3,FALSE) ; M==+HLOOKUP(M119,$B$112:$M$116,3,FALSE) || A==+A115 ; B==+HLOOKUP(B119,$B$112:$M$116,4,FALSE) ; C==+HLOOKUP(C119,$B$112:$M$116,4,FALSE) ; D==+HLOOKUP(D119,$B$112:$M$116,4,FALSE) ; E==+HLOOKUP(E119,$B$112:$M$116,4,FALSE) ; F==+HLOOKUP(F119,$B$112:$M$116,4,FALSE) ; G==+HLOOKUP(G119,$B$112:$M$116,4,FALSE) ; H==+HLOOKUP(H119,$B$112:$M$116,4,FALSE) ; I==+HLOOKUP(I119,$B$112:$M$116,4,FALSE) ; J==+HLOOKUP(J119,$B$112:$M$116,4,FALSE) ; K==+HLOOKUP(K119,$B$112:$M$116,4,FALSE) ; L==+HLOOKUP(L119,$B$112:$M$116,4,FALSE) ; M==+HLOOKUP(M119,$B$112:$M$116,4,FALSE) || A==+A116 ; B==+HLOOKUP(B119,$B$112:$M$116,5,FALSE) ; C==+HLOOKUP(C119,$B$112:$M$116,5,FALSE) ; D==+HLOOKUP(D119,$B$112:$M$116,5,FALSE) ; E==+HLOOKUP(E119,$B$112:$M$116,5,FALSE) ; F==+HLOOKUP(F119,$B$112:$M$116,5,FALSE) ; G==+HLOOKUP(G119,$B$112:$M$116,5,FALSE) ; H==+HLOOKUP(H119,$B$112:$M$116,5,FALSE) ; I==+HLOOKUP(I119,$B$112:$M$116,5,FALSE) ; J==+HLOOKUP(J119,$B$112:$M$116,5,FALSE) ; K==+HLOOKUP(K119,$B$112:$M$116,5,FALSE) ; L==+HLOOKUP(L119,$B$112:$M$116,5,FALSE) ; M==+HLOOKUP(M119,$B$112:$M$116,5,FALSE)"
Calcul,Calcul_R1,2,110,1,17,109,17,1188,36,36,0,A=Date ; B=Réf ; C=Type ; D=Lieux ; E=Qté ; F=PU ; G=Valeur ; H=Transp U ; I=Transport ; J=Cout d'achat ; K=CA U ; L= ; M=Types ; N= ; O=Lieux ; P= ; Q=Date || A==+'Besoins en micas'!B142 ; B==+'Besoins en micas'!C142 ; C==+'Besoins en micas'!D142 ; D==+'Besoins en micas'!E142 ; E==+'Besoins en micas'!F142 ; F==+'Besoins en micas'!G142 ; G==+'Besoins en micas'!H142 ; H==+'Besoins en micas'!I142 ; I==+'Besoins en micas'!J142 ; J==+'Besoins en micas'!K142 ; K==+'Besoins en micas'!L142 ; L= ; M=TRA GAZ ; N= ; O=Tranomaro ; P= ; Q=Janvier || A==+'Besoins en micas'!B143 ; B==+'Besoins en micas'!C143 ; C==+'Besoins en micas'!D143 ; D==+'Besoins en micas'!E143 ; E==+'Besoins en micas'!F143 ; F==+'Besoins en micas'!G143 ; G==+'Besoins en micas'!H143 ; H==+'Besoins en micas'!I143 ; I==+'Besoins en micas'!J143 ; J==+'Besoins en micas'!K143 ; K==+'Besoins en micas'!L143 ; L= ; M=ABR GAZ ; N= ; O=Ampandrandava ; P= ; Q=Février || A==+'Besoins en micas'!B144 ; B==+'Besoins en micas'!C144 ; C==+'Besoins en micas'!D144 ; D==+'Besoins en micas'!E144 ; E==+'Besoins en micas'!F144 ; F==+'Besoins en micas'!G144 ; G==+'Besoins en micas'!H144 ; H==+'Besoins en micas'!I144 ; I==+'Besoins en micas'!J144 ; J==+'Besoins en micas'!K144 ; K==+'Besoins en micas'!L144 ; L= ; M=FP1 GAZ ; N= ; O=Fort dauphin ; P= ; Q=Mars || A==+'Besoins en micas'!B145 ; B==+'Besoins en micas'!C145 ; C==+'Besoins en micas'!D145 ; D==+'Besoins en micas'!E145 ; E==+'Besoins en micas'!F145 ; F==+'Besoins en micas'!G145 ; G==+'Besoins en micas'!H145 ; H==+'Besoins en micas'!I145 ; I==+'Besoins en micas'!J145 ; J==+'Besoins en micas'!K145 ; K==+'Besoins en micas'!L145 ; L= ; M=TRA COUPE ; N= ; O=Autres ; P= ; Q=Avril || A==+'Besoins en micas'!B146 ; B==+'Besoins en micas'!C146 ; C==+'Besoins en micas'!D146 ; D==+'Besoins en micas'!E146 ; E==+'Besoins en micas'!F146 ; F==+'Besoins en micas'!G146 ; G==+'Besoins en micas'!H146 ; H==+'Besoins en micas'!I146 ; I==+'Besoins en micas'!J146 ; J==+'Besoins en micas'!K146 ; K==+'Besoins en micas'!L146 ; L= ; M=ABR COUPE ; N= ; O= ; P= ; Q=Mai || A==+'Besoins en micas'!B147 ; B==+'Besoins en micas'!C147 ; C==+'Besoins en micas'!D147 ; D==+'Besoins en micas'!E147 ; E==+'Besoins en micas'!F147 ; F==+'Besoins en micas'!G147 ; G==+'Besoins en micas'!H147 ; H==+'Besoins en micas'!I147 ; I==+'Besoins en micas'!J147 ; J==+'Besoins en micas'!K147 ; K==+'Besoins en micas'!L147 ; L= ; M=FP1 COUPE ; N= ; O= ; P= ; Q=Juin || A==+'Besoins en micas'!B148 ; B==+'Besoins en micas'!C148 ; C==+'Besoins en micas'!D148 ; D==+'Besoins en micas'!E148 ; E==+'Besoins en micas'!F148 ; F==+'Besoins en micas'!G148 ; G==+'Besoins en micas'!H148 ; H==+'Besoins en micas'!I148 ; I==+'Besoins en micas'!J148 ; J==+'Besoins en micas'!K148 ; K==+'Besoins en micas'!L148 ; L= ; M= ; N= ; O= ; P= ; Q=Juillet
Calcul,Calcul_R2,113,221,1,10,109,10,1080,10,10,0,A=Réf ; B=Types ; C=Date ; D=Client ; E=Pays ; F=Qté ; G=PU ; H=MGA ; I=USD ; J=EUR || A==CA!B59 ; B==CA!C59 ; C==CA!D59 ; D==CA!E59 ; E==CA!F59 ; F==CA!G59*1000 ; G==CA!H59 ; H==CA!I59 ; I==CA!J59 ; J==CA!K59 || A==CA!B60 ; B==CA!C60 ; C==CA!D60 ; D==CA!E60 ; E==CA!F60 ; F==CA!G60*1000 ; G==CA!H60 ; H==CA!I60 ; I==CA!J60 ; J==CA!K60 || A==CA!B61 ; B==CA!C61 ; C==CA!D61 ; D==CA!E61 ; E==CA!F61 ; F==CA!G61*1000 ; G==CA!H61 ; H==CA!I61 ; I==CA!J61 ; J==CA!K61 || A==CA!B62 ; B==CA!C62 ; C==CA!D62 ; D==CA!E62 ; E==CA!F62 ; F==CA!G62*1000 ; G==CA!H62 ; H==CA!I62 ; I==CA!J62 ; J==CA!K62 || A==CA!B63 ; B==CA!C63 ; C==CA!D63 ; D==CA!E63 ; E==CA!F63 ; F==CA!G63*1000 ; G==CA!H63 ; H==CA!I63 ; I==CA!J63 ; J==CA!K63 || A==CA!B64 ; B==CA!C64 ; C==CA!D64 ; D==CA!E64 ; E==CA!F64 ; F==CA!G64*1000 ; G==CA!H64 ; H==CA!I64 ; I==CA!J64 ; J==CA!K64 || A==CA!B65 ; B==CA!C65 ; C==CA!D65 ; D==CA!E65 ; E==CA!F65 ; F==CA!G65*1000 ; G==CA!H65 ; H==CA!I65 ; I==CA!J65 ; J==CA!K65
Calcul,Calcul_R3,223,260,1,6,38,6,218,7,7,0,"A=Productions ; B= ; C= ; D==+SUBTOTAL(9,TProd[Quantité]) ; E= ; F==+SUBTOTAL(9,TProd[Productions]) || A=Date ; B=Réf ; C=Type ; D=Quantité ; E=PU ; F=Productions || A==+Production!I139 ; B==+Production!J139 ; C==+Production!K139 ; D==+Production!L139 ; E==+Production!M139 ; F==+Production!N139 || A==+Production!I140 ; B==+Production!J140 ; C==+Production!K140 ; D==+Production!L140 ; E==+Production!M140 ; F==+Production!N140 || A==+Production!I141 ; B==+Production!J141 ; C==+Production!K141 ; D==+Production!L141 ; E==+Production!M141 ; F==+Production!N141 || A==+Production!I142 ; B==+Production!J142 ; C==+Production!K142 ; D==+Production!L142 ; E==+Production!M142 ; F==+Production!N142 || A==+Production!I143 ; B==+Production!J143 ; C==+Production!K143 ; D==+Production!L143 ; E==+Production!M143 ; F==+Production!N143 || A==+Production!I144 ; B==+Production!J144 ; C==+Production!K144 ; D==+Production!L144 ; E==+Production!M144 ; F==+Production!N144"
Besoins en micas,Besoins en micas_R1,2,6,2,15,5,14,56,14,14,0,B=Micas bruts ; C=Janvier ; D=Février ; E=Mars ; F=Avril ; G=Mai ; H=Juin ; I=Juillet ; J=Août ; K=Septembre ; L=Octobre ; M=Novembre ; N=Décembre ; O==+Production!P8 || B==+'Données SOMIDA'!C31 ; C==+Production!D9/'Données SOMIDA'!$D$58 ; D==+Production!E9/'Données SOMIDA'!$D$58 ; E==+Production!F9/'Données SOMIDA'!$D$58 ; F==+Production!G9/'Données SOMIDA'!$D$58 ; G==+Production!H9/'Données SOMIDA'!$D$58 ; H==+Production!I9/'Données SOMIDA'!$D$58 ; I==+Production!J9/'Données SOMIDA'!$D$58 ; J==+Production!K9/'Données SOMIDA'!$D$58 ; K==+Production!L9/'Données SOMIDA'!$D$58 ; L==+Production!M9/'Données SOMIDA'!$D$58 ; M==+Production!N9/'Données SOMIDA'!$D$58 ; N==+Production!O9/'Données SOMIDA'!$D$58 ; O==SUM(C3:N3) || B==+'Données SOMIDA'!C32 ; C==+Production!D10/'Données SOMIDA'!$D$58 ; D==+Production!E10/'Données SOMIDA'!$D$58 ; E==+Production!F10/'Données SOMIDA'!$D$58 ; F==+Production!G10/'Données SOMIDA'!$D$58 ; G==+Production!H10/'Données SOMIDA'!$D$58 ; H==+Production!I10/'Données SOMIDA'!$D$58 ; I==+Production!J10/'Données SOMIDA'!$D$58 ; J==+Production!K10/'Données SOMIDA'!$D$58 ; K==+Production!L10/'Données SOMIDA'!$D$58 ; L==+Production!M10/'Données SOMIDA'!$D$58 ; M==+Production!N10/'Données SOMIDA'!$D$58 ; N==+Production!O10/'Données SOMIDA'!$D$58 ; O==SUM(C4:N4) || B==+'Données SOMIDA'!C33 ; C==+Production!D11*100/80 ; D==+Production!E11*100/80 ; E==+Production!F11*100/80 ; F==+Production!G11*100/80 ; G==+Production!H11*100/80 ; H==+Production!I11*100/80 ; I==+Production!J11*100/80 ; J==+Production!K11*100/80 ; K==+Production!L11*100/80 ; L==+Production!M11*100/80 ; M==+Production!N11*100/80 ; N==+Production!O11*100/80 ; O==SUM(C5:N5) || B=Total ; C==SUM(C3:C5) ; D==SUM(D3:D5) ; E==SUM(E3:E5) ; F==SUM(F3:F5) ; G==SUM(G3:G5) ; H==SUM(H3:H5) ; I==SUM(I3:I5) ; J==SUM(J3:J5) ; K==SUM(K3:K5) ; L==SUM(L3:L5) ; M==SUM(M3:M5) ; N==SUM(N3:N5) ; O==SUM(O3:O5)
Besoins en micas,Besoins en micas_R2,9,25,2,15,17,14,230,8,5,3,B=Stocks ; C==+C2 ; D==+D2 ; E==+E2 ; F==+F2 ; G==+G2 ; H==+H2 ; I==+I2 ; J==+J2 ; K==+K2 ; L==+L2 ; M==+M2 ; N==+N2 ; O==+O2 || B==+B3 ; C=0 ; D==+C22 ; E==+D22 ; F==+E22 ; G==+F22 ; H==+G22 ; I==+H22 ; J==+I22 ; K==+J22 ; L==+K22 ; M==+L22 ; N==+M22 ; O==+C10 || B==+B4 ; C=0 ; D==+C23 ; E==+D23 ; F==+E23 ; G==+F23 ; H==+G23 ; I==+H23 ; J==+I23 ; K==+J23 ; L==+K23 ; M==+L23 ; N==+M23 ; O==+C11 || B==+B5 ; C=0 ; D==+C24 ; E==+D24 ; F==+E24 ; G==+F24 ; H==+G24 ; I==+H24 ; J==+I24 ; K==+J24 ; L==+K24 ; M==+L24 ; N==+M24 ; O==+C12 || B=SI ; C==SUM(C10:C12) ; D==SUM(D10:D12) ; E==SUM(E10:E12) ; F==SUM(F10:F12) ; G==SUM(G10:G12) ; H==SUM(H10:H12) ; I==SUM(I10:I12) ; J==SUM(J10:J12) ; K==SUM(K10:K12) ; L==SUM(L10:L12) ; M==SUM(M10:M12) ; N==SUM(N10:N12) ; O==SUM(O10:O12) || B==+B10 ; C==+C3*(1+$C$8) ; D==+D3*(1+$C$8) ; E==+E3*(1+$C$8) ; F==+F3*(1+$C$8) ; G==+G3*(1+$C$8) ; H==+H3*(1+$C$8) ; I==+I3*(1+$C$8) ; J==+J3*(1+$C$8) ; K==+K3*(1-$C$8) ; L==+L3*(1-$C$8) ; M==+M3*(1-$C$8) ; N==+N3*(1-$C$8) ; O==SUM(C14:N14) || B==+B11 ; C==+C4*(1+$C$8) ; D==+D4*(1+$C$8) ; E==+E4*(1+$C$8) ; F==+F4*(1+$C$8) ; G==+G4*(1+$C$8) ; H==+H4*(1+$C$8) ; I==+I4*(1+$C$8) ; J==+J4*(1+$C$8) ; K==+K4*(1-$C$8) ; L==+L4*(1-$C$8) ; M==+M4*(1-$C$8) ; N==+N4*(1-$C$8) ; O==SUM(C15:N15) || B==+B12 ; C==+C5*(1+$C$8) ; D==+D5*(1+$C$8) ; E==+E5*(1+$C$8) ; F==+F5*(1+$C$8) ; G==+G5*(1+$C$8) ; H==+H5*(1+$C$8) ; I==+I5*(1+$C$8) ; J==+J5*(1+$C$8) ; K==+K5*(1-$C$8) ; L==+L5*(1-$C$8) ; M==+M5*(1-$C$8) ; N==+N5*(1-$C$8) ; O==SUM(C16:N16)
Besoins en micas,Besoins en micas_R3,27,28,2,15,2,14,26,2,2,0,"B=Valeur ; C==IFERROR(+C25*$O$91,"""") ; D==IFERROR(+D25*$O$91,"""") ; E==IFERROR(+E25*$O$91,"""") ; F==IFERROR(+F25*$O$91,"""") ; G==IFERROR(+G25*$O$91,"""") ; H==IFERROR(+H25*$O$91,"""") ; I==IFERROR(+I25*$O$91,"""") ; J==IFERROR(+J25*$O$91,"""") ; K==IFERROR(+K25*$O$91,"""") ; L==IFERROR(+L25*$O$91,"""") ; M==IFERROR(+M25*$O$91,"""") ; N==IFERROR(+N25*$O$91,"""") ; O==IFERROR(+O25*$O$91,"""") || B=Variation ; C==C27 ; D==IFERROR((-C27+D27),"""") ; E==IFERROR((-D27+E27),"""") ; F==IFERROR((-E27+F27),"""") ; G==IFERROR((-F27+G27),"""") ; H==IFERROR((-G27+H27),"""") ; I==IFERROR((-H27+I27),"""") ; J==IFERROR((-I27+J27),"""") ; K==IFERROR((-J27+K27),"""") ; L==IFERROR((-K27+L27),"""") ; M==IFERROR((-L27+M27),"""") ; N==IFERROR((-M27+N27),"""") ; O==IFERROR((-N27+O27),"""")"
Besoins en micas,Besoins en micas_R4,30,34,2,16,5,15,68,3,3,0,B=Micas coupés ; C==+C2 ; D==+D2 ; E==+E2 ; F==+F2 ; G==+G2 ; H==+H2 ; I==+I2 ; J==+J2 ; K==+K2 ; L==+L2 ; M==+M2 ; N==+N2 ; O=Total ; P= || B==+B3 ; C==+C3*'Données SOMIDA'!$D$58 ; D==+D3*'Données SOMIDA'!$D$58 ; E==+E3*'Données SOMIDA'!$D$58 ; F==+F3*'Données SOMIDA'!$D$58 ; G==+G3*'Données SOMIDA'!$D$58 ; H==+H3*'Données SOMIDA'!$D$58 ; I==+I3*'Données SOMIDA'!$D$58 ; J==+J3*'Données SOMIDA'!$D$58 ; K==+K3*'Données SOMIDA'!$D$58 ; L==+L3*'Données SOMIDA'!$D$58 ; M==+M3*'Données SOMIDA'!$D$58 ; N==+N3*'Données SOMIDA'!$D$58 ; O==SUM(C31:N31) ; P= || B==+B4 ; C==+C4*'Données SOMIDA'!$D$58 ; D==+D4*'Données SOMIDA'!$D$58 ; E==+E4*'Données SOMIDA'!$D$58 ; F==+F4*'Données SOMIDA'!$D$58 ; G==+G4*'Données SOMIDA'!$D$58 ; H==+H4*'Données SOMIDA'!$D$58 ; I==+I4*'Données SOMIDA'!$D$58 ; J==+J4*'Données SOMIDA'!$D$58 ; K==+K4*'Données SOMIDA'!$D$58 ; L==+L4*'Données SOMIDA'!$D$58 ; M==+M4*'Données SOMIDA'!$D$58 ; N==+N4*'Données SOMIDA'!$D$58 ; O==SUM(C32:N32) ; P= || B==+B5 ; C==C5*'Données SOMIDA'!$D$58 ; D==D5*'Données SOMIDA'!$D$58 ; E==E5*'Données SOMIDA'!$D$58 ; F==F5*'Données SOMIDA'!$D$58 ; G==G5*'Données SOMIDA'!$D$58 ; H==H5*'Données SOMIDA'!$D$58 ; I==I5*'Données SOMIDA'!$D$58 ; J==J5*'Données SOMIDA'!$D$58 ; K==K5*'Données SOMIDA'!$D$58 ; L==L5*'Données SOMIDA'!$D$58 ; M==M5*'Données SOMIDA'!$D$58 ; N==N5*'Données SOMIDA'!$D$58 ; O==SUM(C33:N33) ; P= || B=Total ; C==SUM(C31:C33) ; D==SUM(D31:D33) ; E==SUM(E31:E33) ; F==SUM(F31:F33) ; G==SUM(G31:G33) ; H==SUM(H31:H33) ; I==SUM(I31:I33) ; J==SUM(J31:J33) ; K==SUM(K31:K33) ; L==SUM(L31:L33) ; M==SUM(M31:M33) ; N==SUM(N31:N33) ; O==SUM(O31:O33) ; P==+O34/O6
Besoins en micas,Besoins en micas_R5,36,40,2,15,5,14,67,3,3,0,B=Micas vendus ; C==+C30 ; D==+D30 ; E==+E30 ; F==+F30 ; G==+G30 ; H==+H30 ; I==+I30 ; J==+J30 ; K==+K30 ; L==+L30 ; M==+M30 ; N==+N30 ; O=Total || B==+B3 ; C==+Commandes!C32 ; D==+Commandes!D32 ; E==+Commandes!E32 ; F==+Commandes!F32 ; G==+Commandes!G32 ; H==+Commandes!H32 ; I==+Commandes!I32 ; J==+Commandes!J32 ; K==+Commandes!K32 ; L==+Commandes!L32 ; M==+Commandes!M32 ; N==+Commandes!N32 ; O==SUM(C37:N37) || B==+B4 ; C==+Commandes!C39 ; D==+Commandes!D39 ; E==+Commandes!E39 ; F==+Commandes!F39 ; G==+Commandes!G39 ; H==+Commandes!H39 ; I==+Commandes!I39 ; J==+Commandes!J39 ; K==+Commandes!K39 ; L==+Commandes!L39 ; M==+Commandes!M39 ; N==+Commandes!N39 ; O==SUM(C38:N38) || B==+B33 ; C==+Commandes!C42 ; D==+Commandes!D42 ; E==+Commandes!E42 ; F==+Commandes!F42 ; G==+Commandes!G42 ; H==+Commandes!H42 ; I==+Commandes!I42 ; J==+Commandes!J42 ; K==+Commandes!K42 ; L==+Commandes!L42 ; M==+Commandes!M42 ; N==+Commandes!N42 ; O==SUM(C39:N39) || B=Total ; C==SUM(C37:C39) ; D==SUM(D37:D39) ; E==SUM(E37:E39) ; F==SUM(F37:F39) ; G==SUM(G37:G39) ; H==SUM(H37:H39) ; I==SUM(I37:I39) ; J==SUM(J37:J39) ; K==SUM(K37:K39) ; L==SUM(L37:L39) ; M==SUM(M37:M39) ; N==SUM(N37:N39) ; O==SUM(O37:O39)
Besoins en micas,Besoins en micas_R6,43,56,2,16,14,15,195,2,2,0,B=Rubrique ; C==+C36 ; D==+D36 ; E==+E36 ; F==+F36 ; G==+G36 ; H==+H36 ; I==+I36 ; J==+J36 ; K==+K36 ; L==+L36 ; M==+M36 ; N==+N36 ; O==+O36 ; P= || B==+'Données SOMIDA'!C62 ; C==+C14*'Données SOMIDA'!$D$62 ; D==+D14*'Données SOMIDA'!$D$62 ; E==+E14*'Données SOMIDA'!$D$62 ; F==+F14*'Données SOMIDA'!$D$62 ; G==+G14*'Données SOMIDA'!$D$62 ; H==+H14*'Données SOMIDA'!$D$62 ; I==+I14*'Données SOMIDA'!$D$62 ; J==+J14*'Données SOMIDA'!$D$62 ; K==+K14*'Données SOMIDA'!$D$62 ; L==+L14*'Données SOMIDA'!$D$62 ; M==+M14*'Données SOMIDA'!$D$62 ; N==+N14*'Données SOMIDA'!$D$62 ; O==SUM(C44:N44) ; P= || B==+'Données SOMIDA'!C63 ; C==+C14*'Données SOMIDA'!$D$63 ; D==+D14*'Données SOMIDA'!$D$63 ; E==+E14*'Données SOMIDA'!$D$63 ; F==+F14*'Données SOMIDA'!$D$63 ; G==+G14*'Données SOMIDA'!$D$63 ; H==+H14*'Données SOMIDA'!$D$63 ; I==+I14*'Données SOMIDA'!$D$63 ; J==+J14*'Données SOMIDA'!$D$63 ; K==+K14*'Données SOMIDA'!$D$63 ; L==+L14*'Données SOMIDA'!$D$63 ; M==+M14*'Données SOMIDA'!$D$63 ; N==+N14*'Données SOMIDA'!$D$63 ; O==SUM(C45:N45) ; P= || B==+'Données SOMIDA'!C64 ; C==+C14*'Données SOMIDA'!$D$64 ; D==+D14*'Données SOMIDA'!$D$64 ; E==+E14*'Données SOMIDA'!$D$64 ; F==+F14*'Données SOMIDA'!$D$64 ; G==+G14*'Données SOMIDA'!$D$64 ; H==+H14*'Données SOMIDA'!$D$64 ; I==+I14*'Données SOMIDA'!$D$64 ; J==+J14*'Données SOMIDA'!$D$64 ; K==+K14*'Données SOMIDA'!$D$64 ; L==+L14*'Données SOMIDA'!$D$64 ; M==+M14*'Données SOMIDA'!$D$64 ; N==+N14*'Données SOMIDA'!$D$64 ; O==SUM(C46:N46) ; P= || B==+'Données SOMIDA'!C65 ; C==+C14*'Données SOMIDA'!$D$65 ; D==+D14*'Données SOMIDA'!$D$65 ; E==+E14*'Données SOMIDA'!$D$65 ; F==+F14*'Données SOMIDA'!$D$65 ; G==+G14*'Données SOMIDA'!$D$65 ; H==+H14*'Données SOMIDA'!$D$65 ; I==+I14*'Données SOMIDA'!$D$65 ; J==+J14*'Données SOMIDA'!$D$65 ; K==+K14*'Données SOMIDA'!$D$65 ; L==+L14*'Données SOMIDA'!$D$65 ; M==+M14*'Données SOMIDA'!$D$65 ; N==+N14*'Données SOMIDA'!$D$65 ; O==SUM(C47:N47) ; P= || B==+B31 ; C==SUM(C44:C47) ; D==SUM(D44:D47) ; E==SUM(E44:E47) ; F==SUM(F44:F47) ; G==SUM(G44:G47) ; H==SUM(H44:H47) ; I==SUM(I44:I47) ; J==SUM(J44:J47) ; K==SUM(K44:K47) ; L==SUM(L44:L47) ; M==SUM(M44:M47) ; N==SUM(N44:N47) ; O==SUM(C48:N48) ; P= || B==+B44 ; C==+C15*'Données SOMIDA'!$D$62 ; D==+D15*'Données SOMIDA'!$D$62 ; E==+E15*'Données SOMIDA'!$D$62 ; F==+F15*'Données SOMIDA'!$D$62 ; G==+G15*'Données SOMIDA'!$D$62 ; H==+H15*'Données SOMIDA'!$D$62 ; I==+I15*'Données SOMIDA'!$D$62 ; J==+J15*'Données SOMIDA'!$D$62 ; K==+K15*'Données SOMIDA'!$D$62 ; L==+L15*'Données SOMIDA'!$D$62 ; M==+M15*'Données SOMIDA'!$D$62 ; N==+N15*'Données SOMIDA'!$D$62 ; O==SUM(C49:N49) ; P= || B==+B45 ; C==+C15*'Données SOMIDA'!$D$63 ; D==+D15*'Données SOMIDA'!$D$63 ; E==+E15*'Données SOMIDA'!$D$63 ; F==+F15*'Données SOMIDA'!$D$63 ; G==+G15*'Données SOMIDA'!$D$63 ; H==+H15*'Données SOMIDA'!$D$63 ; I==+I15*'Données SOMIDA'!$D$63 ; J==+J15*'Données SOMIDA'!$D$63 ; K==+K15*'Données SOMIDA'!$D$63 ; L==+L15*'Données SOMIDA'!$D$63 ; M==+M15*'Données SOMIDA'!$D$63 ; N==+N15*'Données SOMIDA'!$D$63 ; O==SUM(C50:N50) ; P=
Besoins en micas,Besoins en micas_R7,59,71,2,15,13,14,180,2,2,0,B=En  MGA ; C==+C43 ; D==+D43 ; E==+E43 ; F==+F43 ; G==+G43 ; H==+H43 ; I==+I43 ; J==+J43 ; K==+K43 ; L==+L43 ; M==+M43 ; N==+N43 ; O==+O43 || B==+B49 ; C==+C44*'Données SOMIDA'!$G$71 ; D==+D44*'Données SOMIDA'!$G$71 ; E==+E44*'Données SOMIDA'!$G$71 ; F==+F44*'Données SOMIDA'!$G$71 ; G==+G44*'Données SOMIDA'!$G$71 ; H==+H44*'Données SOMIDA'!$G$71 ; I==+I44*'Données SOMIDA'!$G$71 ; J==+J44*'Données SOMIDA'!$G$71 ; K==+K44*'Données SOMIDA'!$G$71 ; L==+L44*'Données SOMIDA'!$G$71 ; M==+M44*'Données SOMIDA'!$G$71 ; N==+N44*'Données SOMIDA'!$G$71 ; O==SUM(C60:N60) || B==+B50 ; C==(+C45)*'Données SOMIDA'!$G$72 ; D==(+D45)*'Données SOMIDA'!$G$72 ; E==(+E45)*'Données SOMIDA'!$G$72 ; F==(+F45)*'Données SOMIDA'!$G$72 ; G==(+G45)*'Données SOMIDA'!$G$72 ; H==(+H45)*'Données SOMIDA'!$G$72 ; I==(+I45)*'Données SOMIDA'!$G$72 ; J==(+J45)*'Données SOMIDA'!$G$72 ; K==(+K45)*'Données SOMIDA'!$G$72 ; L==(+L45)*'Données SOMIDA'!$G$72 ; M==(+M45)*'Données SOMIDA'!$G$72 ; N==(+N45)*'Données SOMIDA'!$G$72 ; O==SUM(C61:N61) || B==+B51 ; C==+C46*'Données SOMIDA'!$G$74 ; D==+D46*'Données SOMIDA'!$G$74 ; E==+E46*'Données SOMIDA'!$G$74 ; F==+F46*'Données SOMIDA'!$G$74 ; G==+G46*'Données SOMIDA'!$G$74 ; H==+H46*'Données SOMIDA'!$G$74 ; I==+I46*'Données SOMIDA'!$G$74 ; J==+J46*'Données SOMIDA'!$G$74 ; K==+K46*'Données SOMIDA'!$G$74 ; L==+L46*'Données SOMIDA'!$G$74 ; M==+M46*'Données SOMIDA'!$G$74 ; N==+N46*'Données SOMIDA'!$G$74 ; O==SUM(C62:N62) || B==+B52 ; C==+C47*'Données SOMIDA'!$G$75 ; D==+D47*'Données SOMIDA'!$G$75 ; E==+E47*'Données SOMIDA'!$G$75 ; F==+F47*'Données SOMIDA'!$G$75 ; G==+G47*'Données SOMIDA'!$G$75 ; H==+H47*'Données SOMIDA'!$G$75 ; I==+I47*'Données SOMIDA'!$G$75 ; J==+J47*'Données SOMIDA'!$G$75 ; K==+K47*'Données SOMIDA'!$G$75 ; L==+L47*'Données SOMIDA'!$G$75 ; M==+M47*'Données SOMIDA'!$G$75 ; N==+N47*'Données SOMIDA'!$G$75 ; O==SUM(C63:N63) || B==+B48 ; C==SUM(C60:C63) ; D==SUM(D60:D63) ; E==SUM(E60:E63) ; F==SUM(F60:F63) ; G==SUM(G60:G63) ; H==SUM(H60:H63) ; I==SUM(I60:I63) ; J==SUM(J60:J63) ; K==SUM(K60:K63) ; L==SUM(L60:L63) ; M==SUM(M60:M63) ; N==SUM(N60:N63) ; O==SUM(O60:O63) || B==+B60 ; C==+C49*'Données SOMIDA'!$G$71 ; D==+D49*'Données SOMIDA'!$G$71 ; E==+E49*'Données SOMIDA'!$G$71 ; F==+F49*'Données SOMIDA'!$G$71 ; G==+G49*'Données SOMIDA'!$G$71 ; H==+H49*'Données SOMIDA'!$G$71 ; I==+I49*'Données SOMIDA'!$G$71 ; J==+J49*'Données SOMIDA'!$G$71 ; K==+K49*'Données SOMIDA'!$G$71 ; L==+L49*'Données SOMIDA'!$G$71 ; M==+M49*'Données SOMIDA'!$G$71 ; N==+N49*'Données SOMIDA'!$G$71 ; O==SUM(C65:N65) || B==+B61 ; C==+C50*'Données SOMIDA'!$G$72 ; D==+D50*'Données SOMIDA'!$G$72 ; E==+E50*'Données SOMIDA'!$G$72 ; F==+F50*'Données SOMIDA'!$G$72 ; G==+G50*'Données SOMIDA'!$G$72 ; H==+H50*'Données SOMIDA'!$G$72 ; I==+I50*'Données SOMIDA'!$G$72 ; J==+J50*'Données SOMIDA'!$G$72 ; K==+K50*'Données SOMIDA'!$G$72 ; L==+L50*'Données SOMIDA'!$G$72 ; M==+M50*'Données SOMIDA'!$G$72 ; N==+N50*'Données SOMIDA'!$G$72 ; O==SUM(C66:N66)
Besoins en micas,Besoins en micas_R8,73,78,2,15,6,14,78,6,6,0,"B=Transport s/achats ; C==+C59 ; D==+D59 ; E==+E59 ; F==+F59 ; G==+G59 ; H==+H59 ; I==+I59 ; J==+J59 ; K==+K59 ; L==+L59 ; M==+M59 ; N==+N59 ; O==+O59 || B=Tranomaro ; C==+SUMIF($B$44:$B$53,$B$74,C44:C53)*'D... ; D==+SUMIF($B$44:$B$53,$B$74,D44:D53)*'D... ; E==+SUMIF($B$44:$B$53,$B$74,E44:E53)*'D... ; F==+SUMIF($B$44:$B$53,$B$74,F44:F53)*'D... ; G==+SUMIF($B$44:$B$53,$B$74,G44:G53)*'D... ; H==+SUMIF($B$44:$B$53,$B$74,H44:H53)*'D... ; I==+SUMIF($B$44:$B$53,$B$74,I44:I53)*'D... ; J==+SUMIF($B$44:$B$53,$B$74,J44:J53)*'D... ; K==+SUMIF($B$44:$B$53,$B$74,K44:K53)*'D... ; L==+SUMIF($B$44:$B$53,$B$74,L44:L53)*'D... ; M==+SUMIF($B$44:$B$53,$B$74,M44:M53)*'D... ; N==+SUMIF($B$44:$B$53,$B$74,N44:N53)*'D... ; O==SUM(C74:N74) || B=Ampandrandava ; C==+SUMIF($B$44:$B$54,$B$75,C44:C54)*'D... ; D==+SUMIF($B$44:$B$54,$B$75,D44:D54)*'D... ; E==+SUMIF($B$44:$B$54,$B$75,E44:E54)*'D... ; F==+SUMIF($B$44:$B$54,$B$75,F44:F54)*'D... ; G==+SUMIF($B$44:$B$54,$B$75,G44:G54)*'D... ; H==+SUMIF($B$44:$B$54,$B$75,H44:H54)*'D... ; I==+SUMIF($B$44:$B$54,$B$75,I44:I54)*'D... ; J==+SUMIF($B$44:$B$54,$B$75,J44:J54)*'D... ; K==+SUMIF($B$44:$B$54,$B$75,K44:K54)*'D... ; L==+SUMIF($B$44:$B$54,$B$75,L44:L54)*'D... ; M==+SUMIF($B$44:$B$54,$B$75,M44:M54)*'D... ; N==+SUMIF($B$44:$B$54,$B$75,N44:N54)*'D... ; O==SUM(C75:N75) || B=Fort dauphin ; C==+SUMIF($B$44:$B$53,$B$76,C44:C53)*'D... ; D==+SUMIF($B$44:$B$53,$B$76,D44:D53)*'D... ; E==+SUMIF($B$44:$B$53,$B$76,E44:E53)*'D... ; F==+SUMIF($B$44:$B$53,$B$76,F44:F53)*'D... ; G==+SUMIF($B$44:$B$53,$B$76,G44:G53)*'D... ; H==+SUMIF($B$44:$B$53,$B$76,H44:H53)*'D... ; I==+SUMIF($B$44:$B$53,$B$76,I44:I53)*'D... ; J==+SUMIF($B$44:$B$53,$B$76,J44:J53)*'D... ; K==+SUMIF($B$44:$B$53,$B$76,K44:K53)*'D... ; L==+SUMIF($B$44:$B$53,$B$76,L44:L53)*'D... ; M==+SUMIF($B$44:$B$53,$B$76,M44:M53)*'D... ; N==+SUMIF($B$44:$B$53,$B$76,N44:N53)*'D... ; O==SUM(C76:N76) || B=Autres ; C==+SUMIF($B$44:$B$53,$B$77,C44:C53)*'D... ; D==+SUMIF($B$44:$B$53,$B$77,D44:D53)*'D... ; E==+SUMIF($B$44:$B$53,$B$77,E44:E53)*'D... ; F==+SUMIF($B$44:$B$53,$B$77,F44:F53)*'D... ; G==+SUMIF($B$44:$B$53,$B$77,G44:G53)*'D... ; H==+SUMIF($B$44:$B$53,$B$77,H44:H53)*'D... ; I==+SUMIF($B$44:$B$53,$B$77,I44:I53)*'D... ; J==+SUMIF($B$44:$B$53,$B$77,J44:J53)*'D... ; K==+SUMIF($B$44:$B$53,$B$77,K44:K53)*'D... ; L==+SUMIF($B$44:$B$53,$B$77,L44:L53)*'D... ; M==+SUMIF($B$44:$B$53,$B$77,M44:M53)*'D... ; N==+SUMIF($B$44:$B$53,$B$77,N44:N53)*'D... ; O==SUM(C77:N77) || B=Total ; C==SUM(C74:C77) ; D==SUM(D74:D77) ; E==SUM(E74:E77) ; F==SUM(F74:F77) ; G==SUM(G74:G77) ; H==SUM(H74:H77) ; I==SUM(I74:I77) ; J==SUM(J74:J77) ; K==SUM(K74:K77) ; L==SUM(L74:L77) ; M==SUM(M74:M77) ; N==SUM(N74:N77) ; O==SUM(C78:N78)"
Besoins en micas,Besoins en micas_R9,80,102,2,15,23,14,314,6,6,0,B=COUTS D'ACHATS ; C==+C73 ; D==+D73 ; E==+E73 ; F==+F73 ; G==+G73 ; H==+H73 ; I==+I73 ; J==+J73 ; K==+K73 ; L==+L73 ; M==+M73 ; N==+N73 ; O==+O73 || B=Achats + Transp ; C==+C78+C71 ; D==+D78+D71 ; E==+E78+E71 ; F==+F78+F71 ; G==+G78+G71 ; H==+H78+H71 ; I==+I78+I71 ; J==+J78+J71 ; K==+K78+K71 ; L==+L78+L71 ; M==+M78+M71 ; N==+N78+N71 ; O==+O78+O71 || B==+B65 ; C==+C60+C65+C74 ; D==+D60+D65+D74 ; E==+E60+E65+E74 ; F==+F60+F65+F74 ; G==+G60+G65+G74 ; H==+H60+H65+H74 ; I==+I60+I65+I74 ; J==+J60+J65+J74 ; K==+K60+K65+K74 ; L==+L60+L65+L74 ; M==+M60+M65+M74 ; N==+N60+N65+N74 ; O==+O60+O65+O74 || B==+B66 ; C==+C61+C66+C75+C70 ; D==+D61+D66+D75+D70 ; E==+E61+E66+E75+E70 ; F==+F61+F66+F75+F70 ; G==+G61+G66+G75+G70 ; H==+H61+H66+H75+H70 ; I==+I61+I66+I75+I70 ; J==+J61+J66+J75+J70 ; K==+K61+K66+K75+K70 ; L==+L61+L66+L75+L70 ; M==+M61+M66+M75+M70 ; N==+N61+N66+N75+N70 ; O==+O61+O66+O75+O70 || B==+B67 ; C==+C62+C67+C76 ; D==+D62+D67+D76 ; E==+E62+E67+E76 ; F==+F62+F67+F76 ; G==+G62+G67+G76 ; H==+H62+H67+H76 ; I==+I62+I67+I76 ; J==+J62+J67+J76 ; K==+K62+K67+K76 ; L==+L62+L67+L76 ; M==+M62+M67+M76 ; N==+N62+N67+N76 ; O==+O62+O67+O76 || B==+B68 ; C==+C63+C68+C77 ; D==+D63+D68+D77 ; E==+E63+E68+E77 ; F==+F63+F68+F77 ; G==+G63+G68+G77 ; H==+H63+H68+H77 ; I==+I63+I68+I77 ; J==+J63+J68+J77 ; K==+K63+K68+K77 ; L==+L63+L68+L77 ; M==+M63+M68+M77 ; N==+N63+N68+N77 ; O==+O63+O68+O77 || B=Quantité total ; C==+SUM(C87:C90) ; D==+SUM(D87:D90) ; E==+SUM(E87:E90) ; F==+SUM(F87:F90) ; G==+SUM(G87:G90) ; H==+SUM(H87:H90) ; I==+SUM(I87:I90) ; J==+SUM(J87:J90) ; K==+SUM(K87:K90) ; L==+SUM(L87:L90) ; M==+SUM(M87:M90) ; N==+SUM(N87:N90) ; O==+SUM(O87:O90) || B==+B82 ; C==+C44+C49 ; D==+D44+D49 ; E==+E44+E49 ; F==+F44+F49 ; G==+G44+G49 ; H==+H44+H49 ; I==+I44+I49 ; J==+J44+J49 ; K==+K44+K49 ; L==+L44+L49 ; M==+M44+M49 ; N==+N44+N49 ; O==+O44+O49
Besoins en micas,Besoins en micas_R10,104,109,2,15,6,14,83,1,1,0,B=Achats ; C==+C97 ; D==+D97 ; E==+E97 ; F==+F97 ; G==+G97 ; H==+H97 ; I==+I97 ; J==+J97 ; K==+K97 ; L==+L97 ; M==+M97 ; N==+N97 ; O==+O97 || B==+B98 ; C==+C60+C65 ; D==+D60+D65 ; E==+E60+E65 ; F==+F60+F65 ; G==+G60+G65 ; H==+H60+H65 ; I==+I60+I65 ; J==+J60+J65 ; K==+K60+K65 ; L==+L60+L65 ; M==+M60+M65 ; N==+N60+N65 ; O==SUM(C105:N105) || B==+B99 ; C==+C61+C66+C70 ; D==+D61+D66+D70 ; E==+E61+E66+E70 ; F==+F61+F66+F70 ; G==+G61+G66+G70 ; H==+H61+H66+H70 ; I==+I61+I66+I70 ; J==+J61+J66+J70 ; K==+K61+K66+K70 ; L==+L61+L66+L70 ; M==+M61+M66+M70 ; N==+N61+N66+N70 ; O==SUM(C106:N106) || B==+B100 ; C==+C62+C67 ; D==+D62+D67 ; E==+E62+E67 ; F==+F62+F67 ; G==+G62+G67 ; H==+H62+H67 ; I==+I62+I67 ; J==+J62+J67 ; K==+K62+K67 ; L==+L62+L67 ; M==+M62+M67 ; N==+N62+N67 ; O==SUM(C107:N107) || B==+B101 ; C==+C63+C68 ; D==+D63+D68 ; E==+E63+E68 ; F==+F63+F68 ; G==+G63+G68 ; H==+H63+H68 ; I==+I63+I68 ; J==+J63+J68 ; K==+K63+K68 ; L==+L63+L68 ; M==+M63+M68 ; N==+N63+N68 ; O==SUM(C108:N108) || B==+B102 ; C==SUM(C105:C108) ; D==SUM(D105:D108) ; E==SUM(E105:E108) ; F==SUM(F105:F108) ; G==SUM(G105:G108) ; H==SUM(H105:H108) ; I==SUM(I105:I108) ; J==SUM(J105:J108) ; K==SUM(K105:K108) ; L==SUM(L105:L108) ; M==SUM(M105:M108) ; N==SUM(N105:N108) ; O==SUM(C109:N109)
Besoins en micas,Besoins en micas_R11,113,116,2,16,4,15,60,0,0,0,"B==+B44 ; C==SUMIF($B$44:$B$52,$B$113,C44:C52)*'D... ; D==SUMIF($B$44:$B$52,$B$113,D44:D52)*'D... ; E==SUMIF($B$44:$B$52,$B$113,E44:E52)*'D... ; F==SUMIF($B$44:$B$52,$B$113,F44:F52)*'D... ; G==SUMIF($B$44:$B$52,$B$113,G44:G52)*'D... ; H==SUMIF($B$44:$B$52,$B$113,H44:H52)*'D... ; I==SUMIF($B$44:$B$52,$B$113,I44:I52)*'D... ; J==SUMIF($B$44:$B$52,$B$113,J44:J52)*'D... ; K==SUMIF($B$44:$B$52,$B$113,K44:K52)*'D... ; L==SUMIF($B$44:$B$52,$B$113,L44:L52)*'D... ; M==SUMIF($B$44:$B$52,$B$113,M44:M52)*'D... ; N==SUMIF($B$44:$B$52,$B$113,N44:N52)*'D... ; O==SUM(C113:N113) ; P==+O113/$O$119 || B==+B45 ; C==SUMIF($B$44:$B$52,$B$114,C44:C52)*'D... ; D==SUMIF($B$44:$B$52,$B$114,D44:D52)*'D... ; E==SUMIF($B$44:$B$52,$B$114,E44:E52)*'D... ; F==SUMIF($B$44:$B$52,$B$114,F44:F52)*'D... ; G==SUMIF($B$44:$B$52,$B$114,G44:G52)*'D... ; H==SUMIF($B$44:$B$52,$B$114,H44:H52)*'D... ; I==SUMIF($B$44:$B$52,$B$114,I44:I52)*'D... ; J==SUMIF($B$44:$B$52,$B$114,J44:J52)*'D... ; K==SUMIF($B$44:$B$52,$B$114,K44:K52)*'D... ; L==SUMIF($B$44:$B$52,$B$114,L44:L52)*'D... ; M==SUMIF($B$44:$B$52,$B$114,M44:M52)*'D... ; N==SUMIF($B$44:$B$52,$B$114,N44:N52)*'D... ; O==SUM(C114:N114) ; P==+O114/$O$119 || B==+B46 ; C==SUMIF($B$44:$B$52,$B$115,C44:C52)*'D... ; D==SUMIF($B$44:$B$52,$B$115,D44:D52)*'D... ; E==SUMIF($B$44:$B$52,$B$115,E44:E52)*'D... ; F==SUMIF($B$44:$B$52,$B$115,F44:F52)*'D... ; G==SUMIF($B$44:$B$52,$B$115,G44:G52)*'D... ; H==SUMIF($B$44:$B$52,$B$115,H44:H52)*'D... ; I==SUMIF($B$44:$B$52,$B$115,I44:I52)*'D... ; J==SUMIF($B$44:$B$52,$B$115,J44:J52)*'D... ; K==SUMIF($B$44:$B$52,$B$115,K44:K52)*'D... ; L==SUMIF($B$44:$B$52,$B$115,L44:L52)*'D... ; M==SUMIF($B$44:$B$52,$B$115,M44:M52)*'D... ; N==SUMIF($B$44:$B$52,$B$115,N44:N52)*'D... ; O==SUM(C115:N115) ; P==+O115/$O$119 || B==+B47 ; C==SUMIF($B$44:$B$52,$B$116,C44:C52)*'D... ; D==SUMIF($B$44:$B$52,$B$116,D44:D52)*'D... ; E==SUMIF($B$44:$B$52,$B$116,E44:E52)*'D... ; F==SUMIF($B$44:$B$52,$B$116,F44:F52)*'D... ; G==SUMIF($B$44:$B$52,$B$116,G44:G52)*'D... ; H==SUMIF($B$44:$B$52,$B$116,H44:H52)*'D... ; I==SUMIF($B$44:$B$52,$B$116,I44:I52)*'D... ; J==SUMIF($B$44:$B$52,$B$116,J44:J52)*'D... ; K==SUMIF($B$44:$B$52,$B$116,K44:K52)*'D... ; L==SUMIF($B$44:$B$52,$B$116,L44:L52)*'D... ; M==SUMIF($B$44:$B$52,$B$116,M44:M52)*'D... ; N==SUMIF($B$44:$B$52,$B$116,N44:N52)*'D... ; O==SUM(C116:N116) ; P==+O116/$O$119"
Besoins en micas,Besoins en micas_R12,118,119,2,16,2,15,29,0,0,0,B==+B114 ; C==+C54*'Données SOMIDA'!$N$73 ; D==+D54*'Données SOMIDA'!$N$73 ; E==+E54*'Données SOMIDA'!$N$73 ; F==+F54*'Données SOMIDA'!$N$73 ; G==+G54*'Données SOMIDA'!$N$73 ; H==+H54*'Données SOMIDA'!$N$73 ; I==+I54*'Données SOMIDA'!$N$73 ; J==+J54*'Données SOMIDA'!$N$73 ; K==+K54*'Données SOMIDA'!$N$73 ; L==+L54*'Données SOMIDA'!$N$73 ; M==+M54*'Données SOMIDA'!$N$73 ; N==+N54*'Données SOMIDA'!$N$73 ; O==SUM(C118:N118) ; P==+O118/$O$119 || B==+B109 ; C==SUM(C113:C118) ; D==SUM(D113:D118) ; E==SUM(E113:E118) ; F==SUM(F113:F118) ; G==SUM(G113:G118) ; H==SUM(H113:H118) ; I==SUM(I113:I118) ; J==SUM(J113:J118) ; K==SUM(K113:K118) ; L==SUM(L113:L118) ; M==SUM(M113:M118) ; N==SUM(N113:N118) ; O==SUM(O113:O118) ; P=
Besoins en micas,Besoins en micas_R13,123,126,2,15,4,14,56,0,0,0,"B==+B113 ; C==SUMIF($B$44:$B$52,$B$113,C44:C52) ; D==SUMIF($B$44:$B$52,$B$113,D44:D52) ; E==SUMIF($B$44:$B$52,$B$113,E44:E52) ; F==SUMIF($B$44:$B$52,$B$113,F44:F52) ; G==SUMIF($B$44:$B$52,$B$113,G44:G52) ; H==SUMIF($B$44:$B$52,$B$113,H44:H52) ; I==SUMIF($B$44:$B$52,$B$113,I44:I52) ; J==SUMIF($B$44:$B$52,$B$113,J44:J52) ; K==SUMIF($B$44:$B$52,$B$113,K44:K52) ; L==SUMIF($B$44:$B$52,$B$113,L44:L52) ; M==SUMIF($B$44:$B$52,$B$113,M44:M52) ; N==SUMIF($B$44:$B$52,$B$113,N44:N52) ; O==SUM(C123:N123) || B==+B114 ; C==SUMIF($B$44:$B$52,$B$114,C44:C52) ; D==SUMIF($B$44:$B$52,$B$114,D44:D52) ; E==SUMIF($B$44:$B$52,$B$114,E44:E52) ; F==SUMIF($B$44:$B$52,$B$114,F44:F52) ; G==SUMIF($B$44:$B$52,$B$114,G44:G52) ; H==SUMIF($B$44:$B$52,$B$114,H44:H52) ; I==SUMIF($B$44:$B$52,$B$114,I44:I52) ; J==SUMIF($B$44:$B$52,$B$114,J44:J52) ; K==SUMIF($B$44:$B$52,$B$114,K44:K52) ; L==SUMIF($B$44:$B$52,$B$114,L44:L52) ; M==SUMIF($B$44:$B$52,$B$114,M44:M52) ; N==SUMIF($B$44:$B$52,$B$114,N44:N52) ; O==SUM(C124:N124) || B==+B115 ; C==SUMIF($B$44:$B$52,$B$115,C44:C52) ; D==SUMIF($B$44:$B$52,$B$115,D44:D52) ; E==SUMIF($B$44:$B$52,$B$115,E44:E52) ; F==SUMIF($B$44:$B$52,$B$115,F44:F52) ; G==SUMIF($B$44:$B$52,$B$115,G44:G52) ; H==SUMIF($B$44:$B$52,$B$115,H44:H52) ; I==SUMIF($B$44:$B$52,$B$115,I44:I52) ; J==SUMIF($B$44:$B$52,$B$115,J44:J52) ; K==SUMIF($B$44:$B$52,$B$115,K44:K52) ; L==SUMIF($B$44:$B$52,$B$115,L44:L52) ; M==SUMIF($B$44:$B$52,$B$115,M44:M52) ; N==SUMIF($B$44:$B$52,$B$115,N44:N52) ; O==SUM(C125:N125) || B==+B116 ; C==SUMIF($B$44:$B$52,$B$116,C44:C52) ; D==SUMIF($B$44:$B$52,$B$116,D44:D52) ; E==SUMIF($B$44:$B$52,$B$116,E44:E52) ; F==SUMIF($B$44:$B$52,$B$116,F44:F52) ; G==SUMIF($B$44:$B$52,$B$116,G44:G52) ; H==SUMIF($B$44:$B$52,$B$116,H44:H52) ; I==SUMIF($B$44:$B$52,$B$116,I44:I52) ; J==SUMIF($B$44:$B$52,$B$116,J44:J52) ; K==SUMIF($B$44:$B$52,$B$116,K44:K52) ; L==SUMIF($B$44:$B$52,$B$116,L44:L52) ; M==SUMIF($B$44:$B$52,$B$116,M44:M52) ; N==SUMIF($B$44:$B$52,$B$116,N44:N52) ; O==SUM(C126:N126)"
Besoins en micas,Besoins en micas_R14,128,129,2,15,2,14,27,1,1,0,B==+B118 ; C==+C54 ; D==+D54 ; E==+E54 ; F==+F54 ; G==+G54 ; H==+H54 ; I==+I54 ; J==+J54 ; K==+K54 ; L==+L54 ; M==+M54 ; N==+N54 ; O==SUM(C128:N128) || B=Total ; C==SUM(C123:C128) ; D==SUM(D123:D128) ; E==SUM(E123:E128) ; F==SUM(F123:F128) ; G==SUM(G123:G128) ; H==SUM(H123:H128) ; I==SUM(I123:I128) ; J==SUM(J123:J128) ; K==SUM(K123:K128) ; L==SUM(L123:L128) ; M==SUM(M123:M128) ; N==SUM(N123:N128) ; O==SUM(O123:O128)
Besoins en micas,Besoins en micas_R15,133,136,2,15,4,14,56,0,0,0,"B==+B123 ; C==IFERROR(+C113/C123,"""") ; D==IFERROR(+D113/D123,"""") ; E==IFERROR(+E113/E123,"""") ; F==IFERROR(+F113/F123,"""") ; G==IFERROR(+G113/G123,"""") ; H==IFERROR(+H113/H123,"""") ; I==IFERROR(+I113/I123,"""") ; J==IFERROR(+J113/J123,"""") ; K==IFERROR(+K113/K123,"""") ; L==IFERROR(+L113/L123,"""") ; M==IFERROR(+M113/M123,"""") ; N==IFERROR(+N113/N123,"""") ; O==IFERROR(+O113/O123,"""") || B==+B124 ; C==+IFERROR(C114/C124,"""") ; D==+IFERROR(D114/D124,"""") ; E==+IFERROR(E114/E124,"""") ; F==+IFERROR(F114/F124,"""") ; G==+IFERROR(G114/G124,"""") ; H==+IFERROR(H114/H124,"""") ; I==+IFERROR(I114/I124,"""") ; J==+IFERROR(J114/J124,"""") ; K==+IFERROR(K114/K124,"""") ; L==+IFERROR(L114/L124,"""") ; M==+IFERROR(M114/M124,"""") ; N==+IFERROR(N114/N124,"""") ; O==+IFERROR(O114/O124,"""") || B==+B125 ; C==IFERROR(+C115/C125,"""") ; D==IFERROR(+D115/D125,"""") ; E==IFERROR(+E115/E125,"""") ; F==IFERROR(+F115/F125,"""") ; G==IFERROR(+G115/G125,"""") ; H==IFERROR(+H115/H125,"""") ; I==IFERROR(+I115/I125,"""") ; J==IFERROR(+J115/J125,"""") ; K==IFERROR(+K115/K125,"""") ; L==IFERROR(+L115/L125,"""") ; M==IFERROR(+M115/M125,"""") ; N==IFERROR(+N115/N125,"""") ; O==IFERROR(+O115/O125,"""") || B==+B126 ; C==IFERROR(+C116/C126,"""") ; D==IFERROR(+D116/D126,"""") ; E==IFERROR(+E116/E126,"""") ; F==IFERROR(+F116/F126,"""") ; G==IFERROR(+G116/G126,"""") ; H==IFERROR(+H116/H126,"""") ; I==IFERROR(+I116/I126,"""") ; J==IFERROR(+J116/J126,"""") ; K==IFERROR(+K116/K126,"""") ; L==IFERROR(+L116/L126,"""") ; M==IFERROR(+M116/M126,"""") ; N==IFERROR(+N116/N126,"""") ; O==IFERROR(+O116/O126,"""")"
Besoins en micas,Besoins en micas_R16,140,251,2,12,112,11,1091,122,23,99,"B= ; C= ; D= ; E= ; F==+SUBTOTAL(9,F142:F249) ; G= ; H==+SUBTOTAL(9,H142:H249) ; I= ; J==+SUBTOTAL(9,J142:J249) ; K==+SUBTOTAL(9,K142:K249) ; L==IFERROR(+K140/F140,"""") || B=Date ; C=Réf ; D=Type ; E=Lieux ; F=Qté ; G=PU ; H=Valeur ; I=Transp U ; J=Transport ; K=Cout d'achat ; L=CA U || B=<openpyxl.worksheet.formula.ArrayForm... ; C==_xlfn.XLOOKUP(D142,'Données SOMIDA'!... ; D==+B48 ; E==+B44 ; F=<openpyxl.worksheet.formula.ArrayForm... ; G==IF(D142=""FP1 GAZ"",'Données SOMIDA'!$... ; H==+F142*G142 ; I==IF(D142=""FP1 GAZ"",'Données SOMIDA'!$... ; J==+I142*F142 ; K==+H142+J142 ; L==IFERROR(+K142/F142,"""") || B=Février ; C==_xlfn.XLOOKUP(D143,'Données SOMIDA'!... ; D==+D142 ; E==+E142 ; F=112837.5 ; G==IF(D143=""FP1 GAZ"",'Données SOMIDA'!$... ; H==+F143*G143 ; I==IF(D143=""FP1 GAZ"",'Données SOMIDA'!$... ; J==+I143*F143 ; K==+H143+J143 ; L==IFERROR(+K143/F143,"""") || B=Mars ; C==_xlfn.XLOOKUP(D144,'Données SOMIDA'!... ; D==+D143 ; E==+E143 ; F=112200 ; G==IF(D144=""FP1 GAZ"",'Données SOMIDA'!$... ; H==+F144*G144 ; I==IF(D144=""FP1 GAZ"",'Données SOMIDA'!$... ; J==+I144*F144 ; K==+H144+J144 ; L==IFERROR(+K144/F144,"""") || B=Avril ; C==_xlfn.XLOOKUP(D145,'Données SOMIDA'!... ; D==+D144 ; E==+E144 ; F=112837.5 ; G==IF(D145=""FP1 GAZ"",'Données SOMIDA'!$... ; H==+F145*G145 ; I==IF(D145=""FP1 GAZ"",'Données SOMIDA'!$... ; J==+I145*F145 ; K==+H145+J145 ; L==IFERROR(+K145/F145,"""") || B=Mai ; C==_xlfn.XLOOKUP(D146,'Données SOMIDA'!... ; D==+D145 ; E==+E145 ; F=112200 ; G==IF(D146=""FP1 GAZ"",'Données SOMIDA'!$... ; H==+F146*G146 ; I==IF(D146=""FP1 GAZ"",'Données SOMIDA'!$... ; J==+I146*F146 ; K==+H146+J146 ; L==IFERROR(+K146/F146,"""") || B=Juin ; C==_xlfn.XLOOKUP(D147,'Données SOMIDA'!... ; D==+D146 ; E==+E146 ; F=112837.5 ; G==IF(D147=""FP1 GAZ"",'Données SOMIDA'!$... ; H==+F147*G147 ; I==IF(D147=""FP1 GAZ"",'Données SOMIDA'!$... ; J==+I147*F147 ; K==+H147+J147 ; L==IFERROR(+K147/F147,"""")"
Feuil3,Feuil3_R1,4,12,1,15,9,15,98,20,20,0,"A= ; B=Postes ; C=Nb ; D=Sal Fixe unit ; E=Fixes ; F=Primes Unit ; G=Primes ; H=Sal de base ; I=Amit ; J=CNaPs ; K=Ch Personnel ; L=IRSA ; M==+I4 ; N==+J4 ; O=Net à payer || A=FO ; B==+Org!AC14 ; C==+Org!AL14 ; D==+Org!AG14 ; E==+C5*D5 ; F==+Org!J113 ; G= ; H==+G5+E5 ; I==+H5*0.05 ; J==+H5*0.13 ; K==+H5+I5+J5 ; L==+IF((D5+F5)<350000,2000,(D5+F5)*0.2)*C5 ; M= ; N==+H5*1% ; O==+H5-L5-M5-N5 || A=FO ; B==+Org!AC15 ; C==+Org!AL15 ; D==+Org!AG15 ; E==+C6*D6 ; F==+Org!J125 ; G= ; H==+G6+E6 ; I==+H6*0.05 ; J==+H6*0.13 ; K==+H6+I6+J6 ; L==+IF((D6+F6)<350000,2000,(D6+F6)*0.2)*C6 ; M= ; N==+H6*1% ; O==+H6-L6-M6-N6 || A=FO ; B==+Org!AC16 ; C==+Org!AL16 ; D==+Org!AG16 ; E==+C7*D7 ; F==+Org!J129 ; G= ; H==+G7+E7 ; I==+H7*0.05 ; J==+H7*0.13 ; K==+H7+I7+J7 ; L==+IF((D7+F7)<350000,2000,(D7+F7)*0.2)*C7 ; M= ; N==+H7*1% ; O==+H7-L7-M7-N7 || A=FO ; B==+Org!AC17 ; C==+Org!AL17 ; D==+Org!AG17 ; E==+C8*D8 ; F==+F7 ; G= ; H==+G8+E8 ; I==+H8*0.05 ; J==+H8*0.13 ; K==+H8+I8+J8 ; L==+IF((D8+F8)<350000,2000,(D8+F8)*0.2)*C8 ; M= ; N==+H8*1% ; O==+H8-L8-M8-N8 || A=BO ; B==+Org!AC18 ; C==+Org!AL18 ; D==+Org!AG18 ; E==+C9*D9 ; F==+D9/12*C9 ; G= ; H==+G9+E9 ; I==+H9*0.05 ; J==+H9*0.13 ; K==+H9+I9+J9 ; L==+IF((D9+F9)<350000,2000,(D9+F9)*0.2)*C9 ; M= ; N==+H9*1% ; O==+H9-L9-M9-N9 || A=BO ; B==+Org!AC19 ; C==+Org!AL19 ; D==+Org!AG19 ; E==+C10*D10 ; F==+D10/12 ; G= ; H==+G10+E10 ; I==+H10*0.05 ; J==+H10*0.13 ; K==+H10+I10+J10 ; L==+IF((D10+F10)<350000,2000,(D10+F10)*... ; M= ; N==+H10*1% ; O==+H10-L10-M10-N10 || A=BO ; B==+Org!AC20 ; C==+Org!AL20 ; D==+Org!AG20 ; E==+C11*D11 ; F==+F8 ; G= ; H==+G11+E11 ; I==+H11*0.05 ; J==+H11*0.13 ; K==+H11+I11+J11 ; L==+IF((D11+F11)<350000,2000,(D11+F11)*... ; M= ; N==+H11*1% ; O==+H11-L11-M11-N11"
Feuil3,Feuil3_R2,15,20,2,15,6,14,65,8,4,4,"B==+B4 ; C==+C4 ; D==+D4 ; E==+E4 ; F==+F4 ; G==+G4 ; H==+H4 ; I==+I4 ; J==+J4 ; K==+K4 ; L==+L4 ; M==+M4 ; N==+N4 ; O==+O4 || B=Machiniste ; C==+Org!M15 ; D=250000 ; E==+C16*D16 ; F==+D16/12 ; G= ; H==+G16+E16 ; I==+H16*0.05 ; J==+H16*0.13 ; K==+H16+I16+J16 ; L==+IF((D16+F16)<350000,2000,(D16+F16)*... ; M= ; N==+H16*1% ; O==+H16-L16-M16-N16 || B=Aide Machiniste ; C==+Org!M16 ; D=210000 ; E==+C17*D17 ; F==+D17/12 ; G= ; H==+G17+E17 ; I==+H17*0.05 ; J==+H17*0.13 ; K==+H17+I17+J17 ; L==+IF((D17+F17)<350000,2000,(D17+F17)*... ; M= ; N==+H17*1% ; O==+H17-L17-M17-N17 || B=Gardiens ; C==+Org!M17 ; D=400000 ; E==+C18*D18 ; F==+D18/12 ; G= ; H==+G18+E18 ; I==+H18*0.05 ; J==+H18*0.13 ; K==+H18+I18+J18 ; L==+IF((D18+F18)<350000,2000,(D18+F18)*... ; M= ; N==+H18*1% ; O==+H18-L18-M18-N18 || B=Temp Central ; C==+Org!M18 ; D=200000 ; E==+C19*D19 ; F==+D19/12 ; G= ; H==+G19+E19 ; I==+H19*0.05 ; J==+H19*0.13 ; K==+H19+I19+J19 ; L==+IF((D19+F19)<350000,2000,(D19+F19)*... ; M= ; N==+H19*1% ; O==+H19-L19-M19-N19 || B= ; C==SUM(C16:C19) ; D= ; E==SUM(E16:E19) ; F= ; G==SUM(G16:G19) ; H==SUM(H16:H19) ; I==SUM(I16:I19) ; J==SUM(J16:J19) ; K==SUM(K16:K19) ; L==SUM(L16:L19) ; M==SUM(M16:M19) ; N==SUM(N16:N19) ; O==SUM(O16:O19)"
Feuil3,Feuil3_R3,22,27,2,15,6,14,69,8,4,4,"B==+B15 ; C==+C15 ; D==+D15 ; E==+E15 ; F==+F15 ; G==+G15 ; H==+H15 ; I==+I15 ; J==+J15 ; K==+K15 ; L==+L15 ; M==+M15 ; N==+N15 ; O==+O15 || B=Resp Site ; C==+Org!M33 ; D==+Org!F33 ; E==+C23*D23 ; F==+F5 ; G= ; H==+G23+E23 ; I==+H23*0.05*0 ; J==+H23*0.13 ; K==+H23+I23+J23 ; L==+IF((D23+F23)<350000,2000,(D23+F23)*... ; M=0 ; N==+H23*1% ; O==+H23-L23-M23-N23 || B=Collecteurs ; C==+Org!M34 ; D==+Org!F34 ; E==+C24*D24 ; F==+F6 ; G= ; H==+G24+E24 ; I==+H24*0.05*0 ; J==+H24*0.13 ; K==+H24+I24+J24 ; L==+IF((D24+F24)<350000,2000,(D24+F24)*... ; M=0 ; N==+H24*1% ; O==+H24-L24-M24-N24 || B=Aide colleceturs ; C==+Org!M35 ; D==Org!F35 ; E==+C25*D25 ; F==+F24 ; G= ; H==+G25+E25 ; I==+H25*0.05*0 ; J==+H25*0.13 ; K==+H25+I25+J25 ; L==+IF((D25+F25)<350000,2000,(D25+F25)*... ; M=0 ; N==+H25*1% ; O==+H25-L25-M25-N25 || B=Controleurs ; C==+Org!M36 ; D==+Org!F36 ; E==+C26*D26 ; F==+F25 ; G= ; H==+G26+E26 ; I==+H26*0.05*0 ; J==+H26*0.13 ; K==+H26+I26+J26 ; L==+IF((D26+F26)<350000,2000,(D26+F26)*... ; M=0 ; N==+H26*1% ; O==+H26-L26-M26-N26 || B= ; C==SUM(C23:C26) ; D= ; E==SUM(E23:E26) ; F= ; G==SUM(G23:G26) ; H==SUM(H23:H26) ; I==SUM(I23:I26) ; J==SUM(J23:J26) ; K==SUM(K23:K26) ; L==SUM(L23:L26) ; M==SUM(M23:M26) ; N==SUM(N23:N26) ; O==SUM(O23:O26)"
Feuil3,Feuil3_R4,30,33,2,15,4,14,49,1,0,1,"B==+B22 ; C==+C22 ; D==+D22 ; E==+E22 ; F==+F22 ; G==+G22 ; H==+H22 ; I==+I22 ; J==+J22 ; K==+K22 ; L==+L22 ; M==+M22 ; N==+N22 ; O==+O22 || B==+Org!AN31 ; C==+Org!AV31 ; D==+Org!AW31 ; E==+C31*D31 ; F==+D31/12 ; G= ; H==+G31+E31 ; I==+H31*0.05*0 ; J==+H31*0.13 ; K==+H31+I31+J31 ; L==+IF((D31+F31)<350000,2000,(D31+F31)*... ; M==+H31*1% ; N==+H31*1% ; O==+H31-L31-M31-N31 || B==+Org!AN32 ; C==+Org!AV32 ; D=250000 ; E==+C32*D32 ; F==+D32/12 ; G= ; H==+G32+E32 ; I==+H32*0.05*0 ; J==+H32*0.13 ; K==+H32+I32+J32 ; L==+IF((D32+F32)<350000,2000,(D32+F32)*... ; M==+H32*1% ; N==+H32*1% ; O==+H32-L32-M32-N32 || B= ; C==SUM(C31:C32) ; D= ; E==SUM(E31:E32) ; F= ; G==SUM(G31:G32) ; H==SUM(H31:H32) ; I= ; J==SUM(J31:J32) ; K==SUM(K31:K32) ; L==SUM(L31:L32) ; M==SUM(M31:M32) ; N==SUM(N31:N32) ; O==SUM(O31:O32)"
Feuil3,Feuil3_R5,37,54,2,17,18,16,218,17,17,0,"B==+B22 ; C==+C22 ; D==+D22 ; E==+E22 ; F==+F22 ; G==+G22 ; H==+H22 ; I==+I22 ; J==+J22 ; K==+K22 ; L==+L22 ; M==+M22 ; N==+N22 ; O==+O22 ; P= ; Q= || B=Directeur de site ; C==+Org!M63 ; D==+Org!F63 ; E==+C38*D38 ; F==+Org!J112 ; G= ; H==+G38+E38 ; I==+H38*0.05 ; J==+H38*0.13 ; K==+H38+I38+J38 ; L==+IF((D38+F38)<350000,2000,(D38+F38)*... ; M==+H38*1% ; N==+H38*1% ; O==+H38-L38-M38-N38 ; P= ; Q= || B=Collecteurs ; C==+Org!M64 ; D==+Org!F64 ; E==+C39*D39 ; F==+Org!J125 ; G= ; H==+G39+E39 ; I==+H39*0.05 ; J==+H39*0.13 ; K==+H39+I39+J39 ; L==+IF((D39+F39)<350000,2000,(D39+F39)*... ; M==+H39*1% ; N==+H39*1% ; O==+H39-L39-M39-N39 ; P= ; Q==+O39/C39 || B=Aide colleceturs ; C==+Org!M65 ; D==+Org!F65 ; E==+C40*D40 ; F==+Org!J125 ; G= ; H==+G40+E40 ; I==+H40*0.05 ; J==+H40*0.13 ; K==+H40+I40+J40 ; L==+IF((D40+F40)<350000,2000,(D40+F40)*... ; M==+H40*1% ; N==+H40*1% ; O==+H40-L40-M40-N40 ; P= ; Q= || B=RAF ; C==+Org!M66 ; D==+Org!F66 ; E==+C41*D41 ; F==+Org!J113 ; G= ; H==+G41+E41 ; I==+H41*0.05 ; J==+H41*0.13 ; K==+H41+I41+J41 ; L==+IF((D41+F41)<350000,2000,(D41+F41)*... ; M==+H41*1% ; N==+H41*1% ; O==+H41-L41-M41-N41 ; P= ; Q= || B=Resp Transit ; C==+Org!M67 ; D==+Org!F67 ; E==+C42*D42 ; F==+Org!J113 ; G= ; H==+G42+E42 ; I==+H42*0.05 ; J==+H42*0.13 ; K==+H42+I42+J42 ; L==+IF((D42+F42)<350000,2000,(D42+F42)*... ; M==+H42*1% ; N==+H42*1% ; O==+H42-L42-M42-N42 ; P= ; Q= || B=Resp Mica ; C==+Org!M68 ; D==+Org!F68 ; E==+C43*D43 ; F==+Org!J125 ; G= ; H==+G43+E43 ; I==+H43*0.05 ; J==+H43*0.13 ; K==+H43+I43+J43 ; L==+IF((D43+F43)<350000,2000,(D43+F43)*... ; M==+H43*1% ; N==+H43*1% ; O==+H43-L43-M43-N43 ; P= ; Q= || B=Resp Entretien ; C==+Org!M69 ; D==+Org!F69 ; E==+C44*D44 ; F==+Org!J125 ; G= ; H==+G44+E44 ; I==+H44*0.05 ; J==+H44*0.13 ; K==+H44+I44+J44 ; L==+IF((D44+F44)<350000,2000,(D44+F44)*... ; M==+H44*1% ; N==+H44*1% ; O==+H44-L44-M44-N44 ; P= ; Q="
Feuil3,Feuil3_R6,56,57,2,15,2,14,25,1,1,0,B==+B37 ; C==+C37 ; D==+D37 ; E==+E37 ; F==+F37 ; G==+G37 ; H==+H37 ; I==+I37 ; J==+J37 ; K==+K37 ; L==+L37 ; M==+M37 ; N==+N37 ; O==+O37 || B=Salaires ; C==+C54+C27+C20+C12+C33 ; D= ; E==+E54+E27+E20+E12+E33 ; F= ; G==+G54+G27+G20+G12+G33 ; H==+H54+H27+H20+H12+H33 ; I==+I54+I27+I20+I12+I33 ; J==+J54+J27+J20+J12+J33 ; K==+K54+K27+K20+K12+K33 ; L==+L54+L27+L20+L12+L33 ; M==+M54+M27+M20+M12+M33 ; N==+N54+N27+N20+N12+N33 ; O==+O54+O27+O20+O12+O33
Feuil3,Feuil3_R7,60,66,2,16,7,15,78,20,20,0,B=Libellés ; C= ; D=Mois 1 ; E=Mois 2 ; F=Mois 3 ; G=Mois 4 ; H=Mois 5 ; I=Mois 6 ; J=Mois 7 ; K=Mois 8 ; L=Mois 9 ; M=Mois 10 ; N=Mois 11 ; O=Mois 12 ; P=Total || B=Salaire ; C= ; D==+H57 ; E==+D61 ; F==+E61 ; G==+F61 ; H==+G61 ; I==+H61 ; J==+I61 ; K==+J61 ; L==+K61 ; M==+L61 ; N==+M61 ; O==+N61 ; P==SUM(D61:O61) || B=Charge sociale ; C= ; D==+I57+J57 ; E==+D62 ; F==+E62 ; G==+F62 ; H==+G62 ; I==+H62 ; J==+I62 ; K==+J62 ; L==+K62 ; M==+L62 ; N==+M62 ; O==+N62 ; P==SUM(D62:O62) || B=Cnaps salariale ; C= ; D==-D62 ; E==+D63 ; F==+E63 ; G==+F63 ; H==+G63 ; I==+H63 ; J==+I63 ; K==+J63 ; L==+K63 ; M==+L63 ; N==+M63 ; O==+N63 ; P==SUM(D63:O63) || B=IRSA ; C= ; D==+L59 ; E==+D64 ; F==+E64 ; G==+F64 ; H==+G64 ; I==+H64 ; J==+I64 ; K==+J64 ; L==+K64 ; M==+L64 ; N==+M64 ; O==+N64 ; P==SUM(D64:O64) || B=Ch sociale ; C= ; D==-M57-N57 ; E==+D65 ; F==+E65 ; G==+F65 ; H==+G65 ; I==+H65 ; J==+I65 ; K==+J65 ; L==+K65 ; M==+L65 ; N==+M65 ; O==+N65 ; P==SUM(D65:O65) || B=Net à payer ; C= ; D==+O59 ; E==+D66 ; F==+E66 ; G==+F66 ; H==+G66 ; I==+H66 ; J==+I66 ; K==+J66 ; L==+K66 ; M==+L66 ; N==+M66 ; O==+N66 ; P==SUM(D66:O66)
CA,CA_R1,4,7,2,17,4,16,57,0,0,0,B==+'Données SOMIDA'!C96 ; C==+Commandes!C28 ; D==+Commandes!D28 ; E==+Commandes!E28 ; F==+Commandes!F28 ; G==+Commandes!G28 ; H==+Commandes!H28 ; I==+Commandes!I28 ; J==+Commandes!J28 ; K==+Commandes!K28 ; L==+Commandes!L28 ; M==+Commandes!M28 ; N==+Commandes!N28 ; O==SUM(C4:N4) ; P= ; Q= || B==+'Données SOMIDA'!C97 ; C==+Commandes!C29 ; D==+Commandes!D29 ; E==+Commandes!E29 ; F==+Commandes!F29 ; G==+Commandes!G29 ; H==+Commandes!H29 ; I==+Commandes!I29 ; J==+Commandes!J29 ; K==+Commandes!K29 ; L==+Commandes!L29 ; M==+Commandes!M29 ; N==+Commandes!N29 ; O==SUM(C5:N5) ; P= ; Q= || B==+'Données SOMIDA'!C98 ; C==+Commandes!C30 ; D==+Commandes!D30 ; E==+Commandes!E30 ; F==+Commandes!F30 ; G==+Commandes!G30 ; H==+Commandes!H30 ; I==+Commandes!I30 ; J==+Commandes!J30 ; K==+Commandes!K30 ; L==+Commandes!L30 ; M==+Commandes!M30 ; N==+Commandes!N30 ; O==SUM(C6:N6) ; P= ; Q= || B==+'Données SOMIDA'!C99 ; C==+Commandes!C31 ; D==+Commandes!D31 ; E==+Commandes!E31 ; F==+Commandes!F31 ; G==+Commandes!G31 ; H==+Commandes!H31 ; I==+Commandes!I31 ; J==+Commandes!J31 ; K==+Commandes!K31 ; L==+Commandes!L31 ; M==+Commandes!M31 ; N==+Commandes!N31 ; O==SUM(C7:N7) ; P= ; Q==+SUM(O4:O7)
CA,CA_R2,9,12,2,17,4,16,57,0,0,0,B==+'Données SOMIDA'!C101 ; C==+Commandes!C35 ; D==+Commandes!D35 ; E==+Commandes!E35 ; F==+Commandes!F35 ; G==+Commandes!G35 ; H==+Commandes!H35 ; I==+Commandes!I35 ; J==+Commandes!J35 ; K==+Commandes!K35 ; L==+Commandes!L35 ; M==+Commandes!M35 ; N==+Commandes!N35 ; O==SUM(C9:N9) ; P= ; Q= || B==+'Données SOMIDA'!C102 ; C==+Commandes!C36 ; D==+Commandes!D36 ; E==+Commandes!E36 ; F==+Commandes!F36 ; G==+Commandes!G36 ; H==+Commandes!H36 ; I==+Commandes!I36 ; J==+Commandes!J36 ; K==+Commandes!K36 ; L==+Commandes!L36 ; M==+Commandes!M36 ; N==+Commandes!N36 ; O==SUM(C10:N10) ; P= ; Q= || B==+'Données SOMIDA'!C103 ; C==+Commandes!C37 ; D==+Commandes!D37 ; E==+Commandes!E37 ; F==+Commandes!F37 ; G==+Commandes!G37 ; H==+Commandes!H37 ; I==+Commandes!I37 ; J==+Commandes!J37 ; K==+Commandes!K37 ; L==+Commandes!L37 ; M==+Commandes!M37 ; N==+Commandes!N37 ; O==SUM(C11:N11) ; P= ; Q= || B==+B7 ; C==+Commandes!C38 ; D==+Commandes!D38 ; E==+Commandes!E38 ; F==+Commandes!F38 ; G==+Commandes!G38 ; H==+Commandes!H38 ; I==+Commandes!I38 ; J==+Commandes!J38 ; K==+Commandes!K38 ; L==+Commandes!L38 ; M==+Commandes!M38 ; N==+Commandes!N38 ; O==SUM(C12:N12) ; P= ; Q==+SUM(O9:O12)
CA,CA_R3,14,15,2,15,2,14,27,1,1,0,B==+B4 ; C==+Commandes!C42 ; D==+Commandes!D42 ; E==+Commandes!E42 ; F==+Commandes!F42 ; G==+Commandes!G42 ; H==+Commandes!H42 ; I==+Commandes!I42 ; J==+Commandes!J42 ; K==+Commandes!K42 ; L==+Commandes!L42 ; M==+Commandes!M42 ; N==+Commandes!N42 ; O==SUM(C14:N14) || B=Total ; C==SUM(C3:C14) ; D==SUM(D3:D14) ; E==SUM(E3:E14) ; F==SUM(F3:F14) ; G==SUM(G3:G14) ; H==SUM(H3:H14) ; I==SUM(I3:I14) ; J==SUM(J3:J14) ; K==SUM(K3:K14) ; L==SUM(L3:L14) ; M==SUM(M3:M14) ; N==SUM(N3:N14) ; O==SUM(O3:O14)
CA,CA_R4,19,22,2,15,4,14,56,0,0,0,B==+B4 ; C==+C4*'Données SOMIDA'!$D$79*'Données ... ; D==+D4*'Données SOMIDA'!$D$79*'Données ... ; E==+E4*'Données SOMIDA'!$D$79*'Données ... ; F==+F4*'Données SOMIDA'!$D$79*'Données ... ; G==+G4*'Données SOMIDA'!$D$79*'Données ... ; H==+H4*'Données SOMIDA'!$D$79*'Données ... ; I==+I4*'Données SOMIDA'!$D$79*'Données ... ; J==+J4*'Données SOMIDA'!$D$79*'Données ... ; K==+K4*'Données SOMIDA'!$D$79*'Données ... ; L==+L4*'Données SOMIDA'!$D$79*'Données ... ; M==+M4*'Données SOMIDA'!$D$79*'Données ... ; N==+N4*'Données SOMIDA'!$D$79*'Données ... ; O==SUM(C19:N19) || B==+B5 ; C==+C5*'Données SOMIDA'!$D$80*'Données ... ; D==+D5*'Données SOMIDA'!$D$80*'Données ... ; E==+E5*'Données SOMIDA'!$D$80*'Données ... ; F==+F5*'Données SOMIDA'!$D$80*'Données ... ; G==+G5*'Données SOMIDA'!$D$80*'Données ... ; H==+H5*'Données SOMIDA'!$D$80*'Données ... ; I==+I5*'Données SOMIDA'!$D$80*'Données ... ; J==+J5*'Données SOMIDA'!$D$80*'Données ... ; K==+K5*'Données SOMIDA'!$D$80*'Données ... ; L==+L5*'Données SOMIDA'!$D$80*'Données ... ; M==+M5*'Données SOMIDA'!$D$80*'Données ... ; N==+N5*'Données SOMIDA'!$D$80*'Données ... ; O==SUM(C20:N20) || B==+B6 ; C==+C6*'Données SOMIDA'!$D$81*'Données ... ; D==+D6*'Données SOMIDA'!$D$81*'Données ... ; E==+E6*'Données SOMIDA'!$D$81*'Données ... ; F==+F6*'Données SOMIDA'!$D$81*'Données ... ; G==+G6*'Données SOMIDA'!$D$81*'Données ... ; H==+H6*'Données SOMIDA'!$D$81*'Données ... ; I==+I6*'Données SOMIDA'!$D$81*'Données ... ; J==+J6*'Données SOMIDA'!$D$81*'Données ... ; K==+K6*'Données SOMIDA'!$D$81*'Données ... ; L==+L6*'Données SOMIDA'!$D$81*'Données ... ; M==+M6*'Données SOMIDA'!$D$81*'Données ... ; N==+N6*'Données SOMIDA'!$D$81*'Données ... ; O==SUM(C21:N21) || B==+B7 ; C==+C7*'Données SOMIDA'!$D$82*'Données ... ; D==+D7*'Données SOMIDA'!$D$82*'Données ... ; E==+E7*'Données SOMIDA'!$D$82*'Données ... ; F==+F7*'Données SOMIDA'!$D$82*'Données ... ; G==+G7*'Données SOMIDA'!$D$82*'Données ... ; H==+H7*'Données SOMIDA'!$D$82*'Données ... ; I==+I7*'Données SOMIDA'!$D$82*'Données ... ; J==+J7*'Données SOMIDA'!$D$82*'Données ... ; K==+K7*'Données SOMIDA'!$D$82*'Données ... ; L==+L7*'Données SOMIDA'!$D$82*'Données ... ; M==+M7*'Données SOMIDA'!$D$82*'Données ... ; N==+N7*'Données SOMIDA'!$D$82*'Données ... ; O==SUM(C22:N22)
CA,CA_R5,24,28,2,15,5,14,70,0,0,0,B==+B9 ; C==+C9*'Données SOMIDA'!$D$79*'Données ... ; D==+D9*'Données SOMIDA'!$D$79*'Données ... ; E==+E9*'Données SOMIDA'!$D$79*'Données ... ; F==+F9*'Données SOMIDA'!$D$79*'Données ... ; G==+G9*'Données SOMIDA'!$D$79*'Données ... ; H==+H9*'Données SOMIDA'!$D$79*'Données ... ; I==+I9*'Données SOMIDA'!$D$79*'Données ... ; J==+J9*'Données SOMIDA'!$D$79*'Données ... ; K==+K9*'Données SOMIDA'!$D$79*'Données ... ; L==+L9*'Données SOMIDA'!$D$79*'Données ... ; M==+M9*'Données SOMIDA'!$D$79*'Données ... ; N==+N9*'Données SOMIDA'!$D$79*'Données ... ; O==SUM(C24:N24) || B==+B10 ; C==+C10*'Données SOMIDA'!$D$80*'Données... ; D==+D10*'Données SOMIDA'!$D$80*'Données... ; E==+E10*'Données SOMIDA'!$D$80*'Données... ; F==+F10*'Données SOMIDA'!$D$80*'Données... ; G==+G10*'Données SOMIDA'!$D$80*'Données... ; H==+H10*'Données SOMIDA'!$D$80*'Données... ; I==+I10*'Données SOMIDA'!$D$80*'Données... ; J==+J10*'Données SOMIDA'!$D$80*'Données... ; K==+K10*'Données SOMIDA'!$D$80*'Données... ; L==+L10*'Données SOMIDA'!$D$80*'Données... ; M==+M10*'Données SOMIDA'!$D$80*'Données... ; N==+N10*'Données SOMIDA'!$D$80*'Données... ; O==SUM(C25:N25) || B==+B11 ; C==+C11*'Données SOMIDA'!$D$81*'Données... ; D==+D11*'Données SOMIDA'!$D$81*'Données... ; E==+E11*'Données SOMIDA'!$D$81*'Données... ; F==+F11*'Données SOMIDA'!$D$81*'Données... ; G==+G11*'Données SOMIDA'!$D$81*'Données... ; H==+H11*'Données SOMIDA'!$D$81*'Données... ; I==+I11*'Données SOMIDA'!$D$81*'Données... ; J==+J11*'Données SOMIDA'!$D$81*'Données... ; K==+K11*'Données SOMIDA'!$D$81*'Données... ; L==+L11*'Données SOMIDA'!$D$81*'Données... ; M==+M11*'Données SOMIDA'!$D$81*'Données... ; N==+N11*'Données SOMIDA'!$D$81*'Données... ; O==SUM(C26:N26) || B==+B12 ; C==+C12*'Données SOMIDA'!$D$82*'Données... ; D==+D12*'Données SOMIDA'!$D$82*'Données... ; E==+E12*'Données SOMIDA'!$D$82*'Données... ; F==+F12*'Données SOMIDA'!$D$82*'Données... ; G==+G12*'Données SOMIDA'!$D$82*'Données... ; H==+H12*'Données SOMIDA'!$D$82*'Données... ; I==+I12*'Données SOMIDA'!$D$82*'Données... ; J==+J12*'Données SOMIDA'!$D$82*'Données... ; K==+K12*'Données SOMIDA'!$D$82*'Données... ; L==+L12*'Données SOMIDA'!$D$82*'Données... ; M==+M12*'Données SOMIDA'!$D$82*'Données... ; N==+N12*'Données SOMIDA'!$D$82*'Données... ; O==SUM(C27:N27) || B==+B13 ; C==+C14*'Données SOMIDA'!$D$83*'Données... ; D==+D14*'Données SOMIDA'!$D$83*'Données... ; E==+E14*'Données SOMIDA'!$D$83*'Données... ; F==+F14*'Données SOMIDA'!$D$83*'Données... ; G==+G14*'Données SOMIDA'!$D$83*'Données... ; H==+H14*'Données SOMIDA'!$D$83*'Données... ; I==+I14*'Données SOMIDA'!$D$83*'Données... ; J==+J14*'Données SOMIDA'!$D$83*'Données... ; K==+K14*'Données SOMIDA'!$D$83*'Données... ; L==+L14*'Données SOMIDA'!$D$83*'Données... ; M==+M14*'Données SOMIDA'!$D$83*'Données... ; N==+N14*'Données SOMIDA'!$D$83*'Données... ; O==SUM(C28:N28)
CA,CA_R6,30,34,2,18,5,17,43,29,5,24,B=LOYER VILLA BERYL BAS ; C=1050000 ; D=1050000 ; E=1050000 ; F=1050000 ; G=1050000 ; H=1050000 ; I=1050000 ; J=1050000 ; K=1050000 ; L=1050000 ; M=1050000 ; N=1050000 ; O==SUM(C30:N30) ; P= ; Q= ; R= || B=LOYER VILLA BERYL HAUT ; C=918750 ; D=918750 ; E=918750 ; F=918750 ; G=918750 ; H=918750 ; I=918750 ; J=918750 ; K=918750 ; L=918750 ; M=918750 ; N=918750 ; O==SUM(C31:N31) ; P= ; Q= ; R= || B=VENTE HT ; C==SUM(C18:C31) ; D==SUM(D18:D31) ; E==SUM(E18:E31) ; F==SUM(F18:F31) ; G==SUM(G18:G31) ; H==SUM(H18:H31) ; I==SUM(I18:I31) ; J==SUM(J18:J31) ; K==SUM(K18:K31) ; L==SUM(L18:L31) ; M==SUM(M18:M31) ; N==SUM(N18:N31) ; O==SUM(O18:O31) ; P= ; Q==SUM('CR Nature FD'!O4:O8) ; R==+O32-Q32 || B=TVA COLLECTEE ; C==+SUM(C30:C31)*0.2 ; D==+SUM(D30:D31)*0.2 ; E==+SUM(E30:E31)*0.2 ; F==+SUM(F30:F31)*0.2 ; G==+SUM(G30:G31)*0.2 ; H==+SUM(H30:H31)*0.2 ; I==+SUM(I30:I31)*0.2 ; J==+SUM(J30:J31)*0.2 ; K==+SUM(K30:K31)*0.2 ; L==+SUM(L30:L31)*0.2 ; M==+SUM(M30:M31)*0.2 ; N==+SUM(N30:N31)*0.2 ; O==+SUM(O30:O31)*0.2 ; P= ; Q= ; R= || B=CLIENTS ; C==SUM(C32:C33) ; D==SUM(D32:D33) ; E==SUM(E32:E33) ; F==SUM(F32:F33) ; G==SUM(G32:G33) ; H==SUM(H32:H33) ; I==SUM(I32:I33) ; J==SUM(J32:J33) ; K==SUM(K32:K33) ; L==SUM(L32:L33) ; M==SUM(M32:M33) ; N==SUM(N32:N33) ; O==SUM(O32:O33) ; P= ; Q= ; R=
CA,CA_R7,36,40,2,16,5,15,65,7,7,0,B=Clients ; C=A.N. ; D==+C17 ; E==+D17 ; F==+E17 ; G==+F17 ; H==+G17 ; I==+H17 ; J==+I17 ; K==+J17 ; L==+K17 ; M==+L17 ; N==+M17 ; O==+N17 ; P=Fin || B=Début ; C= ; D==+C40 ; E==+D40 ; F==+E40 ; G==+F40 ; H==+G40 ; I==+H40 ; J==+I40 ; K==+J40 ; L==+K40 ; M==+L40 ; N==+M40 ; O==+N40 ; P==+D37 || B=Ventes ; C= ; D==+C34/1000 ; E==+D34/1000 ; F==+E34/1000 ; G==+F34/1000 ; H==+G34/1000 ; I==+H34/1000 ; J==+I34/1000 ; K==+J34/1000 ; L==+K34/1000 ; M==+L34/1000 ; N==+M34/1000 ; O==+N34/1000 ; P==SUM(D38:O38) || B=Recouvrements ; C= ; D==-D38*0.75 ; E==-E38*0.9 ; F==-F38*0.9 ; G==-G38*1.1 ; H==-H38*1.1 ; I==-I38*1.1 ; J==-J38*1.1 ; K==-K38*0.95 ; L==-L38*0.9 ; M==-M38*0.9 ; N==-N38*0.9 ; O==-O38*0.9 ; P==SUM(D39:O39) || B=Fin ; C==+AN!C181 ; D==SUM(D37:D39) ; E==SUM(E37:E39) ; F==SUM(F37:F39) ; G==SUM(G37:G39) ; H==SUM(H37:H39) ; I==SUM(I37:I39) ; J==SUM(J37:J39) ; K==SUM(K37:K39) ; L==SUM(L37:L39) ; M==SUM(M37:M39) ; N==SUM(N37:N39) ; O==SUM(O37:O39) ; P==SUM(P37:P39)
CA,CA_R8,45,50,2,15,6,14,83,1,1,0,"B==+B19 ; C==+SUMIF($B$18:$B$31,$B$45,C18:C31)*$C$44 ; D==+SUMIF($B$18:$B$31,$B$45,D18:D31)*$C$44 ; E==+SUMIF($B$18:$B$31,$B$45,E18:E31)*$C$44 ; F==+SUMIF($B$18:$B$31,$B$45,F18:F31)*$C$44 ; G==+SUMIF($B$18:$B$31,$B$45,G18:G31)*$C$44 ; H==+SUMIF($B$18:$B$31,$B$45,H18:H31)*$C$44 ; I==+SUMIF($B$18:$B$31,$B$45,I18:I31)*$C$44 ; J==+SUMIF($B$18:$B$31,$B$45,J18:J31)*$C$44 ; K==+SUMIF($B$18:$B$31,$B$45,K18:K31)*$C$44 ; L==+SUMIF($B$18:$B$31,$B$45,L18:L31)*$C$44 ; M==+SUMIF($B$18:$B$31,$B$45,M18:M31)*$C$44 ; N==+SUMIF($B$18:$B$31,$B$45,N18:N31)*$C$44 ; O==SUM(C45:N45) || B==+B20 ; C==+SUMIF($B$18:$B$31,$B$46,C18:C31)*$C$44 ; D==+SUMIF($B$18:$B$31,$B$46,D18:D31)*$C$44 ; E==+SUMIF($B$18:$B$31,$B$46,E18:E31)*$C$44 ; F==+SUMIF($B$18:$B$31,$B$46,F18:F31)*$C$44 ; G==+SUMIF($B$18:$B$31,$B$46,G18:G31)*$C$44 ; H==+SUMIF($B$18:$B$31,$B$46,H18:H31)*$C$44 ; I==+SUMIF($B$18:$B$31,$B$46,I18:I31)*$C$44 ; J==+SUMIF($B$18:$B$31,$B$46,J18:J31)*$C$44 ; K==+SUMIF($B$18:$B$31,$B$46,K18:K31)*$C$44 ; L==+SUMIF($B$18:$B$31,$B$46,L18:L31)*$C$44 ; M==+SUMIF($B$18:$B$31,$B$46,M18:M31)*$C$44 ; N==+SUMIF($B$18:$B$31,$B$46,N18:N31)*$C$44 ; O==SUM(C46:N46) || B==+B21 ; C==+SUMIF($B$18:$B$31,$B$47,C18:C31)*$C$44 ; D==+SUMIF($B$18:$B$31,$B$47,D18:D31)*$C$44 ; E==+SUMIF($B$18:$B$31,$B$47,E18:E31)*$C$44 ; F==+SUMIF($B$18:$B$31,$B$47,F18:F31)*$C$44 ; G==+SUMIF($B$18:$B$31,$B$47,G18:G31)*$C$44 ; H==+SUMIF($B$18:$B$31,$B$47,H18:H31)*$C$44 ; I==+SUMIF($B$18:$B$31,$B$47,I18:I31)*$C$44 ; J==+SUMIF($B$18:$B$31,$B$47,J18:J31)*$C$44 ; K==+SUMIF($B$18:$B$31,$B$47,K18:K31)*$C$44 ; L==+SUMIF($B$18:$B$31,$B$47,L18:L31)*$C$44 ; M==+SUMIF($B$18:$B$31,$B$47,M18:M31)*$C$44 ; N==+SUMIF($B$18:$B$31,$B$47,N18:N31)*$C$44 ; O==SUM(C47:N47) || B==+B22 ; C==+SUMIF($B$18:$B$31,$B$48,C18:C31)*$C$43 ; D==+SUMIF($B$18:$B$31,$B$48,D18:D31)*$C$43 ; E==+SUMIF($B$18:$B$31,$B$48,E18:E31)*$C$43 ; F==+SUMIF($B$18:$B$31,$B$48,F18:F31)*$C$43 ; G==+SUMIF($B$18:$B$31,$B$48,G18:G31)*$C$43 ; H==+SUMIF($B$18:$B$31,$B$48,H18:H31)*$C$43 ; I==+SUMIF($B$18:$B$31,$B$48,I18:I31)*$C$43 ; J==+SUMIF($B$18:$B$31,$B$48,J18:J31)*$C$43 ; K==+SUMIF($B$18:$B$31,$B$48,K18:K31)*$C$43 ; L==+SUMIF($B$18:$B$31,$B$48,L18:L31)*$C$43 ; M==+SUMIF($B$18:$B$31,$B$48,M18:M31)*$C$43 ; N==+SUMIF($B$18:$B$31,$B$48,N18:N31)*$C$43 ; O==SUM(C48:N48) || B==+B28 ; C==+SUMIF($B$18:$B$31,$B$49,C18:C31)*$C$43 ; D==+SUMIF($B$18:$B$31,$B$49,D18:D31)*$C$43 ; E==+SUMIF($B$18:$B$31,$B$49,E18:E31)*$C$43 ; F==+SUMIF($B$18:$B$31,$B$49,F18:F31)*$C$43 ; G==+SUMIF($B$18:$B$31,$B$49,G18:G31)*$C$43 ; H==+SUMIF($B$18:$B$31,$B$49,H18:H31)*$C$43 ; I==+SUMIF($B$18:$B$31,$B$49,I18:I31)*$C$43 ; J==+SUMIF($B$18:$B$31,$B$49,J18:J31)*$C$43 ; K==+SUMIF($B$18:$B$31,$B$49,K18:K31)*$C$43 ; L==+SUMIF($B$18:$B$31,$B$49,L18:L31)*$C$43 ; M==+SUMIF($B$18:$B$31,$B$49,M18:M31)*$C$43 ; N==+SUMIF($B$18:$B$31,$B$49,N18:N31)*$C$43 ; O==SUM(C49:N49) || B=Ristournes ; C==SUM(C45:C49) ; D==SUM(D45:D49) ; E==SUM(E45:E49) ; F==SUM(F45:F49) ; G==SUM(G45:G49) ; H==SUM(H45:H49) ; I==SUM(I45:I49) ; J==SUM(J45:J49) ; K==SUM(K45:K49) ; L==SUM(L45:L49) ; M==SUM(M45:M49) ; N==SUM(N45:N49) ; O==SUM(C50:N50)"
CA,CA_R9,52,55,2,17,4,16,58,2,2,0,"B=CA Unitaire ; C==+C42 ; D==+D42 ; E==+E42 ; F==+F42 ; G==+G42 ; H==+H42 ; I==+I42 ; J==+J42 ; K==+K42 ; L==+L42 ; M==+M42 ; N==+N42 ; O==+O42 ; P= ; Q=Moyenne || B==+Production!C71 ; C==IFERROR(+SUM(C19:C28)/C15,0) ; D==IFERROR(+SUM(D19:D28)/D15,0) ; E==IFERROR(+SUM(E19:E28)/E15,0) ; F==IFERROR(+SUM(F19:F28)/F15,0) ; G==IFERROR(+SUM(G19:G28)/G15,0) ; H==IFERROR(+SUM(H19:H28)/H15,0) ; I==IFERROR(+SUM(I19:I28)/I15,0) ; J==IFERROR(+SUM(J19:J28)/J15,0) ; K==IFERROR(+SUM(K19:K28)/K15,0) ; L==IFERROR(+SUM(L19:L28)/L15,0) ; M==IFERROR(+SUM(M19:M28)/M15,0) ; N==IFERROR(+SUM(N19:N28)/N15,0) ; O==IFERROR(+SUM(O19:O28)/O15,0) ; P= ; Q==AVERAGE(C53:N53) || B==+Production!C72 ; C==+C53/'Données SOMIDA'!$E$6 ; D==+D53/'Données SOMIDA'!$E$6 ; E==+E53/'Données SOMIDA'!$E$6 ; F==+F53/'Données SOMIDA'!$E$6 ; G==+G53/'Données SOMIDA'!$E$6 ; H==+H53/'Données SOMIDA'!$E$6 ; I==+I53/'Données SOMIDA'!$E$6 ; J==+J53/'Données SOMIDA'!$E$6 ; K==+K53/'Données SOMIDA'!$E$6 ; L==+L53/'Données SOMIDA'!$E$6 ; M==+M53/'Données SOMIDA'!$E$6 ; N==+N53/'Données SOMIDA'!$E$6 ; O==+O53/'Données SOMIDA'!$E$6 ; P= ; Q==AVERAGE(C54:N54) || B==+Production!C73 ; C==+C53/'Données SOMIDA'!$E$5 ; D==+D53/'Données SOMIDA'!$E$5 ; E==+E53/'Données SOMIDA'!$E$5 ; F==+F53/'Données SOMIDA'!$E$5 ; G==+G53/'Données SOMIDA'!$E$5 ; H==+H53/'Données SOMIDA'!$E$5 ; I==+I53/'Données SOMIDA'!$E$5 ; J==+J53/'Données SOMIDA'!$E$5 ; K==+K53/'Données SOMIDA'!$E$5 ; L==+L53/'Données SOMIDA'!$E$5 ; M==+M53/'Données SOMIDA'!$E$5 ; N==+N53/'Données SOMIDA'!$E$5 ; O==+O53/'Données SOMIDA'!$E$5 ; P= ; Q==AVERAGE(C55:N55)"
CA,CA_R10,57,168,2,13,112,12,1129,10,10,0,"B= ; C= ; D= ; E= ; F= ; G==+SUBTOTAL(9,G59:G166) ; H= ; I==+SUBTOTAL(9,I59:I166) ; J==+SUBTOTAL(9,J59:J166) ; K==+SUBTOTAL(9,K59:K166) ; L= ; M= || B=Réf ; C=Types ; D=Date ; E=Client ; F=Pays ; G=Qté ; H=PU ; I=MGA ; J=USD ; K=EUR ; L= ; M= || B==_xlfn.XLOOKUP(C59,'Données SOMIDA'!$... ; C==+B3 ; D==+C52 ; E==+B4 ; F==IF(C59=""FP1"",'Données SOMIDA'!$N$83,... ; G==+C$4 ; H==IF(C59=""FP1 COUPE"",'Données SOMIDA'!... ; I==+G59*H59 ; J==+I59/'Données SOMIDA'!$E$11 ; K==+I59/'Données SOMIDA'!$E$6 ; L= ; M= || B==_xlfn.XLOOKUP(C60,'Données SOMIDA'!$... ; C==+C59 ; D==+D59 ; E==+B5 ; F==IF(C60=""FP1"",'Données SOMIDA'!$N$83,... ; G==+C$5 ; H==IF(C60=""FP1 COUPE"",'Données SOMIDA'!... ; I==+G60*H60 ; J==+I60/'Données SOMIDA'!$E$11 ; K==+I60/'Données SOMIDA'!$E$6 ; L= ; M= || B==_xlfn.XLOOKUP(C61,'Données SOMIDA'!$... ; C==+C60 ; D==+D60 ; E==+B6 ; F==IF(C61=""FP1"",'Données SOMIDA'!$N$83,... ; G==+C$6 ; H==IF(C61=""FP1 COUPE"",'Données SOMIDA'!... ; I==+G61*H61 ; J==+I61/'Données SOMIDA'!$E$11 ; K==+I61/'Données SOMIDA'!$E$6 ; L= ; M= || B==_xlfn.XLOOKUP(C62,'Données SOMIDA'!$... ; C==+C61 ; D==+D61 ; E==+B7 ; F==IF(C62=""FP1"",'Données SOMIDA'!$N$83,... ; G==+C$7 ; H==IF(C62=""FP1 COUPE"",'Données SOMIDA'!... ; I==+G62*H62 ; J==+I62/'Données SOMIDA'!$E$11 ; K==+I62/'Données SOMIDA'!$E$6 ; L= ; M= || B==_xlfn.XLOOKUP(C63,'Données SOMIDA'!$... ; C==+B8 ; D==+D62 ; E==+B9 ; F==IF(C63=""FP1"",'Données SOMIDA'!$N$83,... ; G==+C$9 ; H==IF(C63=""FP1 COUPE"",'Données SOMIDA'!... ; I==+G63*H63 ; J==+I63/'Données SOMIDA'!$E$11 ; K==+I63/'Données SOMIDA'!$E$6 ; L= ; M= || B==_xlfn.XLOOKUP(C64,'Données SOMIDA'!$... ; C==+C63 ; D==+D63 ; E==+B10 ; F==IF(C64=""FP1"",'Données SOMIDA'!$N$83,... ; G==+C$10 ; H==IF(C64=""FP1 COUPE"",'Données SOMIDA'!... ; I==+G64*H64 ; J==+I64/'Données SOMIDA'!$E$11 ; K==+I64/'Données SOMIDA'!$E$6 ; L= ; M="
CA,CA_R11,170,194,2,11,25,10,147,72,72,0,"B==_xlfn.XLOOKUP(C170,'Données SOMIDA'!... ; C=Loyer 1 ; D=M1 ; E=Dr Jane ; F==IF(C170=""FP1"",'Données SOMIDA'!$N$83... ; G= ; H==+'Données SOMIDA'!$E$27 ; I==+'Données SOMIDA'!$E$27 ; J==+I170/'Données SOMIDA'!$E$11 ; K==+I170/'Données SOMIDA'!$E$6 || B==_xlfn.XLOOKUP(C171,'Données SOMIDA'!... ; C=Loyer 2 ; D=M1 ; E=Dr Jane ; F==IF(C171=""FP1"",'Données SOMIDA'!$N$83... ; G= ; H==+'Données SOMIDA'!$E$28 ; I==+'Données SOMIDA'!$E$28 ; J==+I171/'Données SOMIDA'!$E$11 ; K==+I171/'Données SOMIDA'!$E$6 || B==_xlfn.XLOOKUP(C172,'Données SOMIDA'!... ; C=Loyer 1 ; D=M2 ; E=Dr Jane ; F==IF(C172=""FP1"",'Données SOMIDA'!$N$83... ; G= ; H==+'Données SOMIDA'!$E$27 ; I==+'Données SOMIDA'!$E$27 ; J==+I172/'Données SOMIDA'!$E$11 ; K==+I172/'Données SOMIDA'!$E$6 || B==_xlfn.XLOOKUP(C173,'Données SOMIDA'!... ; C=Loyer 2 ; D=M2 ; E=Dr Jane ; F==IF(C173=""FP1"",'Données SOMIDA'!$N$83... ; G= ; H==+'Données SOMIDA'!$E$28 ; I==+'Données SOMIDA'!$E$28 ; J==+I173/'Données SOMIDA'!$E$11 ; K==+I173/'Données SOMIDA'!$E$6 || B==_xlfn.XLOOKUP(C174,'Données SOMIDA'!... ; C=Loyer 1 ; D=M3 ; E=Dr Jane ; F==IF(C174=""FP1"",'Données SOMIDA'!$N$83... ; G= ; H==+'Données SOMIDA'!$E$27 ; I==+'Données SOMIDA'!$E$27 ; J==+I174/'Données SOMIDA'!$E$11 ; K==+I174/'Données SOMIDA'!$E$6 || B==_xlfn.XLOOKUP(C175,'Données SOMIDA'!... ; C=Loyer 2 ; D=M3 ; E=Dr Jane ; F==IF(C175=""FP1"",'Données SOMIDA'!$N$83... ; G= ; H==+'Données SOMIDA'!$E$28 ; I==+'Données SOMIDA'!$E$28 ; J==+I175/'Données SOMIDA'!$E$11 ; K==+I175/'Données SOMIDA'!$E$6 || B==_xlfn.XLOOKUP(C176,'Données SOMIDA'!... ; C=Loyer 1 ; D=M4 ; E=Dr Jane ; F==IF(C176=""FP1"",'Données SOMIDA'!$N$83... ; G= ; H==+'Données SOMIDA'!$E$27 ; I==+'Données SOMIDA'!$E$27 ; J==+I176/'Données SOMIDA'!$E$11 ; K==+I176/'Données SOMIDA'!$E$6 || B==_xlfn.XLOOKUP(C177,'Données SOMIDA'!... ; C=Loyer 2 ; D=M4 ; E=Dr Jane ; F==IF(C177=""FP1"",'Données SOMIDA'!$N$83... ; G= ; H==+'Données SOMIDA'!$E$28 ; I==+'Données SOMIDA'!$E$28 ; J==+I177/'Données SOMIDA'!$E$11 ; K==+I177/'Données SOMIDA'!$E$6"
CA,CA_R12,197,209,2,11,13,10,28,47,24,23,B=6 ; C=Prod stockées ; D=M1 ; E= ; F= ; G= ; H= ; I=<openpyxl.worksheet.formula.ArrayForm... ; J==+I197/'Données SOMIDA'!$E$11 ; K==+I197/'Données SOMIDA'!$E$6 || B=6 ; C=Prod stockées ; D=M2 ; E= ; F= ; G= ; H= ; I=18717430.42917926 ; J==+I198/'Données SOMIDA'!$E$11 ; K==+I198/'Données SOMIDA'!$E$6 || B=6 ; C=Prod stockées ; D=M3 ; E= ; F= ; G= ; H= ; I=19009890.27963519 ; J==+I199/'Données SOMIDA'!$E$11 ; K==+I199/'Données SOMIDA'!$E$6 || B=6 ; C=Prod stockées ; D=M4 ; E= ; F= ; G= ; H= ; I=18717430.42917925 ; J==+I200/'Données SOMIDA'!$E$11 ; K==+I200/'Données SOMIDA'!$E$6 || B=6 ; C=Prod stockées ; D=M5 ; E= ; F= ; G= ; H= ; I=19009890.27963519 ; J==+I201/'Données SOMIDA'!$E$11 ; K==+I201/'Données SOMIDA'!$E$6 || B=6 ; C=Prod stockées ; D=M6 ; E= ; F= ; G= ; H= ; I=18717430.42917925 ; J==+I202/'Données SOMIDA'!$E$11 ; K==+I202/'Données SOMIDA'!$E$6 || B=6 ; C=Prod stockées ; D=M7 ; E= ; F= ; G= ; H= ; I=19009890.27963519 ; J==+I203/'Données SOMIDA'!$E$11 ; K==+I203/'Données SOMIDA'!$E$6 || B=6 ; C=Prod stockées ; D=M8 ; E= ; F= ; G= ; H= ; I=18717430.42917925 ; J==+I204/'Données SOMIDA'!$E$11 ; K==+I204/'Données SOMIDA'!$E$6
Sal,Sal_R1,2,8,2,18,7,17,75,29,17,12,B=Achats Micas ; C= ; D=M1 ; E=M2 ; F=M3 ; G=M4 ; H=M5 ; I=M6 ; J=M7 ; K=M8 ; L=M9 ; M=M10 ; N=M11 ; O=M12 ; P=Total ; Q= ; R=% || B==+'Besoins en micas'!B82 ; C= ; D==+'Besoins en micas'!C82 ; E==+'Besoins en micas'!D82 ; F==+'Besoins en micas'!E82 ; G==+'Besoins en micas'!F82 ; H==+'Besoins en micas'!G82 ; I==+'Besoins en micas'!H82 ; J==+'Besoins en micas'!I82 ; K==+'Besoins en micas'!J82 ; L==+'Besoins en micas'!K82 ; M==+'Besoins en micas'!L82 ; N==+'Besoins en micas'!M82 ; O==+'Besoins en micas'!N82 ; P==+'Besoins en micas'!O82 ; Q= ; R==+P3/$P$7 || B==+'Besoins en micas'!B83 ; C= ; D==+'Besoins en micas'!C83 ; E==+'Besoins en micas'!D83 ; F==+'Besoins en micas'!E83 ; G==+'Besoins en micas'!F83 ; H==+'Besoins en micas'!G83 ; I==+'Besoins en micas'!H83 ; J==+'Besoins en micas'!I83 ; K==+'Besoins en micas'!J83 ; L==+'Besoins en micas'!K83 ; M==+'Besoins en micas'!L83 ; N==+'Besoins en micas'!M83 ; O==+'Besoins en micas'!N83 ; P==+'Besoins en micas'!O83 ; Q= ; R==+P4/$P$7 || B==+'Besoins en micas'!B84 ; C= ; D==+'Besoins en micas'!C84 ; E==+'Besoins en micas'!D84 ; F==+'Besoins en micas'!E84 ; G==+'Besoins en micas'!F84 ; H==+'Besoins en micas'!G84 ; I==+'Besoins en micas'!H84 ; J==+'Besoins en micas'!I84 ; K==+'Besoins en micas'!J84 ; L==+'Besoins en micas'!K84 ; M==+'Besoins en micas'!L84 ; N==+'Besoins en micas'!M84 ; O==+'Besoins en micas'!N84 ; P==+'Besoins en micas'!O84 ; Q= ; R==+P5/$P$7 || B==+'Besoins en micas'!B85 ; C= ; D==+'Besoins en micas'!C85 ; E==+'Besoins en micas'!D85 ; F==+'Besoins en micas'!E85 ; G==+'Besoins en micas'!F85 ; H==+'Besoins en micas'!G85 ; I==+'Besoins en micas'!H85 ; J==+'Besoins en micas'!I85 ; K==+'Besoins en micas'!J85 ; L==+'Besoins en micas'!K85 ; M==+'Besoins en micas'!L85 ; N==+'Besoins en micas'!M85 ; O==+'Besoins en micas'!N85 ; P==+'Besoins en micas'!O85 ; Q= ; R==+P6/$P$7 || B=Total ; C= ; D==SUM(D3:D6) ; E==SUM(E3:E6) ; F==SUM(F3:F6) ; G==SUM(G3:G6) ; H==SUM(H3:H6) ; I==SUM(I3:I6) ; J==SUM(J3:J6) ; K==SUM(K3:K6) ; L==SUM(L3:L6) ; M==SUM(M3:M6) ; N==SUM(N3:N6) ; O==SUM(O3:O6) ; P==SUM(P3:P6) ; Q= ; R==SUM(R3:R6) || B=Nombre de jour ; C= ; D=25 ; E=25 ; F=25 ; G=25 ; H=25 ; I=25 ; J=25 ; K=25 ; L=25 ; M=25 ; N=25 ; O=25 ; P==SUM(D8:O8) ; Q= ; R=
Sal,Sal_R2,17,18,2,16,2,15,26,4,2,2,B=Manutentionnaires ; C=6 ; D==+$C$17*D8*$C$10 ; E==+$C$17*E8*$C$10 ; F==+$C$17*F8*$C$10 ; G==+$C$17*G8*$C$10 ; H==+$C$17*H8*$C$10 ; I==+$C$17*I8*$C$10 ; J==+$C$17*J8*$C$10 ; K==+$C$17*K8*$C$10 ; L==+$C$17*L8*$C$10 ; M==+$C$17*M8*$C$10 ; N==+$C$17*N8*$C$10 ; O==+$C$17*O8*$C$10 ; P==SUM(D17:O17) || B=Nettoyeur ; C=2 ; D==+$C$18*$C$10*D8/2 ; E==+$C$18*$C$10*E8/2 ; F==+$C$18*$C$10*F8/2 ; G==+$C$18*$C$10*G8/2 ; H==+$C$18*$C$10*H8/2 ; I==+$C$18*$C$10*I8/2 ; J==+$C$18*$C$10*J8/2 ; K==+$C$18*$C$10*K8/2 ; L==+$C$18*$C$10*L8/2 ; M==+$C$18*$C$10*M8/2 ; N==+$C$18*$C$10*N8/2 ; O==+$C$18*$C$10*O8/2 ; P==SUM(D18:O18)
Sal,Sal_R3,22,26,1,17,5,17,68,8,6,2,A= ; B=Agent de maison ; C=1 ; D==+$C$22*$C$10*25 ; E==+$C$22*$C$10*25 ; F==+$C$22*$C$10*25 ; G==+$C$22*$C$10*25 ; H==+$C$22*$C$10*25 ; I==+$C$22*$C$10*25 ; J==+$C$22*$C$10*25 ; K==+$C$22*$C$10*25 ; L==+$C$22*$C$10*25 ; M==+$C$22*$C$10*25 ; N==+$C$22*$C$10*25 ; O==+$C$22*$C$10*25 ; P==SUM(D22:O22) ; Q= || A= ; B=Jardinier ; C=1 ; D==+$C$23*$C$10*25 ; E==+$C$23*$C$10*25 ; F==+$C$23*$C$10*25 ; G==+$C$23*$C$10*25 ; H==+$C$23*$C$10*25 ; I==+$C$23*$C$10*25 ; J==+$C$23*$C$10*25 ; K==+$C$23*$C$10*25 ; L==+$C$23*$C$10*25 ; M==+$C$23*$C$10*25 ; N==+$C$23*$C$10*25 ; O==+$C$23*$C$10*25 ; P==SUM(D23:O23) ; Q= || A=TOTAL  TEMPORAIRES ; B= ; C==SUM(C15:C23) ; D==SUM(D15:D23) ; E==SUM(E15:E23) ; F==SUM(F15:F23) ; G==SUM(G15:G23) ; H==SUM(H15:H23) ; I==SUM(I15:I23) ; J==SUM(J15:J23) ; K==SUM(K15:K23) ; L==SUM(L15:L23) ; M==SUM(M15:M23) ; N==SUM(N15:N23) ; O==SUM(O15:O23) ; P==SUM(P15:P23) ; Q=V || A=TOTAL  CH SOCIALES  TEMP ; B= ; C==+C24 ; D==+D24*1% ; E==+E24*1% ; F==+F24*1% ; G==+G24*1% ; H==+H24*1% ; I==+I24*1% ; J==+J24*1% ; K==+K24*1% ; L==+L24*1% ; M==+M24*1% ; N==+N24*1% ; O==+O24*1% ; P==+SUM(D25:O25) ; Q= || A=TOTAL  CH PERSONNEL TEMP ; B= ; C==+C25 ; D==+D24+D25 ; E==+E24+E25 ; F==+F24+F25 ; G==+G24+G25 ; H==+H24+H25 ; I==+I24+I25 ; J==+J24+J25 ; K==+K24+K25 ; L==+L24+L25 ; M==+M24+M25 ; N==+N24+N25 ; O==+O24+O25 ; P==+P24+P25 ; Q=
Sal,Sal_R4,30,46,1,18,17,18,270,33,33,0,A=FO ; B==+Feuil3!B38 ; C==+Feuil3!C38 ; D==+Feuil3!H38 ; E==+D30 ; F==+E30 ; G==+F30 ; H==+G30 ; I==+H30 ; J==+I30 ; K==+J30 ; L==+K30 ; M==+L30 ; N==+M30 ; O==+N30 ; P==SUM(D30:O30) ; Q=F ; R==+D30/C30 || A=FO ; B==+Feuil3!B39 ; C==+Feuil3!C39 ; D==+Feuil3!H39 ; E==+D31 ; F==+E31 ; G==+F31 ; H==+G31 ; I==+H31 ; J==+I31 ; K==+J31 ; L==+K31 ; M==+L31 ; N==+M31 ; O==+N31 ; P==SUM(D31:O31) ; Q=F ; R==+D31/C31 || A=FO ; B==+Feuil3!B40 ; C==+Feuil3!C40 ; D==+Feuil3!H40 ; E==+D32 ; F==+E32 ; G==+F32 ; H==+G32 ; I==+H32 ; J==+I32 ; K==+J32 ; L==+K32 ; M==+L32 ; N==+M32 ; O==+N32 ; P==SUM(D32:O32) ; Q=F ; R==+D32/C32 || A=BO ; B==+Feuil3!B41 ; C==+Feuil3!C41 ; D==+Feuil3!H41 ; E==+D33 ; F==+E33 ; G==+F33 ; H==+G33 ; I==+H33 ; J==+I33 ; K==+J33 ; L==+K33 ; M==+L33 ; N==+M33 ; O==+N33 ; P==SUM(D33:O33) ; Q=F ; R==+D33/C33 || A=BO ; B==+Feuil3!B42 ; C==+Feuil3!C42 ; D==+Feuil3!H42 ; E==+D34 ; F==+E34 ; G==+F34 ; H==+G34 ; I==+H34 ; J==+I34 ; K==+J34 ; L==+K34 ; M==+L34 ; N==+M34 ; O==+N34 ; P==SUM(D34:O34) ; Q=F ; R==+D34/C34 || A=BO ; B==+Feuil3!B43 ; C==+Feuil3!C43 ; D==+Feuil3!H43 ; E==+D35 ; F==+E35 ; G==+F35 ; H==+G35 ; I==+H35 ; J==+I35 ; K==+J35 ; L==+K35 ; M==+L35 ; N==+M35 ; O==+N35 ; P==SUM(D35:O35) ; Q=F ; R==+D35/C35 || A=BO ; B==+Feuil3!B44 ; C==+Feuil3!C44 ; D==+Feuil3!H44 ; E==+D36 ; F==+E36 ; G==+F36 ; H==+G36 ; I==+H36 ; J==+I36 ; K==+J36 ; L==+K36 ; M==+L36 ; N==+M36 ; O==+N36 ; P==SUM(D36:O36) ; Q=F ; R==+D36/C36 || A=BO ; B==+Feuil3!B45 ; C==+Feuil3!C45 ; D==+Feuil3!H45 ; E==+D37 ; F==+E37 ; G==+F37 ; H==+G37 ; I==+H37 ; J==+I37 ; K==+J37 ; L==+K37 ; M==+L37 ; N==+M37 ; O==+N37 ; P==SUM(D37:O37) ; Q=F ; R==+D37/C37
Sal,Sal_R5,48,54,1,18,7,18,112,14,14,0,A=FO ; B==+Feuil3!B5 ; C==+Feuil3!C5 ; D==+Feuil3!H5 ; E==+D48 ; F==+E48 ; G==+F48 ; H==+G48 ; I==+H48 ; J==+I48 ; K==+J48 ; L==+K48 ; M==+L48 ; N==+M48 ; O==+N48 ; P==SUM(D48:O48) ; Q=F ; R==+D48/C48 || A=FO ; B==+Feuil3!B6 ; C==+Feuil3!C6 ; D==+Feuil3!H6 ; E==+D49 ; F==+E49 ; G==+F49 ; H==+G49 ; I==+H49 ; J==+I49 ; K==+J49 ; L==+K49 ; M==+L49 ; N==+M49 ; O==+N49 ; P==SUM(D49:O49) ; Q=F ; R==+D49/C49 || A=FO ; B==+Feuil3!B7 ; C==+Feuil3!C7 ; D==+Feuil3!H7 ; E==+D50 ; F==+E50 ; G==+F50 ; H==+G50 ; I==+H50 ; J==+I50 ; K==+J50 ; L==+K50 ; M==+L50 ; N==+M50 ; O==+N50 ; P==SUM(D50:O50) ; Q=F ; R==+D50/C50 || A=FO ; B==+Feuil3!B8 ; C==+Feuil3!C8 ; D==+Feuil3!H8 ; E==+D51 ; F==+E51 ; G==+F51 ; H==+G51 ; I==+H51 ; J==+I51 ; K==+J51 ; L==+K51 ; M==+L51 ; N==+M51 ; O==+N51 ; P==SUM(D51:O51) ; Q=F ; R==+D51/C51 || A=BO ; B==+Feuil3!B9 ; C==+Feuil3!C9 ; D==+Feuil3!H9 ; E==+D52 ; F==+E52 ; G==+F52 ; H==+G52 ; I==+H52 ; J==+I52 ; K==+J52 ; L==+K52 ; M==+L52 ; N==+M52 ; O==+N52 ; P==SUM(D52:O52) ; Q=F ; R==+D52/C52 || A=BO ; B==+Feuil3!B10 ; C==+Feuil3!C10 ; D==+Feuil3!H10 ; E==+D53 ; F==+E53 ; G==+F53 ; H==+G53 ; I==+H53 ; J==+I53 ; K==+J53 ; L==+K53 ; M==+L53 ; N==+M53 ; O==+N53 ; P==SUM(D53:O53) ; Q=F ; R==+D53/C53 || A=BO ; B==+Feuil3!B11 ; C==+Feuil3!C11 ; D==+Feuil3!H11 ; E==+D54 ; F==+E54 ; G==+F54 ; H==+G54 ; I==+H54 ; J==+I54 ; K==+J54 ; L==+K54 ; M==+L54 ; N==+M54 ; O==+N54 ; P==SUM(D54:O54) ; Q=F ; R==+D54/C54
Sal,Sal_R6,56,60,2,18,5,17,77,6,5,1,B==+Feuil3!B16 ; C==+Feuil3!C16 ; D==+Feuil3!H16 ; E==+D56 ; F==+E56 ; G==+F56 ; H==+G56 ; I==+H56 ; J==+I56 ; K==+J56 ; L==+K56 ; M==+L56 ; N==+M56 ; O==+N56 ; P==SUM(D56:O56) ; Q=F ; R==+D56/C56 || B==+Feuil3!B17 ; C==+Feuil3!C17 ; D==+Feuil3!H17 ; E==+D57 ; F==+E57 ; G==+F57 ; H==+G57 ; I==+H57 ; J==+I57 ; K==+J57 ; L==+K57 ; M==+L57 ; N==+M57 ; O==+N57 ; P==SUM(D57:O57) ; Q=F ; R==+D57/C57 || B==+Feuil3!B18 ; C==+Feuil3!C18 ; D=400000 ; E==+D58 ; F==+E58 ; G==+F58 ; H==+G58 ; I==+H58 ; J==+I58 ; K==+J58 ; L==+K58 ; M==+L58 ; N==+M58 ; O==+N58 ; P==SUM(D58:O58) ; Q=F ; R==+D58/C58 || B==+Feuil3!B19 ; C==+Feuil3!C19 ; D==+Feuil3!H19 ; E==+D59 ; F==+E59 ; G==+F59 ; H==+G59 ; I==+H59 ; J==+I59 ; K==+J59 ; L==+K59 ; M==+L59 ; N==+M59 ; O==+N59 ; P==SUM(D59:O59) ; Q=F ; R==+D59/C59 || B=TOTAL ; C==SUM(C48:C59) ; D==SUM(D48:D59) ; E==SUM(E48:E59) ; F==SUM(F48:F59) ; G==SUM(G48:G59) ; H==SUM(H48:H59) ; I==SUM(I48:I59) ; J==SUM(J48:J59) ; K==SUM(K48:K59) ; L==SUM(L48:L59) ; M==SUM(M48:M59) ; N==SUM(N48:N59) ; O==SUM(O48:O59) ; P==SUM(P48:P59) ; Q= ; R=
Sal,Sal_R7,62,66,1,18,5,18,78,9,9,0,A=FO ; B==+Feuil3!B23 ; C==+Feuil3!C23 ; D==+Feuil3!H23 ; E==+D62 ; F==+E62 ; G==+F62 ; H==+G62 ; I==+H62 ; J==+I62 ; K==+J62 ; L==+K62 ; M==+L62 ; N==+M62 ; O==+N62 ; P==SUM(D62:O62) ; Q=F ; R==+D62/C62 || A=FO ; B==+Feuil3!B24 ; C==+Feuil3!C24 ; D==+Feuil3!H24 ; E==+D63 ; F==+E63 ; G==+F63 ; H==+G63 ; I==+H63 ; J==+I63 ; K==+J63 ; L==+K63 ; M==+L63 ; N==+M63 ; O==+N63 ; P==SUM(D63:O63) ; Q=F ; R==+D63/C63 || A=FO ; B==+Feuil3!B25 ; C==+Feuil3!C25 ; D==+Feuil3!H25 ; E==+D64 ; F==+E64 ; G==+F64 ; H==+G64 ; I==+H64 ; J==+I64 ; K==+J64 ; L==+K64 ; M==+L64 ; N==+M64 ; O==+N64 ; P==SUM(D64:O64) ; Q=F ; R==+D64/C64 || A=FO ; B==+Feuil3!B26 ; C==+Feuil3!C26 ; D==+Feuil3!H26 ; E==+D65 ; F==+E65 ; G==+F65 ; H==+G65 ; I==+H65 ; J==+I65 ; K==+J65 ; L==+K65 ; M==+L65 ; N==+M65 ; O==+N65 ; P==SUM(D65:O65) ; Q=F ; R==+D65/C65 || A= ; B=TOTAL ; C==SUM(C62:C65) ; D==SUM(D62:D65) ; E==SUM(E62:E65) ; F==SUM(F62:F65) ; G==SUM(G62:G65) ; H==SUM(H62:H65) ; I==SUM(I62:I65) ; J==SUM(J62:J65) ; K==SUM(K62:K65) ; L==SUM(L62:L65) ; M==SUM(M62:M65) ; N==SUM(N62:N65) ; O==SUM(O62:O65) ; P==SUM(P62:P65) ; Q= ; R=
Sal,Sal_R8,68,71,1,18,4,18,60,4,4,0,A= ; B==+Feuil3!B31 ; C==+Feuil3!C31 ; D==+Feuil3!H31 ; E==+D68 ; F==+E68 ; G==+F68 ; H==+G68 ; I==+H68 ; J==+I68 ; K==+J68 ; L==+K68 ; M==+L68 ; N==+M68 ; O==+N68 ; P==SUM(D68:O68) ; Q=F ; R==+D68/C68 || A= ; B==+Feuil3!B32 ; C==+Feuil3!C32 ; D==+Feuil3!H32 ; E==+D69 ; F==+E69 ; G==+F69 ; H==+G69 ; I==+H69 ; J==+I69 ; K==+J69 ; L==+K69 ; M==+L69 ; N==+M69 ; O==+N69 ; P==SUM(D69:O69) ; Q=F ; R==+D69/C69 || A= ; B=TOTAL ; C==SUM(C68:C69) ; D==SUM(D68:D69) ; E==SUM(E68:E69) ; F==SUM(F68:F69) ; G==SUM(G68:G69) ; H==SUM(H68:H69) ; I==SUM(I68:I69) ; J==SUM(J68:J69) ; K==SUM(K68:K69) ; L==SUM(L68:L69) ; M==SUM(M68:M69) ; N==SUM(N68:N69) ; O==SUM(O68:O69) ; P==SUM(P68:P69) ; Q= ; R= || A=Total salaires fixes ; B= ; C==+C70+C66+C60+C46 ; D==+D70+D66+D60+D46 ; E==+E70+E66+E60+E46 ; F==+F70+F66+F60+F46 ; G==+G70+G66+G60+G46 ; H==+H70+H66+H60+H46 ; I==+I70+I66+I60+I46 ; J==+J70+J66+J60+J46 ; K==+K70+K66+K60+K46 ; L==+L70+L66+L60+L46 ; M==+M70+M66+M60+M46 ; N==+N70+N66+N60+N46 ; O==+O70+O66+O60+O46 ; P==+P70+P66+P60+P46 ; Q= ; R=
Sal,Sal_R9,75,91,1,18,17,18,286,17,17,0,A==+A30 ; B==+B30 ; C==+C30 ; D==+Primes!D48 ; E==+Primes!E48 ; F==+Primes!F48 ; G==+Primes!G48 ; H==+Primes!H48 ; I==+Primes!I48 ; J==+Primes!J48 ; K==+Primes!K48 ; L==+Primes!L48 ; M==+Primes!M48 ; N==+Primes!N48 ; O==+Primes!O48 ; P==SUM(D75:O75) ; Q=V ; R==+D75/C75 || A==+A31 ; B==+B31 ; C==+C31 ; D==+Primes!D49 ; E==+Primes!E49 ; F==+Primes!F49 ; G==+Primes!G49 ; H==+Primes!H49 ; I==+Primes!I49 ; J==+Primes!J49 ; K==+Primes!K49 ; L==+Primes!L49 ; M==+Primes!M49 ; N==+Primes!N49 ; O==+Primes!O49 ; P==SUM(D76:O76) ; Q=V ; R==+D76/C76 || A==+A32 ; B==+B32 ; C==+C32 ; D==+Primes!D50 ; E==+Primes!E50 ; F==+Primes!F50 ; G==+Primes!G50 ; H==+Primes!H50 ; I==+Primes!I50 ; J==+Primes!J50 ; K==+Primes!K50 ; L==+Primes!L50 ; M==+Primes!M50 ; N==+Primes!N50 ; O==+Primes!O50 ; P==SUM(D77:O77) ; Q=V ; R==+D77/C77 || A==+A33 ; B==+B33 ; C==+C33 ; D==+Primes!D99 ; E==+Primes!E99 ; F==+Primes!F99 ; G==+Primes!G99 ; H==+Primes!H99 ; I==+Primes!I99 ; J==+Primes!J99 ; K==+Primes!K99 ; L==+Primes!L99 ; M==+Primes!M99 ; N==+Primes!N99 ; O==+Primes!O99 ; P==SUM(D78:O78) ; Q=V ; R==+D78/C78 || A==+A34 ; B==+B34 ; C==+C34 ; D==+Primes!D100 ; E==+Primes!E100 ; F==+Primes!F100 ; G==+Primes!G100 ; H==+Primes!H100 ; I==+Primes!I100 ; J==+Primes!J100 ; K==+Primes!K100 ; L==+Primes!L100 ; M==+Primes!M100 ; N==+Primes!N100 ; O==+Primes!O100 ; P==SUM(D79:O79) ; Q=V ; R==+D79/C79 || A==+A35 ; B==+B35 ; C==+C35 ; D==+Primes!D51 ; E==+Primes!E51 ; F==+Primes!F51 ; G==+Primes!G51 ; H==+Primes!H51 ; I==+Primes!I51 ; J==+Primes!J51 ; K==+Primes!K51 ; L==+Primes!L51 ; M==+Primes!M51 ; N==+Primes!N51 ; O==+Primes!O51 ; P==SUM(D80:O80) ; Q=V ; R==+D80/C80 || A==+A36 ; B==+B36 ; C==+C36 ; D==+Primes!D101 ; E==+Primes!E101 ; F==+Primes!F101 ; G==+Primes!G101 ; H==+Primes!H101 ; I==+Primes!I101 ; J==+Primes!J101 ; K==+Primes!K101 ; L==+Primes!L101 ; M==+Primes!M101 ; N==+Primes!N101 ; O==+Primes!O101 ; P==SUM(D81:O81) ; Q=V ; R==+D81/C81 || A==+A37 ; B==+B37 ; C==+C37 ; D==+Primes!D102 ; E==+Primes!E102 ; F==+Primes!F102 ; G==+Primes!G102 ; H==+Primes!H102 ; I==+Primes!I102 ; J==+Primes!J102 ; K==+Primes!K102 ; L==+Primes!L102 ; M==+Primes!M102 ; N==+Primes!N102 ; O==+Primes!O102 ; P==SUM(D82:O82) ; Q=V ; R==+D82/C82
Sal,Sal_R10,93,99,1,18,7,18,119,7,7,0,A==+A48 ; B==+B48 ; C==+C48 ; D==+Primes!D42 ; E==+Primes!E42 ; F==+Primes!F42 ; G==+Primes!G42 ; H==+Primes!H42 ; I==+Primes!I42 ; J==+Primes!J42 ; K==+Primes!K42 ; L==+Primes!L42 ; M==+Primes!M42 ; N==+Primes!N42 ; O==+Primes!O42 ; P==SUM(D93:O93) ; Q=V ; R==+D93/C93 || A==+A49 ; B==+B49 ; C==+C49 ; D==+Primes!D43 ; E==+Primes!E43 ; F==+Primes!F43 ; G==+Primes!G43 ; H==+Primes!H43 ; I==+Primes!I43 ; J==+Primes!J43 ; K==+Primes!K43 ; L==+Primes!L43 ; M==+Primes!M43 ; N==+Primes!N43 ; O==+Primes!O43 ; P==SUM(D94:O94) ; Q=V ; R==+D94/C94 || A==+A50 ; B==+B50 ; C==+C50 ; D==+Primes!D44 ; E==+Primes!E44 ; F==+Primes!F44 ; G==+Primes!G44 ; H==+Primes!H44 ; I==+Primes!I44 ; J==+Primes!J44 ; K==+Primes!K44 ; L==+Primes!L44 ; M==+Primes!M44 ; N==+Primes!N44 ; O==+Primes!O44 ; P==SUM(D95:O95) ; Q=V ; R==+D95/C95 || A==+A51 ; B==+B51 ; C==+C51 ; D==+Primes!D45 ; E==+Primes!E45 ; F==+Primes!F45 ; G==+Primes!G45 ; H==+Primes!H45 ; I==+Primes!I45 ; J==+Primes!J45 ; K==+Primes!K45 ; L==+Primes!L45 ; M==+Primes!M45 ; N==+Primes!N45 ; O==+Primes!O45 ; P==SUM(D96:O96) ; Q=V ; R==+D96/C96 || A==+A52 ; B==+B52 ; C==+C52 ; D==+Primes!D74 ; E==+Primes!E74 ; F==+Primes!F74 ; G==+Primes!G74 ; H==+Primes!H74 ; I==+Primes!I74 ; J==+Primes!J74 ; K==+Primes!K74 ; L==+Primes!L74 ; M==+Primes!M74 ; N==+Primes!N74 ; O==+Primes!O74 ; P==SUM(D97:O97) ; Q=V ; R==+D97/C97 || A==+A53 ; B==+B53 ; C==+C53 ; D==+Primes!D75 ; E==+Primes!E75 ; F==+Primes!F75 ; G==+Primes!G75 ; H==+Primes!H75 ; I==+Primes!I75 ; J==+Primes!J75 ; K==+Primes!K75 ; L==+Primes!L75 ; M==+Primes!M75 ; N==+Primes!N75 ; O==+Primes!O75 ; P==SUM(D98:O98) ; Q=V ; R==+D98/C98 || A==+A54 ; B==+B54 ; C==+C54 ; D==+Primes!D76 ; E==+Primes!E76 ; F==+Primes!F76 ; G==+Primes!G76 ; H==+Primes!H76 ; I==+Primes!I76 ; J==+Primes!J76 ; K==+Primes!K76 ; L==+Primes!L76 ; M==+Primes!M76 ; N==+Primes!N76 ; O==+Primes!O76 ; P==SUM(D99:O99) ; Q=V ; R==+D99/C99
Sal,Sal_R11,101,105,2,18,5,17,30,53,5,48,B==+B56 ; C==+C56 ; D=0 ; E=0 ; F=0 ; G=0 ; H=0 ; I=0 ; J=0 ; K=0 ; L=0 ; M=0 ; N=0 ; O=0 ; P==SUM(D101:O101) ; Q=V ; R==+D101/C101 || B==+B57 ; C==+C57 ; D=0 ; E=0 ; F=0 ; G=0 ; H=0 ; I=0 ; J=0 ; K=0 ; L=0 ; M=0 ; N=0 ; O=0 ; P==SUM(D102:O102) ; Q=V ; R==+D102/C102 || B==+B58 ; C==+C58 ; D=0 ; E=0 ; F=0 ; G=0 ; H=0 ; I=0 ; J=0 ; K=0 ; L=0 ; M=0 ; N=0 ; O=0 ; P==SUM(D103:O103) ; Q=V ; R==+D103/C103 || B==+B59 ; C==+C59 ; D=0 ; E=0 ; F=0 ; G=0 ; H=0 ; I=0 ; J=0 ; K=0 ; L=0 ; M=0 ; N=0 ; O=0 ; P==SUM(D104:O104) ; Q=V ; R==+D104/C104 || B=TOTAL ; C==SUM(C93:C104) ; D==SUM(D93:D104) ; E==SUM(E93:E104) ; F==SUM(F93:F104) ; G==SUM(G93:G104) ; H==SUM(H93:H104) ; I==SUM(I93:I104) ; J==SUM(J93:J104) ; K==SUM(K93:K104) ; L==SUM(L93:L104) ; M==SUM(M93:M104) ; N==SUM(N93:N104) ; O==SUM(O93:O104) ; P==SUM(P93:P104) ; Q= ; R=
Sal,Sal_R12,107,111,1,17,5,17,78,5,5,0,A==+A62 ; B==+B62 ; C==+Primes!B36 ; D==+Primes!D36 ; E==+Primes!E36 ; F==+Primes!F36 ; G==+Primes!G36 ; H==+Primes!H36 ; I==+Primes!I36 ; J==+Primes!J36 ; K==+Primes!K36 ; L==+Primes!L36 ; M==+Primes!M36 ; N==+Primes!N36 ; O==+Primes!O36 ; P==SUM(D107:O107) ; Q=V || A==+A63 ; B==+B63 ; C==+Primes!B37 ; D==+Primes!D37 ; E==+Primes!E37 ; F==+Primes!F37 ; G==+Primes!G37 ; H==+Primes!H37 ; I==+Primes!I37 ; J==+Primes!J37 ; K==+Primes!K37 ; L==+Primes!L37 ; M==+Primes!M37 ; N==+Primes!N37 ; O==+Primes!O37 ; P==SUM(D108:O108) ; Q=V || A==+A64 ; B==+B64 ; C==+Primes!B38 ; D==+Primes!D38 ; E==+Primes!E38 ; F==+Primes!F38 ; G==+Primes!G38 ; H==+Primes!H38 ; I==+Primes!I38 ; J==+Primes!J38 ; K==+Primes!K38 ; L==+Primes!L38 ; M==+Primes!M38 ; N==+Primes!N38 ; O==+Primes!O38 ; P==SUM(D109:O109) ; Q=V || A==+A65 ; B==+B65 ; C==+Primes!B39 ; D==+Primes!D39 ; E==+Primes!E39 ; F==+Primes!F39 ; G==+Primes!G39 ; H==+Primes!H39 ; I==+Primes!I39 ; J==+Primes!J39 ; K==+Primes!K39 ; L==+Primes!L39 ; M==+Primes!M39 ; N==+Primes!N39 ; O==+Primes!O39 ; P==SUM(D110:O110) ; Q=V || A= ; B=TOTAL ; C==SUM(C107:C110) ; D==SUM(D107:D110) ; E==SUM(E107:E110) ; F==SUM(F107:F110) ; G==SUM(G107:G110) ; H==SUM(H107:H110) ; I==SUM(I107:I110) ; J==SUM(J107:J110) ; K==SUM(K107:K110) ; L==SUM(L107:L110) ; M==SUM(M107:M110) ; N==SUM(N107:N110) ; O==SUM(O107:O110) ; P==SUM(P107:P110) ; Q=
Sal,Sal_R13,113,116,1,17,4,17,34,28,4,24,A= ; B==+B68 ; C==+C68 ; D=0 ; E=0 ; F=0 ; G=0 ; H=0 ; I=0 ; J=0 ; K=0 ; L=0 ; M=0 ; N=0 ; O=0 ; P==SUM(D113:O113) ; Q=V || A= ; B==+B69 ; C==+C69 ; D=0 ; E=0 ; F=0 ; G=0 ; H=0 ; I=0 ; J=0 ; K=0 ; L=0 ; M=0 ; N=0 ; O=0 ; P==SUM(D114:O114) ; Q=V || A= ; B=TOTAL ; C==SUM(C113:C114) ; D==SUM(D113:D114) ; E==SUM(E113:E114) ; F==SUM(F113:F114) ; G==SUM(G113:G114) ; H==SUM(H113:H114) ; I==SUM(I113:I114) ; J==SUM(J113:J114) ; K==SUM(K113:K114) ; L==SUM(L113:L114) ; M==SUM(M113:M114) ; N==SUM(N113:N114) ; O==SUM(O113:O114) ; P==SUM(P113:P114) ; Q= || A=Total salaires fixes ; B= ; C==+C115+C111+C105+C91 ; D==+D115+D111+D105+D91 ; E==+E115+E111+E105+E91 ; F==+F115+F111+F105+F91 ; G==+G115+G111+G105+G91 ; H==+H115+H111+H105+H91 ; I==+I115+I111+I105+I91 ; J==+J115+J111+J105+J91 ; K==+K115+K111+K105+K91 ; L==+L115+L111+L105+L91 ; M==+M115+M111+M105+M91 ; N==+N115+N111+N105+N91 ; O==+O115+O111+O105+O91 ; P==+P115+P111+P105+P91 ; Q=
Sal,Sal_R14,121,136,2,18,16,17,256,0,0,0,B==+B30 ; C==+C30 ; D==+D30+D75 ; E==+E30+E75 ; F==+F30+F75 ; G==+G30+G75 ; H==+H30+H75 ; I==+I30+I75 ; J==+J30+J75 ; K==+K30+K75 ; L==+L30+L75 ; M==+M30+M75 ; N==+N30+N75 ; O==+O30+O75 ; P==SUM(D121:O121) ; Q= ; R==+E121/C121 || B==+B31 ; C==+C31 ; D==+D31+D76 ; E==+E31+E76 ; F==+F31+F76 ; G==+G31+G76 ; H==+H31+H76 ; I==+I31+I76 ; J==+J31+J76 ; K==+K31+K76 ; L==+L31+L76 ; M==+M31+M76 ; N==+N31+N76 ; O==+O31+O76 ; P==SUM(D122:O122) ; Q= ; R==+E122/C122 || B==+B32 ; C==+C32 ; D==+D32+D77 ; E==+E32+E77 ; F==+F32+F77 ; G==+G32+G77 ; H==+H32+H77 ; I==+I32+I77 ; J==+J32+J77 ; K==+K32+K77 ; L==+L32+L77 ; M==+M32+M77 ; N==+N32+N77 ; O==+O32+O77 ; P==SUM(D123:O123) ; Q= ; R==+E123/C123 || B==+B33 ; C==+C33 ; D==+D33+D78 ; E==+E33+E78 ; F==+F33+F78 ; G==+G33+G78 ; H==+H33+H78 ; I==+I33+I78 ; J==+J33+J78 ; K==+K33+K78 ; L==+L33+L78 ; M==+M33+M78 ; N==+N33+N78 ; O==+O33+O78 ; P==SUM(D124:O124) ; Q= ; R==+E124/C124 || B==+B34 ; C==+C34 ; D==+D34+D79 ; E==+E34+E79 ; F==+F34+F79 ; G==+G34+G79 ; H==+H34+H79 ; I==+I34+I79 ; J==+J34+J79 ; K==+K34+K79 ; L==+L34+L79 ; M==+M34+M79 ; N==+N34+N79 ; O==+O34+O79 ; P==SUM(D125:O125) ; Q= ; R==+E125/C125 || B==+B35 ; C==+C35 ; D==+D35+D80 ; E==+E35+E80 ; F==+F35+F80 ; G==+G35+G80 ; H==+H35+H80 ; I==+I35+I80 ; J==+J35+J80 ; K==+K35+K80 ; L==+L35+L80 ; M==+M35+M80 ; N==+N35+N80 ; O==+O35+O80 ; P==SUM(D126:O126) ; Q= ; R==+E126/C126 || B==+B36 ; C==+C36 ; D==+D36+D81 ; E==+E36+E81 ; F==+F36+F81 ; G==+G36+G81 ; H==+H36+H81 ; I==+I36+I81 ; J==+J36+J81 ; K==+K36+K81 ; L==+L36+L81 ; M==+M36+M81 ; N==+N36+N81 ; O==+O36+O81 ; P==SUM(D127:O127) ; Q= ; R==+E127/C127 || B==+B37 ; C==+C37 ; D==+D37+D82 ; E==+E37+E82 ; F==+F37+F82 ; G==+G37+G82 ; H==+H37+H82 ; I==+I37+I82 ; J==+J37+J82 ; K==+K37+K82 ; L==+L37+L82 ; M==+M37+M82 ; N==+N37+N82 ; O==+O37+O82 ; P==SUM(D128:O128) ; Q= ; R==+E128/C128
Sal,Sal_R15,138,144,2,18,7,17,112,0,0,0,B==+B48 ; C==+C48 ; D==+D48+D93 ; E==+E48+E93 ; F==+F48+F93 ; G==+G48+G93 ; H==+H48+H93 ; I==+I48+I93 ; J==+J48+J93 ; K==+K48+K93 ; L==+L48+L93 ; M==+M48+M93 ; N==+N48+N93 ; O==+O48+O93 ; P==SUM(D138:O138) ; Q= ; R==+E138/C138 || B==+B49 ; C==+C49 ; D==+D49+D94 ; E==+E49+E94 ; F==+F49+F94 ; G==+G49+G94 ; H==+H49+H94 ; I==+I49+I94 ; J==+J49+J94 ; K==+K49+K94 ; L==+L49+L94 ; M==+M49+M94 ; N==+N49+N94 ; O==+O49+O94 ; P==SUM(D139:O139) ; Q= ; R==+E139/C139 || B==+B50 ; C==+C50 ; D==+D50+D95 ; E==+E50+E95 ; F==+F50+F95 ; G==+G50+G95 ; H==+H50+H95 ; I==+I50+I95 ; J==+J50+J95 ; K==+K50+K95 ; L==+L50+L95 ; M==+M50+M95 ; N==+N50+N95 ; O==+O50+O95 ; P==SUM(D140:O140) ; Q= ; R==+E140/C140 || B==+B51 ; C==+C51 ; D==+D51+D96 ; E==+E51+E96 ; F==+F51+F96 ; G==+G51+G96 ; H==+H51+H96 ; I==+I51+I96 ; J==+J51+J96 ; K==+K51+K96 ; L==+L51+L96 ; M==+M51+M96 ; N==+N51+N96 ; O==+O51+O96 ; P==SUM(D141:O141) ; Q= ; R==+E141/C141 || B==+B52 ; C==+C52 ; D==+D52+D97 ; E==+E52+E97 ; F==+F52+F97 ; G==+G52+G97 ; H==+H52+H97 ; I==+I52+I97 ; J==+J52+J97 ; K==+K52+K97 ; L==+L52+L97 ; M==+M52+M97 ; N==+N52+N97 ; O==+O52+O97 ; P==SUM(D142:O142) ; Q= ; R==+E142/C142 || B==+B53 ; C==+C53 ; D==+D53+D98 ; E==+E53+E98 ; F==+F53+F98 ; G==+G53+G98 ; H==+H53+H98 ; I==+I53+I98 ; J==+J53+J98 ; K==+K53+K98 ; L==+L53+L98 ; M==+M53+M98 ; N==+N53+N98 ; O==+O53+O98 ; P==SUM(D143:O143) ; Q= ; R==+E143/C143 || B==+B54 ; C==+C54 ; D==+D54+D99 ; E==+E54+E99 ; F==+F54+F99 ; G==+G54+G99 ; H==+H54+H99 ; I==+I54+I99 ; J==+J54+J99 ; K==+K54+K99 ; L==+L54+L99 ; M==+M54+M99 ; N==+N54+N99 ; O==+O54+O99 ; P==SUM(D144:O144) ; Q= ; R==+E144/C144
Sal,Sal_R16,146,149,2,18,4,17,64,0,0,0,B==+B56 ; C==+C56 ; D==+D56+D101 ; E==+E56+E101 ; F==+F56+F101 ; G==+G56+G101 ; H==+H56+H101 ; I==+I56+I101 ; J==+J56+J101 ; K==+K56+K101 ; L==+L56+L101 ; M==+M56+M101 ; N==+N56+N101 ; O==+O56+O101 ; P==SUM(D146:O146) ; Q= ; R==+E146/C146 || B==+B57 ; C==+C57 ; D==+D57+D102 ; E==+E57+E102 ; F==+F57+F102 ; G==+G57+G102 ; H==+H57+H102 ; I==+I57+I102 ; J==+J57+J102 ; K==+K57+K102 ; L==+L57+L102 ; M==+M57+M102 ; N==+N57+N102 ; O==+O57+O102 ; P==SUM(D147:O147) ; Q= ; R==+E147/C147 || B==+B58 ; C==+C58 ; D==+D58+D103 ; E==+E58+E103 ; F==+F58+F103 ; G==+G58+G103 ; H==+H58+H103 ; I==+I58+I103 ; J==+J58+J103 ; K==+K58+K103 ; L==+L58+L103 ; M==+M58+M103 ; N==+N58+N103 ; O==+O58+O103 ; P==SUM(D148:O148) ; Q= ; R==+E148/C148 || B==+B59 ; C==+C59 ; D==+D59+D104 ; E==+E59+E104 ; F==+F59+F104 ; G==+G59+G104 ; H==+H59+H104 ; I==+I59+I104 ; J==+J59+J104 ; K==+K59+K104 ; L==+L59+L104 ; M==+M59+M104 ; N==+N59+N104 ; O==+O59+O104 ; P==SUM(D149:O149) ; Q= ; R==+E149/C149
Sal,Sal_R17,151,154,2,18,4,17,64,0,0,0,B==+B62 ; C==+C62 ; D==+D62+D107 ; E==+E62+E107 ; F==+F62+F107 ; G==+G62+G107 ; H==+H62+H107 ; I==+I62+I107 ; J==+J62+J107 ; K==+K62+K107 ; L==+L62+L107 ; M==+M62+M107 ; N==+N62+N107 ; O==+O62+O107 ; P==SUM(D151:O151) ; Q= ; R==+E151/C151 || B==+B63 ; C==+C63 ; D==+D63+D108 ; E==+E63+E108 ; F==+F63+F108 ; G==+G63+G108 ; H==+H63+H108 ; I==+I63+I108 ; J==+J63+J108 ; K==+K63+K108 ; L==+L63+L108 ; M==+M63+M108 ; N==+N63+N108 ; O==+O63+O108 ; P==SUM(D152:O152) ; Q= ; R==+E152/C152 || B==+B64 ; C==+C64 ; D==+D64+D109 ; E==+E64+E109 ; F==+F64+F109 ; G==+G64+G109 ; H==+H64+H109 ; I==+I64+I109 ; J==+J64+J109 ; K==+K64+K109 ; L==+L64+L109 ; M==+M64+M109 ; N==+N64+N109 ; O==+O64+O109 ; P==SUM(D153:O153) ; Q= ; R==+E153/C153 || B==+B65 ; C==+C65 ; D==+D65+D110 ; E==+E65+E110 ; F==+F65+F110 ; G==+G65+G110 ; H==+H65+H110 ; I==+I65+I110 ; J==+J65+J110 ; K==+K65+K110 ; L==+L65+L110 ; M==+M65+M110 ; N==+N65+N110 ; O==+O65+O110 ; P==SUM(D154:O154) ; Q= ; R==+E154/C154
Sal,Sal_R18,156,158,2,18,3,17,46,1,1,0,B==+B68 ; C==+C68 ; D==+D68 ; E==+E68 ; F==+F68 ; G==+G68 ; H==+H68 ; I==+I68 ; J==+J68 ; K==+K68 ; L==+L68 ; M==+M68 ; N==+N68 ; O==+O68 ; P==SUM(D156:O156) ; Q= ; R==+E156/C156 || B==+B69 ; C==+C69 ; D==+D69 ; E==+E69 ; F==+F69 ; G==+G69 ; H==+H69 ; I==+I69 ; J==+J69 ; K==+K69 ; L==+L69 ; M==+M69 ; N==+N69 ; O==+O69 ; P==SUM(D157:O157) ; Q= ; R==+E157/C157 || B=Total ; C==SUM(C121:C157) ; D==SUM(D121:D157) ; E==SUM(E121:E157) ; F==SUM(F121:F157) ; G==SUM(G121:G157) ; H==SUM(H121:H157) ; I==SUM(I121:I157) ; J==SUM(J121:J157) ; K==SUM(K121:K157) ; L==SUM(L121:L157) ; M==SUM(M121:M157) ; N==SUM(N121:N157) ; O==SUM(O121:O157) ; P==SUM(P121:P157) ; Q= ; R=
Sal,Sal_R19,160,164,2,16,5,15,67,4,4,0,B=Journaliers et temporaires ; C= ; D==+D24 ; E==+E24 ; F==+F24 ; G==+G24 ; H==+H24 ; I==+I24 ; J==+J24 ; K==+K24 ; L==+L24 ; M==+M24 ; N==+N24 ; O==+O24 ; P==SUM(D160:O160) || B==+B167 ; C= ; D==+D25 ; E==+E25 ; F==+F25 ; G==+G25 ; H==+H25 ; I==+I25 ; J==+J25 ; K==+K25 ; L==+L25 ; M==+M25 ; N==+N25 ; O==+O25 ; P==SUM(D161:O161) || B=Cnaps ; C= ; D==-D160*1% ; E==-E160*1% ; F==-F160*1% ; G==-G160*1% ; H==-H160*1% ; I==-I160*1% ; J==-J160*1% ; K==-K160*1% ; L==-L160*1% ; M==-M160*1% ; N==-N160*1% ; O==-O160*1% ; P==SUM(D162:O162) || B=IRSA ; C= ; D==-$C$164*2000 ; E==-$C$164*2000 ; F==-$C$164*2000 ; G==-$C$164*2000 ; H==-$C$164*2000 ; I==-$C$164*2000 ; J==-$C$164*2000 ; K==-$C$164*2000 ; L==-$C$164*2000 ; M==-$C$164*2000 ; N==-$C$164*2000 ; O==-$C$164*2000 ; P==+O163 || B=Rémunerations dues ; C==+C24 ; D==-SUM(D160:D163) ; E==-SUM(E160:E163) ; F==-SUM(F160:F163) ; G==-SUM(G160:G163) ; H==-SUM(H160:H163) ; I==-SUM(I160:I163) ; J==-SUM(J160:J163) ; K==-SUM(K160:K163) ; L==-SUM(L160:L163) ; M==-SUM(M160:M163) ; N==-SUM(N160:N163) ; O==-SUM(O160:O163) ; P==SUM(D164:O164)
Sal,Sal_R20,166,171,2,16,6,15,79,6,6,0,B=Permanents ; C= ; D==+D158 ; E==+E158 ; F==+F158 ; G==+G158 ; H==+H158 ; I==+I158 ; J==+J158 ; K==+K158 ; L==+L158 ; M==+M158 ; N==+N158 ; O==+O158 ; P==SUM(D166:O166) || B=Charges sociales ; C= ; D==+D166*0.18 ; E==+E166*0.18 ; F==+F166*0.18 ; G==+G166*0.18 ; H==+H166*0.18 ; I==+I166*0.18 ; J==+J166*0.18 ; K==+K166*0.18 ; L==+L166*0.18 ; M==+M166*0.18 ; N==+N166*0.18 ; O==+O166*0.18 ; P==SUM(D167:O167) || B=Cnaps salariale ; C= ; D==-D167/8 ; E==-E167/8 ; F==-F167/8 ; G==-G167/8 ; H==-H167/8 ; I==-I167/8 ; J==-J167/8 ; K==-K167/8 ; L==-L167/8 ; M==-M167/8 ; N==-N167/8 ; O==-O167/8 ; P==SUM(D168:O168) || B=Cnaps Patronnale ; C= ; D==-D167 ; E==-E167 ; F==-F167 ; G==-G167 ; H==-H167 ; I==-I167 ; J==-J167 ; K==-K167 ; L==-L167 ; M==-M167 ; N==-N167 ; O==-O167 ; P==SUM(D169:O169) || B=IRSA ; C= ; D==-D166*18% ; E==-E166*18% ; F==-F166*18% ; G==-G166*18% ; H==-H166*18% ; I==-I166*18% ; J==-J166*18% ; K==-K166*18% ; L==-L166*18% ; M==-M166*18% ; N==-N166*18% ; O==-O166*18% ; P==SUM(D170:O170) || B=Rémunerations dues ; C==+C164+C158 ; D==-SUM(D166:D170) ; E==-SUM(E166:E170) ; F==-SUM(F166:F170) ; G==-SUM(G166:G170) ; H==-SUM(H166:H170) ; I==-SUM(I166:I170) ; J==-SUM(J166:J170) ; K==-SUM(K166:K170) ; L==-SUM(L166:L170) ; M==-SUM(M166:M170) ; N==-SUM(N166:N170) ; O==-SUM(O166:O170) ; P==SUM(D171:O171)
Sal,Sal_R21,173,174,2,16,2,15,26,1,1,0,B= ; C= ; D==+D73 ; E==+E73 ; F==+F73 ; G==+G73 ; H==+H73 ; I==+I73 ; J==+J73 ; K==+K73 ; L==+L73 ; M==+M73 ; N==+N73 ; O==+O73 ; P==+P73 || B=Salaire consolidé ; C= ; D==+D176+D177 ; E==+E176+E177 ; F==+F176+F177 ; G==+G176+G177 ; H==+H176+H177 ; I==+I176+I177 ; J==+J176+J177 ; K==+K176+K177 ; L==+L176+L177 ; M==+M176+M177 ; N==+N176+N177 ; O==+O176+O177 ; P==+P176+P177
Sal,Sal_R22,176,181,2,16,6,15,78,6,6,0,B=Salaires ; C= ; D==+D160+D166 ; E==+E160+E166 ; F==+F160+F166 ; G==+G160+G166 ; H==+H160+H166 ; I==+I160+I166 ; J==+J160+J166 ; K==+K160+K166 ; L==+L160+L166 ; M==+M160+M166 ; N==+N160+N166 ; O==+O160+O166 ; P==SUM(D176:O176) || B=Charges sociales ; C= ; D==+D161+D167 ; E==+E161+E167 ; F==+F161+F167 ; G==+G161+G167 ; H==+H161+H167 ; I==+I161+I167 ; J==+J161+J167 ; K==+K161+K167 ; L==+L161+L167 ; M==+M161+M167 ; N==+N161+N167 ; O==+O161+O167 ; P==SUM(D177:O177) || B=Cnaps salariale ; C= ; D==+D162+D168 ; E==+E162+E168 ; F==+F162+F168 ; G==+G162+G168 ; H==+H162+H168 ; I==+I162+I168 ; J==+J162+J168 ; K==+K162+K168 ; L==+L162+L168 ; M==+M162+M168 ; N==+N162+N168 ; O==+O162+O168 ; P==SUM(D178:O178) || B=Cnaps patronale ; C= ; D==+D169 ; E==+E169 ; F==+F169 ; G==+G169 ; H==+H169 ; I==+I169 ; J==+J169 ; K==+K169 ; L==+L169 ; M==+M169 ; N==+N169 ; O==+O169 ; P==SUM(D179:O179) || B=IRSA ; C= ; D==+D163+D170 ; E==+E163+E170 ; F==+F163+F170 ; G==+G163+G170 ; H==+H163+H170 ; I==+I163+I170 ; J==+J163+J170 ; K==+K163+K170 ; L==+L163+L170 ; M==+M163+M170 ; N==+N163+N170 ; O==+O163+O170 ; P==SUM(D180:O180) || B=Rémuneration dues ; C= ; D==D164+D171 ; E==E164+E171 ; F==F164+F171 ; G==G164+G171 ; H==H164+H171 ; I==I164+I171 ; J==J164+J171 ; K==K164+K171 ; L==L164+L171 ; M==M164+M171 ; N==N164+N171 ; O==O164+O171 ; P==SUM(D181:O181)
Sal,Sal_R23,183,189,2,17,7,16,98,7,7,0,"B=Ch Perso Fixes ; C= ; D==SUMIF($Q$24:$Q$157,""F"",D24:D157) ; E==SUMIF($Q$24:$Q$157,""F"",E24:E157) ; F==SUMIF($Q$24:$Q$157,""F"",F24:F157) ; G==SUMIF($Q$24:$Q$157,""F"",G24:G157) ; H==SUMIF($Q$24:$Q$157,""F"",H24:H157) ; I==SUMIF($Q$24:$Q$157,""F"",I24:I157) ; J==SUMIF($Q$24:$Q$157,""F"",J24:J157) ; K==SUMIF($Q$24:$Q$157,""F"",K24:K157) ; L==SUMIF($Q$24:$Q$157,""F"",L24:L157) ; M==SUMIF($Q$24:$Q$157,""F"",M24:M157) ; N==SUMIF($Q$24:$Q$157,""F"",N24:N157) ; O==SUMIF($Q$24:$Q$157,""F"",O24:O157) ; P==SUM(D183:O183) ; Q==SUMIF($Q$15:$Q$157,""F"",Q15:Q157) || B=Ch Perso variables ; C= ; D==SUMIF($Q$24:$Q$157,""V"",D24:D157) ; E==SUMIF($Q$24:$Q$157,""V"",E24:E157) ; F==SUMIF($Q$24:$Q$157,""V"",F24:F157) ; G==SUMIF($Q$24:$Q$157,""V"",G24:G157) ; H==SUMIF($Q$24:$Q$157,""V"",H24:H157) ; I==SUMIF($Q$24:$Q$157,""V"",I24:I157) ; J==SUMIF($Q$24:$Q$157,""V"",J24:J157) ; K==SUMIF($Q$24:$Q$157,""V"",K24:K157) ; L==SUMIF($Q$24:$Q$157,""V"",L24:L157) ; M==SUMIF($Q$24:$Q$157,""V"",M24:M157) ; N==SUMIF($Q$24:$Q$157,""V"",N24:N157) ; O==SUMIF($Q$24:$Q$157,""V"",O24:O157) ; P==SUM(D184:O184) ; Q==SUMIF($Q$15:$Q$157,""V"",Q15:Q157) || B=Ch Sociales Fixes ; C= ; D==+D183*0.18 ; E==+E183*0.18 ; F==+F183*0.18 ; G==+G183*0.18 ; H==+H183*0.18 ; I==+I183*0.18 ; J==+J183*0.18 ; K==+K183*0.18 ; L==+L183*0.18 ; M==+M183*0.18 ; N==+N183*0.18 ; O==+O183*0.18 ; P==SUM(D185:O185) ; Q==+Q183*0.18 || B=Ch sociales Variables ; C= ; D==(+D184-D24)*18%+D25 ; E==(+E184-E24)*18%+E25 ; F==(+F184-F24)*18%+F25 ; G==(+G184-G24)*18%+G25 ; H==(+H184-H24)*18%+H25 ; I==(+I184-I24)*18%+I25 ; J==(+J184-J24)*18%+J25 ; K==(+K184-K24)*18%+K25 ; L==(+L184-L24)*18%+L25 ; M==(+M184-M24)*18%+M25 ; N==(+N184-N24)*18%+N25 ; O==(+O184-O24)*18%+O25 ; P==SUM(D186:O186) ; Q==+Q184*1% || B=Cnaps ; C= ; D==+D178+D179 ; E==+E178+E179 ; F==+F178+F179 ; G==+G178+G179 ; H==+H178+H179 ; I==+I178+I179 ; J==+J178+J179 ; K==+K178+K179 ; L==+L178+L179 ; M==+M178+M179 ; N==+N178+N179 ; O==+O178+O179 ; P==SUM(D187:O187) ; Q==+Q178+Q179 || B=IRSA ; C= ; D==+D180 ; E==+E180 ; F==+F180 ; G==+G180 ; H==+H180 ; I==+I180 ; J==+J180 ; K==+K180 ; L==+L180 ; M==+M180 ; N==+N180 ; O==+O180 ; P==SUM(D188:O188) ; Q==+Q180 || B=Remunerations dues ; C= ; D==+D181 ; E==+E181 ; F==+F181 ; G==+G181 ; H==+H181 ; I==+I181 ; J==+J181 ; K==+K181 ; L==+L181 ; M==+M181 ; N==+N181 ; O==+O181 ; P==SUM(D189:O189) ; Q==+Q181"
Sal,Sal_R24,191,195,2,16,5,15,66,6,6,0,B=Personnel ; C=AN ; D==+D173 ; E==+E173 ; F==+F173 ; G==+G173 ; H==+H173 ; I==+I173 ; J==+J173 ; K==+K173 ; L==+L173 ; M==+M173 ; N==+N173 ; O==+O173 ; P==+P173 || B=Début ; C= ; D==+C195 ; E==+D195 ; F==+E195 ; G==+F195 ; H==+G195 ; I==+H195 ; J==+I195 ; K==+J195 ; L==+K195 ; M==+L195 ; N==+M195 ; O==+N195 ; P==+D192 || B=Remuneration dû ; C= ; D==+D181 ; E==+E181 ; F==+F181 ; G==+G181 ; H==+H181 ; I==+I181 ; J==+J181 ; K==+K181 ; L==+L181 ; M==+M181 ; N==+N181 ; O==+O181 ; P==SUM(D193:O193) || B=Paiement ; C= ; D==-D192-D193 ; E==-E193 ; F==-F193-F192*0.6 ; G==-G193-G192*0.6 ; H==-H193-H192*0.6 ; I==-I193-I192*0.6 ; J==-J193-J192*0.6 ; K==-K193-K192 ; L==-L193-L192 ; M==-M193-M192 ; N==-N193-N192 ; O==-O193-O192 ; P==SUM(D194:O194) || B=Fin ; C==+C130 ; D==+D192+D193+D194 ; E==+E192+E193+E194 ; F==+F192+F193+F194 ; G==+G192+G193+G194 ; H==+H192+H193+H194 ; I==+I192+I193+I194 ; J==+J192+J193+J194 ; K==+K192+K193+K194 ; L==+L192+L193+L194 ; M==+M192+M193+M194 ; N==+N192+N193+N194 ; O==+O192+O193+O194 ; P==+P192+P193+P194
Sal,Sal_R25,197,201,2,16,5,15,59,12,5,7,B=Sécurité sociale ; C==+C191 ; D==+D191 ; E==+E191 ; F==+F191 ; G==+G191 ; H==+H191 ; I==+I191 ; J==+J191 ; K==+K191 ; L==+L191 ; M==+M191 ; N==+N191 ; O==+O191 ; P==+P191 || B=Début ; C= ; D==+C201 ; E==+D201 ; F==+E201 ; G==+F201 ; H==+G201 ; I==+H201 ; J==+I201 ; K==+J201 ; L==+K201 ; M==+L201 ; N==+M201 ; O==+N201 ; P==+D198 || B=CNaPS ; C= ; D==+D187 ; E==+E187 ; F==+F187 ; G==+G187 ; H==+H187 ; I==+I187 ; J==+J187 ; K==+K187 ; L==+L187 ; M==+M187 ; N==+N187 ; O==+O187 ; P==SUM(D199:O199) || B=Paiements ; C= ; D=0 ; E=0 ; F=0 ; G==-SUM(D199:F199) ; H=0 ; I=0 ; J==-SUM(G199:I199) ; K=0 ; L=0 ; M==-J199-K199-L199 ; N==-N198-N199 ; O= ; P==SUM(D200:O200) || B=Fin ; C==+C131 ; D==+D198+D199+D200 ; E==+E198+E199+E200 ; F==+F198+F199+F200 ; G==+G198+G199+G200 ; H==+H198+H199+H200 ; I==+I198+I199+I200 ; J==+J198+J199+J200 ; K==+K198+K199+K200 ; L==+L198+L199+L200 ; M==+M198+M199+M200 ; N==+N198+N199+N200 ; O==+O198+O199+O200 ; P==+P198+P199+P200
Sal,Sal_R26,203,207,2,16,5,15,44,28,4,24,B==+B132 ; C==+C197 ; D==+D197 ; E==+E197 ; F==+F197 ; G==+G197 ; H==+H197 ; I==+I197 ; J==+J197 ; K==+K197 ; L==+L197 ; M==+M197 ; N==+N197 ; O==+O197 ; P==+P197 || B=Début ; C= ; D==+C207 ; E==+D207 ; F==+E207 ; G==+F207 ; H==+G207 ; I==+H207 ; J==+I207 ; K==+J207 ; L==+K207 ; M==+L207 ; N==+M207 ; O==+N207 ; P==+D204 || B=AMIT ; C= ; D=0 ; E=0 ; F=0 ; G=0 ; H=0 ; I=0 ; J=0 ; K=0 ; L=0 ; M=0 ; N=0 ; O=0 ; P==SUM(H205:O205) || B=Paiements ; C= ; D=0 ; E=0 ; F=0 ; G=0 ; H=0 ; I=0 ; J=0 ; K=0 ; L=0 ; M=0 ; N=0 ; O=0 ; P==SUM(H206:O206) || B=Fin ; C==+C132 ; D==+D204+D205+D206 ; E==+E204+E205+E206 ; F==+F204+F205+F206 ; G==+G204+G205+G206 ; H==+H204+H205+H206 ; I==+I204+I205+I206 ; J==+J204+J205+J206 ; K==+K204+K205+K206 ; L==+L204+L205+L206 ; M==+M204+M205+M206 ; N==+N204+N205+N206 ; O==+O204+O205+O206 ; P==+P204+P205+P206
Sal,Sal_R27,209,213,2,16,5,15,66,5,5,0,B=Etats - IGR ; C==+C203 ; D==+D203 ; E==+E203 ; F==+F203 ; G==+G203 ; H==+H203 ; I==+I203 ; J==+J203 ; K==+K203 ; L==+L203 ; M==+M203 ; N==+N203 ; O==+O203 ; P==+P203 || B=Début ; C= ; D==+C213 ; E==+D213 ; F==+E213 ; G==+F213 ; H==+G213 ; I==+H213 ; J==+I213 ; K==+J213 ; L==+K213 ; M==+L213 ; N==+M213 ; O==+N213 ; P==+D210 || B=IRSA ; C= ; D==+D188 ; E==+E188 ; F==+F188 ; G==+G188 ; H==+H188 ; I==+I188 ; J==+J188 ; K==+K188 ; L==+L188 ; M==+M188 ; N==+N188 ; O==+O188 ; P==SUM(D211:O211) || B=Paiements ; C= ; D= ; E==-E210 ; F==-F210 ; G==-G210 ; H==-H210 ; I==-I210 ; J==-J210 ; K==-K210 ; L==-L210 ; M==-M210 ; N==-N210 ; O==-O210 ; P==SUM(D212:O212) || B=Fin ; C==+C133 ; D==+D210+D211+D212 ; E==+E210+E211+E212 ; F==+F210+F211+F212 ; G==+G210+G211+G212 ; H==+H210+H211+H212 ; I==+I210+I211+I212 ; J==+J210+J211+J212 ; K==+K210+K211+K212 ; L==+L210+L211+L212 ; M==+M210+M211+M212 ; N==+N210+N211+N212 ; O==+O210+O211+O212 ; P==+P210+P211+P212
Détails Achats direct,Détails Achats direct_R1,3,15,3,17,13,15,181,2,2,0,C=Libellés ; D==+'Besoins en micas'!C43 ; E==+'Besoins en micas'!D43 ; F==+'Besoins en micas'!E43 ; G==+'Besoins en micas'!F43 ; H==+'Besoins en micas'!G43 ; I==+'Besoins en micas'!H43 ; J==+'Besoins en micas'!I43 ; K==+'Besoins en micas'!J43 ; L==+'Besoins en micas'!K43 ; M==+'Besoins en micas'!L43 ; N==+'Besoins en micas'!M43 ; O==+'Besoins en micas'!N43 ; P==+'Besoins en micas'!O43 ; Q= || C==+'Besoins en micas'!B60 ; D==+'Besoins en micas'!C60 ; E==+'Besoins en micas'!D60 ; F==+'Besoins en micas'!E60 ; G==+'Besoins en micas'!F60 ; H==+'Besoins en micas'!G60 ; I==+'Besoins en micas'!H60 ; J==+'Besoins en micas'!I60 ; K==+'Besoins en micas'!J60 ; L==+'Besoins en micas'!K60 ; M==+'Besoins en micas'!L60 ; N==+'Besoins en micas'!M60 ; O==+'Besoins en micas'!N60 ; P==SUM(D4:O4) ; Q= || C==+'Besoins en micas'!B61 ; D==+'Besoins en micas'!C61 ; E==+'Besoins en micas'!D61 ; F==+'Besoins en micas'!E61 ; G==+'Besoins en micas'!F61 ; H==+'Besoins en micas'!G61 ; I==+'Besoins en micas'!H61 ; J==+'Besoins en micas'!I61 ; K==+'Besoins en micas'!J61 ; L==+'Besoins en micas'!K61 ; M==+'Besoins en micas'!L61 ; N==+'Besoins en micas'!M61 ; O==+'Besoins en micas'!N61 ; P==SUM(D5:O5) ; Q= || C==+'Besoins en micas'!B62 ; D==+'Besoins en micas'!C62 ; E==+'Besoins en micas'!D62 ; F==+'Besoins en micas'!E62 ; G==+'Besoins en micas'!F62 ; H==+'Besoins en micas'!G62 ; I==+'Besoins en micas'!H62 ; J==+'Besoins en micas'!I62 ; K==+'Besoins en micas'!J62 ; L==+'Besoins en micas'!K62 ; M==+'Besoins en micas'!L62 ; N==+'Besoins en micas'!M62 ; O==+'Besoins en micas'!N62 ; P==SUM(D6:O6) ; Q= || C==+'Besoins en micas'!B63 ; D==+'Besoins en micas'!C63 ; E==+'Besoins en micas'!D63 ; F==+'Besoins en micas'!E63 ; G==+'Besoins en micas'!F63 ; H==+'Besoins en micas'!G63 ; I==+'Besoins en micas'!H63 ; J==+'Besoins en micas'!I63 ; K==+'Besoins en micas'!J63 ; L==+'Besoins en micas'!K63 ; M==+'Besoins en micas'!L63 ; N==+'Besoins en micas'!M63 ; O==+'Besoins en micas'!N63 ; P==SUM(D7:O7) ; Q= || C==+'Besoins en micas'!B64 ; D==SUM(D4:D7) ; E==SUM(E4:E7) ; F==SUM(F4:F7) ; G==SUM(G4:G7) ; H==SUM(H4:H7) ; I==SUM(I4:I7) ; J==SUM(J4:J7) ; K==SUM(K4:K7) ; L==SUM(L4:L7) ; M==SUM(M4:M7) ; N==SUM(N4:N7) ; O==SUM(O4:O7) ; P==SUM(D8:O8) ; Q= || C==+'Besoins en micas'!B65 ; D==+'Besoins en micas'!C65 ; E==+'Besoins en micas'!D65 ; F==+'Besoins en micas'!E65 ; G==+'Besoins en micas'!F65 ; H==+'Besoins en micas'!G65 ; I==+'Besoins en micas'!H65 ; J==+'Besoins en micas'!I65 ; K==+'Besoins en micas'!J65 ; L==+'Besoins en micas'!K65 ; M==+'Besoins en micas'!L65 ; N==+'Besoins en micas'!M65 ; O==+'Besoins en micas'!N65 ; P==SUM(D9:O9) ; Q= || C==+'Besoins en micas'!B66 ; D==+'Besoins en micas'!C66 ; E==+'Besoins en micas'!D66 ; F==+'Besoins en micas'!E66 ; G==+'Besoins en micas'!F66 ; H==+'Besoins en micas'!G66 ; I==+'Besoins en micas'!H66 ; J==+'Besoins en micas'!I66 ; K==+'Besoins en micas'!J66 ; L==+'Besoins en micas'!K66 ; M==+'Besoins en micas'!L66 ; N==+'Besoins en micas'!M66 ; O==+'Besoins en micas'!N66 ; P==SUM(D10:O10) ; Q=
Détails Achats direct,Détails Achats direct_R2,18,19,3,6,2,4,2,6,4,2,C=Sacs polypropylène ; D=1510 ; E=Pr 50 kg ; F==+D18*1.2 || C=Sacs polyéthylène ; D=1475 ; E=Pr 50 kg ; F==+D19*1.2
Détails Achats direct,Détails Achats direct_R3,21,22,3,16,2,14,27,1,1,0,C==+C3 ; D==+D3 ; E==+E3 ; F==+F3 ; G==+G3 ; H==+H3 ; I==+I3 ; J==+J3 ; K==+K3 ; L==+L3 ; M==+M3 ; N==+N3 ; O==+O3 ; P==+P3 || C=Productions totales ; D==+SUM(Production!D9:D11) ; E==+SUM(Production!E9:E11) ; F==+SUM(Production!F9:F11) ; G==+SUM(Production!G9:G11) ; H==+SUM(Production!H9:H11) ; I==+SUM(Production!I9:I11) ; J==+SUM(Production!J9:J11) ; K==+SUM(Production!K9:K11) ; L==+SUM(Production!L9:L11) ; M==+SUM(Production!M9:M11) ; N==+SUM(Production!N9:N11) ; O==+SUM(Production!O9:O11) ; P==SUM(D22:O22)
Détails Achats direct,Détails Achats direct_R4,24,26,3,16,3,14,39,2,2,0,"C=Sacs propylenes ; D==+D22/50 ; E==+E22/50 ; F==+F22/50 ; G==+G22/50 ; H==+H22/50 ; I==+I22/50 ; J==+J22/50 ; K==+K22/50 ; L==+L22/50 ; M==+M22/50 ; N==+N22/50 ; O==+O22/50 ; P==SUM(D24:O24) || C==+C19 ; D==((+Production!D19+Production!D20+Pro... ; E==((+Production!E19+Production!E20+Pro... ; F==((+Production!F19+Production!F20+Pro... ; G==((+Production!G19+Production!G20+Pro... ; H==((+Production!H19+Production!H20+Pro... ; I==((+Production!I19+Production!I20+Pro... ; J==((+Production!J19+Production!J20+Pro... ; K==((+Production!K19+Production!K20+Pro... ; L==((+Production!L19+Production!L20+Pro... ; M==((+Production!M19+Production!M20+Pro... ; N==((+Production!N19+Production!N20+Pro... ; O==((+Production!O19+Production!O20+Pro... ; P= || C=Cout d""achat ; D==+D24*$D$18+D25*$D$19 ; E==+E24*$D$18+E25*$D$19 ; F==+F24*$D$18+F25*$D$19 ; G==+G24*$D$18+G25*$D$19 ; H==+H24*$D$18+H25*$D$19 ; I==+I24*$D$18+I25*$D$19 ; J==+J24*$D$18+J25*$D$19 ; K==+K24*$D$18+K25*$D$19 ; L==+L24*$D$18+L25*$D$19 ; M==+M24*$D$18+M25*$D$19 ; N==+N24*$D$18+N25*$D$19 ; O==+O24*$D$18+O25*$D$19 ; P==+P24*$D$18"
Détails Achats direct,Détails Achats direct_R5,31,32,3,16,2,14,26,2,2,0,C=CARBURANTS - LOCAL TOL ; D==430000*3 ; E==430000*3 ; F==430000*3 ; G==430000*3 ; H==430000*3 ; I==430000*3 ; J==430000*3 ; K==430000*3 ; L==430000*3 ; M==430000*3 ; N==430000*3 ; O==+N31 ; P==SUM(D31:O31) || C=LUBRIFIANTS - LOCAL TOL ; D==+D31*0.1 ; E==+E31*0.1 ; F==+F31*0.1 ; G==+G31*0.1 ; H==+H31*0.1 ; I==+I31*0.1 ; J==+J31*0.1 ; K==+K31*0.1 ; L==+L31*0.1 ; M==+M31*0.1 ; N==+N31*0.1 ; O==+O31*0.1 ; P==SUM(D32:O32)
Détails Achats direct,Détails Achats direct_R6,34,50,3,16,17,14,202,30,16,14,C=PETIT OUTILLAGE ; D=1000000 ; E==+D34 ; F==+E34 ; G==+F34 ; H==+G34 ; I==+H34 ; J==+I34 ; K==+J34 ; L==+K34 ; M==+L34 ; N==+M34 ; O==+N34 ; P==SUM(D34:O34) || C=MAT. DE CONSTR. ; D=1240000 ; E==+D35 ; F==+E35 ; G==+F35 ; H==+G35 ; I==+H35 ; J==+I35 ; K==+J35 ; L==+K35 ; M==+L35 ; N==+M35 ; O==+N35 ; P==SUM(D35:O35) || C=PIECE DETACHEE ; D==(+Détails!B92*3)*2 ; E==+D36 ; F==+E36 ; G==+F36 ; H==+G36 ; I==+H36 ; J==+I36 ; K==+J36 ; L==+K36 ; M==+L36 ; N==+M36 ; O==+N36 ; P==SUM(D36:O36) || C=PNEUMATIQUE ; D=0 ; E==+D37 ; F==+E37 ; G==+F37 ; H==+G37 ; I=10000000 ; J= ; K= ; L= ; M= ; N= ; O==+I37 ; P==SUM(D37:O37) || C=QUINCAILLERIES ; D==(660000/2)*2 ; E==+D38 ; F==+E38 ; G==+F38 ; H==+G38 ; I==+H38 ; J==+I38 ; K==+J38 ; L==+K38 ; M==+L38 ; N==+M38 ; O==+N38 ; P==SUM(D38:O38) || C=FOURNIT. ADMINISTRATIVES ; D=300000 ; E==+D39 ; F==+E39 ; G==+F39 ; H==+G39 ; I==+H39 ; J==+I39 ; K==+J39 ; L==+K39 ; M==+L39 ; N==+M39 ; O==+N39 ; P==SUM(D39:O39) || C=FOURNIT. BUREAU ; D=550000 ; E==+D40 ; F==+E40 ; G==+F40 ; H==+G40 ; I==+H40 ; J==+I40 ; K==+J40 ; L==+K40 ; M==+L40 ; N==+M40 ; O==+N40 ; P==SUM(D40:O40) || C=FOURNIT. BATIMENT ; D=500000 ; E==+D41 ; F==+E41 ; G==+F41 ; H==+G41 ; I==+H41 ; J==+I41 ; K==+J41 ; L==+K41 ; M==+L41 ; N==+M41 ; O==+N41 ; P==SUM(D41:O41)
Primes,Primes_R1,2,6,3,16,5,14,68,2,2,0,C=Besoins Micas ; D==+Commandes!C9 ; E==+Commandes!D9 ; F==+Commandes!E9 ; G==+Commandes!F9 ; H==+Commandes!G9 ; I==+Commandes!H9 ; J==+Commandes!I9 ; K==+Commandes!J9 ; L==+Commandes!K9 ; M==+Commandes!L9 ; N==+Commandes!M9 ; O==+Commandes!N9 ; P==+Commandes!O9 || C==+'Besoins en micas'!B3 ; D==+'Besoins en micas'!C3 ; E==+'Besoins en micas'!D3 ; F==+'Besoins en micas'!E3 ; G==+'Besoins en micas'!F3 ; H==+'Besoins en micas'!G3 ; I==+'Besoins en micas'!H3 ; J==+'Besoins en micas'!I3 ; K==+'Besoins en micas'!J3 ; L==+'Besoins en micas'!K3 ; M==+'Besoins en micas'!L3 ; N==+'Besoins en micas'!M3 ; O==+'Besoins en micas'!N3 ; P==SUM(D3:O3) || C==+'Besoins en micas'!B4 ; D==+'Besoins en micas'!C4 ; E==+'Besoins en micas'!D4 ; F==+'Besoins en micas'!E4 ; G==+'Besoins en micas'!F4 ; H==+'Besoins en micas'!G4 ; I==+'Besoins en micas'!H4 ; J==+'Besoins en micas'!I4 ; K==+'Besoins en micas'!J4 ; L==+'Besoins en micas'!K4 ; M==+'Besoins en micas'!L4 ; N==+'Besoins en micas'!M4 ; O==+'Besoins en micas'!N4 ; P==SUM(D4:O4) || C==+'Besoins en micas'!B5 ; D==+'Besoins en micas'!C5 ; E==+'Besoins en micas'!D5 ; F==+'Besoins en micas'!E5 ; G==+'Besoins en micas'!F5 ; H==+'Besoins en micas'!G5 ; I==+'Besoins en micas'!H5 ; J==+'Besoins en micas'!I5 ; K==+'Besoins en micas'!J5 ; L==+'Besoins en micas'!K5 ; M==+'Besoins en micas'!L5 ; N==+'Besoins en micas'!M5 ; O==+'Besoins en micas'!N5 ; P==SUM(D5:O5) || C=Total ; D==SUM(D3:D5) ; E==SUM(E3:E5) ; F==SUM(F3:F5) ; G==SUM(G3:G5) ; H==SUM(H3:H5) ; I==SUM(I3:I5) ; J==SUM(J3:J5) ; K==SUM(K3:K5) ; L==SUM(L3:L5) ; M==SUM(M3:M5) ; N==SUM(N3:N5) ; O==SUM(O3:O5) ; P==SUM(P3:P5)
Primes,Primes_R2,8,12,2,16,5,15,75,0,0,0,B==+'Données SOMIDA'!D62 ; C==+'Données SOMIDA'!C62 ; D==+$B$8*D6 ; E==+$B$8*E6 ; F==+$B$8*F6 ; G==+$B$8*G6 ; H==+$B$8*H6 ; I==+$B$8*I6 ; J==+$B$8*J6 ; K==+$B$8*K6 ; L==+$B$8*L6 ; M==+$B$8*M6 ; N==+$B$8*N6 ; O==+$B$8*O6 ; P==SUM(D8:O8) || B==+'Données SOMIDA'!D63 ; C==+'Données SOMIDA'!C63 ; D==+$B$9*D6 ; E==+$B$9*E6 ; F==+$B$9*F6 ; G==+$B$9*G6 ; H==+$B$9*H6 ; I==+$B$9*I6 ; J==+$B$9*J6 ; K==+$B$9*K6 ; L==+$B$9*L6 ; M==+$B$9*M6 ; N==+$B$9*N6 ; O==+$B$9*O6 ; P==SUM(D9:O9) || B==+'Données SOMIDA'!D64 ; C==+'Données SOMIDA'!C64 ; D==+$B$10*D6 ; E==+$B$10*E6 ; F==+$B$10*F6 ; G==+$B$10*G6 ; H==+$B$10*H6 ; I==+$B$10*I6 ; J==+$B$10*J6 ; K==+$B$10*K6 ; L==+$B$10*L6 ; M==+$B$10*M6 ; N==+$B$10*N6 ; O==+$B$10*O6 ; P==SUM(D10:O10) || B==+'Données SOMIDA'!D65 ; C==+'Données SOMIDA'!C65 ; D==+$B$11*D6 ; E==+$B$11*E6 ; F==+$B$11*F6 ; G==+$B$11*G6 ; H==+$B$11*H6 ; I==+$B$11*I6 ; J==+$B$11*J6 ; K==+$B$11*K6 ; L==+$B$11*L6 ; M==+$B$11*M6 ; N==+$B$11*N6 ; O==+$B$11*O6 ; P==SUM(D11:O11) || B==+'Données SOMIDA'!D66 ; C==+'Données SOMIDA'!C66 ; D==+$B$12*D6 ; E==+$B$12*E6 ; F==+$B$12*F6 ; G==+$B$12*G6 ; H==+$B$12*H6 ; I==+$B$12*I6 ; J==+$B$12*J6 ; K==+$B$12*K6 ; L==+$B$12*L6 ; M==+$B$12*M6 ; N==+$B$12*N6 ; O==+$B$12*O6 ; P==SUM(D12:O12)
Primes,Primes_R3,15,20,3,11,6,9,30,14,8,6,C=Objectifs ; D= ; E= ; F=Nbre Equipe ; G=0.25 ; H=0.5 ; I=0.75 ; J=1 ; K= || C==+C23 ; D==2.5*25 ; E=T/Mois/Equipe ; F==+Org!M34 ; G==+D16*F16*$G$15*1000 ; H==+D16*F16*$H$15*1000 ; I==+$D$16*$F$16*$I$15*1000 ; J==+D16*F16*$J$15*1000 ; K= || C==+C24 ; D==2.5*25 ; E=T/Mois/Equipe ; F==+Org!AL15 ; G==+D17*F17*$G$15*1000 ; H==+D17*F17*$H$15*1000 ; I==+$D$17*$F$17*$I$15*1000 ; J==+D17*F17*$J$15*1000 ; K= || C==+C25 ; D==2.5*25 ; E=T/Mois/Equipe ; F==+Org!M64 ; G==+D18*F18*$G$15*1000 ; H==+D18*F18*$H$15*1000 ; I==+$D$18*$F$18*$I$15*1000 ; J==+D18*F18*$J$15*1000 ; K= || C==+C26 ; D==2.5*25 ; E=T/Mois/Equipe ; F=6 ; G==+D19*F19*$G$15*1000 ; H==+D19*F19*$H$15*1000 ; I==+$D$19*$F$19*$I$15*1000 ; J==+D19*F19*$J$15*1000 ; K= || C= ; D= ; E= ; F=Primes ; G=1 ; H==+G20*2 ; I==+H20+G20 ; J==+I20+G20 ; K=Ar/kg
Primes,Primes_R4,22,27,3,16,6,14,82,2,2,0,C=Achats ; D==+'Besoins en micas'!C59 ; E==+'Besoins en micas'!D59 ; F==+'Besoins en micas'!E59 ; G==+'Besoins en micas'!F59 ; H==+'Besoins en micas'!G59 ; I==+'Besoins en micas'!H59 ; J==+'Besoins en micas'!I59 ; K==+'Besoins en micas'!J59 ; L==+'Besoins en micas'!K59 ; M==+'Besoins en micas'!L59 ; N==+'Besoins en micas'!M59 ; O==+'Besoins en micas'!N59 ; P==+'Besoins en micas'!O59 || C==+'Besoins en micas'!B87 ; D==+D8 ; E==+E8 ; F==+F8 ; G==+G8 ; H==+H8 ; I==+I8 ; J==+J8 ; K==+K8 ; L==+L8 ; M==+M8 ; N==+N8 ; O==+O8 ; P==SUM(D23:O23) || C==+'Besoins en micas'!B88 ; D==+D9 ; E==+E9 ; F==+F9 ; G==+G9 ; H==+H9 ; I==+I9 ; J==+J9 ; K==+K9 ; L==+L9 ; M==+M9 ; N==+N9 ; O==+O9 ; P==SUM(D24:O24) || C==+'Besoins en micas'!B89 ; D==+D10 ; E==+E10 ; F==+F10 ; G==+G10 ; H==+H10 ; I==+I10 ; J==+J10 ; K==+K10 ; L==+L10 ; M==+M10 ; N==+N10 ; O==+O10 ; P==SUM(D25:O25) || C==+'Besoins en micas'!B90 ; D==+D11 ; E==+E11 ; F==+F11 ; G==+G11 ; H==+H11 ; I==+I11 ; J==+J11 ; K==+K11 ; L==+L11 ; M==+M11 ; N==+N11 ; O==+O11 ; P==SUM(D26:O26) || C=Total ; D==SUM(D23:D26) ; E==SUM(E23:E26) ; F==SUM(F23:F26) ; G==SUM(G23:G26) ; H==SUM(H23:H26) ; I==SUM(I23:I26) ; J==SUM(J23:J26) ; K==SUM(K23:K26) ; L==SUM(L23:L26) ; M==SUM(M23:M26) ; N==SUM(N23:N26) ; O==SUM(O23:O26) ; P==SUM(P23:P26)
Primes,Primes_R5,29,32,3,15,4,13,52,0,0,0,"C==+C16 ; D==+IF(D23>=$J$16,$J$20,IF(D23>=$I$16,$... ; E==+IF(E23>=$J$16,$J$20,IF(E23>=$I$16,$... ; F==+IF(F23>=$J$16,$J$20,IF(F23>=$I$16,$... ; G==+IF(G23>=$J$16,$J$20,IF(G23>=$I$16,$... ; H==+IF(H23>=$J$16,$J$20,IF(H23>=$I$16,$... ; I==+IF(I23>=$J$16,$J$20,IF(I23>=$I$16,$... ; J==+IF(J23>=$J$16,$J$20,IF(J23>=$I$16,$... ; K==+IF(K23>=$J$16,$J$20,IF(K23>=$I$16,$... ; L==+IF(L23>=$J$16,$J$20,IF(L23>=$I$16,$... ; M==+IF(M23>=$J$16,$J$20,IF(M23>=$I$16,$... ; N==+IF(N23>=$J$16,$J$20,IF(N23>=$I$16,$... ; O==+IF(O23>=$J$16,$J$20,IF(O23>=$I$16,$... || C==+C17 ; D==+IF(D24>=$J$16,$J$20,IF(D24>=$I$16,$... ; E==+IF(E24>=$J$16,$J$20,IF(E24>=$I$16,$... ; F==+IF(F24>=$J$16,$J$20,IF(F24>=$I$16,$... ; G==+IF(G24>=$J$16,$J$20,IF(G24>=$I$16,$... ; H==+IF(H24>=$J$16,$J$20,IF(H24>=$I$16,$... ; I==+IF(I24>=$J$16,$J$20,IF(I24>=$I$16,$... ; J==+IF(J24>=$J$16,$J$20,IF(J24>=$I$16,$... ; K==+IF(K24>=$J$16,$J$20,IF(K24>=$I$16,$... ; L==+IF(L24>=$J$16,$J$20,IF(L24>=$I$16,$... ; M==+IF(M24>=$J$16,$J$20,IF(M24>=$I$16,$... ; N==+IF(N24>=$J$16,$J$20,IF(N24>=$I$16,$... ; O==+IF(O24>=$J$16,$J$20,IF(O24>=$I$16,$... || C==+C18 ; D==+IF(D25>=$J$16,$J$20,IF(D25>=$I$16,$... ; E==+IF(E25>=$J$16,$J$20,IF(E25>=$I$16,$... ; F==+IF(F25>=$J$16,$J$20,IF(F25>=$I$16,$... ; G==+IF(G25>=$J$16,$J$20,IF(G25>=$I$16,$... ; H==+IF(H25>=$J$16,$J$20,IF(H25>=$I$16,$... ; I==+IF(I25>=$J$16,$J$20,IF(I25>=$I$16,$... ; J==+IF(J25>=$J$16,$J$20,IF(J25>=$I$16,$... ; K==+IF(K25>=$J$16,$J$20,IF(K25>=$I$16,$... ; L==+IF(L25>=$J$16,$J$20,IF(L25>=$I$16,$... ; M==+IF(M25>=$J$16,$J$20,IF(M25>=$I$16,$... ; N==+IF(N25>=$J$16,$J$20,IF(N25>=$I$16,$... ; O==+IF(O25>=$J$16,$J$20,IF(O25>=$I$16,$... || C==+C19 ; D==+IF(D26>=$J$16,$J$20,IF(D26>=$I$16,$... ; E==+IF(E26>=$J$16,$J$20,IF(E26>=$I$16,$... ; F==+IF(F26>=$J$16,$J$20,IF(F26>=$I$16,$... ; G==+IF(G26>=$J$16,$J$20,IF(G26>=$I$16,$... ; H==+IF(H26>=$J$16,$J$20,IF(H26>=$I$16,$... ; I==+IF(I26>=$J$16,$J$20,IF(I26>=$I$16,$... ; J==+IF(J26>=$J$16,$J$20,IF(J26>=$I$16,$... ; K==+IF(K26>=$J$16,$J$20,IF(K26>=$I$16,$... ; L==+IF(L26>=$J$16,$J$20,IF(L26>=$I$16,$... ; M==+IF(M26>=$J$16,$J$20,IF(M26>=$I$16,$... ; N==+IF(N26>=$J$16,$J$20,IF(N26>=$I$16,$... ; O==+IF(O26>=$J$16,$J$20,IF(O26>=$I$16,$..."
Primes,Primes_R6,34,56,2,16,23,15,338,4,4,0,"B=Nbre ; C=Primes totaux ; D==+D22 ; E==+E22 ; F==+F22 ; G==+G22 ; H==+H22 ; I==+I22 ; J==+J22 ; K==+K22 ; L==+L22 ; M==+M22 ; N==+N22 ; O==+O22 ; P==+P22 || B= ; C==+C23 ; D==ROUNDDOWN(+D29*D23,-2) ; E==ROUNDDOWN(+E29*E23,-2) ; F==ROUNDDOWN(+F29*F23,-2) ; G==ROUNDDOWN(+G29*G23,-2) ; H==ROUNDDOWN(+H29*H23,-2) ; I==ROUNDDOWN(+I29*I23,-2) ; J==ROUNDDOWN(+J29*J23,-2) ; K==ROUNDDOWN(+K29*K23,-2) ; L==ROUNDDOWN(+L29*L23,-2) ; M==ROUNDDOWN(+M29*M23,-2) ; N==ROUNDDOWN(+N29*N23,-2) ; O==ROUNDDOWN(+O29*O23,-2) ; P==SUM(D35:O35) || B==+Org!M33 ; C==+Org!B33 ; D==+$D$35*B36 ; E==+E$35*$B36 ; F==+$F$35*B36 ; G==+G$35*$B36 ; H==+H$35*$B36 ; I==+I$35*$B36 ; J==+J$35*$B36 ; K==+K$35*$B36 ; L==+L$35*$B36 ; M==+M$35*$B36 ; N==+N$35*$B36 ; O==+O$35*$B36 ; P==SUM(D36:O36) || B==+Org!M34 ; C==+Org!B34 ; D==+$D$35*B37 ; E==+E$35*$B37 ; F==+$F$35*B37 ; G==+G$35*$B37 ; H==+H$35*$B37 ; I==+I$35*$B37 ; J==+J$35*$B37 ; K==+K$35*$B37 ; L==+L$35*$B37 ; M==+M$35*$B37 ; N==+N$35*$B37 ; O==+O$35*$B37 ; P==SUM(D37:O37) || B==+Org!M35 ; C==+Org!B35 ; D==+$D$35*B38 ; E==+E$35*$B38 ; F==+$F$35*B38 ; G==+G$35*$B38 ; H==+H$35*$B38 ; I==+I$35*$B38 ; J==+J$35*$B38 ; K==+K$35*$B38 ; L==+L$35*$B38 ; M==+M$35*$B38 ; N==+N$35*$B38 ; O==+O$35*$B38 ; P==SUM(D38:O38) || B==+Org!M36 ; C==+Org!B36 ; D==+$D$35*B39 ; E==+E$35*$B39 ; F==+$F$35*B39 ; G==+G$35*$B39 ; H==+H$35*$B39 ; I==+I$35*$B39 ; J==+J$35*$B39 ; K==+K$35*$B39 ; L==+L$35*$B39 ; M==+M$35*$B39 ; N==+N$35*$B39 ; O==+O$35*$B39 ; P==SUM(D39:O39) || B==SUM(B36:B39) ; C=Total ; D==SUM(D36:D39) ; E==SUM(E36:E39) ; F==SUM(F36:F39) ; G==SUM(G36:G39) ; H==SUM(H36:H39) ; I==SUM(I36:I39) ; J==SUM(J36:J39) ; K==SUM(K36:K39) ; L==SUM(L36:L39) ; M==SUM(M36:M39) ; N==SUM(N36:N39) ; O==SUM(O36:O39) ; P==SUM(P36:P39) || B= ; C==+C24 ; D==ROUNDUP(+D30*D24,-2) ; E==ROUNDUP(+E30*E24,-2) ; F==ROUNDUP(+F30*F24,-2) ; G==ROUNDUP(+G30*G24,-2) ; H==ROUNDUP(+H30*H24,-2) ; I==ROUNDUP(+I30*I24,-2) ; J==ROUNDUP(+J30*J24,-2) ; K==ROUNDUP(+K30*K24,-2) ; L==ROUNDUP(+L30*L24,-2) ; M==ROUNDUP(+M30*M24,-2) ; N==ROUNDUP(+N30*N24,-2) ; O==ROUNDUP(+O30*O24,-2) ; P==SUM(D41:O41)"
Primes,Primes_R7,60,62,3,8,3,6,9,8,4,4,"C=Objectifs ; D=Nbre Equipe ; E=0.25 ; F=0.5 ; G=0.75 ; H=1 || C=Achats micas ; D==+Org!M62&"" Equipe = ""&F16 ; E==+G16 ; F==+H16 ; G==+I16 ; H==+J16 || C=Nbre mois ; D= ; E==+G20 ; F==+H20 ; G==+I20 ; H==+J20"
Primes,Primes_R8,64,71,2,8,8,7,42,13,9,4,B= ; C=Fonctions ; D=Sal Base ; E=0.25 ; F=0.5 ; G=0.75 ; H=1 || B=BO ; C==+Sal!B52 ; D==+Feuil3!E9 ; E==+D65*$E$62/12 ; F==+D65*$F$62/12 ; G==+D65*$G$62/12 ; H==+D65*$H$62/12 || B=BO ; C==+Sal!B53 ; D==+Feuil3!E10 ; E==+D66*$E$62/12 ; F==+D66*$F$62/12 ; G==+D66*$G$62/12 ; H==+D66*$H$62/12 || B=BO ; C==+Sal!B54 ; D==+Feuil3!E11 ; E==+D67*$E$62/12 ; F==+D67*$F$62/12 ; G==+D67*$G$62/12 ; H==+D67*$H$62/12 || B=BO ; C==+Sal!B56 ; D==+Feuil3!E16 ; E==+D68*$E$62/12 ; F==+D68*$F$62/12 ; G==+D68*$G$62/12 ; H==+D68*$H$62/12 || B=BO ; C==+Sal!B57 ; D==+Feuil3!E17 ; E==+D69*$E$62/12 ; F==+D69*$F$62/12 ; G==+D69*$G$62/12 ; H==+D69*$H$62/12 || B=BO ; C==+Sal!B58 ; D==+Feuil3!E18 ; E==+D70*$E$62/12 ; F==+D70*$F$62/12 ; G==+D70*$G$62/12 ; H==+D70*$H$62/12 || B=BO ; C==+Sal!B59 ; D==+Feuil3!E19 ; E==+D71*$E$62/12 ; F==+D71*$F$62/12 ; G==+D71*$G$62/12 ; H==+D71*$H$62/12
Primes,Primes_R9,73,81,2,16,9,15,132,3,3,0,"B=Nb ; C=Back office ; D==+D22 ; E==+E22 ; F==+F22 ; G==+G22 ; H==+H22 ; I==+I22 ; J==+J22 ; K==+K22 ; L==+L22 ; M==+M22 ; N==+N22 ; O==+O22 ; P==+P22 || B==+Feuil3!C9 ; C==+C65 ; D==+IF($D$24>=$H$61,H65,IF($D$24>=$G$61... ; E==+IF($E$24>=$H$61,H65,IF($E$24>=$G$61... ; F==+IF($F$24>=$H$61,H65,IF($F$24>=$G$61... ; G==+IF($G$24>=$H$61,H65,IF($G$24>=$G$61... ; H==+IF($H$24>=$H$61,H65,IF($H$24>=$G$61... ; I==+IF($I$24>=$H$61,H65,IF($I$24>=$G$61... ; J==+IF($J$24>=$H$61,H65,IF($J$24>=$G$61... ; K==+IF($K$24>=$H$61,H65,IF($K$24>=$G$61... ; L==+IF($L$24>=$H$61,H65,IF($L$24>=$G$61... ; M==+IF($M$24>=$H$61,H65,IF($M$24>=$G$61... ; N==+IF($N$24>=$H$61,H65,IF($N$24>=$G$61... ; O==+IF($O$24>=$H$61,H65,IF($O$24>=$G$61... ; P==SUM(D74:O74) || B==+Feuil3!C10 ; C==+C66 ; D==+IF($D$24>=$H$61,H66,IF($D$24>=$G$61... ; E==+IF($E$24>=$H$61,H66,IF($E$24>=$G$61... ; F==+IF($F$24>=$H$61,H66,IF($F$24>=$G$61... ; G==+IF($G$24>=$H$61,H66,IF($G$24>=$G$61... ; H==+IF($H$24>=$H$61,H66,IF($H$24>=$G$61... ; I==+IF($I$24>=$H$61,H66,IF($I$24>=$G$61... ; J==+IF($J$24>=$H$61,H66,IF($J$24>=$G$61... ; K==+IF($K$24>=$H$61,H66,IF($K$24>=$G$61... ; L==+IF($L$24>=$H$61,H66,IF($L$24>=$G$61... ; M==+IF($M$24>=$H$61,H66,IF($M$24>=$G$61... ; N==+IF($N$24>=$H$61,H66,IF($N$24>=$G$61... ; O==+IF($O$24>=$H$61,H66,IF($O$24>=$G$61... ; P==SUM(D75:O75) || B==+Feuil3!C11 ; C==+C67 ; D==+IF($D$24>=$H$61,H67,IF($D$24>=$G$61... ; E==+IF($E$24>=$H$61,H67,IF($E$24>=$G$61... ; F==+IF($F$24>=$H$61,H67,IF($F$24>=$G$61... ; G==+IF($G$24>=$H$61,H67,IF($G$24>=$G$61... ; H==+IF($H$24>=$H$61,H67,IF($H$24>=$G$61... ; I==+IF($I$24>=$H$61,H67,IF($I$24>=$G$61... ; J==+IF($J$24>=$H$61,H67,IF($J$24>=$G$61... ; K==+IF($K$24>=$H$61,H67,IF($K$24>=$G$61... ; L==+IF($L$24>=$H$61,H67,IF($L$24>=$G$61... ; M==+IF($M$24>=$H$61,H67,IF($M$24>=$G$61... ; N==+IF($N$24>=$H$61,H67,IF($N$24>=$G$61... ; O==+IF($O$24>=$H$61,H67,IF($O$24>=$G$61... ; P==SUM(D76:O76) || B==+Feuil3!C16 ; C==+C68 ; D==+IF($D$24>=$H$61,H68,IF($D$24>=$G$61... ; E==+IF($E$24>=$H$61,H68,IF($E$24>=$G$61... ; F==+IF($F$24>=$H$61,H68,IF($F$24>=$G$61... ; G==+IF($G$24>=$H$61,H68,IF($G$24>=$G$61... ; H==+IF($H$24>=$H$61,H68,IF($H$24>=$G$61... ; I==+IF($I$24>=$H$61,H68,IF($I$24>=$G$61... ; J==+IF($J$24>=$H$61,H68,IF($J$24>=$G$61... ; K==+IF($K$24>=$H$61,H68,IF($K$24>=$G$61... ; L==+IF($L$24>=$H$61,H68,IF($L$24>=$G$61... ; M==+IF($M$24>=$H$61,H68,IF($M$24>=$G$61... ; N==+IF($N$24>=$H$61,H68,IF($N$24>=$G$61... ; O==+IF($O$24>=$H$61,H68,IF($O$24>=$G$61... ; P==SUM(D77:O77) || B==+Feuil3!C17 ; C==+C69 ; D==+IF($D$24>=$H$61,H69,IF($D$24>=$G$61... ; E==+IF($E$24>=$H$61,H69,IF($E$24>=$G$61... ; F==+IF($F$24>=$H$61,H69,IF($F$24>=$G$61... ; G==+IF($G$24>=$H$61,H69,IF($G$24>=$G$61... ; H==+IF($H$24>=$H$61,H69,IF($H$24>=$G$61... ; I==+IF($I$24>=$H$61,H69,IF($I$24>=$G$61... ; J==+IF($J$24>=$H$61,H69,IF($J$24>=$G$61... ; K==+IF($K$24>=$H$61,H69,IF($K$24>=$G$61... ; L==+IF($L$24>=$H$61,H69,IF($L$24>=$G$61... ; M==+IF($M$24>=$H$61,H69,IF($M$24>=$G$61... ; N==+IF($N$24>=$H$61,H69,IF($N$24>=$G$61... ; O==+IF($O$24>=$H$61,H69,IF($O$24>=$G$61... ; P==SUM(D78:O78) || B==+Feuil3!C18 ; C==+C70 ; D==+IF($D$24>=$H$61,H70,IF($D$24>=$G$61... ; E==+IF($E$24>=$H$61,H70,IF($E$24>=$G$61... ; F==+IF($F$24>=$H$61,H70,IF($F$24>=$G$61... ; G==+IF($G$24>=$H$61,H70,IF($G$24>=$G$61... ; H==+IF($H$24>=$H$61,H70,IF($H$24>=$G$61... ; I==+IF($I$24>=$H$61,H70,IF($I$24>=$G$61... ; J==+IF($J$24>=$H$61,H70,IF($J$24>=$G$61... ; K==+IF($K$24>=$H$61,H70,IF($K$24>=$G$61... ; L==+IF($L$24>=$H$61,H70,IF($L$24>=$G$61... ; M==+IF($M$24>=$H$61,H70,IF($M$24>=$G$61... ; N==+IF($N$24>=$H$61,H70,IF($N$24>=$G$61... ; O==+IF($O$24>=$H$61,H70,IF($O$24>=$G$61... ; P==SUM(D79:O79) || B==+Feuil3!C19 ; C==+C71 ; D==+IF($D$24>=$H$61,H71,IF($D$24>=$G$61... ; E==+IF($E$24>=$H$61,H71,IF($E$24>=$G$61... ; F==+IF($F$24>=$H$61,H71,IF($F$24>=$G$61... ; G==+IF($G$24>=$H$61,H71,IF($G$24>=$G$61... ; H==+IF($H$24>=$H$61,H71,IF($H$24>=$G$61... ; I==+IF($I$24>=$H$61,H71,IF($I$24>=$G$61... ; J==+IF($J$24>=$H$61,H71,IF($J$24>=$G$61... ; K==+IF($K$24>=$H$61,H71,IF($K$24>=$G$61... ; L==+IF($L$24>=$H$61,H71,IF($L$24>=$G$61... ; M==+IF($M$24>=$H$61,H71,IF($M$24>=$G$61... ; N==+IF($N$24>=$H$61,H71,IF($N$24>=$G$61... ; O==+IF($O$24>=$H$61,H71,IF($O$24>=$G$61... ; P==SUM(D80:O80)"
Primes,Primes_R10,84,86,3,8,3,6,9,8,4,4,"C=Objectifs ; D=Nbre Equipe ; E=0.25 ; F=0.5 ; G=0.75 ; H=1 || C=Achats micas ; D==+Org!M84&"" Equipe = ""&F18 ; E==+G18 ; F==+H18 ; G==+I18 ; H==+J18 || C=Nbre mois ; D= ; E==+E62 ; F==+F62 ; G==+G62 ; H==+H62"
Primes,Primes_R11,88,96,2,8,9,7,56,6,2,4,B= ; C=Fonctions ; D=Sal Base ; E=0.25 ; F=0.5 ; G=0.75 ; H=1 || B==+Org!A66 ; C==+Org!B66 ; D==+Org!N66 ; E==+D89*$E$86/12 ; F==+D89*$F$86/12 ; G==+D89*$G$86/12 ; H==+D89*$H$86/12 || B==+Org!A67 ; C==+Org!B67 ; D==+Org!N67 ; E==+D90*$E$86/12 ; F==+D90*$F$86/12 ; G==+D90*$G$86/12 ; H==+D90*$H$86/12 || B==+Org!A69 ; C==+Org!B69 ; D==+Org!N69 ; E==+D91*$E$86/12 ; F==+D91*$F$86/12 ; G==+D91*$G$86/12 ; H==+D91*$H$86/12 || B==+Org!A70 ; C==+Org!B70 ; D==+Org!N70 ; E==+D92*$E$86/12 ; F==+D92*$F$86/12 ; G==+D92*$G$86/12 ; H==+D92*$H$86/12 || B==+Org!A72 ; C==+Org!B72 ; D==+Org!N72 ; E==+D93*$E$86/12 ; F==+D93*$F$86/12 ; G==+D93*$G$86/12 ; H==+D93*$H$86/12 || B==+Org!A73 ; C==+Org!B73 ; D==+Org!N73 ; E==+D94*$E$86/12 ; F==+D94*$F$86/12 ; G==+D94*$G$86/12 ; H==+D94*$H$86/12 || B==+Org!A74 ; C==+Org!B74 ; D==+Org!N74 ; E==+D95*$E$86/12 ; F==+D95*$F$86/12 ; G==+D95*$G$86/12 ; H==+D95*$H$86/12
Primes,Primes_R12,98,107,2,16,10,15,147,3,3,0,"B=Nb ; C=Back office ; D==+D73 ; E==+E73 ; F==+F73 ; G==+G73 ; H==+H73 ; I==+I73 ; J==+J73 ; K==+K73 ; L==+L73 ; M==+M73 ; N==+N73 ; O==+O73 ; P==+P73 || B==+Org!M66 ; C==+C89 ; D==+IF($D$25>=$H$85,H89,IF($D$25>=$G$85... ; E==+IF($E$25>=$H$85,H89,IF($E$25>=$G$85... ; F==+IF($F$25>=$H$85,H89,IF($F$25>=$G$85... ; G==+IF($G$25>=$H$85,H89,IF($G$25>=$G$85... ; H==+IF($H$25>=$H$85,H89,IF($H$25>=$G$85... ; I==+IF($I$25>=$H$85,H89,IF($I$25>=$G$85... ; J==+IF($J$25>=$H$85,H89,IF($J$25>=$G$85... ; K==+IF($K$25>=$H$85,H89,IF($K$25>=$G$85... ; L==+IF($L$25>=$H$85,H89,IF($L$25>=$G$85... ; M==+IF($M$25>=$H$85,H89,IF($M$25>=$G$85... ; N==+IF($N$25>=$H$61,H89,IF($N$25>=$G$61... ; O==+IF($O$25>=$H$61,H89,IF($O$25>=$G$61... ; P==SUM(D99:O99) || B==+Org!M67 ; C==+C90 ; D==+IF($D$25>=$H$85,H90,IF($D$25>=$G$85... ; E==+IF($E$25>=$H$85,H90,IF($E$25>=$G$85... ; F==+IF($F$25>=$H$85,H90,IF($F$25>=$G$85... ; G==+IF($G$25>=$H$85,H90,IF($G$25>=$G$85... ; H==+IF($H$25>=$H$85,H90,IF($H$25>=$G$85... ; I==+IF($I$25>=$H$85,H90,IF($I$25>=$G$85... ; J==+IF($J$25>=$H$85,H90,IF($J$25>=$G$85... ; K==+IF($K$25>=$H$85,H90,IF($K$25>=$G$85... ; L==+IF($L$25>=$H$85,H90,IF($L$25>=$G$85... ; M==+IF($M$25>=$H$85,H90,IF($M$25>=$G$85... ; N==+IF($N$25>=$H$61,H90,IF($N$25>=$G$61... ; O==+IF($O$25>=$H$61,H90,IF($O$25>=$G$61... ; P==SUM(D100:O100) || B==+Org!M69 ; C==+C91 ; D==+IF($D$25>=$H$85,H91,IF($D$25>=$G$85... ; E==+IF($E$25>=$H$85,H91,IF($E$25>=$G$85... ; F==+IF($F$25>=$H$85,H91,IF($F$25>=$G$85... ; G==+IF($G$25>=$H$85,H91,IF($G$25>=$G$85... ; H==+IF($H$25>=$H$85,H91,IF($H$25>=$G$85... ; I==+IF($I$25>=$H$85,H91,IF($I$25>=$G$85... ; J==+IF($J$25>=$H$85,H91,IF($J$25>=$G$85... ; K==+IF($K$25>=$H$85,H91,IF($K$25>=$G$85... ; L==+IF($L$25>=$H$85,H91,IF($L$25>=$G$85... ; M==+IF($M$25>=$H$85,H91,IF($M$25>=$G$85... ; N==+IF($N$25>=$H$61,H91,IF($N$25>=$G$61... ; O==+IF($O$25>=$H$61,H91,IF($O$25>=$G$61... ; P==SUM(D101:O101) || B==+Org!M70 ; C==+C92 ; D==+IF($D$25>=$H$85,H92,IF($D$25>=$G$85... ; E==+IF($E$25>=$H$85,H92,IF($E$25>=$G$85... ; F==+IF($F$25>=$H$85,H92,IF($F$25>=$G$85... ; G==+IF($G$25>=$H$85,H92,IF($G$25>=$G$85... ; H==+IF($H$25>=$H$85,H92,IF($H$25>=$G$85... ; I==+IF($I$25>=$H$85,H92,IF($I$25>=$G$85... ; J==+IF($J$25>=$H$85,H92,IF($J$25>=$G$85... ; K==+IF($K$25>=$H$85,H92,IF($K$25>=$G$85... ; L==+IF($L$25>=$H$85,H92,IF($L$25>=$G$85... ; M==+IF($M$25>=$H$85,H92,IF($M$25>=$G$85... ; N==+IF($N$25>=$H$61,H92,IF($N$25>=$G$61... ; O==+IF($O$25>=$H$61,H92,IF($O$25>=$G$61... ; P==SUM(D102:O102) || B==+Org!M72 ; C==+C93 ; D==+IF($D$25>=$H$85,H93,IF($D$25>=$G$85... ; E==+IF($E$25>=$H$85,H93,IF($E$25>=$G$85... ; F==+IF($F$25>=$H$85,H93,IF($F$25>=$G$85... ; G==+IF($G$25>=$H$85,H93,IF($G$25>=$G$85... ; H==+IF($H$25>=$H$85,H93,IF($H$25>=$G$85... ; I==+IF($I$25>=$H$85,H93,IF($I$25>=$G$85... ; J==+IF($J$25>=$H$85,H93,IF($J$25>=$G$85... ; K==+IF($K$25>=$H$85,H93,IF($K$25>=$G$85... ; L==+IF($L$25>=$H$85,H93,IF($L$25>=$G$85... ; M==+IF($M$25>=$H$85,H93,IF($M$25>=$G$85... ; N==+IF($N$25>=$H$61,H93,IF($N$25>=$G$61... ; O==+IF($O$25>=$H$61,H93,IF($O$25>=$G$61... ; P==SUM(D103:O103) || B==+Org!M73 ; C==+C94 ; D==+IF($D$25>=$H$85,H94,IF($D$25>=$G$85... ; E==+IF($E$25>=$H$85,H94,IF($E$25>=$G$85... ; F==+IF($F$25>=$H$85,H94,IF($F$25>=$G$85... ; G==+IF($G$25>=$H$85,H94,IF($G$25>=$G$85... ; H==+IF($H$25>=$H$85,H94,IF($H$25>=$G$85... ; I==+IF($I$25>=$H$85,H94,IF($I$25>=$G$85... ; J==+IF($J$25>=$H$85,H94,IF($J$25>=$G$85... ; K==+IF($K$25>=$H$85,H94,IF($K$25>=$G$85... ; L==+IF($L$25>=$H$85,H94,IF($L$25>=$G$85... ; M==+IF($M$25>=$H$85,H94,IF($M$25>=$G$85... ; N==+IF($N$25>=$H$61,H94,IF($N$25>=$G$61... ; O==+IF($O$25>=$H$61,H94,IF($O$25>=$G$61... ; P==SUM(D104:O104) || B==+Org!M74 ; C==+C95 ; D==+IF($D$25>=$H$85,H95,IF($D$25>=$G$85... ; E==+IF($E$25>=$H$85,H95,IF($E$25>=$G$85... ; F==+IF($F$25>=$H$85,H95,IF($F$25>=$G$85... ; G==+IF($G$25>=$H$85,H95,IF($G$25>=$G$85... ; H==+IF($H$25>=$H$85,H95,IF($H$25>=$G$85... ; I==+IF($I$25>=$H$85,H95,IF($I$25>=$G$85... ; J==+IF($J$25>=$H$85,H95,IF($J$25>=$G$85... ; K==+IF($K$25>=$H$85,H95,IF($K$25>=$G$85... ; L==+IF($L$25>=$H$85,H95,IF($L$25>=$G$85... ; M==+IF($M$25>=$H$85,H95,IF($M$25>=$G$85... ; N==+IF($N$25>=$H$61,H95,IF($N$25>=$G$61... ; O==+IF($O$25>=$H$61,H95,IF($O$25>=$G$61... ; P==SUM(D105:O105)"
Achat,Achat_R1,4,5,2,18,2,17,26,4,4,0,"B=Brut ; C= ; D==+'Détails Achats direct'!D15 ; E==+'Détails Achats direct'!E15 ; F==+'Détails Achats direct'!F15 ; G==+'Détails Achats direct'!G15 ; H==+'Détails Achats direct'!H15 ; I==+'Détails Achats direct'!I15 ; J==+'Détails Achats direct'!J15 ; K==+'Détails Achats direct'!K15 ; L==+'Détails Achats direct'!L15 ; M==+'Détails Achats direct'!M15 ; N==+'Détails Achats direct'!N15 ; O==+'Détails Achats direct'!O15 ; P==SUM(D4:O4) ; Q= ; R=V || B=Stock Micas ; C= ; D==IFERROR(-'Besoins en micas'!C28,"""") ; E==IFERROR(-'Besoins en micas'!D28,"""") ; F==IFERROR(-'Besoins en micas'!E28,"""") ; G==IFERROR(-'Besoins en micas'!F28,"""") ; H==IFERROR(-'Besoins en micas'!G28,"""") ; I==IFERROR(-'Besoins en micas'!H28,"""") ; J==IFERROR(-'Besoins en micas'!I28,"""") ; K==IFERROR(-'Besoins en micas'!J28,"""") ; L==IFERROR(-'Besoins en micas'!K28,"""") ; M==IFERROR(-'Besoins en micas'!L28,"""") ; N==IFERROR(-'Besoins en micas'!M28,"""") ; O==IFERROR(-'Besoins en micas'!N28,"""") ; P==SUM(D5:O5) ; Q= ; R=V"
Achat,Achat_R2,9,10,2,18,2,17,26,4,4,0,B=CARBURANTS -TRANSP MICA ; C= ; D==+'Détails Achats direct'!D31 ; E==+'Détails Achats direct'!E31 ; F==+'Détails Achats direct'!F31 ; G==+'Détails Achats direct'!G31 ; H==+'Détails Achats direct'!H31 ; I==+'Détails Achats direct'!I31 ; J==+'Détails Achats direct'!J31 ; K==+'Détails Achats direct'!K31 ; L==+'Détails Achats direct'!L31 ; M==+'Détails Achats direct'!M31 ; N==+'Détails Achats direct'!N31 ; O==+'Détails Achats direct'!O31 ; P==SUM(D9:O9) ; Q= ; R=F || B=LUBRIFIANTS - LOCAL TOL ; C= ; D==+'Détails Achats direct'!D32 ; E==+'Détails Achats direct'!E32 ; F==+'Détails Achats direct'!F32 ; G==+'Détails Achats direct'!G32 ; H==+'Détails Achats direct'!H32 ; I==+'Détails Achats direct'!I32 ; J==+'Détails Achats direct'!J32 ; K==+'Détails Achats direct'!K32 ; L==+'Détails Achats direct'!L32 ; M==+'Détails Achats direct'!M32 ; N==+'Détails Achats direct'!N32 ; O==+'Détails Achats direct'!O32 ; P==SUM(D10:O10) ; Q= ; R=F
Achat,Achat_R3,12,29,2,18,18,17,234,35,35,0,B=PETIT OUTILLAGE ; C= ; D==+'Détails Achats direct'!D34 ; E==+'Détails Achats direct'!E34 ; F==+'Détails Achats direct'!F34 ; G==+'Détails Achats direct'!G34 ; H==+'Détails Achats direct'!H34 ; I==+'Détails Achats direct'!I34 ; J==+'Détails Achats direct'!J34 ; K==+'Détails Achats direct'!K34 ; L==+'Détails Achats direct'!L34 ; M==+'Détails Achats direct'!M34 ; N==+'Détails Achats direct'!N34 ; O==+'Détails Achats direct'!O34 ; P==SUM(D12:O12) ; Q= ; R=F || B=MAT. DE CONSTR. ; C= ; D==+'Détails Achats direct'!D35 ; E==+'Détails Achats direct'!E35 ; F==+'Détails Achats direct'!F35 ; G==+'Détails Achats direct'!G35 ; H==+'Détails Achats direct'!H35 ; I==+'Détails Achats direct'!I35 ; J==+'Détails Achats direct'!J35 ; K==+'Détails Achats direct'!K35 ; L==+'Détails Achats direct'!L35 ; M==+'Détails Achats direct'!M35 ; N==+'Détails Achats direct'!N35 ; O==+'Détails Achats direct'!O35 ; P==SUM(D13:O13) ; Q= ; R=F || B=PIECE DETACHEE ; C= ; D==+'Détails Achats direct'!D36 ; E==+'Détails Achats direct'!E36 ; F==+'Détails Achats direct'!F36 ; G==+'Détails Achats direct'!G36 ; H==+'Détails Achats direct'!H36 ; I==+'Détails Achats direct'!I36 ; J==+'Détails Achats direct'!J36 ; K==+'Détails Achats direct'!K36 ; L==+'Détails Achats direct'!L36 ; M==+'Détails Achats direct'!M36 ; N==+'Détails Achats direct'!N36 ; O==+'Détails Achats direct'!O36 ; P==SUM(D14:O14) ; Q= ; R=F || B=PNEUMATIQUE ; C= ; D==+'Détails Achats direct'!D37 ; E==+'Détails Achats direct'!E37 ; F==+'Détails Achats direct'!F37 ; G==+'Détails Achats direct'!G37 ; H==+'Détails Achats direct'!H37 ; I==+'Détails Achats direct'!I37 ; J==+'Détails Achats direct'!J37 ; K==+'Détails Achats direct'!K37 ; L==+'Détails Achats direct'!L37 ; M==+'Détails Achats direct'!M37 ; N==+'Détails Achats direct'!N37 ; O==+'Détails Achats direct'!O37 ; P==SUM(D15:O15) ; Q= ; R=F || B=QUINCAILLERIES ; C= ; D==+'Détails Achats direct'!D38 ; E==+'Détails Achats direct'!E38 ; F==+'Détails Achats direct'!F38 ; G==+'Détails Achats direct'!G38 ; H==+'Détails Achats direct'!H38 ; I==+'Détails Achats direct'!I38 ; J==+'Détails Achats direct'!J38 ; K==+'Détails Achats direct'!K38 ; L==+'Détails Achats direct'!L38 ; M==+'Détails Achats direct'!M38 ; N==+'Détails Achats direct'!N38 ; O==+'Détails Achats direct'!O38 ; P==SUM(D16:O16) ; Q= ; R=F || B=FOURNIT. ADMINISTRATIVES ; C= ; D==+'Détails Achats direct'!D39 ; E==+'Détails Achats direct'!E39 ; F==+'Détails Achats direct'!F39 ; G==+'Détails Achats direct'!G39 ; H==+'Détails Achats direct'!H39 ; I==+'Détails Achats direct'!I39 ; J==+'Détails Achats direct'!J39 ; K==+'Détails Achats direct'!K39 ; L==+'Détails Achats direct'!L39 ; M==+'Détails Achats direct'!M39 ; N==+'Détails Achats direct'!N39 ; O==+'Détails Achats direct'!O39 ; P==SUM(D17:O17) ; Q= ; R=F || B=FOURNIT. BUREAU ; C= ; D==+'Détails Achats direct'!D40 ; E==+'Détails Achats direct'!E40 ; F==+'Détails Achats direct'!F40 ; G==+'Détails Achats direct'!G40 ; H==+'Détails Achats direct'!H40 ; I==+'Détails Achats direct'!I40 ; J==+'Détails Achats direct'!J40 ; K==+'Détails Achats direct'!K40 ; L==+'Détails Achats direct'!L40 ; M==+'Détails Achats direct'!M40 ; N==+'Détails Achats direct'!N40 ; O==+'Détails Achats direct'!O40 ; P==SUM(D18:O18) ; Q= ; R=F || B=FOURNIT. BATIMENT ; C= ; D==+'Détails Achats direct'!D41 ; E==+'Détails Achats direct'!E41 ; F==+'Détails Achats direct'!F41 ; G==+'Détails Achats direct'!G41 ; H==+'Détails Achats direct'!H41 ; I==+'Détails Achats direct'!I41 ; J==+'Détails Achats direct'!J41 ; K==+'Détails Achats direct'!K41 ; L==+'Détails Achats direct'!L41 ; M==+'Détails Achats direct'!M41 ; N==+'Détails Achats direct'!N41 ; O==+'Détails Achats direct'!O41 ; P==SUM(D19:O19) ; Q= ; R=F
Achat,Achat_R4,31,32,2,16,2,15,26,2,2,0,"B=Achat HTVA ; C= ; D==+D29 ; E==+E29 ; F==+F29 ; G==+G29 ; H==+H29 ; I==+I29 ; J==+J29 ; K==+K29 ; L==+L29 ; M==+M29 ; N==+N29 ; O==+O29 ; P==SUM(D31:O31) || B=Non decaissés ; C= ; D==IFERROR(-'Besoins en micas'!C28,"""") ; E==IFERROR(-'Besoins en micas'!D28,"""") ; F==IFERROR(-'Besoins en micas'!E28,"""") ; G==IFERROR(-'Besoins en micas'!F28,"""") ; H==IFERROR(-'Besoins en micas'!G28,"""") ; I==IFERROR(-'Besoins en micas'!H28,"""") ; J==IFERROR(-'Besoins en micas'!I28,"""") ; K==IFERROR(-'Besoins en micas'!J28,"""") ; L==IFERROR(-'Besoins en micas'!K28,"""") ; M==IFERROR(-'Besoins en micas'!L28,"""") ; N==IFERROR(-'Besoins en micas'!M28,"""") ; O==IFERROR(-'Besoins en micas'!N28,"""") ; P==SUM(D32:O32)"
Achat,Achat_R5,34,35,2,16,2,15,26,2,2,0,B=TVA Déductible ; C= ; D==+D31*0.2 ; E==+E31*0.2 ; F==+F31*0.2 ; G==+G31*0.2 ; H==+H31*0.2 ; I==+I31*0.2 ; J==+J31*0.2 ; K==+K31*0.2 ; L==+L31*0.2 ; M==+M31*0.2 ; N==+N31*0.2 ; O==+O31*0.2 ; P==SUM(D34:O34) || B=Fournisseurs ; C= ; D==SUM(D31:D34) ; E==SUM(E31:E34) ; F==SUM(F31:F34) ; G==SUM(G31:G34) ; H==SUM(H31:H34) ; I==SUM(I31:I34) ; J==SUM(J31:J34) ; K==SUM(K31:K34) ; L==SUM(L31:L34) ; M==SUM(M31:M34) ; N==SUM(N31:N34) ; O==SUM(O31:O34) ; P==SUM(D35:O35)
Achat,Achat_R6,37,41,2,16,5,15,66,4,4,0,"B=IR INTERMITANT ; C= ; D==+D33*0.05 ; E==+E33*0.05 ; F==+F33*0.05 ; G==+G33*0.05 ; H==+H33*0.05 ; I==+I33*0.05 ; J==+J33*0.05 ; K==+K33*0.05 ; L==+L33*0.05 ; M==+M33*0.05 ; N==+N33*0.05 ; O==+O33*0.05 ; P==SUM(D37:O37) || B==+B2 ; C= ; D==+D2 ; E==+E2 ; F==+F2 ; G==+G2 ; H==+H2 ; I==+I2 ; J==+J2 ; K==+K2 ; L==+L2 ; M==+M2 ; N==+N2 ; O==+O2 ; P=Total || B=Achats variables ; C= ; D==+SUMIF($R$4:$R$28,$R$4,D4:D28) ; E==+SUMIF($R$4:$R$28,$R$4,E4:E28) ; F==+SUMIF($R$4:$R$28,$R$4,F4:F28) ; G==+SUMIF($R$4:$R$28,$R$4,G4:G28) ; H==+SUMIF($R$4:$R$28,$R$4,H4:H28) ; I==+SUMIF($R$4:$R$28,$R$4,I4:I28) ; J==+SUMIF($R$4:$R$28,$R$4,J4:J28) ; K==+SUMIF($R$4:$R$28,$R$4,K4:K28) ; L==+SUMIF($R$4:$R$28,$R$4,L4:L28) ; M==+SUMIF($R$4:$R$28,$R$4,M4:M28) ; N==+SUMIF($R$4:$R$28,$R$4,N4:N28) ; O==+SUMIF($R$4:$R$28,$R$4,O4:O28) ; P==SUM(D39:O39) || B=Achats fixes ; C= ; D==+SUMIF($R$4:$R$28,$R$27,D4:D28) ; E==+SUMIF($R$4:$R$28,$R$27,E4:E28) ; F==+SUMIF($R$4:$R$28,$R$27,F4:F28) ; G==+SUMIF($R$4:$R$28,$R$27,G4:G28) ; H==+SUMIF($R$4:$R$28,$R$27,H4:H28) ; I==+SUMIF($R$4:$R$28,$R$27,I4:I28) ; J==+SUMIF($R$4:$R$28,$R$27,J4:J28) ; K==+SUMIF($R$4:$R$28,$R$27,K4:K28) ; L==+SUMIF($R$4:$R$28,$R$27,L4:L28) ; M==+SUMIF($R$4:$R$28,$R$27,M4:M28) ; N==+SUMIF($R$4:$R$28,$R$27,N4:N28) ; O==+SUMIF($R$4:$R$28,$R$27,O4:O28) ; P==SUM(D40:O40) || B==+B29 ; C= ; D==SUM(D39:D40) ; E==SUM(E39:E40) ; F==SUM(F39:F40) ; G==SUM(G39:G40) ; H==SUM(H39:H40) ; I==SUM(I39:I40) ; J==SUM(J39:J40) ; K==SUM(K39:K40) ; L==SUM(L39:L40) ; M==SUM(M39:M40) ; N==SUM(N39:N40) ; O==SUM(O39:O40) ; P==SUM(P39:P40)"
Achat,Achat_R7,43,45,2,16,3,15,40,3,3,0,B=Fournisseurs ; C=A.N ; D==+Prestation!D82 ; E==+Prestation!E82 ; F==+Prestation!F82 ; G==+Prestation!G82 ; H==+Prestation!H82 ; I==+Prestation!I82 ; J==+Prestation!J82 ; K==+Prestation!K82 ; L==+Prestation!L82 ; M==+Prestation!M82 ; N==+Prestation!N82 ; O==+Prestation!O82 ; P==+Prestation!P82 || B=Début ; C= ; D==C48 ; E==D48 ; F==E48 ; G==F48 ; H==G48 ; I==H48 ; J==I48 ; K==J48 ; L==K48 ; M==L48 ; N==M48 ; O==N48 ; P==+D44 || B==+Achat!B35 ; C= ; D==+Achat!D35 ; E==+Achat!E35 ; F==+Achat!F35 ; G==+Achat!G35 ; H==+Achat!H35 ; I==+Achat!I35 ; J==+Achat!J35 ; K==+Achat!K35 ; L==+Achat!L35 ; M==+Achat!M35 ; N==+Achat!N35 ; O==+Achat!O35 ; P==SUM(D45:O45)
Achat,Achat_R8,47,48,2,16,2,15,27,2,2,0,B=Paiements à échéances ; C= ; D==-D45 ; E==-E45 ; F==-F45 ; G==-G45 ; H==-H45 ; I==-I45 ; J==-J45 ; K==-K45 ; L==-L45 ; M==-M45 ; N==-N45 ; O==-O45 ; P==SUM(D47:O47) || B=Fin ; C==+Prestation!C79 ; D==+D44+D45+D46+D47 ; E==+E44+E45+E46+E47 ; F==+F44+F45+F46+F47 ; G==+G44+G45+G46+G47 ; H==+H44+H45+H46+H47 ; I==+I44+I45+I46+I47 ; J==+J44+J45+J46+J47 ; K==+K44+K45+K46+K47 ; L==+L44+L45+L46+L47 ; M==+M44+M45+M46+M47 ; N==+N44+N45+N46+N47 ; O==+O44+O45+O46+O47 ; P==+P44+P45+P46+P47
Prestation,Prestation_R1,4,8,2,16,5,15,68,2,2,0,B==+Production!B26 ; C= ; D==(+CA!C4+CA!C9)/20 ; E==(+CA!D4+CA!D9)/20 ; F==(+CA!E4+CA!E9)/20 ; G==(+CA!F4+CA!F9)/20 ; H==(+CA!G4+CA!G9)/20 ; I==(+CA!H4+CA!H9)/20 ; J==(+CA!I4+CA!I9)/20 ; K==(+CA!J4+CA!J9)/20 ; L==(+CA!K4+CA!K9)/20 ; M==(+CA!L4+CA!L9)/20 ; N==(+CA!M4+CA!M9)/20 ; O==(+CA!N4+CA!N9)/20 ; P==SUM(D4:O4) || B==+Production!B27 ; C= ; D==(+CA!C5+CA!C10)/17.8 ; E==(+CA!D5+CA!D10)/17.8 ; F==(+CA!E5+CA!E10)/17.8 ; G==(+CA!F5+CA!F10)/17.8 ; H==(+CA!G5+CA!G10)/17.8 ; I==(+CA!H5+CA!H10)/17.8 ; J==(+CA!I5+CA!I10)/17.8 ; K==(+CA!J5+CA!J10)/17.8 ; L==(+CA!K5+CA!K10)/17.8 ; M==(+CA!L5+CA!L10)/17.8 ; N==(+CA!M5+CA!M10)/17.8 ; O==(+CA!N5+CA!N10)/17.8 ; P==SUM(D5:O5) || B==+Production!B29 ; C= ; D==(+CA!C7+CA!C12)/25.2 ; E==(+CA!D7+CA!D12)/25.2 ; F==(+CA!E7+CA!E12)/25.2 ; G==(+CA!F7+CA!F12)/25.2 ; H==(+CA!G7+CA!G12)/25.2 ; I==(+CA!H7+CA!H12)/25.2 ; J==(+CA!I7+CA!I12)/25.2 ; K==(+CA!J7+CA!J12)/25.2 ; L==(+CA!K7+CA!K12)/25.2 ; M==(+CA!L7+CA!L12)/25.2 ; N==(+CA!M7+CA!M12)/25.2 ; O==(+CA!N7+CA!N12)/25.2 ; P==SUM(D6:O6) || B=FP1 ; C= ; D==+CA!C14/20 ; E==+CA!D14/20 ; F==+CA!E14/20 ; G==+CA!F14/20 ; H==+CA!G14/20 ; I==+CA!H14/20 ; J==+CA!I14/20 ; K==+CA!J14/20 ; L==+CA!K14/20 ; M==+CA!L14/20 ; N==+CA!M14/20 ; O==+CA!N14/20 ; P==SUM(D7:O7) || B=Sous total 1 ; C= ; D==SUM(D4:D7) ; E==SUM(E4:E7) ; F==SUM(F4:F7) ; G==SUM(G4:G7) ; H==SUM(H4:H7) ; I==SUM(I4:I7) ; J==SUM(J4:J7) ; K==SUM(K4:K7) ; L==SUM(L4:L7) ; M==SUM(M4:M7) ; N==SUM(N4:N7) ; O==SUM(O4:O7) ; P==SUM(D8:O8)
Prestation,Prestation_R2,10,12,2,16,3,15,40,2,2,0,B==+Production!B28 ; C= ; D==(+CA!C6+CA!C11)/28 ; E==(+CA!D6+CA!D11)/28 ; F==(+CA!E6+CA!E11)/28 ; G==(+CA!F6+CA!F11)/28 ; H==(+CA!G6+CA!G11)/28 ; I==(+CA!H6+CA!H11)/28 ; J==(+CA!I6+CA!I11)/28 ; K==(+CA!J6+CA!J11)/28 ; L==(+CA!K6+CA!K11)/28 ; M==(+CA!L6+CA!L11)/28 ; N==(+CA!M6+CA!M11)/28 ; O==(+CA!N6+CA!N11)/28 ; P==SUM(D10:O10) || B=Sous total 2 ; C= ; D==+D10 ; E==+E10 ; F==+F10 ; G==+G10 ; H==+H10 ; I==+I10 ; J==+J10 ; K==+K10 ; L==+L10 ; M==+M10 ; N==+N10 ; O==+O10 ; P==SUM(D11:O11) || B=Total Général ; C= ; D==+D11+D8 ; E==+E11+E8 ; F==+F11+F8 ; G==+G11+G8 ; H==+H11+H8 ; I==+I11+I8 ; J==+J11+J8 ; K==+K11+K8 ; L==+L11+L8 ; M==+M11+M8 ; N==+N11+N8 ; O==+O11+O8 ; P==SUM(D12:O12)
Prestation,Prestation_R3,15,16,2,4,2,3,0,6,4,2,B=FD ; C=5000 ; D=Ar/T || B=Tve ; C=5000 ; D=Ar/T
Prestation,Prestation_R4,18,19,2,16,2,15,25,3,3,0,B=Mise à FOB ; C= ; D==+Achat!D2 ; E==+Achat!E2 ; F==+Achat!F2 ; G==+Achat!G2 ; H==+Achat!H2 ; I==+Achat!I2 ; J==+Achat!J2 ; K==+Achat!K2 ; L==+Achat!L2 ; M==+Achat!M2 ; N==+Achat!N2 ; O==+Achat!O2 ; P=Total || B=Nbre CT ; C= ; D==+Commandes!C14+Commandes!C21+Command... ; E==+Commandes!D14+Commandes!D21+Command... ; F==+Commandes!E14+Commandes!E21+Command... ; G==+Commandes!F14+Commandes!F21+Command... ; H==+Commandes!G14+Commandes!G21+Command... ; I==+Commandes!H14+Commandes!H21+Command... ; J==+Commandes!I14+Commandes!I21+Command... ; K==+Commandes!J14+Commandes!J21+Command... ; L==+Commandes!K14+Commandes!K21+Command... ; M==+Commandes!L14+Commandes!L21+Command... ; N==+Commandes!M14+Commandes!M21+Command... ; O==+Commandes!N14+Commandes!N21+Command... ; P==SUM(D19:O19)
Prestation,Prestation_R5,23,29,2,19,7,18,97,8,4,4,B=Embarquement ; C= ; D==+CA!C15*$C$15 ; E==+CA!D15*$C$15 ; F==+CA!E15*$C$15 ; G==+CA!F15*$C$15 ; H==+CA!G15*$C$15 ; I==+CA!H15*$C$15 ; J==+CA!I15*$C$15 ; K==+CA!J15*$C$15 ; L==+CA!K15*$C$15 ; M==+CA!L15*$C$15 ; N==+CA!M15*$C$15 ; O==+CA!N15*$C$15 ; P==SUM(D23:O23) ; Q= ; R= ; S= || B=Debarquement ; C= ; D==+D23 ; E==+E23 ; F==+F23 ; G==+G23 ; H==+H23 ; I==+I23 ; J==+J23 ; K==+K23 ; L==+L23 ; M==+M23 ; N==+N23 ; O==+O23 ; P==SUM(D24:O24) ; Q= ; R= ; S= || B==+C93 ; C=110000 ; D==+$C$25*D12 ; E==+$C$25*E12 ; F==+$C$25*F12 ; G==+$C$25*G12 ; H==+$C$25*H12 ; I==+$C$25*I12 ; J==+$C$25*J12 ; K==+$C$25*K12 ; L==+$C$25*L12 ; M==+$C$25*M12 ; N==+$C$25*N12 ; O==+$C$25*O12 ; P==SUM(D25:O25) ; Q= ; R= ; S= || B==+C94 ; C=140000 ; D==+$C$26*D12 ; E==+$C$26*E12 ; F==+$C$26*F12 ; G==+$C$26*G12 ; H==+$C$26*H12 ; I==+$C$26*I12 ; J==+$C$26*J12 ; K==+$C$26*K12 ; L==+$C$26*L12 ; M==+$C$26*M12 ; N==+$C$26*N12 ; O==+$C$26*O12 ; P==SUM(D26:O26) ; Q= ; R= ; S= || B==+C95 ; C=250000 ; D==+$C$27*D8 ; E==+$C$27*E8 ; F==+$C$27*F8 ; G==+$C$27*G8 ; H==+$C$27*H8 ; I==+$C$27*I8 ; J==+$C$27*J8 ; K==+$C$27*K8 ; L==+$C$27*L8 ; M==+$C$27*M8 ; N==+$C$27*N8 ; O==+$C$27*O8 ; P==SUM(D27:O27) ; Q= ; R= ; S= || B=Mis à FOB ; C=1250000 ; D==+D8*$C$28 ; E==+E8*$C$28 ; F==+F8*$C$28 ; G==+G8*$C$28 ; H==+H8*$C$28 ; I==+I8*$C$28 ; J==+J8*$C$28 ; K==+K8*$C$28 ; L==+L8*$C$28 ; M==+M8*$C$28 ; N==+N8*$C$28 ; O==+O8*$C$28 ; P==SUM(D28:O28) ; Q==+P28/C28 ; R= ; S= || B=Total ; C= ; D==SUM(D23:D28) ; E==SUM(E23:E28) ; F==SUM(F23:F28) ; G==SUM(G23:G28) ; H==SUM(H23:H28) ; I==SUM(I23:I28) ; J==SUM(J23:J28) ; K==SUM(K23:K28) ; L==SUM(L23:L28) ; M==SUM(M23:M28) ; N==SUM(N23:N28) ; O==SUM(O23:O28) ; P==SUM(P23:P28) ; Q= ; R==+CA!O4+CA!O5+CA!O9+CA!O14 ; S==+P29/R29
Prestation,Prestation_R6,31,39,2,21,9,20,91,15,10,5,B= ; C= ; D==+D18 ; E==+E18 ; F==+F18 ; G==+G18 ; H==+H18 ; I==+I18 ; J==+J18 ; K==+K18 ; L==+L18 ; M==+M18 ; N==+N18 ; O==+O18 ; P==+P18 ; Q= ; R= ; S= ; T= ; U= || B=Coupeuses ; C=100 ; D=Ar/kg ; E= ; F= ; G= ; H= ; I= ; J= ; K= ; L= ; M= ; N= ; O= ; P= ; Q= ; R= ; S= ; T= ; U= || B=Tri dechets ; C=50 ; D=Ar/kg ; E= ; F= ; G= ; H= ; I= ; J= ; K= ; L= ; M= ; N= ; O= ; P= ; Q= ; R= ; S= ; T= ; U= || B=Cabotages ; C=100 ; D=Ar/kg ; E= ; F= ; G= ; H= ; I= ; J= ; K= ; L= ; M= ; N= ; O= ; P= ; Q= ; R= ; S= ; T= ; U= || B=Coupes ; C= ; D==+(Production!D9+Production!D10)*$C$32 ; E==+(Production!E9+Production!E10)*$C$32 ; F==+(Production!F9+Production!F10)*$C$32 ; G==+(Production!G9+Production!G10)*$C$32 ; H==+(Production!H9+Production!H10)*$C$32 ; I==+(Production!I9+Production!I10)*$C$32 ; J==+(Production!J9+Production!J10)*$C$32 ; K==+(Production!K9+Production!K10)*$C$32 ; L==+(Production!L9+Production!L10)*$C$32 ; M==+(Production!M9+Production!M10)*$C$32 ; N==+(Production!N9+Production!N10)*$C$32 ; O==+(Production!O9+Production!O10)*$C$32 ; P==SUM(D35:O35) ; Q= ; R= ; S= ; T= ; U= || B==+B33 ; C= ; D==+$C$33*D7*28*1000 ; E==+$C$33*E7*28*1000 ; F==+$C$33*F7*28*1000 ; G==+$C$33*G7*28*1000 ; H==+$C$33*H7*28*1000 ; I==+$C$33*I7*28*1000 ; J==+$C$33*J7*28*1000 ; K==+$C$33*K7*28*1000 ; L==+$C$33*L7*28*1000 ; M==+$C$33*M7*28*1000 ; N==+$C$33*N7*28*1000 ; O==+$C$33*O7*28*1000 ; P==SUM(D36:O36) ; Q= ; R= ; S= ; T= ; U= || B=La Seal (Par TC) ; C=4200000 ; D==+$C$37*D11 ; E==+$C$37*E11 ; F==+$C$37*F11 ; G==+$C$37*G11 ; H==+$C$37*H11 ; I==+$C$37*I11 ; J==+$C$37*J11 ; K==+$C$37*K11 ; L==+$C$37*L11 ; M==+$C$37*M11 ; N==+$C$37*N11 ; O==+$C$37*O11 ; P==SUM(D37:O37) ; Q= ; R==+P37 ; S==+S38 ; T==+R37/S37 ; U==+T37/4500 || B=Fret international (Par TC) ; C==+'Données SOMIDA'!D85*'Données SOMID... ; D==+$C$38*D11 ; E==+$C$38*E11 ; F==+$C$38*F11 ; G==+$C$38*G11 ; H==+$C$38*H11 ; I==+$C$38*I11 ; J==+$C$38*J11 ; K==+$C$38*K11 ; L==+$C$38*L11 ; M==+$C$38*M11 ; N==+$C$38*N11 ; O==+$C$38*O11 ; P==SUM(D38:O38) ; Q= ; R==+P37+P39 ; S==+CA!O11+CA!O6 ; T==+R38/S38 ; U==+T38/4500
Prestation,Prestation_R7,41,71,2,18,31,17,186,239,58,181,B=Libellés ; C= ; D==+D18 ; E==+E18 ; F==+F18 ; G==+G18 ; H==+H18 ; I==+I18 ; J==+J18 ; K==+K18 ; L==+L18 ; M==+M18 ; N==+N18 ; O==+O18 ; P==+P18 ; Q= ; R= || B=ENTR/REPAR.MAT.TRANSPORT ; C= ; D=450000 ; E=450000 ; F=450000 ; G=450000 ; H=450000 ; I=450000 ; J=450000 ; K=450000 ; L=450000 ; M=450000 ; N=450000 ; O=450000 ; P==SUM(D42:O42) ; Q=F ; R= || B=AUTRES ENTR/REPAR. ; C= ; D=150000 ; E=150000 ; F=150000 ; G=150000 ; H=150000 ; I=150000 ; J=150000 ; K=150000 ; L=150000 ; M=150000 ; N=150000 ; O=150000 ; P==SUM(D43:O43) ; Q=F ; R= || B=LOCATION MAGASIN ; C= ; D=200000 ; E=200000 ; F=200000 ; G=200000 ; H=200000 ; I=200000 ; J=200000 ; K=200000 ; L=200000 ; M=200000 ; N=200000 ; O=200000 ; P==SUM(D44:O44) ; Q=F ; R= || B=LOYER BUREAU COGEPA ; C= ; D=48000 ; E=48000 ; F=48000 ; G=48000 ; H=48000 ; I=48000 ; J=48000 ; K=48000 ; L=48000 ; M=48000 ; N=48000 ; O=48000 ; P==SUM(D45:O45) ; Q=F ; R= || B=LOYER BUREAU SPSM ; C= ; D=48000 ; E=48000 ; F=48000 ; G=48000 ; H=48000 ; I=48000 ; J=48000 ; K=48000 ; L=48000 ; M=48000 ; N=48000 ; O=48000 ; P==SUM(D46:O46) ; Q=F ; R= || B=AUTRES LOCATIONS ; C= ; D=5000 ; E=5000 ; F=5000 ; G=5000 ; H=5000 ; I=5000 ; J=5000 ; K=5000 ; L=5000 ; M=5000 ; N=5000 ; O=5000 ; P==SUM(D47:O47) ; Q=F ; R= || B=PHOTOCOPIES ET IMPRESSIONS ; C= ; D=35000 ; E=35000 ; F=35000 ; G=35000 ; H=35000 ; I=35000 ; J=35000 ; K=35000 ; L=35000 ; M=35000 ; N=35000 ; O=35000 ; P==SUM(D48:O48) ; Q=F ; R=
Prestation,Prestation_R8,74,75,2,16,2,15,26,1,1,0,B= ; C= ; D==+D41 ; E==+E41 ; F==+F41 ; G==+G41 ; H==+H41 ; I==+I41 ; J==+J41 ; K==+K41 ; L==+L41 ; M==+M41 ; N==+N41 ; O==+O41 ; P==+P41 || B=Achat HTVA ; C= ; D==+D71 ; E==+E71 ; F==+F71 ; G==+G71 ; H==+H71 ; I==+I71 ; J==+J71 ; K==+K71 ; L==+L71 ; M==+M71 ; N==+N71 ; O==+O71 ; P==+P71
Prestation,Prestation_R9,78,79,2,16,2,15,26,2,2,0,B=TVA Déductible ; C= ; D==+D75*0.2 ; E==+E75*0.2 ; F==+F75*0.2 ; G==+G75*0.2 ; H==+H75*0.2 ; I==+I75*0.2 ; J==+J75*0.2 ; K==+K75*0.2 ; L==+L75*0.2 ; M==+M75*0.2 ; N==+N75*0.2 ; O==+O75*0.2 ; P==SUM(D78:O78) || B=Prestataires ; C= ; D==SUM(D75:D78) ; E==SUM(E75:E78) ; F==SUM(F75:F78) ; G==SUM(G75:G78) ; H==SUM(H75:H78) ; I==SUM(I75:I78) ; J==SUM(J75:J78) ; K==SUM(K75:K78) ; L==SUM(L75:L78) ; M==SUM(M75:M78) ; N==SUM(N75:N78) ; O==SUM(O75:O78) ; P==SUM(D79:O79)
Prestation,Prestation_R10,81,85,2,16,5,15,65,5,5,0,"B=IR Intermitant ; C= ; D==+D76*0.05 ; E==+E76*0.05 ; F==+F76*0.05 ; G==+G76*0.05 ; H==+H76*0.05 ; I==+I76*0.05 ; J==+J76*0.05 ; K==+K76*0.05 ; L==+L76*0.05 ; M==+M76*0.05 ; N==+N76*0.05 ; O==+O76*0.05 ; P==SUM(D81:O81) || B=Prestations ; C= ; D==+D74 ; E==+E74 ; F==+F74 ; G==+G74 ; H==+H74 ; I==+I74 ; J==+J74 ; K==+K74 ; L==+L74 ; M==+M74 ; N==+N74 ; O==+O74 ; P==+P74 || B=Prestations fixes ; C= ; D==SUMIF($Q$42:$Q$70,$Q$42,D42:D70) ; E==SUMIF($Q$42:$Q$70,$Q$42,E42:E70) ; F==SUMIF($Q$42:$Q$70,$Q$42,F42:F70) ; G==SUMIF($Q$42:$Q$70,$Q$42,G42:G70) ; H==SUMIF($Q$42:$Q$70,$Q$42,H42:H70) ; I==SUMIF($Q$42:$Q$70,$Q$42,I42:I70) ; J==SUMIF($Q$42:$Q$70,$Q$42,J42:J70) ; K==SUMIF($Q$42:$Q$70,$Q$42,K42:K70) ; L==SUMIF($Q$42:$Q$70,$Q$42,L42:L70) ; M==SUMIF($Q$42:$Q$70,$Q$42,M42:M70) ; N==SUMIF($Q$42:$Q$70,$Q$42,N42:N70) ; O==SUMIF($Q$42:$Q$70,$Q$42,O42:O70) ; P==SUM(D83:O83) || B=Prestations variables ; C= ; D==SUMIF($Q$42:$Q$70,$Q$70,D42:D70) ; E==SUMIF($Q$42:$Q$70,$Q$70,E42:E70) ; F==SUMIF($Q$42:$Q$70,$Q$70,F42:F70) ; G==SUMIF($Q$42:$Q$70,$Q$70,G42:G70) ; H==SUMIF($Q$42:$Q$70,$Q$70,H42:H70) ; I==SUMIF($Q$42:$Q$70,$Q$70,I42:I70) ; J==SUMIF($Q$42:$Q$70,$Q$70,J42:J70) ; K==SUMIF($Q$42:$Q$70,$Q$70,K42:K70) ; L==SUMIF($Q$42:$Q$70,$Q$70,L42:L70) ; M==SUMIF($Q$42:$Q$70,$Q$70,M42:M70) ; N==SUMIF($Q$42:$Q$70,$Q$70,N42:N70) ; O==SUMIF($Q$42:$Q$70,$Q$70,O42:O70) ; P==SUM(D84:O84) || B=Total ; C= ; D==SUM(D83:D84) ; E==SUM(E83:E84) ; F==SUM(F83:F84) ; G==SUM(G83:G84) ; H==SUM(H83:H84) ; I==SUM(I83:I84) ; J==SUM(J83:J84) ; K==SUM(K83:K84) ; L==SUM(L83:L84) ; M==SUM(M83:M84) ; N==SUM(N83:N84) ; O==SUM(O83:O84) ; P==SUM(P83:P84)"
Prestation,Prestation_R11,90,99,3,7,10,5,19,31,20,11,"C=Redevances et ristournes ; D==$B$9 ; E=0.05 ; F=fft ; G==D90*E90 || C=Droit certificat de conformité ; D=110000 ; E==$B$4 ; F=TC ; G==D91*E91 || C=Mise à FOB FD (acquisition TC, Strang) ; D=1250000 ; E==$C$22 ; F=TC ; G==D92*E92 || C=Indemnité agent douanes ; D=100000 ; E=8 ; F=jour ; G==D93*E93 || C=Indemnité agent mines ; D==70000*2 ; E=8 ; F=jour ; G==D94*E94 || C=Transport Hnoor ; D=250000 ; E==$C$23 ; F=TC ; G==D95*E95 || C=Dokers chargement FD et Ehoala ; D=4000 ; E==$B$6*3 ; F=tonne ; G==D96*E96 || C=Gasoil Jacky ; D=4900 ; E==13*8 ; F=litre/jour ; G==D97*E97"
Prestation,Prestation_R12,122,127,2,16,6,15,69,13,5,8,B=Prestataires de services ; C==+Achat!C43 ; D==+Achat!D43 ; E==+Achat!E43 ; F==+Achat!F43 ; G==+Achat!G43 ; H==+Achat!H43 ; I==+Achat!I43 ; J==+Achat!J43 ; K==+Achat!K43 ; L==+Achat!L43 ; M==+Achat!M43 ; N==+Achat!N43 ; O==+Achat!O43 ; P==+Achat!P43 || B=Début ; C= ; D==+C127 ; E==+D127 ; F==+E127 ; G==+F127 ; H==+G127 ; I==+H127 ; J==+I127 ; K==+J127 ; L==+K127 ; M==+L127 ; N==+M127 ; O==+N127 ; P==+D123 || B==+B73 ; C= ; D==+D79 ; E==+E79 ; F==+F79 ; G==+G79 ; H==+H79 ; I==+I79 ; J==+J79 ; K==+K79 ; L==+L79 ; M==+M79 ; N==+N79 ; O==+O79 ; P==SUM(D124:O124) || B=Paiements au comptant ; C= ; D==-D124 ; E==-E124 ; F==-F124 ; G==-G124 ; H==-H124 ; I==-I124 ; J=0 ; K==-K124 ; L==-L124 ; M==-M124 ; N==-N124 ; O==-O124 ; P==SUM(D125:O125) || B=Paiements à échéances ; C= ; D=0 ; E==-E123 ; F= ; G= ; H= ; I= ; J=0 ; K=0 ; L=0 ; M=0 ; N=0 ; O=0 ; P==SUM(D126:O126) || B=Fin ; C==+C80 ; D==+D123+D124+D125+D126 ; E==+E123+E124+E125+E126 ; F==+F123+F124+F125+F126 ; G==+G123+G124+G125+G126 ; H==+H123+H124+H125+H126 ; I==+I123+I124+I125+I126 ; J==+J123+J124+J125+J126 ; K==+K123+K124+K125+K126 ; L==+L123+L124+L125+L126 ; M==+M123+M124+M125+M126 ; N==+N123+N124+N125+N126 ; O==+O123+O124+O125+O126 ; P==+P123+P124+P125+P126
Feuil1 (2),Feuil1 (2)_R1,1,28,1,27,28,27,23,661,111,550,"A= ; B= ; C= ; D==SUBTOTAL(9,D4:D28) ; E==SUBTOTAL(9,E4:E28) ; F==SUBTOTAL(9,F4:F28) ; G==SUBTOTAL(9,G4:G28) ; H==SUBTOTAL(9,H4:H28) ; I==SUBTOTAL(9,I4:I28) ; J==SUBTOTAL(9,J4:J28) ; K==SUBTOTAL(9,K4:K28) ; L==SUBTOTAL(9,L4:L28) ; M==SUBTOTAL(9,M4:M28) ; N==SUBTOTAL(9,N4:N28) ; O==SUBTOTAL(9,O4:O28) ; P==SUBTOTAL(9,P4:P28) ; Q==SUBTOTAL(9,Q4:Q28) ; R==SUBTOTAL(9,R4:R28) ; S==SUBTOTAL(9,S4:S28) ; T==SUBTOTAL(9,T4:T28) ; U==SUBTOTAL(9,U4:U28) ; V==SUBTOTAL(9,V4:V28) ; W==SUBTOTAL(9,W4:W28) ; X==SUBTOTAL(9,X4:X28) ; Y==SUBTOTAL(9,Y4:Y28) ; Z= ; AA= || A= ; B= ; C= ; D=JANVIER ; E= ; F=FÉVRIER ; G= ; H=MARS ; I= ; J=AVRIL ; K= ; L=MAI ; M= ; N=JUIN ; O= ; P=JUILLET ; Q= ; R=AOÛT ; S= ; T=SEPTEMBRE ; U= ; V=OCTOBRE ; W= ; X=NOVEMBRE ; Y= ; Z= ; AA= || A=SITE ; B=Intitulé service ; C=Qualification ; D=BRUT ; E=EFFECTIFS ; F=BRUT ; G=EFFECTIFS ; H=BRUT ; I=EFFECTIFS ; J=BRUT ; K=EFFECTIFS ; L=BRUT ; M=EFFECTIFS ; N=BRUT ; O=EFFECTIFS ; P=BRUT ; Q=EFFECTIFS ; R=BRUT ; S=EFFECTIFS ; T=BRUT ; U=EFFECTIFS ; V=BRUT ; W=EFFECTIFS ; X=BRUT ; Y=EFFECTIFS ; Z= ; AA= || A=FORT DAUPHIN ; B=ATELIER MECA/BOIS ; C=1A ; D=186285.3 ; E=1 ; F=181865.94 ; G=1 ; H=159585 ; I=1 ; J=172408 ; K=1 ; L=279435.57 ; M=1 ; N=228201.18 ; O=1 ; P=178497.76 ; Q=1 ; R=180166.5 ; S=1 ; T=160914.14 ; U=1 ; V=137926.42 ; W=1 ; X=172408 ; Y=1 ; Z= ; AA= || A=FORT DAUPHIN ; B=ATELIER MECA/BOIS ; C=4A ; D=327753.08 ; E=1 ; F=296334.35 ; G=1 ; H=294374.91 ; I=1 ; J=298863.52 ; K=1 ; L=384680.11 ; M=1 ; N=340692.68 ; O=1 ; P=353450.7 ; Q=1 ; R=567966.74 ; S=1 ; T=229458 ; U=1 ; V=229458 ; W=1 ; X=274261.53 ; Y=1 ; Z= ; AA= || A=FORT DAUPHIN ; B=ATELIER MECA/BOIS ; C=M1 ; D=217145.13 ; E=1 ; F=218495.04 ; G=1 ; H=208145.68 ; I=1 ; J=239574.38 ; K=1 ; L=285634.63 ; M=1 ; N=291578.15 ; O=1 ; P=278099.71 ; Q=1 ; R=374230.73 ; S=1 ; T=287214.53 ; U=1 ; V=210650 ; W=1 ; X=210650 ; Y=1 ; Z= ; AA= || A=FORT DAUPHIN ; B=ATELIER MECA/BOIS ; C=OP3 ; D=331651.53 ; E=1 ; F=315108 ; G=1 ; H=319834.72 ; I=1 ; J=340425 ; K=1 ; L=348084.72 ; M=1 ; N=365742 ; O=1 ; P=361734.72 ; Q=1 ; R=409558.86 ; S=1 ; T=423208.87 ; U=1 ; V=340425 ; W=1 ; X=358297.67 ; Y=1 ; Z= ; AA= || A=FORT DAUPHIN ; B=ATELIER MECA/BOIS ; C=OS1 ; D=329616 ; E=2 ; F=329616 ; G=2 ; H=329616 ; I=2 ; J=356100 ; K=2 ; L=356100 ; M=2 ; N=382584 ; O=2 ; P=364513.01 ; Q=2 ; R=372946.57 ; S=2 ; T=367183.81 ; U=2 ; V=356100 ; W=2 ; X=365447.79000000004 ; Y=2 ; Z= ; AA="
I&T,I&T_R1,2,3,2,17,2,16,26,3,3,0,B=Rubriques ; C= ; D==+Prestation!D18 ; E==+Prestation!E18 ; F==+Prestation!F18 ; G==+Prestation!G18 ; H==+Prestation!H18 ; I==+Prestation!I18 ; J==+Prestation!J18 ; K==+Prestation!K18 ; L==+Prestation!L18 ; M==+Prestation!M18 ; N==+Prestation!N18 ; O==+Prestation!O18 ; P==+Prestation!P18 ; Q= || B=Droit de certificat de conformité ; C= ; D==+(Commandes!C14+Commandes!C21+Comman... ; E==+(Commandes!D14+Commandes!D21+Comman... ; F==+(Commandes!E14+Commandes!E21+Comman... ; G==+(Commandes!F14+Commandes!F21+Comman... ; H==+(Commandes!G14+Commandes!G21+Comman... ; I==+(Commandes!H14+Commandes!H21+Comman... ; J==+(Commandes!I14+Commandes!I21+Comman... ; K==+(Commandes!J14+Commandes!J21+Comman... ; L==+(Commandes!K14+Commandes!K21+Comman... ; M==+(Commandes!L14+Commandes!L21+Comman... ; N==+(Commandes!M14+Commandes!M21+Comman... ; O==+(Commandes!N14+Commandes!N21+Comman... ; P==SUM(D3:O3) ; Q=V
I&T,I&T_R2,5,12,2,17,8,16,44,52,14,38,B=Redevances ; C= ; D==+CA!C50 ; E==+CA!D50 ; F==+CA!E50 ; G==+CA!F50 ; H==+CA!G50 ; I==+CA!H50 ; J==+CA!I50 ; K==+CA!J50 ; L==+CA!K50 ; M==+CA!L50 ; N==+CA!M50 ; O==+CA!N50 ; P==SUM(D5:O5) ; Q=V || B=DROIT DE VISITE TECHNIQUE ; C= ; D=5000 ; E=5000 ; F=5000 ; G=5000 ; H=5000 ; I=5000 ; J=5000 ; K=5000 ; L=5000 ; M=5000 ; N=5000 ; O=5000 ; P==SUM(D6:O6) ; Q=F || B=DROITS D'ENREGISTREMENT ; C= ; D=20000 ; E=20000 ; F=20000 ; G=20000 ; H=20000 ; I=20000 ; J=20000 ; K=20000 ; L=20000 ; M=20000 ; N=20000 ; O=20000 ; P==SUM(D7:O7) ; Q=F || B=DROITS ET TAXES DIVERS ; C= ; D=75000 ; E=75000 ; F=75000 ; G=75000 ; H=75000 ; I=75000 ; J=75000 ; K=75000 ; L=75000 ; M=75000 ; N=75000 ; O=75000 ; P==SUM(D8:O8) ; Q=F || B=FRAIS D'ADMINISTRATION MINIER ; C= ; D= ; E= ; F=25000000 ; G= ; H= ; I= ; J= ; K= ; L= ; M= ; N= ; O= ; P==SUM(D9:O9) ; Q=F || B=IFPB ; C= ; D= ; E= ; F= ; G= ; H= ; I=1600000 ; J= ; K= ; L= ; M= ; N= ; O= ; P==SUM(D10:O10) ; Q=F || B=IR INTERMITTENT ; C= ; D==+Achat!D37+Prestation!D81 ; E==+Achat!E37+Prestation!E81 ; F==+Achat!F37+Prestation!F81 ; G==+Achat!G37+Prestation!G81 ; H==+Achat!H37+Prestation!H81 ; I==+Achat!I37+Prestation!I81 ; J==+Achat!J37+Prestation!J81 ; K==+Achat!K37+Prestation!K81 ; L==+Achat!L37+Prestation!L81 ; M==+Achat!M37+Prestation!M81 ; N==+Achat!N37+Prestation!N81 ; O==+Achat!O37+Prestation!O81 ; P==SUM(D11:O11) ; Q= || B=Total ; C= ; D==SUM(D3:D10) ; E==SUM(E3:E10) ; F==SUM(F3:F10) ; G==SUM(G3:G10) ; H==SUM(H3:H10) ; I==SUM(I3:I10) ; J==SUM(J3:J10) ; K==SUM(K3:K10) ; L==SUM(L3:L10) ; M==SUM(M3:M10) ; N==SUM(N3:N10) ; O==SUM(O3:O10) ; P==SUM(P3:P10) ; Q=
I&T,I&T_R3,14,17,2,16,4,15,52,3,3,0,"B= ; C= ; D==+D2 ; E==+E2 ; F==+F2 ; G==+G2 ; H==+H2 ; I==+I2 ; J==+J2 ; K==+K2 ; L==+L2 ; M==+M2 ; N==+N2 ; O==+O2 ; P==+P2 || B=I&T Fixes ; C= ; D==SUMIF($Q$3:$Q$10,""F"",D3:D10) ; E==SUMIF($Q$3:$Q$10,""F"",E3:E10) ; F==SUMIF($Q$3:$Q$10,""F"",F3:F10) ; G==SUMIF($Q$3:$Q$10,""F"",G3:G10) ; H==SUMIF($Q$3:$Q$10,""F"",H3:H10) ; I==SUMIF($Q$3:$Q$10,""F"",I3:I10) ; J==SUMIF($Q$3:$Q$10,""F"",J3:J10) ; K==SUMIF($Q$3:$Q$10,""F"",K3:K10) ; L==SUMIF($Q$3:$Q$10,""F"",L3:L10) ; M==SUMIF($Q$3:$Q$10,""F"",M3:M10) ; N==SUMIF($Q$3:$Q$10,""F"",N3:N10) ; O==SUMIF($Q$3:$Q$10,""F"",O3:O10) ; P==SUM(D15:O15) || B=I&T Variables ; C= ; D==SUMIF($Q$3:$Q$10,""V"",D3:D10) ; E==SUMIF($Q$3:$Q$10,""V"",E3:E10) ; F==SUMIF($Q$3:$Q$10,""V"",F3:F10) ; G==SUMIF($Q$3:$Q$10,""V"",G3:G10) ; H==SUMIF($Q$3:$Q$10,""V"",H3:H10) ; I==SUMIF($Q$3:$Q$10,""V"",I3:I10) ; J==SUMIF($Q$3:$Q$10,""V"",J3:J10) ; K==SUMIF($Q$3:$Q$10,""V"",K3:K10) ; L==SUMIF($Q$3:$Q$10,""V"",L3:L10) ; M==SUMIF($Q$3:$Q$10,""V"",M3:M10) ; N==SUMIF($Q$3:$Q$10,""V"",N3:N10) ; O==SUMIF($Q$3:$Q$10,""V"",O3:O10) ; P==SUM(D16:O16) || B=Total ; C= ; D==SUM(D15:D16) ; E==SUM(E15:E16) ; F==SUM(F15:F16) ; G==SUM(G15:G16) ; H==SUM(H15:H16) ; I==SUM(I15:I16) ; J==SUM(J15:J16) ; K==SUM(K15:K16) ; L==SUM(L15:L16) ; M==SUM(M15:M16) ; N==SUM(N15:N16) ; O==SUM(O15:O16) ; P==SUM(D17:O17)"
Autres,Autres_R1,2,5,2,16,4,15,29,10,5,5,B==+'I&T'!B2 ; C==+Prestation!D18 ; D==+Prestation!E18 ; E==+Prestation!F18 ; F==+Prestation!G18 ; G==+Prestation!H18 ; H==+Prestation!I18 ; I==+Prestation!J18 ; J==+Prestation!K18 ; K==+Prestation!L18 ; L==+Prestation!M18 ; M==+Prestation!N18 ; N==+Prestation!O18 ; O==+Prestation!P18 ; P= || B=AUTRES CHARGES DE GESTION ; C= ; D= ; E= ; F= ; G= ; H= ; I= ; J= ; K= ; L= ; M= ; N=5400000 ; O==SUM(C3:N3) ; P=F || B=DONS & LIBERALITES ; C= ; D= ; E=100000 ; F= ; G= ; H=100000 ; I= ; J= ; K=100000 ; L= ; M= ; N=100000 ; O==SUM(C4:N4) ; P=F || B=Total ; C==SUM(C3:C4) ; D==SUM(D3:D4) ; E==SUM(E3:E4) ; F==SUM(F3:F4) ; G==SUM(G3:G4) ; H==SUM(H3:H4) ; I==SUM(I3:I4) ; J==SUM(J3:J4) ; K==SUM(K3:K4) ; L==SUM(L3:L4) ; M==SUM(M3:M4) ; N==SUM(N3:N4) ; O==SUM(O3:O4) ; P=
Amort,Amort_R1,2,15,2,16,14,15,187,20,20,0,"B=Rubriques ; C==+Prestation!D18 ; D==+Prestation!E18 ; E==+Prestation!F18 ; F==+Prestation!G18 ; G==+Prestation!H18 ; H==+Prestation!I18 ; I==+Prestation!J18 ; J==+Prestation!K18 ; K==+Prestation!L18 ; L==+Prestation!M18 ; M==+Prestation!N18 ; N==+Prestation!O18 ; O==+Prestation!P18 ; P= || B=DOT.AMORT.MAT & OUTILLAGE ; C==+'Invest FD'!C22 ; D==+'Invest FD'!D22 ; E==+'Invest FD'!E22 ; F==+'Invest FD'!F22 ; G==+'Invest FD'!G22 ; H==+'Invest FD'!H22 ; I==+'Invest FD'!I22 ; J==+'Invest FD'!J22 ; K==+'Invest FD'!K22 ; L==+'Invest FD'!L22 ; M==+'Invest FD'!M22 ; N==+'Invest FD'!N22 ; O==SUM(C3:N3) ; P=F || B=DOT.AMORT.VEHICULE UTILITAIRE ; C==+'Invest FD'!C23 ; D==+'Invest FD'!D23 ; E==+'Invest FD'!E23 ; F==+'Invest FD'!F23 ; G==+'Invest FD'!G23 ; H==+'Invest FD'!H23 ; I==+'Invest FD'!I23 ; J==+'Invest FD'!J23 ; K==+'Invest FD'!K23 ; L==+'Invest FD'!L23 ; M==+'Invest FD'!M23 ; N==+'Invest FD'!N23 ; O==SUM(C4:N4) ; P=F || B==""DOT.AMORT""& "" ""&  'Invest FD'!B4 ; C==+'Invest FD'!C24 ; D==+'Invest FD'!D24 ; E==+'Invest FD'!E24 ; F==+'Invest FD'!F24 ; G==+'Invest FD'!G24 ; H==+'Invest FD'!H24 ; I==+'Invest FD'!I24 ; J==+'Invest FD'!J24 ; K==+'Invest FD'!K24 ; L==+'Invest FD'!L24 ; M==+'Invest FD'!M24 ; N==+'Invest FD'!N24 ; O==SUM(C5:N5) ; P=F || B==""DOT.AMORT""& "" ""&  'Invest FD'!B5 ; C==+'Invest FD'!C25 ; D==+'Invest FD'!D25 ; E==+'Invest FD'!E25 ; F==+'Invest FD'!F25 ; G==+'Invest FD'!G25 ; H==+'Invest FD'!H25 ; I==+'Invest FD'!I25 ; J==+'Invest FD'!J25 ; K==+'Invest FD'!K25 ; L==+'Invest FD'!L25 ; M==+'Invest FD'!M25 ; N==+'Invest FD'!N25 ; O==SUM(C6:N6) ; P=F || B==""DOT.AMORT""& "" ""&  'Invest FD'!B6 ; C==+'Invest FD'!C26 ; D==+'Invest FD'!D26 ; E==+'Invest FD'!E26 ; F==+'Invest FD'!F26 ; G==+'Invest FD'!G26 ; H==+'Invest FD'!H26 ; I==+'Invest FD'!I26 ; J==+'Invest FD'!J26 ; K==+'Invest FD'!K26 ; L==+'Invest FD'!L26 ; M==+'Invest FD'!M26 ; N==+'Invest FD'!N26 ; O==SUM(C7:N7) ; P=F || B==""DOT.AMORT""& "" ""&  'Invest FD'!B7 ; C==+'Invest FD'!C27 ; D==+'Invest FD'!D27 ; E==+'Invest FD'!E27 ; F==+'Invest FD'!F27 ; G==+'Invest FD'!G27 ; H==+'Invest FD'!H27 ; I==+'Invest FD'!I27 ; J==+'Invest FD'!J27 ; K==+'Invest FD'!K27 ; L==+'Invest FD'!L27 ; M==+'Invest FD'!M27 ; N==+'Invest FD'!N27 ; O==SUM(C8:N8) ; P=F || B=DOT.AMORT.AGENC AMENAG CONSTRUC ; C==+'Invest FD'!C28 ; D==+'Invest FD'!D28 ; E==+'Invest FD'!E28 ; F==+'Invest FD'!F28 ; G==+'Invest FD'!G28 ; H==+'Invest FD'!H28 ; I==+'Invest FD'!I28 ; J==+'Invest FD'!J28 ; K==+'Invest FD'!K28 ; L==+'Invest FD'!L28 ; M==+'Invest FD'!M28 ; N==+'Invest FD'!N28 ; O==SUM(C9:N9) ; P=F"
Frais financier,Frais financier_R1,2,4,2,16,3,15,39,4,4,0,B=Charges financieres ; C==+Prestation!D18 ; D==+Prestation!E18 ; E==+Prestation!F18 ; F==+Prestation!G18 ; G==+Prestation!H18 ; H==+Prestation!I18 ; I==+Prestation!J18 ; J==+Prestation!K18 ; K==+Prestation!L18 ; L==+Prestation!M18 ; M==+Prestation!N18 ; N==+Prestation!O18 ; O==+Prestation!P18 ; P= || B=INTERET COMPTES DEBITEURS ; C==+'Détails FF FD'!C3 ; D==+'Détails FF FD'!D3 ; E==+'Détails FF FD'!E3 ; F==+'Détails FF FD'!F3 ; G==+'Détails FF FD'!G3 ; H==+'Détails FF FD'!H3 ; I==+'Détails FF FD'!I3 ; J==+'Détails FF FD'!J3 ; K==+'Détails FF FD'!K3 ; L==+'Détails FF FD'!L3 ; M==+'Détails FF FD'!M3 ; N==+'Détails FF FD'!N3 ; O==SUM(C3:N3) ; P=F || B=Total ; C==SUM(C3:C3) ; D==SUM(D3:D3) ; E==SUM(E3:E3) ; F==SUM(F3:F3) ; G==SUM(G3:G3) ; H==SUM(H3:H3) ; I==SUM(I3:I3) ; J==SUM(J3:J3) ; K==SUM(K3:K3) ; L==SUM(L3:L3) ; M==SUM(M3:M3) ; N==SUM(N3:N3) ; O==SUM(O3:O3) ; P=
CR Nature FD,CR Nature FD_R1,4,21,2,16,18,15,222,37,13,24,"B==+CA!B18 ; C==+SUM(CA!C19:C22) ; D==+SUM(CA!D19:D22) ; E==+SUM(CA!E19:E22) ; F==+SUM(CA!F19:F22) ; G==+SUM(CA!G19:G22) ; H==+SUM(CA!H19:H22) ; I==+SUM(CA!I19:I22) ; J==+SUM(CA!J19:J22) ; K==+SUM(CA!K19:K22) ; L==+SUM(CA!L19:L22) ; M==+SUM(CA!M19:M22) ; N==+SUM(CA!N19:N22) ; O==+SUM(C4:N4) ; P= || B==+CA!B23 ; C==+SUM(CA!C24:C27) ; D==+SUM(CA!D24:D27) ; E==+SUM(CA!E24:E27) ; F==+SUM(CA!F24:F27) ; G==+SUM(CA!G24:G27) ; H==+SUM(CA!H24:H27) ; I==+SUM(CA!I24:I27) ; J==+SUM(CA!J24:J27) ; K==+SUM(CA!K24:K27) ; L==+SUM(CA!L24:L27) ; M==+SUM(CA!M24:M27) ; N==+SUM(CA!N24:N27) ; O==+SUM(C5:N5) ; P= || B==+CA!B28 ; C==+CA!C28 ; D==+CA!D28 ; E==+CA!E28 ; F==+CA!F28 ; G==+CA!G28 ; H==+CA!H28 ; I==+CA!I28 ; J==+CA!J28 ; K==+CA!K28 ; L==+CA!L28 ; M==+CA!M28 ; N==+CA!N28 ; O==+SUM(C6:N6) ; P= || B==+CA!B30 ; C==+CA!C30 ; D==+CA!D30 ; E==+CA!E30 ; F==+CA!F30 ; G==+CA!G30 ; H==+CA!H30 ; I==+CA!I30 ; J==+CA!J30 ; K==+CA!K30 ; L==+CA!L30 ; M==+CA!M30 ; N==+CA!N30 ; O==+SUM(C7:N7) ; P= || B==+CA!B31 ; C==+CA!C31 ; D==+CA!D31 ; E==+CA!E31 ; F==+CA!F31 ; G==+CA!G31 ; H==+CA!H31 ; I==+CA!I31 ; J==+CA!J31 ; K==+CA!K31 ; L==+CA!L31 ; M==+CA!M31 ; N==+CA!N31 ; O==+SUM(C8:N8) ; P= || B=Productions stockées ; C==IFERROR(+Production!D65,"""") ; D==IFERROR(+Production!E65,"""") ; E==IFERROR(+Production!F65,"""") ; F==IFERROR(+Production!G65,"""") ; G==IFERROR(+Production!H65,"""") ; H==IFERROR(+Production!I65,"""") ; I==IFERROR(+Production!J65,"""") ; J==IFERROR(+Production!K65,"""") ; K==IFERROR(+Production!L65,"""") ; L==IFERROR(+Production!M65,"""") ; M==IFERROR(+Production!N65,"""") ; N==IFERROR(+Production!O65,"""") ; O==+SUM(C9:N9) ; P= || B=I. Production de l'exercice ; C==SUM(C3:C9) ; D==SUM(D3:D9) ; E==SUM(E3:E9) ; F==SUM(F3:F9) ; G==SUM(G3:G9) ; H==SUM(H3:H9) ; I==SUM(I3:I9) ; J==SUM(J3:J9) ; K==SUM(K3:K9) ; L==SUM(L3:L9) ; M==SUM(M3:M9) ; N==SUM(N3:N9) ; O==SUM(O3:O9) ; P==+CA!O32-O10+O9 || B=Achats consommés ; C==+Achat!D29 ; D==+Achat!E29 ; E==+Achat!F29 ; F==+Achat!G29 ; G==+Achat!H29 ; H==+Achat!I29 ; I==+Achat!J29 ; J==+Achat!K29 ; K==+Achat!L29 ; L==+Achat!M29 ; M==+Achat!N29 ; N==+Achat!O29 ; O==SUM(C11:N11) ; P==+Achat!P31-O11"
CR Nature FD,CR Nature FD_R2,23,32,2,16,10,15,95,34,10,24,B=V. RESULTAT OPERATIONNEL ; C==C17+C18-C19-C20+C22 ; D==D17+D18-D19-D20+D22 ; E==E17+E18-E19-E20+E22 ; F==F17+F18-F19-F20+F22 ; G==G17+G18-G19-G20+G22 ; H==H17+H18-H19-H20+H22 ; I==I17+I18-I19-I20+I22 ; J==J17+J18-J19-J20+J22 ; K==K17+K18-K19-K20+K22 ; L==L17+L18-L19-L20+L22 ; M==M17+M18-M19-M20+M22 ; N==N17+N18-N19-N20+N22 ; O==SUM(C23:N23) ; P= || B=Produits financiers ; C=0 ; D=0 ; E=0 ; F=0 ; G=0 ; H=0 ; I=0 ; J=0 ; K=0 ; L=0 ; M=0 ; N=0 ; O==SUM(C24:N24) ; P= || B=Charges financières ; C==+'Frais financier'!C3 ; D==+'Frais financier'!D3 ; E==+'Frais financier'!E3 ; F==+'Frais financier'!F3 ; G==+'Frais financier'!G3 ; H==+'Frais financier'!H3 ; I==+'Frais financier'!I3 ; J==+'Frais financier'!J3 ; K==+'Frais financier'!K3 ; L==+'Frais financier'!L3 ; M==+'Frais financier'!M3 ; N==+'Frais financier'!N3 ; O==SUM(C25:N25) ; P==+'Frais financier'!O4-O25 || B=VI. RESULTAT FINANCIER ; C==+C24-C25 ; D==+D24-D25 ; E==+E24-E25 ; F==+F24-F25 ; G==+G24-G25 ; H==+H24-H25 ; I==+I24-I25 ; J==+J24-J25 ; K==+K24-K25 ; L==+L24-L25 ; M==+M24-M25 ; N==+N24-N25 ; O==+O24-O25 ; P= || B=VII. RESULTAT AVANT IMPOTS (V+VI) ; C==C23+C26 ; D==D23+D26 ; E==E23+E26 ; F==F23+F26 ; G==G23+G26 ; H==H23+H26 ; I==I23+I26 ; J==J23+J26 ; K==K23+K26 ; L==L23+L26 ; M==M23+M26 ; N==N23+N26 ; O==SUM(C27:N27) ; P= || B=Impots exigibles sur résultats ; C= ; D= ; E= ; F= ; G= ; H= ; I= ; J= ; K= ; L= ; M= ; N==ROUNDUP(IF((+O39-SUM(O42:O46)-SUM(O5... ; O==+SUM(C28:N28) ; P= || B=Impots différés (Variations) ; C=0 ; D=0 ; E=0 ; F=0 ; G=0 ; H=0 ; I=0 ; J=0 ; K=0 ; L=0 ; M=0 ; N=0 ; O= ; P= || B=TOTAL DES PRODUITS DES ACTIVITES ORDI... ; C==C10+C18+C22+C24 ; D==D10+D18+D22+D24 ; E==E10+E18+E22+E24 ; F==F10+F18+F22+F24 ; G==G10+G18+G22+G24 ; H==H10+H18+H22+H24 ; I==I10+I18+I22+I24 ; J==J10+J18+J22+J24 ; K==K10+K18+K22+K24 ; L==L10+L18+L22+L24 ; M==M10+M18+M22+M24 ; N==N10+N18+N22+N24 ; O==+SUM(C30:N30) ; P=
CR Nature FD,CR Nature FD_R3,35,36,2,15,2,14,13,15,2,13,B=IX. RESULTAT EXTRAORDINAIRE ; C=0 ; D=0 ; E=0 ; F=0 ; G=0 ; H=0 ; I=0 ; J=0 ; K=0 ; L=0 ; M=0 ; N=0 ; O=0 || B=X. RESULTAT NET DE L'EXERCICE ; C==C32+C35 ; D==D32+D35 ; E==E32+E35 ; F==F32+F35 ; G==G32+G35 ; H==H32+H35 ; I==I32+I35 ; J==J32+J35 ; K==K32+K35 ; L==L32+L35 ; M==M32+M35 ; N==N32+N35 ; O==O32+O35
CR Nature FD,CR Nature FD_R4,38,39,2,16,2,15,14,15,2,13,B=Rubriques ; C==+C2 ; D==+D2 ; E==+E2 ; F==+F2 ; G==+G2 ; H==+H2 ; I==+I2 ; J==+J2 ; K==+K2 ; L==+L2 ; M==+M2 ; N==+N2 ; O==+O2 ; P= || B=Chiffres d'affaires ; C=1237669640.2796352 ; D=1241150180.4291792 ; E=1237669640.2796352 ; F=1241150180.4291792 ; G=1237669640.2796352 ; H=1241150180.4291792 ; I=1237669640.2796352 ; J=1241150180.4291792 ; K=1198187560.4680853 ; L=1203130399.8699088 ; M=1198187560.4680853 ; N=1203130399.8699088 ; O=14717915203.511246 ; P==+O39-O10
CR Nature FD,CR Nature FD_R5,41,42,2,15,2,14,27,1,1,0,B=Charges variables ; C==+SUM(C42:C47) ; D==+SUM(D42:D47) ; E==+SUM(E42:E47) ; F==+SUM(F42:F47) ; G==+SUM(G42:G47) ; H==+SUM(H42:H47) ; I==+SUM(I42:I47) ; J==+SUM(J42:J47) ; K==+SUM(K42:K47) ; L==+SUM(L42:L47) ; M==+SUM(M42:M47) ; N==+SUM(N42:N47) ; O==+SUM(O42:O47) || B==+Achat!B39 ; C==+Achat!D39 ; D==+Achat!E39 ; E==+Achat!F39 ; F==+Achat!G39 ; G==+Achat!H39 ; H==+Achat!I39 ; I==+Achat!J39 ; J==+Achat!K39 ; K==+Achat!L39 ; L==+Achat!M39 ; M==+Achat!N39 ; N==+Achat!O39 ; O==SUM(C42:N42)
CR Nature FD,CR Nature FD_R6,44,59,2,15,16,14,202,11,11,0,B==+Prestation!B84 ; C==+Prestation!D84 ; D==+Prestation!E84 ; E==+Prestation!F84 ; F==+Prestation!G84 ; G==+Prestation!H84 ; H==+Prestation!I84 ; I==+Prestation!J84 ; J==+Prestation!K84 ; K==+Prestation!L84 ; L==+Prestation!M84 ; M==+Prestation!N84 ; N==+Prestation!O84 ; O==SUM(C44:N44) || B==+'I&T'!B16 ; C==+'I&T'!D16 ; D==+'I&T'!E16 ; E==+'I&T'!F16 ; F==+'I&T'!G16 ; G==+'I&T'!H16 ; H==+'I&T'!I16 ; I==+'I&T'!J16 ; J==+'I&T'!K16 ; K==+'I&T'!L16 ; L==+'I&T'!M16 ; M==+'I&T'!N16 ; N==+'I&T'!O16 ; O==SUM(C45:N45) || B=Salaires variable ; C==+Sal!D184+Sal!D186 ; D==+Sal!E184+Sal!E186 ; E==+Sal!F184+Sal!F186 ; F==+Sal!G184+Sal!G186 ; G==+Sal!H184+Sal!H186 ; H==+Sal!I184+Sal!I186 ; I==+Sal!J184+Sal!J186 ; J==+Sal!K184+Sal!K186 ; K==+Sal!L184+Sal!L186 ; L==+Sal!M184+Sal!M186 ; M==+Sal!N184+Sal!N186 ; N==+Sal!O184+Sal!O186 ; O==SUM(C46:N46) || B=IR ; C= ; D= ; E= ; F= ; G= ; H= ; I= ; J= ; K= ; L= ; M= ; N==ROUNDUP(IF((+O39-SUM(O42:O46)-SUM(O5... ; O==SUM(C47:N47) || B=Marge sur cout variable ; C==+C39-C41 ; D==+D39-D41 ; E==+E39-E41 ; F==+F39-F41 ; G==+G39-G41 ; H==+H39-H41 ; I==+I39-I41 ; J==+J39-J41 ; K==+K39-K41 ; L==+L39-L41 ; M==+M39-M41 ; N==+N39-N41 ; O==+O39-O41 || B=Taux de marge/CV ; C==+C48/C39 ; D==+D48/D39 ; E==+E48/E39 ; F==+F48/F39 ; G==+G48/G39 ; H==+H48/H39 ; I==+I48/I39 ; J==+J48/J39 ; K==+K48/K39 ; L==+L48/L39 ; M==+M48/M39 ; N==+N48/N39 ; O==+O48/O39 || B=Charges fixes ; C==+SUM(C51:C57) ; D==+SUM(D51:D57) ; E==+SUM(E51:E57) ; F==+SUM(F51:F57) ; G==+SUM(G51:G57) ; H==+SUM(H51:H57) ; I==+SUM(I51:I57) ; J==+SUM(J51:J57) ; K==+SUM(K51:K57) ; L==+SUM(L51:L57) ; M==+SUM(M51:M57) ; N==+SUM(N51:N57) ; O==+SUM(O51:O57) || B==+Achat!B40 ; C==+Achat!D40 ; D==+Achat!E40 ; E==+Achat!F40 ; F==+Achat!G40 ; G==+Achat!H40 ; H==+Achat!I40 ; I==+Achat!J40 ; J==+Achat!K40 ; K==+Achat!L40 ; L==+Achat!M40 ; M==+Achat!N40 ; N==+Achat!O40 ; O==SUM(C51:N51)
CR Nature FD,CR Nature FD_R7,61,66,2,15,6,14,78,6,6,0,"B=Seuil de rentabilité ; C==+C38 ; D==+D38 ; E==+E38 ; F==+F38 ; G==+G38 ; H==+H38 ; I==+I38 ; J==+J38 ; K==+K38 ; L==+L38 ; M==+M38 ; N==+N38 ; O==+O38 || B=En CA ; C==+C50/C49 ; D==+D50/D49 ; E==+E50/E49 ; F==+F50/F49 ; G==+G50/G49 ; H==+H50/H49 ; I==+I50/I49 ; J==+J50/J49 ; K==+K50/K49 ; L==+L50/L49 ; M==+M50/M49 ; N==+N50/N49 ; O==+O50/O49 || B=Charge variable correspondant ; C==IF(C62>0,-(+C41/C39*C62),"""") ; D==IF(D62>0,-(+D41/D39*D62),"""") ; E==IF(E62>0,-(+E41/E39*E62),"""") ; F==IF(F62>0,-(+F41/F39*F62),"""") ; G==IF(G62>0,-(+G41/G39*G62),"""") ; H==IF(H62>0,-(+H41/H39*H62),"""") ; I==IF(I62>0,-(+I41/I39*I62),"""") ; J==IF(J62>0,-(+J41/J39*J62),"""") ; K==IF(K62>0,-(+K41/K39*K62),"""") ; L==IF(L62>0,-(+L41/L39*L62),"""") ; M==IF(M62>0,-(+M41/M39*M62),"""") ; N==IF(N62>0,-(+N41/N39*N62),"""") ; O==IF(O62>0,-(+O41/O39*O62),"""") || B=Charges fixes ; C==IF(C62>0,-C50,"""") ; D==IF(D62>0,-D50,"""") ; E==IF(E62>0,-E50,"""") ; F==IF(F62>0,-F50,"""") ; G==IF(G62>0,-G50,"""") ; H==IF(H62>0,-H50,"""") ; I==IF(I62>0,-I50,"""") ; J==IF(J62>0,-J50,"""") ; K==IF(K62>0,-K50,"""") ; L==IF(L62>0,-L50,"""") ; M==IF(M62>0,-M50,"""") ; N==IF(N62>0,-N50,"""") ; O==IF(O62>0,-O50,"""") || B=Résultats ; C==IF(C62>0,SUM(C62:C64),"""") ; D==IF(D62>0,SUM(D62:D64),"""") ; E==IF(E62>0,SUM(E62:E64),"""") ; F==IF(F62>0,SUM(F62:F64),"""") ; G==IF(G62>0,SUM(G62:G64),"""") ; H==IF(H62>0,SUM(H62:H64),"""") ; I==IF(I62>0,SUM(I62:I64),"""") ; J==IF(J62>0,SUM(J62:J64),"""") ; K==IF(K62>0,SUM(K62:K64),"""") ; L==IF(L62>0,SUM(L62:L64),"""") ; M==IF(M62>0,SUM(M62:M64),"""") ; N==IF(N62>0,SUM(N62:N64),"""") ; O==IF(O62>0,SUM(O62:O64),"""") || B=En quantité ; C==IFERROR((+C62-C7-C8)/CA!C53,"""") ; D==IFERROR((+D62-D7-D8)/CA!D53,"""") ; E==IFERROR((+E62-E7-E8)/CA!E53,"""") ; F==IFERROR((+F62-F7-F8)/CA!F53,"""") ; G==IFERROR((+G62-G7-G8)/CA!G53,"""") ; H==IFERROR((+H62-H7-H8)/CA!H53,"""") ; I==IFERROR((+I62-I7-I8)/CA!I53,"""") ; J==IFERROR((+J62-J7-J8)/CA!J53,"""") ; K==IFERROR((+K62-K7-K8)/CA!K53,"""") ; L==IFERROR((+L62-L7-L8)/CA!L53,"""") ; M==IFERROR((+M62-M7-M8)/CA!M53,"""") ; N==IFERROR((+N62-N7-N8)/CA!N53,"""") ; O==IFERROR((+O62-O7-O8)/CA!O53,"""")"
CR Nature FD,CR Nature FD_R8,71,79,2,15,9,14,117,9,9,0,"B=Recapitulatif ; C==+C61 ; D==+D61 ; E==+E61 ; F==+F61 ; G==+G61 ; H==+H61 ; I==+I61 ; J==+J61 ; K==+K61 ; L==+L61 ; M==+M61 ; N==+N61 ; O==+O61 || B=Vente en Tonne ; C==+Commandes!C2 ; D==+Commandes!D2 ; E==+Commandes!E2 ; F==+Commandes!F2 ; G==+Commandes!G2 ; H==+Commandes!H2 ; I==+Commandes!I2 ; J==+Commandes!J2 ; K==+Commandes!K2 ; L==+Commandes!L2 ; M==+Commandes!M2 ; N==+Commandes!N2 ; O==SUM(C72:N72) || B=PR en Ariary ; C==+C31 ; D==+D31 ; E==+E31 ; F==+F31 ; G==+G31 ; H==+H31 ; I==+I31 ; J==+J31 ; K==+K31 ; L==+L31 ; M==+M31 ; N==+N31 ; O==SUM(C73:N73) || B=PR unitaire en Ariary ; C==IFERROR(+C73/C72,"""") ; D==IFERROR(+D73/D72,"""") ; E==IFERROR(+E73/E72,"""") ; F==IFERROR(+F73/F72,"""") ; G==IFERROR(+G73/G72,"""") ; H==IFERROR(+H73/H72,"""") ; I==IFERROR(+I73/I72,"""") ; J==IFERROR(+J73/J72,"""") ; K==IFERROR(+K73/K72,"""") ; L==IFERROR(+L73/L72,"""") ; M==IFERROR(+M73/M72,"""") ; N==IFERROR(+N73/N72,"""") ; O==IFERROR(+O73/O72,"""") || B=Vente micas en Ariary ; C==+SUM(C4:C6) ; D==+SUM(D4:D6) ; E==+SUM(E4:E6) ; F==+SUM(F4:F6) ; G==+SUM(G4:G6) ; H==+SUM(H4:H6) ; I==+SUM(I4:I6) ; J==+SUM(J4:J6) ; K==+SUM(K4:K6) ; L==+SUM(L4:L6) ; M==+SUM(M4:M6) ; N==+SUM(N4:N6) ; O==SUM(C75:N75) || B=PV unitaire en Ariary ; C==IFERROR(+C75/C72,"""") ; D==IFERROR(+D75/D72,"""") ; E==IFERROR(+E75/E72,"""") ; F==IFERROR(+F75/F72,"""") ; G==IFERROR(+G75/G72,"""") ; H==IFERROR(+H75/H72,"""") ; I==IFERROR(+I75/I72,"""") ; J==IFERROR(+J75/J72,"""") ; K==IFERROR(+K75/K72,"""") ; L==IFERROR(+L75/L72,"""") ; M==IFERROR(+M75/M72,"""") ; N==IFERROR(+N75/N72,"""") ; O==IFERROR(+O75/O72,"""") || B=Marge unitaire en Ariary ; C==IFERROR(+C76-C74,"""") ; D==IFERROR(+D76-D74,"""") ; E==IFERROR(+E76-E74,"""") ; F==IFERROR(+F76-F74,"""") ; G==IFERROR(+G76-G74,"""") ; H==IFERROR(+H76-H74,"""") ; I==IFERROR(+I76-I74,"""") ; J==IFERROR(+J76-J74,"""") ; K==IFERROR(+K76-K74,"""") ; L==IFERROR(+L76-L74,"""") ; M==IFERROR(+M76-M74,"""") ; N==IFERROR(+N76-N74,"""") ; O==IFERROR(+O76-O74,"""") || B=Seuil de rentabilité en Ariary ; C==+C62 ; D==+D62 ; E==+E62 ; F==+F62 ; G==+G62 ; H==+H62 ; I==+I62 ; J==+J62 ; K==+K62 ; L==+L62 ; M==+M62 ; N==+N62 ; O==+O62"
Etat_Trésorerie FD,Etat_Trésorerie FD_R1,6,7,2,16,2,15,0,27,27,0,B=Mois (saisir numero) ; C= ; D=Janvier ; E=Février ; F=Mars ; G=AVRIL ; H=MAI ; I=JUIN ; J=JUILLET ; K=AOUT ; L=SEPTEMBRE ; M=OCTOBRE ; N=NOVEMBRE ; O=DECEMBRE ; P=CUMUL || B= ; C= ; D=Estimé ; E=Estimé ; F=Estimé ; G=Estimé ; H=Estimé ; I=Estimé ; J=Estimé ; K=Estimé ; L=Estimé ; M=Estimé ; N=Estimé ; O=Estimé ; P=Estimé
Etat_Trésorerie FD,Etat_Trésorerie FD_R2,9,15,2,16,7,15,43,55,7,48,"B=Clients Termes privés ; C= ; D==-AN!D180 ; E==-AN!E180 ; F==-AN!F180 ; G==-AN!G180 ; H==-AN!H180 ; I==-AN!I180 ; J==-AN!J180 ; K==-AN!K180 ; L==-AN!L180 ; M==-AN!M180 ; N==-AN!N180 ; O==-AN!O180 ; P==SUM(D9:O9) || B=Clients Termes Etat et Collect. Pub. ; C= ; D=0 ; E=0 ; F=0 ; G=0 ; H=0 ; I=0 ; J=0 ; K=0 ; L=0 ; M=0 ; N=0 ; O=0 ; P==SUM(D10:O10) || B=Clients Filiales ; C= ; D=0 ; E=0 ; F=0 ; G=0 ; H=0 ; I=0 ; J=0 ; K=0 ; L=0 ; M=0 ; N=0 ; O=0 ; P==SUM(D11:O11) || B=Clients Comptants ; C= ; D=0 ; E=0 ; F=0 ; G=0 ; H=0 ; I=0 ; J=0 ; K=0 ; L=0 ; M=0 ; N=0 ; O=0 ; P==SUM(D12:O12) || B=Avances Reçues des Clients ; C= ; D=0 ; E=0 ; F=0 ; G=0 ; H=0 ; I=0 ; J=0 ; K=0 ; L=0 ; M=0 ; N=0 ; O=0 ; P==SUM(D13:O13) || B=Crédit de TVA, Divers... ; C= ; D==-AN!D198 ; E==-AN!E198 ; F==-AN!F198 ; G==-AN!G198 ; H==-AN!H198 ; I==-AN!I198 ; J==-AN!J198 ; K==-AN!K198 ; L==-AN!L198 ; M==-AN!M198 ; N==-AN!N198 ; O==-AN!O198 ; P==SUM(D14:O14) || B=ENCAISSEMENTS CLIENTS ; C= ; D==SUM(D9:D14) ; E==SUM(E9:E14) ; F==SUM(F9:F14) ; G==SUM(G9:G14) ; H==SUM(H9:H14) ; I==SUM(I9:I14) ; J==SUM(J9:J14) ; K==SUM(K9:K14) ; L==SUM(L9:L14) ; M==SUM(M9:M14) ; N==SUM(N9:N14) ; O==SUM(O9:O14) ; P==SUM(P9:P14)"
Etat_Trésorerie FD,Etat_Trésorerie FD_R3,17,35,2,16,19,15,175,92,20,72,"B=ENCAISSEMENTS D'EXPLOITATION NETS ; C=TOTAL ; D==SUM(D15:D16) ; E==SUM(E15:E16) ; F==SUM(F15:F16) ; G==SUM(G15:G16) ; H==SUM(H15:H16) ; I==SUM(I15:I16) ; J==SUM(J15:J16) ; K==SUM(K15:K16) ; L==SUM(L15:L16) ; M==SUM(M15:M16) ; N==SUM(N15:N16) ; O==SUM(O15:O16) ; P==SUM(P15:P16) || B=Fourn Locaux ; C= ; D==-(+AN!D67+AN!D68)*0.6-(AN!D81+AN!D82) ; E==-(+AN!E67+AN!E68)*0.6-(AN!E81+AN!E82) ; F==-(+AN!F67+AN!F68)*0.6-(AN!F81+AN!F82) ; G==-(+AN!G67+AN!G68)*0.6-(AN!G81+AN!G82) ; H==-(+AN!H67+AN!H68)*0.6-(AN!H81+AN!H82) ; I==-(+AN!I67+AN!I68)*0.6-(AN!I81+AN!I82) ; J==-(+AN!J67+AN!J68)*0.6-(AN!J81+AN!J82) ; K==-(+AN!K67+AN!K68)*0.6-(AN!K81+AN!K82) ; L==-(+AN!L67+AN!L68)*0.6-(AN!L81+AN!L82) ; M==-(+AN!M67+AN!M68)*0.6-(AN!M81+AN!M82) ; N==-(+AN!N67+AN!N68)*0.6-(AN!N81+AN!N82) ; O==-(+AN!O67+AN!O68)*0.6-(AN!O81+AN!O82) ; P==SUM(D18:O18) || B=Fourn Locaux, EAP ; C= ; D==-(+AN!D67+AN!D68)*0.4 ; E==-(+AN!E67+AN!E68)*0.4 ; F==-(+AN!F67+AN!F68)*0.4 ; G==-(+AN!G67+AN!G68)*0.4 ; H==-(+AN!H67+AN!H68)*0.4 ; I==-(+AN!I67+AN!I68)*0.4 ; J==-(+AN!J67+AN!J68)*0.4 ; K==-(+AN!K67+AN!K68)*0.4 ; L==-(+AN!L67+AN!L68)*0.4 ; M==-(+AN!M67+AN!M68)*0.4 ; N==-(+AN!N67+AN!N68)*0.4 ; O==-(+AN!O67+AN!O68)*0.4 ; P==SUM(D19:O19) || B=Fourn Immobilisations ; C= ; D=0 ; E=0 ; F=0 ; G=0 ; H=0 ; I=0 ; J=0 ; K=0 ; L=0 ; M=0 ; N=0 ; O=0 ; P==SUM(D20:O20) || B=Fourn Immo, EAP ; C= ; D==-(AN!D75) ; E==-(AN!E75) ; F==-(AN!F75) ; G==-(AN!G75) ; H==-(AN!H75) ; I==-(AN!I75) ; J==-(AN!J75) ; K==-(AN!K75) ; L==-(AN!L75) ; M==-(AN!M75) ; N==-(AN!N75) ; O==-(AN!O75) ; P==SUM(D21:O21) || B=DECAISSEMENTS FOURNISSEURS ; C= ; D==SUM(D18:D21) ; E==SUM(E18:E21) ; F==SUM(F18:F21) ; G==SUM(G18:G21) ; H==SUM(H18:H21) ; I==SUM(I18:I21) ; J==SUM(J18:J21) ; K==SUM(K18:K21) ; L==SUM(L18:L21) ; M==SUM(M18:M21) ; N==SUM(N18:N21) ; O==SUM(O18:O21) ; P==SUM(P18:P21) || B=salaires ; C= ; D==-AN!D90 ; E==-AN!E90 ; F==-AN!F90 ; G==-AN!G90 ; H==-AN!H90 ; I==-AN!I90 ; J==-AN!J90 ; K==-AN!K90 ; L==-AN!L90 ; M==-AN!M90 ; N==-AN!N90 ; O==-AN!O90 ; P==SUM(D23:O23) || B=Avances s/salaires ; C= ; D=0 ; E=0 ; F=0 ; G=0 ; H=0 ; I=0 ; J=0 ; K=0 ; L=0 ; M=0 ; N=0 ; O=0 ; P==SUM(D24:O24)"
Etat_Trésorerie FD,Etat_Trésorerie FD_R4,37,72,2,16,36,15,346,162,41,121,"B=DECAISSEMENTS D'EXPLOITATION hors F.Fin. ; C=TOTAL ; D==SUM(D35,D31,D27,D22) ; E==SUM(E35,E31,E27,E22) ; F==SUM(F35,F31,F27,F22) ; G==SUM(G35,G31,G27,G22) ; H==SUM(H35,H31,H27,H22) ; I==SUM(I35,I31,I27,I22) ; J==SUM(J35,J31,J27,J22) ; K==SUM(K35,K31,K27,K22) ; L==SUM(L35,L31,L27,L22) ; M==SUM(M35,M31,M27,M22) ; N==SUM(N35,N31,N27,N22) ; O==SUM(O35,O31,O27,O22) ; P==SUM(P35,P31,P27,P22) || B=FLUX NETS D'EXPLOITATION DIFFERENCE  ... ; C= ; D==SUM(D17,D37) ; E==SUM(E17,E37) ; F==SUM(F17,F37) ; G==SUM(G17,G37) ; H==SUM(H17,H37) ; I==SUM(I17,I37) ; J==SUM(J17,J37) ; K==SUM(K17,K37) ; L==SUM(L17,L37) ; M==SUM(M17,M37) ; N==SUM(N17,N37) ; O==SUM(O17,O37) ; P==SUM(P17,P37) || B=Remboursement  de fonds autres stés ; C= ; D==-AN!D204 ; E==-AN!E141 ; F==-AN!F141 ; G==-AN!G141 ; H==-AN!H141 ; I==-AN!I141 ; J==-AN!J141 ; K==-AN!K141 ; L==-AN!L141 ; M==-AN!M141 ; N==-AN!N141 ; O==-AN!O141 ; P==SUM(D39:O39) || B=Ajout CC des actionnaires ; C= ; D==-+AN!D148 ; E==-+AN!E148 ; F==-+AN!F148 ; G==-+AN!G148 ; H==-+AN!H148 ; I==-+AN!I148 ; J==-+AN!J148 ; K==-+AN!K148 ; L==-+AN!L148 ; M==-+AN!M148 ; N==-+AN!N148 ; O==-+AN!O148 ; P==SUM(D40:O40) || B=Encaissements HE ; C=TOTAL ; D==+SUM(D39:D40) ; E==+SUM(E39:E40) ; F==+SUM(F39:F40) ; G==+SUM(G39:G40) ; H==+SUM(H39:H40) ; I==+SUM(I39:I40) ; J==+SUM(J39:J40) ; K==+SUM(K39:K40) ; L==+SUM(L39:L40) ; M==+SUM(M39:M40) ; N==+SUM(N39:N40) ; O==+SUM(O39:O40) ; P==+SUM(P39:P40) || B=Avances de fonds autres sté du groupe ; C= ; D==-AN!D141 ; E==-AN!E142 ; F==-AN!F142 ; G==-AN!G142 ; H==-AN!H142 ; I==-AN!I142 ; J==-AN!J142 ; K==-AN!K142 ; L==-AN!L142 ; M==-AN!M142 ; N==-AN!N142 ; O==-AN!O142 ; P==SUM(D42:O42) || B=Remboursement  de CC des actionnaires ; C= ; D==-AN!D149 ; E==-AN!E149 ; F==-AN!F149 ; G==-AN!G149 ; H==-AN!H149 ; I=0 ; J==-AN!J149 ; K==-AN!K149 ; L==-AN!L149 ; M==-AN!M149 ; N==-AN!N149 ; O==-AN!O149 ; P==SUM(D43:O43) || B=Décaissements HE ; C=TOTAL ; D==+SUM(D42:D43) ; E==+SUM(E42:E43) ; F==+SUM(F42:F43) ; G==+SUM(G42:G43) ; H==+SUM(H42:H43) ; I==+SUM(I42:I43) ; J==+SUM(J42:J43) ; K==+SUM(K42:K43) ; L==+SUM(L42:L43) ; M==+SUM(M42:M43) ; N==+SUM(N42:N43) ; O==+SUM(O42:O43) ; P==+SUM(P42:P43)"
Etat_Trésorerie FD,Etat_Trésorerie FD_R5,79,85,2,16,7,15,80,16,6,10,"B=SITUATION FIN  BANQUE TNR ; C= ; D==D71+D17+D41+D48+D59-SUM(D74:D77) ; E==E71+E17+E41+E48+E59-SUM(E74:E77) ; F==F71+F17+F41+F48+F59-SUM(F74:F77) ; G==G71+G17+G41+G48+G59-SUM(G74:G77) ; H==H71+H17+H41+H48+H59-SUM(H74:H77) ; I==I71+I17+I41+I48+I59-SUM(I74:I77) ; J==J71+J17+J41+J48+J59-SUM(J74:J77) ; K==K71+K17+K41+K48+K59-SUM(K74:K77) ; L==L71+L17+L41+L48+L59-SUM(L74:L77) ; M==M71+M17+M41+M48+M59-SUM(M74:M77) ; N==N71+N17+N41+N48+N59-SUM(N74:N77) ; O==O71+O17+O41+O48+O59-SUM(O74:O77) ; P==O79 || B=SITUATION FIN  BANQUE FD ; C==+AN!C229 ; D==D72+SUM(D74:D77)+SUM(D67,D44,D37,D53) ; E==E72+SUM(E74:E77)+SUM(E67,E44,E37,E53) ; F==F72+SUM(F74:F77)+SUM(F67,F44,F37,F53) ; G==G72+SUM(G74:G77)+SUM(G67,G44,G37,G53) ; H==H72+SUM(H74:H77)+SUM(H67,H44,H37,H53) ; I==I72+SUM(I74:I77)+SUM(I67,I44,I37,I53) ; J==J72+SUM(J74:J77)+SUM(J67,J44,J37,J53) ; K==K72+SUM(K74:K77)+SUM(K67,K44,K37,K53) ; L==L72+SUM(L74:L77)+SUM(L67,L44,L37,L53) ; M==M72+SUM(M74:M77)+SUM(M67,M44,M37,M53) ; N==N72+SUM(N74:N77)+SUM(N67,N44,N37,N53) ; O==O72+SUM(O74:O77)+SUM(O67,O44,O37,O53) ; P==O80 || B=SITUATION FIN NET DISPONIBLE ; C==C80+C79 ; D==D80+D79 ; E==E80+E79 ; F==F80+F79 ; G==G80+G79 ; H==H80+H79 ; I==I80+I79 ; J==J80+J79 ; K==K80+K79 ; L==L80+L79 ; M==M80+M79 ; N==N80+N79 ; O==O80+O79 ; P==P80+P79 || B=PLACEMENTS TRESORERIE CUMULES ; C= ; D= ; E= ; F= ; G=0 ; H=0 ; I=0 ; J=0 ; K=0 ; L=0 ; M=0 ; N=0 ; O=0 ; P=0 || B=TOTAL EN BANQUES & CAISSES ; C==SUM(C81:C82) ; D==SUM(D81:D82) ; E==SUM(E81:E82) ; F==SUM(F81:F82) ; G==SUM(G81:G82) ; H==SUM(H81:H82) ; I==SUM(I81:I82) ; J==SUM(J81:J82) ; K==SUM(K81:K82) ; L==SUM(L81:L82) ; M==SUM(M81:M82) ; N==SUM(N81:N82) ; O==SUM(O81:O82) ; P==SUM(P81:P82) || B=Contrôle Comptable ; C==+C83-AN!C221 ; D==+D83-AN!D221 ; E==+E83-AN!E221 ; F==+F83-AN!F221 ; G==+G83-AN!G221 ; H==+H83-AN!H221 ; I==+I83-AN!I221 ; J==+J83-AN!J221 ; K==+K83-AN!K221 ; L==+L83-AN!L221 ; M==+M83-AN!M221 ; N==+N83-AN!N221 ; O==+O83-AN!O221 ; P= || B= ; C= ; D==+D84 ; E==+E84-D85 ; F==+F84-E85 ; G==+G84-F85 ; H==+H84-G85 ; I==+I84-H85 ; J==+J84-I85 ; K==+K84-J85 ; L==+L84-K85 ; M==+M84-L85 ; N==+N84-M85 ; O==+O84-N85 ; P="
Etat_Trésorerie FD,Etat_Trésorerie FD_R6,87,90,4,16,4,13,43,0,0,0,D==+D83-AN!D221 ; E==+E83-AN!E221 ; F==+F83-AN!F221 ; G==+G83-AN!G221 ; H==+H83-AN!H221 ; I==+I83-AN!I221 ; J==+J83-AN!J221 ; K==+K83-AN!K221 ; L==+L83-AN!L221 ; M==+M83-AN!M221 ; N==+N83-AN!N221 ; O==+O83-AN!O221 ; P==+P83-AN!P221 || D= ; E==+E87-D87 ; F==+F87-E87 ; G==+G87-F87 ; H==+H87-G87 ; I==+I87-H87 ; J==+J87-I87 ; K==+K87-J87 ; L==+L87-K87 ; M==+M87-L87 ; N==+N87-M87 ; O==+O87-N87 ; P= || D==+D83-AN!D229 ; E==+E83-AN!E229 ; F==+F83-AN!F229 ; G==+G83-AN!G229 ; H==+H83-AN!H229 ; I==+I83-AN!I229 ; J==+J83-AN!J229 ; K==+K83-AN!K229 ; L==+L83-AN!L229 ; M==+M83-AN!M229 ; N==+N83-AN!N229 ; O==+O83-AN!O229 ; P==+P83-AN!P229 || D= ; E= ; F= ; G= ; H= ; I= ; J= ; K==+K89-J89 ; L==+L89-K89 ; M==+M89-L89 ; N==+N89-M89 ; O==+O89-N89 ; P==+P89-O89
Invest FD,Invest FD_R1,4,6,2,15,3,14,5,4,1,3,B==+#REF! ; C= ; D=40000000 ; E= ; F= ; G= ; H= ; I= ; J= ; K= ; L= ; M= ; N= ; O==SUM(C4:N4) || B=Reparations toitures ; C= ; D=300000000 ; E= ; F= ; G= ; H= ; I= ; J= ; K= ; L= ; M= ; N= ; O==SUM(C5:N5) || B==+#REF! ; C= ; D=10000000 ; E= ; F= ; G= ; H= ; I= ; J= ; K= ; L= ; M= ; N= ; O==SUM(C6:N6)
Invest FD,Invest FD_R2,9,10,2,15,2,14,16,1,1,0,B==+#REF! ; C= ; D==+SUM(D4:D8)*5% ; E= ; F= ; G= ; H= ; I= ; J= ; K= ; L= ; M= ; N= ; O==SUM(C9:N9) || B=Total investissements ; C==SUM(C4:C8) ; D==SUM(D4:D9) ; E==SUM(E4:E9) ; F==SUM(F4:F9) ; G==SUM(G4:G9) ; H==SUM(H4:H9) ; I==SUM(I4:I9) ; J==SUM(J4:J9) ; K==SUM(K4:K9) ; L==SUM(L4:L9) ; M==SUM(M4:M9) ; N==SUM(N4:N9) ; O==SUM(O4:O9)
Invest FD,Invest FD_R3,14,17,2,15,4,14,56,0,0,0,B==+B4 ; C==+C4*0.1/12 ; D==+D4*0.1/12 ; E==+D14 ; F==+E14 ; G==+F14 ; H==+G14 ; I==+H14 ; J==+I14 ; K==+J14 ; L==+K14 ; M==+L14 ; N==+M14 ; O==SUM(C14:N14) || B==+B5 ; C==+C5*0.1/12 ; D==+D5*0.2/12 ; E==+D15 ; F==+E15 ; G==+F15 ; H==+G15 ; I==+H15 ; J==+I15 ; K==+J15 ; L==+K15 ; M==+L15 ; N==+M15 ; O==SUM(C15:N15) || B==+B6 ; C==+C6*0.1/12 ; D==+D6*0.1/12 ; E==+D16 ; F==+E16 ; G==+F16 ; H==+G16 ; I==+H16 ; J==+I16 ; K==+J16 ; L==+K16 ; M==+L16 ; N==+M16 ; O==SUM(C16:N16) || B==+B7 ; C==+C7*0.25/12 ; D==+D7*0.25/12 ; E==+D17 ; F==+E17 ; G==+F17 ; H==+G17 ; I==+H17 ; J==+I17 ; K==+J17 ; L==+K17 ; M==+L17 ; N==+M17 ; O==SUM(C17:N17)
Invest FD,Invest FD_R4,22,35,2,15,14,14,108,85,1,84,B==+#REF! ; C=1335500.8799999997 ; D=1335500.8799999997 ; E=1335500.8799999997 ; F=1335500.8799999997 ; G=1335500.8799999997 ; H=1335500.8799999997 ; I=1335500.8799999997 ; J=1335500.8799999997 ; K=1335500.8799999997 ; L=1335500.8799999997 ; M=1335500.8799999997 ; N=1335500.8799999997 ; O==SUM(C22:N22) || B==+#REF! ; C=2251818.75 ; D=2251818.75 ; E=2251818.75 ; F=2251818.75 ; G=2251818.75 ; H=2251818.75 ; I=2251818.75 ; J=2251818.75 ; K=2251818.75 ; L=2251818.75 ; M=2251818.75 ; N=2251818.75 ; O==SUM(C23:N23) || B==+#REF! ; C= ; D==+E14 ; E==+F14 ; F==+G14 ; G==+H14 ; H==+I14 ; I==+J14 ; J==+K14 ; K==+L14 ; L==+M14 ; M==+N14 ; N==+M24 ; O==SUM(C24:N24) || B==+#REF! ; C= ; D==+E15 ; E==+F15 ; F==+G15 ; G==+H15 ; H==+I15 ; I==+J15 ; J==+K15 ; K==+L15 ; L==+M15 ; M==+N15 ; N==+M25 ; O==SUM(C25:N25) || B==+#REF! ; C= ; D==+E16 ; E==+F16 ; F==+G16 ; G==+H16 ; H==+I16 ; I==+J16 ; J==+K16 ; K==+L16 ; L==+M16 ; M==+N16 ; N==+M26 ; O==SUM(C26:N26) || B==+#REF! ; C==+D17 ; D==+E17 ; E==+F17 ; F==+G17 ; G==+H17 ; H==+I17 ; I==+J17 ; J==+K17 ; K==+L17 ; L==+M17 ; M==+N17 ; N==+M27 ; O==SUM(C27:N27) || B==+#REF! ; C==+D18 ; D==+E18 ; E==+F18 ; F==+G18 ; G==+H18 ; H==+I18 ; I==+J18 ; J==+K18 ; K==+L18 ; L==+M18 ; M==+N18 ; N==+M28 ; O==SUM(C28:N28) || B==+#REF! ; C=11834.212500000001 ; D=11834.212500000001 ; E=11834.212500000001 ; F=11834.212500000001 ; G=11834.212500000001 ; H=11834.212500000001 ; I=11834.212500000001 ; J=11834.212500000001 ; K=11834.212500000001 ; L=11834.212500000001 ; M=11834.212500000001 ; N=11834.212500000001 ; O==SUM(C29:N29)
Feuil1,Feuil1_R1,3,13,2,12,11,11,69,45,18,27,"B= ; C=Qté ; D=PU HTVA ; E=TVA ; F=PTTC ; G=Qté ; H=PU HTVA ; I=Montant  HTVA ; J=TVA ; K=Montant TTC ; L= || B=Céline RAKOTONIRINA ; C=5500 ; D==+C4/1.2 ; E==+D4*0.2 ; F==+D4+E4 ; G=5000 ; H==+D4 ; I==+K4-J4 ; J==ROUNDUP(+E4*G4,0) ; K=27500000 ; L==+I4+J4-K4 || B=RAKOTOMALALA ; C=9000 ; D==+C5/1.2 ; E==+D5*0.2 ; F==+D5+E5 ; G=3000 ; H==+D5 ; I==+K5-J5 ; J==ROUNDUP(+E5*G5,0) ; K=27000000 ; L==+I5+J5-K5 || B=RAKOTONIRINA Jean ; C=9000 ; D==+C6/1.2 ; E==+D6*0.2 ; F==+D6+E6 ; G=5000 ; H==+D6 ; I==+K6-J6 ; J==ROUNDUP(+E6*G6,0) ; K=45000000 ; L==+I6+J6-K6 || B=RASOARINORO ; C=9000 ; D==+C7/1.2 ; E==+D7*0.2 ; F==+D7+E7 ; G=7000 ; H==+D7 ; I==+K7-J7 ; J==ROUNDUP(+E7*G7,0) ; K=63000000 ; L==+I7+J7-K7 || B=RASONIRINA ; C=9000 ; D==+C8/1.2 ; E==+D8*0.2 ; F==+D8+E8 ; G=3000 ; H==+D8 ; I==+K8-J8 ; J==ROUNDUP(+E8*G8,0) ; K=27000000 ; L==+I8+J8-K8 || B=RAKOTONIRINA Jean ; C=12000 ; D==+C9/1.2 ; E==+D9*0.2 ; F==+D9+E9 ; G=4000 ; H==+D9 ; I==+K9-J9 ; J==ROUNDUP(+E9*G9,0) ; K=48000000 ; L==+I9+J9-K9 || B=RAKOTONIRINA Céline ; C=11000 ; D==+C10/1.2 ; E==+D10*0.2 ; F==+D10+E10 ; G=6000 ; H==+D10 ; I==+K10-J10 ; J==ROUNDUP(+E10*G10,0) ; K=66000000 ; L==+I10+J10-K10"
AN,AN_R1,6,8,2,16,3,15,17,4,3,1,B=Report à nouveau ; C= ; D= ; E= ; F= ; G= ; H==-H8 ; I= ; J= ; K= ; L= ; M= ; N= ; O= ; P==SUM(C6:O6) || B=Résultat de l'exo ; C= ; D==-'CR Nature FD'!C36/1000 ; E==-'CR Nature FD'!D36/1000 ; F==-'CR Nature FD'!E36/1000 ; G==-'CR Nature FD'!F36/1000 ; H==-'CR Nature FD'!G36/1000 ; I==-'CR Nature FD'!H36/1000 ; J==-'CR Nature FD'!I36/1000 ; K==-'CR Nature FD'!J36/1000 ; L==-'CR Nature FD'!K36/1000 ; M==-'CR Nature FD'!L36/1000 ; N==-'CR Nature FD'!M36/1000 ; O==-'CR Nature FD'!N36/1000 ; P==SUM(C7:O7) || B=RIA ; C= ; D= ; E= ; F=0 ; G= ; H==-C8 ; I= ; J= ; K= ; L= ; M= ; N= ; O= ; P==SUM(C8:O8)
AN,AN_R2,10,13,2,16,4,15,42,12,4,8,B=Amortissements ; C= ; D==-'CR Nature FD'!C20/1000 ; E==-'CR Nature FD'!D20/1000 ; F==-'CR Nature FD'!E20/1000 ; G==-'CR Nature FD'!F20/1000 ; H==-'CR Nature FD'!G20/1000 ; I==-'CR Nature FD'!H20/1000 ; J==-'CR Nature FD'!I20/1000 ; K==-'CR Nature FD'!J20/1000 ; L==-'CR Nature FD'!K20/1000 ; M==-'CR Nature FD'!L20/1000 ; N==-'CR Nature FD'!M20/1000 ; O==-'CR Nature FD'!N20/1000 ; P==SUM(C10:O10) || B=Pertes de valeurs ; C= ; D= ; E= ; F= ; G= ; H=0 ; I=0 ; J=0 ; K=0 ; L=0 ; M=0 ; N=0 ; O=0 ; P==SUM(C11:O11) || B=Emprunt à LT ; C==+C62 ; D==+D58+D61+D60 ; E==+E58+E61+E60 ; F==+F58+F61+F60 ; G==+G58+G61+G60 ; H==+H58+H61+H60 ; I==+I58+I61+I60 ; J==+J58+J61+J60 ; K==+K58+K61+K60 ; L==+L58+L61+L60 ; M==+M58+M61+M60 ; N==+N58+N61+N60 ; O==+O58+O61+O60 ; P==SUM(C12:O12) || B=Sous total 1 ; C==SUM(C4:C12) ; D==SUM(D4:D12) ; E==SUM(E4:E12) ; F==SUM(F4:F12) ; G==SUM(G4:G12) ; H==SUM(H4:H12) ; I==SUM(I4:I12) ; J==SUM(J4:J12) ; K==SUM(K4:K12) ; L==SUM(L4:L12) ; M==SUM(M4:M12) ; N==SUM(N4:N12) ; O==SUM(O4:O12) ; P==SUM(P4:P12)
AN,AN_R3,18,19,2,16,2,15,28,2,2,0,B=Sous total 2 ; C==SUM(C15:C17) ; D==SUM(D15:D16) ; E==SUM(E15:E16) ; F==SUM(F15:F16) ; G==SUM(G15:G16) ; H==SUM(H15:H16) ; I==SUM(I15:I16) ; J==SUM(J15:J16) ; K==SUM(K15:K16) ; L==SUM(L15:L16) ; M==SUM(M15:M16) ; N==SUM(N15:N16) ; O==SUM(O15:O16) ; P==SUM(P15:P16) || B=FONDS DE ROULEMENT ; C==-C13-C18 ; D==-D13-D18 ; E==-E13-E18 ; F==-F13-F18 ; G==-G13-G18 ; H==-H13-H18 ; I==-I13-I18 ; J==-J13-J18 ; K==-K13-K18 ; L==-L13-L18 ; M==-M13-M18 ; N==-N13-N18 ; O==-O13-O18 ; P==-P13-P18
AN,AN_R4,22,24,2,16,3,15,39,3,3,0,B=Fournisseurs ; C= ; D==+D66+D67+D68 ; E==+E66+E67+E68 ; F==+F66+F67+F68 ; G==+G66+G67+G68 ; H==+H66+H67+H68 ; I==+I66+I67+I68 ; J==+J66+J67+J68 ; K==+K66+K67+K68 ; L==+L66+L67+L68 ; M==+M66+M67+M68 ; N==+N66+N67+N68 ; O==+O66+O67+O68 ; P==SUM(C22:O22) || B=Fournisseurs d'immo ; C= ; D==+D73+D74+D75 ; E==+E73+E74+E75 ; F==+F73+F74+F75 ; G==+G73+G74+G75 ; H==+H73+H74+H75 ; I==+I73+I74+I75 ; J==+J73+J74+J75 ; K==+K73+K74+K75 ; L==+L73+L74+L75 ; M==+M73+M74+M75 ; N==+N73+N74+N75 ; O==+O73+O74+O75 ; P==SUM(C23:O23) || B=Prestataires de services ; C= ; D==+D80+D81+D82 ; E==+E80+E81+E82 ; F==+F80+F81+F82 ; G==+G80+G81+G82 ; H==+H80+H81+H82 ; I==+I80+I81+I82 ; J==+J80+J81+J82 ; K==+K80+K81+K82 ; L==+L80+L81+L82 ; M==+M80+M81+M82 ; N==+N80+N81+N82 ; O==+O80+O81+O82 ; P==SUM(C24:O24)
AN,AN_R5,26,32,2,16,7,15,91,7,7,0,"B=Personnel ; C= ; D==+D89+D90 ; E==+E89+E90 ; F==+F89+F90 ; G==+G89+G90 ; H==+H89+H90 ; I==+I89+I90 ; J==+J89+J90 ; K==+K89+K90 ; L==+L89+L90 ; M==+M89+M90 ; N==+N89+N90 ; O==+O89+O90 ; P==SUM(C26:O26) || B=Sécurité sociale ; C= ; D==+D95+D96 ; E==+E95+E96 ; F==+F95+F96 ; G==+G95+G96 ; H==+H95+H96 ; I==+I95+I96 ; J==+J95+J96 ; K==+K95+K96 ; L==+L95+L96 ; M==+M95+M96 ; N==+N95+N96 ; O==+O95+O96 ; P==SUM(C27:O27) || B=OSIET ; C= ; D==+D101+D102 ; E==+E101+E102 ; F==+F101+F102 ; G==+G101+G102 ; H==+H101+H102 ; I==+I101+I102 ; J==+J101+J102 ; K==+K101+K102 ; L==+L101+L102 ; M==+M101+M102 ; N==+N101+N102 ; O==+O101+O102 ; P==SUM(C28:O28) || B=Etats - IGR ; C= ; D==+D107+D108 ; E==+E107+E108 ; F==+F107+F108 ; G==+G107+G108 ; H==+H107+H108 ; I==+I107+I108 ; J==+J107+J108 ; K==+K107+K108 ; L==+L107+L108 ; M==+M107+M108 ; N==+N107+N108 ; O==+O107+O108 ; P==SUM(C29:O29) || B=IR ; C= ; D==+D113+D114+D115 ; E==+E113+E114+E115 ; F==+F113+F114+F115 ; G==+G113+G114+G115 ; H==+H113+H114+H115 ; I==+I113+I114+I115 ; J==+J113+J114+J115 ; K==+K113+K114+K115 ; L==+L113+L114+L115 ; M==+M113+M114+M115 ; N==+N113+N114+N115 ; O==+O113+O114+O115 ; P==SUM(C30:O30) || B=Etat, TVA collectée ; C= ; D==+D120+D121 ; E==+E120+E121 ; F==+F120+F121 ; G==+G120+G121 ; H==+H120+H121 ; I==+I120+I121 ; J==+J120+J121 ; K==+K120+K121 ; L==+L120+L121 ; M==+M120+M121 ; N==+N120+N121 ; O==+O120+O121 ; P==SUM(C31:O31) || B=Etat, Autres impots ; C= ; D==+SUM(D125:D135) ; E==+SUM(E126:E135) ; F==+SUM(F126:F135) ; G==+SUM(G126:G135) ; H==+SUM(H126:H135) ; I==+SUM(I126:I135) ; J==+SUM(J126:J135) ; K==+SUM(K126:K135) ; L==+SUM(L126:L135) ; M==+SUM(M126:M135) ; N==+SUM(N126:N135) ; O==+SUM(O126:O135) ; P==SUM(C32:O32)"
AN,AN_R6,34,37,2,16,4,15,53,4,4,0,B=Operations groupes ; C= ; D==+D140+D141+D142 ; E==+E140+E141+E142 ; F==+F140+F141+F142 ; G==+G140+G141+G142 ; H==+H140+H141+H142 ; I==+I140+I141+I142 ; J==+J140+J141+J142 ; K==+K140+K141+K142 ; L==+L140+L141+L142 ; M==+M140+M141+M142 ; N==+N140+N141+N142 ; O==+O140+O141+O142 ; P==SUM(C34:O34) || B=Compte courants ; C= ; D==+D148+D147 ; E==+E148+E147 ; F==+F148+F147 ; G==+G148+G147 ; H==+H148+H147 ; I==+I148+I147 ; J==+J148+J147 ; K==+K148+K147 ; L==+L148+L147 ; M==+M148+M147 ; N==+N148+N147 ; O==+O148+O147 ; P==SUM(C35:O35) || B=Créditeurs divers ; C= ; D==+D154+D155 ; E==+E154+E155 ; F==+F154+F155 ; G==+G154+G155 ; H==+H154+H155 ; I==+I154+I155 ; J==+J154+J155 ; K==+K154+K155 ; L==+L154+L155 ; M==+M154+M155 ; N==+N154+N155 ; O==+O154+O155 ; P==SUM(C36:O36) || B=Sous total 3 ; C==SUM(C22:C36) ; D==SUM(D22:D36) ; E==SUM(E22:E36) ; F==SUM(F22:F36) ; G==SUM(G22:G36) ; H==SUM(H22:H36) ; I==SUM(I22:I36) ; J==SUM(J22:J36) ; K==SUM(K22:K36) ; L==SUM(L22:L36) ; M==SUM(M22:M36) ; N==SUM(N22:N36) ; O==SUM(O22:O36) ; P==SUM(P22:P36)
AN,AN_R7,43,45,2,16,3,15,39,3,3,0,"B=Acompte IR ; C= ; D==+D185+D186 ; E==+E185+E186 ; F==+F185+F186 ; G==+G185+G186 ; H==+H185+H186 ; I==+I185+I186 ; J==+J185+J186 ; K==+K185+K186 ; L==+L185+L186 ; M==+M185+M186 ; N==+N185+N186 ; O==+O185+O186 ; P==SUM(C43:O43) || B=TVA, Déductibles ; C= ; D==+D191+D192 ; E==+E191+E192 ; F==+F191+F192 ; G==+G191+G192 ; H==+H191+H192 ; I==+I191+I192 ; J==+J191+J192 ; K==+K191+K192 ; L==+L191+L192 ; M==+M191+M192 ; N==+N191+N192 ; O==+O191+O192 ; P==SUM(C44:O44) || B=TVA, Crédit ; C= ; D==+D197+D198 ; E==+E197+E198 ; F==+F197+F198 ; G==+G197+G198 ; H==+H197+H198 ; I==+I197+I198 ; J==+J197+J198 ; K==+K197+K198 ; L==+L197+L198 ; M==+M197+M198 ; N==+N197+N198 ; O==+O197+O198 ; P==SUM(C45:O45)"
AN,AN_R8,47,50,2,16,4,15,42,16,4,12,B=Operations groupes ; C= ; D==+D203+D204 ; E==+E203+E204 ; F==+F203+F204 ; G==+G203+G204 ; H==+H203+H204 ; I==+I203+I204 ; J==+J203+J204 ; K==+K203+K204 ; L==+L203+L204 ; M==+M203+M204 ; N==+N203+N204 ; O==+O203+O204 ; P==SUM(C47:O47) || B=Débiteurs divers ; C= ; D=0 ; E=0 ; F=0 ; G=0 ; H=0 ; I=0 ; J=0 ; K=0 ; L=0 ; M=0 ; N=0 ; O=0 ; P==SUM(C48:O48) || B=Sous total 4 ; C==SUM(C39:C48) ; D==SUM(D39:D48) ; E==SUM(E39:E48) ; F==SUM(F39:F48) ; G==SUM(G39:G48) ; H==SUM(H39:H48) ; I==SUM(I39:I48) ; J==SUM(J39:J48) ; K==SUM(K39:K48) ; L==SUM(L39:L48) ; M==SUM(M39:M48) ; N==SUM(N39:N48) ; O==SUM(O39:O48) ; P==SUM(P39:P48) || B=BESOIN EN FONDS DE ROULEMENT ; C==-C37-C49 ; D==-D37-D49 ; E==-E37-E49 ; F==-F37-F49 ; G==-G37-G49 ; H==-H37-H49 ; I==-I37-I49 ; J==-J37-J49 ; K==-K37-K49 ; L==-L37-L49 ; M==-M37-M49 ; N==-N37-N49 ; O==-O37-O49 ; P==-P37-P49
AN,AN_R9,56,58,2,16,3,15,28,5,3,2,B=Emprunts à LMT ; C==+C2 ; D==+D2 ; E==+E2 ; F==+F2 ; G==+G2 ; H==+H2 ; I==+I2 ; J==+J2 ; K==+K2 ; L==+L2 ; M==+M2 ; N==+N2 ; O==+O2 ; P==+P2 || B=Début ; C= ; D==+C62 ; E==D62 ; F==E62 ; G==F62 ; H==G62 ; I==H62 ; J==I62 ; K==J62 ; L==K62 ; M==L62 ; N==M62 ; O==N62 ; P==+D57 || B=Emprunts ; C= ; D=0 ; E=0 ; F= ; G= ; H= ; I= ; J= ; K= ; L= ; M= ; N= ; O= ; P==SUM(D58:O58)
AN,AN_R10,60,62,2,16,3,15,33,4,3,1,B=MCB ; C= ; D==+'Détails FF FD'!C3/1000 ; E==+'Détails FF FD'!D3/1000 ; F==+'Détails FF FD'!E3/1000 ; G==+'Détails FF FD'!F3/1000 ; H==+'Détails FF FD'!G3/1000 ; I==+'Détails FF FD'!H3/1000 ; J==+'Détails FF FD'!I3/1000 ; K==+'Détails FF FD'!J3/1000 ; L==+'Détails FF FD'!K3/1000 ; M==+'Détails FF FD'!L3/1000 ; N==+'Détails FF FD'!M3/1000 ; O==+'Détails FF FD'!N3/1000 ; P==SUM(D60:O60) || B=Nouveau ; C= ; D==+'Détails FF FD'!C10/1000 ; E==+'Détails FF FD'!D10/1000 ; F==+'Détails FF FD'!E10/1000 ; G==+'Détails FF FD'!F10/1000 ; H==+'Détails FF FD'!G10/1000 ; I==+'Détails FF FD'!H10/1000 ; J= ; K= ; L= ; M= ; N= ; O= ; P==SUM(D61:O61) || B=Fin ; C=0 ; D==+SUM(D57:D61) ; E==+SUM(E57:E61) ; F==+SUM(F57:F61) ; G==+SUM(G57:G61) ; H==+SUM(H57:H61) ; I==+SUM(I57:I61) ; J==+SUM(J57:J61) ; K==+SUM(K57:K61) ; L==+SUM(L57:L61) ; M==+SUM(M57:M61) ; N==+SUM(N57:N61) ; O==+SUM(O57:O61) ; P==+P57+P58+P61
AN,AN_R11,64,66,2,16,3,15,40,3,3,0,B=Fournisseurs ; C==+C2 ; D==+D2 ; E==+E2 ; F==+F2 ; G==+G2 ; H==+H2 ; I==+I2 ; J==+J2 ; K==+K2 ; L==+L2 ; M==+M2 ; N==+N2 ; O==+O2 ; P==+P2 || B=Début ; C= ; D==C69 ; E==D69 ; F==E69 ; G==F69 ; H==G69 ; I==H69 ; J==I69 ; K==J69 ; L==K69 ; M==L69 ; N==M69 ; O==N69 ; P==+D65 || B=Achats ; C= ; D==-Achat!D35/1000 ; E==-Achat!E35/1000 ; F==-Achat!F35/1000 ; G==-Achat!G35/1000 ; H==-Achat!H35/1000 ; I==-Achat!I35/1000 ; J==-Achat!J35/1000 ; K==-Achat!K35/1000 ; L==-Achat!L35/1000 ; M==-Achat!M35/1000 ; N==-Achat!N35/1000 ; O==-Achat!O35/1000 ; P==SUM(D66:O66)
AN,AN_R12,68,69,2,16,2,15,27,2,2,0,B=Paiements à échéances ; C= ; D==-D66 ; E==-E66 ; F==-F66 ; G==-G66 ; H==-H66 ; I==-I66 ; J==-J66 ; K==-K66 ; L==-L66 ; M==-M66 ; N==-N66 ; O==-O66 ; P==SUM(D68:O68) || B=Fin ; C==+C22 ; D==+D65+D66+D67+D68 ; E==+E65+E66+E67+E68 ; F==+F65+F66+F67+F68 ; G==+G65+G66+G67+G68 ; H==+H65+H66+H67+H68 ; I==+I65+I66+I67+I68 ; J==+J65+J66+J67+J68 ; K==+K65+K66+K67+K68 ; L==+L65+L66+L67+L68 ; M==+M65+M66+M67+M68 ; N==+N65+N66+N67+N68 ; O==+O65+O66+O67+O68 ; P==+P65+P66+P67+P68
AN,AN_R13,71,76,2,16,6,15,66,16,6,10,B=Fournisseurs d'immo ; C==+C64 ; D==+D64 ; E==+E64 ; F==+F64 ; G==+G64 ; H==+H64 ; I==+I64 ; J==+J64 ; K==+K64 ; L==+L64 ; M==+M64 ; N==+N64 ; O==+O64 ; P==+P64 || B=Début ; C= ; D==+C76 ; E==+D76 ; F==+E76 ; G==+F76 ; H==+G76 ; I==+H76 ; J==+I76 ; K==+J76 ; L==+K76 ; M==+L76 ; N==+M76 ; O==+N76 ; P==+D72 || B=Achats ; C= ; D==-'Invest FD'!C10/1000 ; E=0 ; F==-'Invest FD'!E10/1000 ; G==-'Invest FD'!F10/1000 ; H==-'Invest FD'!G10/1000 ; I==-'Invest FD'!H10/1000 ; J=0 ; K==-'Invest FD'!D10/1000 ; L==-'Invest FD'!K10/1000 ; M==-'Invest FD'!L10/1000 ; N==-'Invest FD'!M10/1000 ; O==-'Invest FD'!N10/1000 ; P==SUM(D73:O73) || B=Paiements au comptant ; C= ; D==-D73 ; E==-E73 ; F==-F73 ; G==-G73 ; H==-H73 ; I==-I73 ; J=0 ; K==-K73 ; L==-L73 ; M==-M73 ; N==-N73 ; O==-O73 ; P==SUM(D74:O74) || B=Paiements à échéances ; C= ; D=0 ; E==-E72 ; F= ; G= ; H= ; I= ; J=0 ; K=0 ; L=0 ; M=0 ; N=0 ; O=0 ; P==SUM(D75:O75) || B=Fin ; C==+C23 ; D==+D72+D73+D74+D75 ; E==+E72+E73+E74+E75 ; F==+F72+F73+F74+F75 ; G==+G72+G73+G74+G75 ; H==+H72+H73+H74+H75 ; I==+I72+I73+I74+I75 ; J==+J72+J73+J74+J75 ; K==+K72+K73+K74+K75 ; L==+L72+L73+L74+L75 ; M==+M72+M73+M74+M75 ; N==+N72+N73+N74+N75 ; O==+O72+O73+O74+O75 ; P==+P72+P73+P74+P75
AN,AN_R14,78,80,2,16,3,15,40,3,3,0,B=Prestations de service ; C==+C71 ; D==+D71 ; E==+E71 ; F==+F71 ; G==+G71 ; H==+H71 ; I==+I71 ; J==+J71 ; K==+K71 ; L==+L71 ; M==+M71 ; N==+N71 ; O==+O71 ; P==+P71 || B=Début ; C= ; D==+C83 ; E==+D83 ; F==+E83 ; G==+F83 ; H==+G83 ; I==+H83 ; J==+I83 ; K==+J83 ; L==+K83 ; M==+L83 ; N==+M83 ; O==+N83 ; P==+D79 || B=Achats ; C= ; D==-Prestation!D79/1000 ; E==-Prestation!E79/1000 ; F==-Prestation!F79/1000 ; G==-Prestation!G79/1000 ; H==-Prestation!H79/1000 ; I==-Prestation!I79/1000 ; J==-Prestation!J79/1000 ; K==-Prestation!K79/1000 ; L==-Prestation!L79/1000 ; M==-Prestation!M79/1000 ; N==-Prestation!N79/1000 ; O==-Prestation!O79/1000 ; P==SUM(D80:O80)
AN,AN_R15,82,83,2,16,2,15,27,2,2,0,B=Paiements à échéances ; C= ; D==-D80 ; E==-E80 ; F==-F80 ; G==-G80 ; H==-H80 ; I==-I80 ; J==-J80 ; K==-K80 ; L==-L80 ; M==-M80 ; N==-N80 ; O==-O80 ; P==SUM(D82:O82) || B=Fin ; C==+C24 ; D==+D79+D80+D81+D82 ; E==+E79+E80+E81+E82 ; F==+F79+F80+F81+F82 ; G==+G79+G80+G81+G82 ; H==+H79+H80+H81+H82 ; I==+I79+I80+I81+I82 ; J==+J79+J80+J81+J82 ; K==+K79+K80+K81+K82 ; L==+L79+L80+L81+L82 ; M==+M79+M80+M81+M82 ; N==+N79+N80+N81+N82 ; O==+O79+O80+O81+O82 ; P==+P79+P80+P81+P82
AN,AN_R16,87,91,2,16,5,15,67,5,5,0,B=Personnel ; C==+C78 ; D==+D78 ; E==+E78 ; F==+F78 ; G==+G78 ; H==+H78 ; I==+I78 ; J==+J78 ; K==+K78 ; L==+L78 ; M==+M78 ; N==+N78 ; O==+O78 ; P==+P78 || B=Début ; C= ; D==+C91 ; E==+D91 ; F==+E91 ; G==+F91 ; H==+G91 ; I==+H91 ; J==+I91 ; K==+J91 ; L==+K91 ; M==+L91 ; N==+M91 ; O==+N91 ; P==+D88 || B=Remuneration dû ; C= ; D==Sal!D181/1000 ; E==Sal!E181/1000 ; F==Sal!F181/1000 ; G==Sal!G181/1000 ; H==Sal!H181/1000 ; I==Sal!I181/1000 ; J==Sal!J181/1000 ; K==Sal!K181/1000 ; L==Sal!L181/1000 ; M==Sal!M181/1000 ; N==Sal!N181/1000 ; O==Sal!O181/1000 ; P==SUM(D89:O89) || B=Paiement ; C= ; D==-D88-D89 ; E==-E89 ; F==-F89-F88*0.6 ; G==-G89-G88*0.6 ; H==-H89-H88*0.6 ; I==-I89-I88*0.6 ; J==-J89-J88*0.6 ; K==-K89-K88 ; L==-L89-L88 ; M==-M89-M88 ; N==-N89-N88 ; O==-O89-O88 ; P==SUM(D90:O90) || B=Fin ; C==+C26 ; D==+D88+D89+D90 ; E==+E88+E89+E90 ; F==+F88+F89+F90 ; G==+G88+G89+G90 ; H==+H88+H89+H90 ; I==+I88+I89+I90 ; J==+J88+J89+J90 ; K==+K88+K89+K90 ; L==+L88+L89+L90 ; M==+M88+M89+M90 ; N==+N88+N89+N90 ; O==+O88+O89+O90 ; P==+P88+P89+P90
AN,AN_R17,93,97,2,16,5,15,60,12,5,7,B=Sécurité sociale ; C==+C87 ; D==+D87 ; E==+E87 ; F==+F87 ; G==+G87 ; H==+H87 ; I==+I87 ; J==+J87 ; K==+K87 ; L==+L87 ; M==+M87 ; N==+N87 ; O==+O87 ; P==+P87 || B=Début ; C= ; D==+C97 ; E==+D97 ; F==+E97 ; G==+F97 ; H==+G97 ; I==+H97 ; J==+I97 ; K==+J97 ; L==+K97 ; M==+L97 ; N==+M97 ; O==+N97 ; P==+D94 || B=CNaPS ; C= ; D==(Sal!D178+Sal!D179)/1000 ; E==(Sal!E178+Sal!E179)/1000 ; F==(Sal!F178+Sal!F179)/1000 ; G==(Sal!G178+Sal!G179)/1000 ; H==(Sal!H178+Sal!H179)/1000 ; I==(Sal!I178+Sal!I179)/1000 ; J==(Sal!J178+Sal!J179)/1000 ; K==(Sal!K178+Sal!K179)/1000 ; L==(Sal!L178+Sal!L179)/1000 ; M==(Sal!M178+Sal!M179)/1000 ; N==(Sal!N178+Sal!N179)/1000 ; O==(Sal!O178+Sal!O179)/1000 ; P==SUM(D95:O95) || B=Paiements ; C= ; D=0 ; E=0 ; F=0 ; G==-SUM(D95:F95) ; H=0 ; I=0 ; J==-SUM(G95:I95) ; K=0 ; L=0 ; M==-J95-K95-L95 ; N==-N94-N95 ; O==-O94-O95 ; P==SUM(D96:O96) || B=Fin ; C==+C27 ; D==+D94+D95+D96 ; E==+E94+E95+E96 ; F==+F94+F95+F96 ; G==+G94+G95+G96 ; H==+H94+H95+H96 ; I==+I94+I95+I96 ; J==+J94+J95+J96 ; K==+K94+K95+K96 ; L==+L94+L95+L96 ; M==+M94+M95+M96 ; N==+N94+N95+N96 ; O==+O94+O95+O96 ; P==+P94+P95+P96
AN,AN_R18,99,103,2,16,5,15,44,28,4,24,B==+B28 ; C==+C93 ; D==+D93 ; E==+E93 ; F==+F93 ; G==+G93 ; H==+H93 ; I==+I93 ; J==+J93 ; K==+K93 ; L==+L93 ; M==+M93 ; N==+N93 ; O==+O93 ; P==+P93 || B=Début ; C= ; D==+C103 ; E==+D103 ; F==+E103 ; G==+F103 ; H==+G103 ; I==+H103 ; J==+I103 ; K==+J103 ; L==+K103 ; M==+L103 ; N==+M103 ; O==+N103 ; P==+D100 || B=AMIT ; C= ; D=0 ; E=0 ; F=0 ; G=0 ; H=0 ; I=0 ; J=0 ; K=0 ; L=0 ; M=0 ; N=0 ; O=0 ; P==SUM(H101:O101) || B=Paiements ; C= ; D=0 ; E=0 ; F=0 ; G=0 ; H=0 ; I=0 ; J=0 ; K=0 ; L=0 ; M=0 ; N=0 ; O=0 ; P==SUM(H102:O102) || B=Fin ; C==+C28 ; D==+D100+D101+D102 ; E==+E100+E101+E102 ; F==+F100+F101+F102 ; G==+G100+G101+G102 ; H==+H100+H101+H102 ; I==+I100+I101+I102 ; J==+J100+J101+J102 ; K==+K100+K101+K102 ; L==+L100+L101+L102 ; M==+M100+M101+M102 ; N==+N100+N101+N102 ; O==+O100+O101+O102 ; P==+P100+P101+P102
AN,AN_R19,105,109,2,16,5,15,67,5,5,0,B=Etats - IGR ; C==+C99 ; D==+D99 ; E==+E99 ; F==+F99 ; G==+G99 ; H==+H99 ; I==+I99 ; J==+J99 ; K==+K99 ; L==+L99 ; M==+M99 ; N==+N99 ; O==+O99 ; P==+P99 || B=Début ; C= ; D==+C109 ; E==+D109 ; F==+E109 ; G==+F109 ; H==+G109 ; I==+H109 ; J==+I109 ; K==+J109 ; L==+K109 ; M==+L109 ; N==+M109 ; O==+N109 ; P==+D106 || B=IRSA ; C= ; D==+Sal!D180/1000 ; E==+Sal!E180/1000 ; F==+Sal!F180/1000 ; G==+Sal!G180/1000 ; H==+Sal!H180/1000 ; I==+Sal!I180/1000 ; J==+Sal!J180/1000 ; K==+Sal!K180/1000 ; L==+Sal!L180/1000 ; M==+Sal!M180/1000 ; N==+Sal!N180/1000 ; O==+Sal!O180/1000 ; P==SUM(D107:O107) || B=Paiements ; C= ; D==-D106 ; E==-E106 ; F==-F106 ; G==-G106 ; H==-H106 ; I==-I106 ; J==-J106 ; K==-K106 ; L==-L106 ; M==-M106 ; N==-N106 ; O==-O106 ; P==SUM(D108:O108) || B=Fin ; C==+C29 ; D==+D106+D107+D108 ; E==+E106+E107+E108 ; F==+F106+F107+F108 ; G==+G106+G107+G108 ; H==+H106+H107+H108 ; I==+I106+I107+I108 ; J==+J106+J107+J108 ; K==+K106+K107+K108 ; L==+L106+L107+L108 ; M==+M106+M107+M108 ; N==+N106+N107+N108 ; O==+O106+O107+O108 ; P==+P106+P107+P108
AN,AN_R20,111,116,2,16,6,15,46,40,6,34,B=IR ; C==+C105 ; D==+D105 ; E==+E105 ; F==+F105 ; G==+G105 ; H==+H105 ; I==+I105 ; J==+J105 ; K==+K105 ; L==+L105 ; M==+M105 ; N==+N105 ; O==+O105 ; P==+P105 || B=Début ; C= ; D==+C116 ; E==+D116 ; F==+E116 ; G==+F116 ; H==+G116 ; I==+H116 ; J==+I116 ; K==+J116 ; L==+K116 ; M==+L116 ; N==+M116 ; O==+N116 ; P==+D112 || B=IR dûs ; C= ; D=0 ; E=0 ; F=0 ; G=0 ; H=0 ; I=0 ; J=0 ; K=0 ; L=0 ; M=0 ; N=0 ; O==-'CR Nature FD'!N28/1000 ; P==SUM(D113:O113) || B=Apurement ; C= ; D=0 ; E=0 ; F=0 ; G=0 ; H=0 ; I=0 ; J=0 ; K=0 ; L=0 ; M=0 ; N=0 ; O=0 ; P==SUM(D114:O114) || B=Paiements ; C= ; D=0 ; E=0 ; F=0 ; G=0 ; H==-H112 ; I=0 ; J=0 ; K=0 ; L=0 ; M=0 ; N=0 ; O=0 ; P==SUM(D115:O115) || B=Fin ; C==+C30 ; D==SUM(D112:D115) ; E==SUM(E112:E115) ; F==SUM(F112:F115) ; G==SUM(G112:G115) ; H==SUM(H112:H115) ; I==SUM(I112:I115) ; J==SUM(J112:J115) ; K==SUM(K112:K115) ; L==SUM(L112:L115) ; M==SUM(M112:M115) ; N==SUM(N112:N115) ; O==SUM(O112:O115) ; P==SUM(P112:P115)
AN,AN_R21,118,122,2,16,5,15,68,4,4,0,B==+B31 ; C==+C111 ; D==+D111 ; E==+E111 ; F==+F111 ; G==+G111 ; H==+H111 ; I==+I111 ; J==+J111 ; K==+K111 ; L==+L111 ; M==+M111 ; N==+N111 ; O==+O111 ; P==+P111 || B=Début ; C= ; D==+C122 ; E==+D122 ; F==+E122 ; G==+F122 ; H==+G122 ; I==+H122 ; J==+I122 ; K==+J122 ; L==+K122 ; M==+L122 ; N==+M122 ; O==+N122 ; P==+D119 || B=Collectées ; C= ; D==-CA!C33/1000 ; E==-CA!D33/1000 ; F==-CA!E33/1000 ; G==-CA!F33/1000 ; H==-CA!G33/1000 ; I==-CA!H33/1000 ; J==-CA!I33/1000 ; K==-CA!J33/1000 ; L==-CA!K33/1000 ; M==-CA!L33/1000 ; N==-CA!M33/1000 ; O==-CA!N33/1000 ; P==SUM(D120:O120) || B=Apurement ; C= ; D==-D119-D120 ; E==-E119-E120 ; F==-F119-F120 ; G==-G119-G120 ; H==-H119-H120 ; I==-I119-I120 ; J==-J119-J120 ; K==-K119-K120 ; L==-L119-L120 ; M==-M119-M120 ; N==-N119-N120 ; O==-O119-O120 ; P==SUM(D121:O121) || B=Fin ; C==+C31 ; D==SUM(D119:D121) ; E==SUM(E119:E121) ; F==SUM(F119:F121) ; G==SUM(G119:G121) ; H==SUM(H119:H121) ; I==SUM(I119:I121) ; J==SUM(J119:J121) ; K==SUM(K119:K121) ; L==SUM(L119:L121) ; M==SUM(M119:M121) ; N==SUM(N119:N121) ; O==SUM(O119:O121) ; P==SUM(P119:P121)
AN,AN_R22,124,136,2,16,13,15,180,6,4,2,B=Autres impots ; C==+C111 ; D==+D111 ; E==+E111 ; F==+F111 ; G==+G111 ; H==+H111 ; I==+I111 ; J==+J111 ; K==+K111 ; L==+L111 ; M==+M111 ; N==+N111 ; O==+O111 ; P==+P111 || B=Début ; C= ; D==+C136 ; E==+D136 ; F==+E136 ; G==+F136 ; H==+G136 ; I==+H136 ; J==+I136 ; K==+J136 ; L==+K136 ; M==+L136 ; N==+M136 ; O==+N136 ; P==+D125 || B==+'I&T'!B3 ; C= ; D==-'I&T'!D3/1000 ; E==-'I&T'!E3/1000 ; F==-'I&T'!F3/1000 ; G==-'I&T'!G3/1000 ; H==-'I&T'!H3/1000 ; I==-'I&T'!I3/1000 ; J==-'I&T'!J3/1000 ; K==-'I&T'!K3/1000 ; L==-'I&T'!L3/1000 ; M==-'I&T'!M3/1000 ; N==-'I&T'!N3/1000 ; O==-'I&T'!O3/1000 ; P==SUM(D126:O126) || B==+'I&T'!B4 ; C= ; D==-'I&T'!D4/1000 ; E==-'I&T'!E4/1000 ; F==-'I&T'!F4/1000 ; G==-'I&T'!G4/1000 ; H==-'I&T'!H4/1000 ; I==-'I&T'!I4/1000 ; J==-'I&T'!J4/1000 ; K==-'I&T'!K4/1000 ; L==-'I&T'!L4/1000 ; M==-'I&T'!M4/1000 ; N==-'I&T'!N4/1000 ; O==-'I&T'!O4/1000 ; P==SUM(D127:O127) || B==+'I&T'!B5 ; C= ; D==-'I&T'!D5/1000 ; E==-'I&T'!E5/1000 ; F==-'I&T'!F5/1000 ; G==-'I&T'!G5/1000 ; H==-'I&T'!H5/1000 ; I==-'I&T'!I5/1000 ; J==-'I&T'!J5/1000 ; K==-'I&T'!K5/1000 ; L==-'I&T'!L5/1000 ; M==-'I&T'!M5/1000 ; N==-'I&T'!N5/1000 ; O==-'I&T'!O5/1000 ; P==SUM(D128:O128) || B==+'I&T'!B6 ; C= ; D==-'I&T'!D6/1000 ; E==-'I&T'!E6/1000 ; F==-'I&T'!F6/1000 ; G==-'I&T'!G6/1000 ; H==-'I&T'!H6/1000 ; I==-'I&T'!I6/1000 ; J==-'I&T'!J6/1000 ; K==-'I&T'!K6/1000 ; L==-'I&T'!L6/1000 ; M==-'I&T'!M6/1000 ; N==-'I&T'!N6/1000 ; O==-'I&T'!O6/1000 ; P==SUM(D129:O129) || B==+'I&T'!B7 ; C= ; D==-'I&T'!D7/1000 ; E==-'I&T'!E7/1000 ; F==-'I&T'!F7/1000 ; G==-'I&T'!G7/1000 ; H==-'I&T'!H7/1000 ; I==-'I&T'!I7/1000 ; J==-'I&T'!J7/1000 ; K==-'I&T'!K7/1000 ; L==-'I&T'!L7/1000 ; M==-'I&T'!M7/1000 ; N==-'I&T'!N7/1000 ; O==-'I&T'!O7/1000 ; P==SUM(D130:O130) || B==+'I&T'!B8 ; C= ; D==-'I&T'!D8/1000 ; E==-'I&T'!E8/1000 ; F==-'I&T'!F8/1000 ; G==-'I&T'!G8/1000 ; H==-'I&T'!H8/1000 ; I==-'I&T'!I8/1000 ; J==-'I&T'!J8/1000 ; K==-'I&T'!K8/1000 ; L==-'I&T'!L8/1000 ; M==-'I&T'!M8/1000 ; N==-'I&T'!N8/1000 ; O==-'I&T'!O8/1000 ; P==SUM(D131:O131)
AN,AN_R23,138,143,2,16,6,15,45,40,5,35,B==+B34 ; C==+C124 ; D==+D124 ; E==+E124 ; F==+F124 ; G==+G124 ; H==+H124 ; I==+I124 ; J==+J124 ; K==+K124 ; L==+L124 ; M==+M124 ; N==+N124 ; O==+O124 ; P==+P124 || B=Début ; C= ; D==+C143 ; E==+D143 ; F==+E143 ; G==+F143 ; H==+G143 ; I==+H143 ; J==+I143 ; K==+J143 ; L==+K143 ; M==+L143 ; N==+M143 ; O==+N143 ; P==+D139 || B=Avances en nature ; C= ; D=0 ; E=0 ; F=0 ; G=0 ; H=0 ; I=0 ; J=0 ; K=0 ; L=0 ; M=0 ; N=0 ; O=0 ; P==SUM(D140:O140) || B=Avances en numéraires ; C= ; D= ; E=0 ; F=0 ; G=0 ; H=0 ; I=0 ; J=0 ; K=0 ; L=0 ; M=0 ; N=0 ; O=0 ; P==SUM(D141:O141) || B=Remboursements ; C= ; D=0 ; E=0 ; F=0 ; G=0 ; H=0 ; I=0 ; J=0 ; K=0 ; L=0 ; M=0 ; N=0 ; O=0 ; P==SUM(D142:O142) || B=Fin ; C==+C34 ; D==SUM(D139:D142) ; E==SUM(E139:E142) ; F==SUM(F139:F142) ; G==SUM(G139:G142) ; H==SUM(H139:H142) ; I==SUM(I139:I142) ; J==SUM(J139:J142) ; K==SUM(K139:K142) ; L==SUM(L139:L142) ; M==SUM(M139:M142) ; N==SUM(N139:N142) ; O==SUM(O139:O142) ; P==SUM(P139:P142)
AN,AN_R24,145,150,2,16,6,15,44,42,6,36,B=Actionnaires ; C==+C138 ; D==+D138 ; E==+E138 ; F==+F138 ; G==+G138 ; H==+H138 ; I==+I138 ; J==+J138 ; K==+K138 ; L==+L138 ; M==+M138 ; N==+N138 ; O==+O138 ; P==+P138 || B=Début ; C= ; D==+C150 ; E==+D150 ; F==+E150 ; G==+F150 ; H==+G150 ; I==+H150 ; J==+I150 ; K==+J150 ; L==+K150 ; M==+L150 ; N==+M150 ; O==+N150 ; P==+D146 || B=Avances en nature ; C= ; D=0 ; E=0 ; F=0 ; G=0 ; H=0 ; I=0 ; J=0 ; K=0 ; L=0 ; M=0 ; N=0 ; O=0 ; P==SUM(D147:O147) || B=Avances en numéraires ; C= ; D=-500000 ; E=0 ; F=0 ; G=0 ; H=0 ; I=0 ; J=0 ; K=0 ; L=0 ; M=0 ; N=0 ; O=0 ; P==SUM(D148:O148) || B=Remboursements ; C= ; D=0 ; E=0 ; F=0 ; G=0 ; H=0 ; I=0 ; J=0 ; K=0 ; L=0 ; M=0 ; N=0 ; O=0 ; P==SUM(D149:O149) || B=Fin ; C==+C35 ; D==SUM(D146:D149) ; E==SUM(E146:E149) ; F==SUM(F146:F149) ; G==SUM(G146:G149) ; H==SUM(H146:H149) ; I==SUM(I146:I149) ; J==SUM(J146:J149) ; K==SUM(K146:K149) ; L==SUM(L146:L149) ; M==SUM(M146:M149) ; N==SUM(N146:N149) ; O==SUM(O146:O149) ; P==SUM(P146:P149)
AN,AN_R25,152,156,2,16,5,15,68,4,4,0,B==+B36 ; C==+C145 ; D==+D145 ; E==+E145 ; F==+F145 ; G==+G145 ; H==+H145 ; I==+I145 ; J==+J145 ; K==+K145 ; L==+L145 ; M==+M145 ; N==+N145 ; O==+O145 ; P==+P145 || B=Début ; C= ; D==+C156 ; E==+D156 ; F==+E156 ; G==+F156 ; H==+G156 ; I==+H156 ; J==+I156 ; K==+J156 ; L==+K156 ; M==+L156 ; N==+M156 ; O==+N156 ; P==+D153 || B=Avances ; C= ; D==-Autres!C5/1000 ; E==-Autres!D5/1000 ; F==-Autres!E5/1000 ; G==-Autres!F5/1000 ; H==-Autres!G5/1000 ; I==-Autres!H5/1000 ; J==-Autres!I5/1000 ; K==-Autres!J5/1000 ; L==-Autres!K5/1000 ; M==-Autres!L5/1000 ; N==-Autres!M5/1000 ; O==-Autres!N5/1000 ; P==SUM(D154:O154) || B=Remboursements ; C= ; D==-SUM(D153:D154) ; E==-SUM(E153:E154) ; F==-SUM(F153:F154) ; G==-SUM(G153:G154) ; H==-SUM(H153:H154) ; I==-SUM(I153:I154) ; J==-SUM(J153:J154) ; K==-SUM(K153:K154) ; L==-SUM(L153:L154) ; M==-SUM(M153:M154) ; N==-SUM(N153:N154) ; O==-SUM(O153:O154) ; P==SUM(D155:O155) || B=Fin ; C==+C36+C33 ; D==SUM(D153:D155) ; E==SUM(E153:E155) ; F==SUM(F153:F155) ; G==SUM(G153:G155) ; H==SUM(H153:H155) ; I==SUM(I153:I155) ; J==SUM(J153:J155) ; K==SUM(K153:K155) ; L==SUM(L153:L155) ; M==SUM(M153:M155) ; N==SUM(N153:N155) ; O==SUM(O153:O155) ; P==SUM(P153:P155)
AN,AN_R26,158,160,2,16,3,15,42,3,3,0,B=SOUS TOTAL 3 ; C==+C156+C150+C143+C136+C122+C116+C109+... ; D==+D155+D154+D149+D148+D147+D142+D141+... ; E==+E155+E154+E149+E148+E147+E142+E141+... ; F==+F155+F154+F149+F148+F147+F142+F141+... ; G==+G155+G154+G149+G148+G147+G142+G141+... ; H==+H155+H154+H149+H148+H147+H142+H141+... ; I==+I155+I154+I149+I148+I147+I142+I141+... ; J==+J155+J154+J149+J148+J147+J142+J141+... ; K==+K155+K154+K149+K148+K147+K142+K141+... ; L==+L155+L154+L149+L148+L147+L142+L141+... ; M==+M155+M154+M149+M148+M147+M142+M141+... ; N==+N155+N154+N149+N148+N147+N142+N141+... ; O==+O155+O154+O149+O148+O147+O142+O141+... ; P==+P156+P150+P143+P136+P122+P116+P109+... || B=Contrôle 0 ; C==+C158-C37 ; D==+D158-D37 ; E==+E158-E37 ; F==+F158-F37 ; G==+G158-G37 ; H==+H158-H37 ; I==+I158-I37 ; J==+J158-J37 ; K==+K158-K37 ; L==+L158-L37 ; M==+M158-M37 ; N==+N158-N37 ; O==+O158-O37 ; P==+P158-P37 || B=Stocks ; C==+C145 ; D==+D145 ; E==+E145 ; F==+F145 ; G==+G145 ; H==+H145 ; I==+I145 ; J==+J145 ; K==+K145 ; L==+L145 ; M==+M145 ; N==+N145 ; O==+O145 ; P==+P145
AN,AN_R27,162,164,2,16,3,15,39,4,3,1,B=Début ; C= ; D==+C169 ; E==+D169 ; F==+E169 ; G==+F169 ; H==+G169 ; I==+H169 ; J==+I169 ; K==+J169 ; L==+K169 ; M==+L169 ; N==+M169 ; O==+N169 ; P==+D162 || B=Entrées ; C= ; D==+Production!D54*Production!$P$71/1000 ; E==+Production!E54*Production!$P$71/1000 ; F==+Production!F54*Production!$P$71/1000 ; G==+Production!G54*Production!$P$71/1000 ; H==+Production!H54*Production!$P$71/1000 ; I==+Production!I54*Production!$P$71/1000 ; J==+Production!J54*Production!$P$71/1000 ; K==+Production!K54*Production!$P$71/1000 ; L==+Production!L54*Production!$P$71/1000 ; M==+Production!M54*Production!$P$71/1000 ; N==+Production!N54*Production!$P$71/1000 ; O==+Production!O54*Production!$P$71/1000 ; P==SUM(D163:O163) || B=Sorties ; C=0 ; D==-Production!D58*Production!$P$71/1000 ; E==-Production!E58*Production!$P$71/1000 ; F==-Production!F58*Production!$P$71/1000 ; G==-Production!G58*Production!$P$71/1000 ; H==-Production!H58*Production!$P$71/1000 ; I==-Production!I58*Production!$P$71/1000 ; J==-Production!J58*Production!$P$71/1000 ; K==-Production!K58*Production!$P$71/1000 ; L==-Production!L58*Production!$P$71/1000 ; M==-Production!M58*Production!$P$71/1000 ; N==-Production!N58*Production!$P$71/1000 ; O==-Production!O58*Production!$P$71/1000 ; P==SUM(D164:O164)
AN,AN_R28,167,169,2,16,3,15,42,2,1,1,B==+B163 ; C= ; D==-'Besoins en micas'!C17*'Besoins en ... ; E==-'Besoins en micas'!D17*'Besoins en ... ; F==-'Besoins en micas'!E17*'Besoins en ... ; G==-'Besoins en micas'!F17*'Besoins en ... ; H==-'Besoins en micas'!G17*'Besoins en ... ; I==-'Besoins en micas'!H17*'Besoins en ... ; J==-'Besoins en micas'!I17*'Besoins en ... ; K==-'Besoins en micas'!J17*'Besoins en ... ; L==-'Besoins en micas'!K17*'Besoins en ... ; M==-'Besoins en micas'!L17*'Besoins en ... ; N==-'Besoins en micas'!M17*'Besoins en ... ; O==-'Besoins en micas'!N17*'Besoins en ... ; P==SUM(D167:O167) || B==+B164 ; C=0 ; D==+'Besoins en micas'!C21*'Besoins en ... ; E==+'Besoins en micas'!D21*'Besoins en ... ; F==+'Besoins en micas'!E21*'Besoins en ... ; G==+'Besoins en micas'!F21*'Besoins en ... ; H==+'Besoins en micas'!G21*'Besoins en ... ; I==+'Besoins en micas'!H21*'Besoins en ... ; J==+'Besoins en micas'!I21*'Besoins en ... ; K==+'Besoins en micas'!J21*'Besoins en ... ; L==+'Besoins en micas'!K21*'Besoins en ... ; M==+'Besoins en micas'!L21*'Besoins en ... ; N==+'Besoins en micas'!M21*'Besoins en ... ; O==+'Besoins en micas'!N21*'Besoins en ... ; P==SUM(D168:O168) || B=Fin ; C==+Production!D50 ; D==SUM(D162:D168) ; E==SUM(E162:E168) ; F==SUM(F162:F168) ; G==SUM(G162:G168) ; H==SUM(H162:H168) ; I==SUM(I162:I168) ; J==SUM(J162:J168) ; K==SUM(K162:K168) ; L==SUM(L162:L168) ; M==SUM(M162:M168) ; N==SUM(N162:N168) ; O==SUM(O162:O168) ; P==SUM(P162:P168)
AN,AN_R29,171,175,2,16,5,15,43,29,5,24,B=Avances s/salaires ; C==+C160 ; D==+D160 ; E==+E160 ; F==+F160 ; G==+G160 ; H==+H160 ; I==+I160 ; J==+J160 ; K==+K160 ; L==+L160 ; M==+M160 ; N==+N160 ; O==+O160 ; P==+P160 || B=Début ; C= ; D==+C175 ; E==+D175 ; F==+E175 ; G==+F175 ; H==+G175 ; I==+H175 ; J==+I175 ; K==+J175 ; L==+K175 ; M==+L175 ; N==+M175 ; O==+N175 ; P==+D172 || B=Entrées ; C= ; D=0 ; E=0 ; F=0 ; G=0 ; H=0 ; I=0 ; J=0 ; K=0 ; L=0 ; M=0 ; N=0 ; O=0 ; P==SUM(D173:O173) || B=Sorties ; C= ; D=0 ; E=0 ; F=0 ; G=0 ; H=0 ; I=0 ; J=0 ; K=0 ; L=0 ; M=0 ; N=0 ; O=0 ; P==SUM(D174:O174) || B=Fin ; C==+C42 ; D==SUM(D171:D174) ; E==SUM(E171:E174) ; F==SUM(F171:F174) ; G==SUM(G171:G174) ; H==SUM(H171:H174) ; I==SUM(I171:I174) ; J==SUM(J171:J174) ; K==SUM(K171:K174) ; L==SUM(L171:L174) ; M==SUM(M171:M174) ; N==SUM(N171:N174) ; O==SUM(O171:O174) ; P==SUM(P171:P174)
AN,AN_R30,177,181,2,16,5,15,67,5,5,0,B=Clients ; C==+C160 ; D==+D160 ; E==+E160 ; F==+F160 ; G==+G160 ; H==+H160 ; I==+I160 ; J==+J160 ; K==+K160 ; L==+L160 ; M==+M160 ; N==+N160 ; O==+O160 ; P==+P160 || B=Début ; C= ; D==+C181 ; E==+D181 ; F==+E181 ; G==+F181 ; H==+G181 ; I==+H181 ; J==+I181 ; K==+J181 ; L==+K181 ; M==+L181 ; N==+M181 ; O==+N181 ; P==+D178 || B=Ventes ; C= ; D==+CA!D38 ; E==+CA!E38 ; F==+CA!F38 ; G==+CA!G38 ; H==+CA!H38 ; I==+CA!I38 ; J==+CA!J38 ; K==+CA!K38 ; L==+CA!L38 ; M==+CA!M38 ; N==+CA!N38 ; O==+CA!O38 ; P==SUM(D179:O179) || B=Recouvrements ; C= ; D==+CA!D39 ; E==+CA!E39 ; F==+CA!F39 ; G==+CA!G39 ; H==+CA!H39 ; I==+CA!I39 ; J==+CA!J39 ; K==+CA!K39 ; L==+CA!L39 ; M==+CA!M39 ; N==+CA!N39 ; O==+CA!O39 ; P==SUM(D180:O180) || B=Fin ; C==+C41 ; D==SUM(D178:D180) ; E==SUM(E178:E180) ; F==SUM(F178:F180) ; G==SUM(G178:G180) ; H==SUM(H178:H180) ; I==SUM(I178:I180) ; J==SUM(J178:J180) ; K==SUM(K178:K180) ; L==SUM(L178:L180) ; M==SUM(M178:M180) ; N==SUM(N178:N180) ; O==SUM(O178:O180) ; P==SUM(P178:P180)
AN,AN_R31,183,187,2,16,5,15,43,29,5,24,B=Acompte IR ; C==+C177 ; D==+D177 ; E==+E177 ; F==+F177 ; G==+G177 ; H==+H177 ; I==+I177 ; J==+J177 ; K==+K177 ; L==+L177 ; M==+M177 ; N==+N177 ; O==+O177 ; P==+P177 || B=Début ; C= ; D==+C187 ; E==+D187 ; F==+E187 ; G==+F187 ; H==+G187 ; I==+H187 ; J==+I187 ; K==+J187 ; L==+K187 ; M==+L187 ; N==+M187 ; O==+N187 ; P==+D184 || B=Acomptes ; C= ; D=0 ; E=0 ; F=0 ; G=0 ; H=0 ; I=0 ; J=0 ; K=0 ; L=0 ; M=0 ; N=0 ; O=0 ; P==SUM(D185:O185) || B=Apurements ; C= ; D=0 ; E=0 ; F=0 ; G=0 ; H=0 ; I=0 ; J=0 ; K=0 ; L=0 ; M=0 ; N=0 ; O=0 ; P==SUM(D186:O186) || B=Fin ; C==+C43 ; D==SUM(D184:D186) ; E==SUM(E184:E186) ; F==SUM(F184:F186) ; G==SUM(G184:G186) ; H==SUM(H184:H186) ; I==SUM(I184:I186) ; J==SUM(J184:J186) ; K==SUM(K184:K186) ; L==SUM(L184:L186) ; M==SUM(M184:M186) ; N==SUM(N184:N186) ; O==SUM(O184:O186) ; P==SUM(P184:P186)
AN,AN_R32,189,193,2,16,5,15,67,5,5,0,"B=TVA, Déductibles ; C==+C183 ; D==+D183 ; E==+E183 ; F==+F183 ; G==+G183 ; H==+H183 ; I==+I183 ; J==+J183 ; K==+K183 ; L==+L183 ; M==+M183 ; N==+N183 ; O==+O183 ; P==+P183 || B=Début ; C= ; D==+C193 ; E==+D193 ; F==+E193 ; G==+F193 ; H==+G193 ; I==+H193 ; J==+I193 ; K==+J193 ; L==+K193 ; M==+L193 ; N==+M193 ; O==+N193 ; P==+D190 || B=Déductible ; C= ; D==Achat!D34/1000+Prestation!D78/1000 ; E==Achat!E34/1000+Prestation!E78/1000 ; F==Achat!F34/1000+Prestation!F78/1000 ; G==Achat!G34/1000+Prestation!G78/1000 ; H==Achat!H34/1000+Prestation!H78/1000 ; I==Achat!I34/1000+Prestation!I78/1000 ; J==Achat!J34/1000+Prestation!J78/1000 ; K==Achat!K34/1000+Prestation!K78/1000 ; L==Achat!L34/1000+Prestation!L78/1000 ; M==Achat!M34/1000+Prestation!M78/1000 ; N==Achat!N34/1000+Prestation!N78/1000 ; O==Achat!O34/1000+Prestation!O78/1000 ; P==SUM(D191:O191) || B=Apurement ; C= ; D==-D190-D191 ; E==-E190-E191 ; F==-F190-F191 ; G==-G190-G191 ; H==-H190-H191 ; I==-I190-I191 ; J==-J190-J191 ; K==-K190-K191 ; L==-L190-L191 ; M==-M190-M191 ; N==-N190-N191 ; O==-O190-O191 ; P==SUM(D192:O192) || B=Fin ; C==+C44 ; D==SUM(D190:D192) ; E==SUM(E190:E192) ; F==SUM(F190:F192) ; G==SUM(G190:G192) ; H==SUM(H190:H192) ; I==SUM(I190:I192) ; J==SUM(J190:J192) ; K==SUM(K190:K192) ; L==SUM(L190:L192) ; M==SUM(M190:M192) ; N==SUM(N190:N192) ; O==SUM(O190:O192) ; P==SUM(P190:P192)"
AN,AN_R33,195,199,2,16,5,15,57,15,5,10,"B=TVA, Crédit ; C==+C189 ; D==+D189 ; E==+E189 ; F==+F189 ; G==+G189 ; H==+H189 ; I==+I189 ; J==+J189 ; K==+K189 ; L==+L189 ; M==+M189 ; N==+N189 ; O==+O189 ; P==+P189 || B=Début ; C= ; D==+C199 ; E==+D199 ; F==+E199 ; G==+F199 ; H==+G199 ; I==+H199 ; J==+I199 ; K==+J199 ; L==+K199 ; M==+L199 ; N==+M199 ; O==+N199 ; P==+D196 || B=Déclarations ; C= ; D==-D192-D121 ; E==-E192-E121 ; F==-F192-F121 ; G==-G192-G121 ; H==-H192-H121 ; I==-I192-I121 ; J==-J192-J121 ; K==-K192-K121 ; L==-L192-L121 ; M==-M192-M121 ; N==-N192-N121 ; O==-O192-O121 ; P==SUM(D197:O197) || B=Remboursements ; C= ; D=-5000 ; E=-5000 ; F=-5000 ; G=-5000 ; H=-45000 ; I==+H198*2 ; J==+I198*1.5 ; K=-125000 ; L=-5000 ; M=-5000 ; N=-5000 ; O=-5000 ; P==SUM(D198:O198) || B=Fin ; C==+C45 ; D==SUM(D196:D198) ; E==SUM(E196:E198) ; F==SUM(F196:F198) ; G==SUM(G196:G198) ; H==SUM(H196:H198) ; I==SUM(I196:I198) ; J==SUM(J196:J198) ; K==SUM(K196:K198) ; L==SUM(L196:L198) ; M==SUM(M196:M198) ; N==SUM(N196:N198) ; O==SUM(O196:O198) ; P==SUM(P196:P198)"
AN,AN_R34,201,205,2,16,5,15,44,23,4,19,B==+B47 ; C==+C195 ; D==+D195 ; E==+E195 ; F==+F195 ; G==+G195 ; H==+H195 ; I==+I195 ; J==+J195 ; K==+K195 ; L==+L195 ; M==+M195 ; N==+N195 ; O==+O195 ; P==+P195 || B=Début ; C= ; D==+C205 ; E==+D205 ; F==+E205 ; G==+F205 ; H==+G205 ; I==+H205 ; J==+I205 ; K==+J205 ; L==+K205 ; M==+L205 ; N==+M205 ; O==+N205 ; P==+D202 || B=Avances ; C= ; D=0 ; E=0 ; F=0 ; G=0 ; H=0 ; I=0 ; J=0 ; K=0 ; L= ; M= ; N= ; O= ; P==SUM(D203:O203) || B=Remboursements ; C= ; D=0 ; E=0 ; F=0 ; G=0 ; H=0 ; I=0 ; J= ; K=0 ; L=0 ; M=0 ; N=0 ; O=0 ; P==SUM(D204:O204) || B=Fin ; C==+C47 ; D==SUM(D202:D204) ; E==SUM(E202:E204) ; F==SUM(F202:F204) ; G==SUM(G202:G204) ; H==SUM(H202:H204) ; I==SUM(I202:I204) ; J==SUM(J202:J204) ; K==SUM(K202:K204) ; L==SUM(L202:L204) ; M==SUM(M202:M204) ; N==SUM(N202:N204) ; O==SUM(O202:O204) ; P==SUM(P202:P204)
AN,AN_R35,209,213,2,16,5,15,44,28,4,24,B==+B48 ; C==+C201 ; D==+D201 ; E==+E201 ; F==+F201 ; G==+G201 ; H==+H201 ; I==+I201 ; J==+J201 ; K==+K201 ; L==+L201 ; M==+M201 ; N==+N201 ; O==+O201 ; P==+P201 || B=Début ; C= ; D==+C213 ; E==+D213 ; F==+E213 ; G==+F213 ; H==+G213 ; I==+H213 ; J==+I213 ; K==+J213 ; L==+K213 ; M==+L213 ; N==+M213 ; O==+N213 ; P==+D210 || B=Avances ; C= ; D=0 ; E=0 ; F=0 ; G=0 ; H=0 ; I=0 ; J=0 ; K=0 ; L=0 ; M=0 ; N=0 ; O=0 ; P==SUM(D211:O211) || B=Remboursements ; C= ; D=0 ; E=0 ; F=0 ; G=0 ; H=0 ; I=0 ; J=0 ; K=0 ; L=0 ; M=0 ; N=0 ; O=0 ; P==SUM(D212:O212) || B=Fin ; C==+C48 ; D==SUM(D210:D212) ; E==SUM(E210:E212) ; F==SUM(F210:F212) ; G==SUM(G210:G212) ; H==SUM(H210:H212) ; I==SUM(I210:I212) ; J==SUM(J210:J212) ; K==SUM(K210:K212) ; L==SUM(L210:L212) ; M==SUM(M210:M212) ; N==SUM(N210:N212) ; O==SUM(O210:O212) ; P==SUM(P210:P212)
AN,AN_R36,215,223,2,16,9,15,103,21,9,12,B=SOUS TOTAL 4 ; C==+C213+C207+C205+C199+C193+C187+C181+... ; D==+D212+D211+D207+D204+D203+D198+D197+... ; E==+E212+E211+E207+E204+E203+E198+E197+... ; F==+F212+F211+F207+F204+F203+F198+F197+... ; G==+G212+G211+G207+G204+G203+G198+G197+... ; H==+H212+H211+H207+H204+H203+H198+H197+... ; I==+I212+I211+I207+I204+I203+I198+I197+... ; J==+J212+J211+J207+J204+J203+J198+J197+... ; K==+K212+K211+K207+K204+K203+K198+K197+... ; L==+L212+L211+L207+L204+L203+L198+L197+... ; M==+M212+M211+M207+M204+M203+M198+M197+... ; N==+N212+N211+N207+N204+N203+N198+N197+... ; O==+O212+O211+O207+O204+O203+O198+O197+... ; P==+P213+P207+P205+P199+P193+P187+P181+... || B=Contrôle 0 ; C==+C215-C49 ; D==+D215-D49 ; E==+E215-E49 ; F==+F215-F49 ; G==+G215-G49 ; H==+H215-H49 ; I==+I215-I49 ; J==+J215-J49 ; K==+K215-K49 ; L==+L215-L49 ; M==+M215-M49 ; N==+N215-N49 ; O==+O215-O49 ; P==+P215-P49 || B=BFR ; C==-C158-C215 ; D==-D158-D215 ; E==-E158-E215 ; F==-F158-F215 ; G==-G158-G215 ; H==-H158-H215 ; I==-I158-I215 ; J==-J158-J215 ; K==-K158-K215 ; L==-L158-L215 ; M==-M158-M215 ; N==-N158-N215 ; O==-O158-O215 ; P==-P158-P215 || B=Contrôle 0 ; C==+C217-C50 ; D==+D217-D50 ; E==+E217-E50 ; F==+F217-F50 ; G==+G217-G50 ; H==+H217-H50 ; I==+I217-I50 ; J==+J217-J50 ; K==+K217-K50 ; L==+L217-L50 ; M==+M217-M50 ; N==+N217-N50 ; O==+O217-O50 ; P==+P217-P50 || B=TRESORERIE FIN ; C==C52 ; D==+D217+D19 ; E==+E217+E19 ; F==+F217+F19 ; G==+G217+G19 ; H==+H217+H19 ; I==+I217+I19 ; J==+J217+J19 ; K==+K217+K19 ; L==+L217+L19 ; M==+M217+M19 ; N==+N217+N19 ; O==+O217+O19 ; P==+O221 || B=Contrôle 0 ; C= ; D= ; E= ; F= ; G= ; H==+H219-H52 ; I==+I219-I52 ; J==+J219-J52 ; K==+K219-K52 ; L==+L219-L52 ; M==+M219-M52 ; N==+N219-N52 ; O==+O219-O52 ; P= || B=TRESORERIE CUMULEE ; C==+C219 ; D==+D219+C221 ; E==+E219+D221 ; F==+F219+E221 ; G==+G219+F221 ; H==+H219+G221 ; I==+I219+H221 ; J==+J219+I221 ; K==+K219+J221 ; L==+L219+K221 ; M==+M219+L221 ; N==+N219+M221 ; O==+O219+N221 ; P= || B=Contrôle ; C= ; D=0 ; E=0 ; F=0 ; G=0 ; H=0 ; I=0 ; J=0 ; K=0 ; L=0 ; M=0 ; N=0 ; O=0 ; P=
AN,AN_R37,225,230,2,16,6,15,81,6,6,0,B=Encaissements - Décaissements ; C==+C209 ; D==+D209 ; E==+E209 ; F==+F209 ; G==+G209 ; H==+H209 ; I==+I209 ; J==+J209 ; K==+K209 ; L==+L209 ; M==+M209 ; N==+N209 ; O==+O209 ; P==+P209 || B=A Nouveau ; C= ; D==+C229 ; E==+D229 ; F==+E229 ; G==+F229 ; H==+G229 ; I==+H229 ; J==+I229 ; K==+J229 ; L==+K229 ; M==+L229 ; N==+M229 ; O==+N229 ; P==+D226 || B=Encaissements ; C= ; D==-D58-D180-D198-D212-D204-D148 ; E==-E58-E180-E198-E212-E204-E148 ; F==-F58-F180-F198-F212-F204-F148 ; G==-G58-G180-G198-G212-G204-G148 ; H==-H58-H180-H198-H212-H204-H148 ; I==-I58-I180-I198-I212-I204-I148 ; J==-J58-J180-J198-J212-J204-J148 ; K==-K58-K180-K198-K212-K204-K148 ; L==-L58-L180-L198-L212-L204-L148 ; M==-M58-M180-M198-M212-M204-M148 ; N==-N58-N180-N198-N212-N204-N148 ; O==-O58-O180-O198-O212-O204-O148 ; P==SUM(D227:O227) || B=Décaissements ; C= ; D==-(+D67+D68+D74+D75+D81+D82+D90+D96+D... ; E==-(+E67+E68+E74+E75+E81+E82+E90+E96+E... ; F==-(+F67+F68+F74+F75+F81+F82+F90+F96+F... ; G==-(+G67+G68+G74+G75+G81+G82+G90+G96+G... ; H==-(+H67+H68+H74+H75+H81+H82+H90+H96+H... ; I==-(+I67+I68+I74+I75+I81+I82+I90+I96+I... ; J==-(+J67+J68+J74+J75+J81+J82+J90+J96+J... ; K==-(+K67+K68+K74+K75+K81+K82+K90+K96+K... ; L==-(+L67+L68+L74+L75+L81+L82+L90+L96+L... ; M==-(+M67+M68+M74+M75+M81+M82+M90+M96+M... ; N==-(+N67+N68+N74+N75+N81+N82+N90+N96+N... ; O==-(+O67+O68+O74+O75+O81+O82+O90+O96+O... ; P==SUM(D228:O228) || B=Solde ; C==+C219 ; D==SUM(D226:D228) ; E==SUM(E226:E228) ; F==SUM(F226:F228) ; G==SUM(G226:G228) ; H==SUM(H226:H228) ; I==SUM(I226:I228) ; J==SUM(J226:J228) ; K==SUM(K226:K228) ; L==SUM(L226:L228) ; M==SUM(M226:M228) ; N==SUM(N226:N228) ; O==SUM(O226:O228) ; P==SUM(P226:P228) || B=Contrôle ; C==+C229-C221 ; D==+D229-D221 ; E==+E229-E221 ; F==+F229-F221 ; G==+G229-G221 ; H==+H229-H221 ; I==+I229-I221 ; J==+J229-J221 ; K==+K229-K221 ; L==+L229-L221 ; M==+M229-M221 ; N==+N229-N221 ; O==+O229-O221 ; P==+P229-P219
AN,AN_R38,236,238,2,15,3,14,42,0,0,0,B==+B15 ; C==+C15 ; D==+C236+D15 ; E==+D236+E15 ; F==+E236+F15 ; G==+F236+G15 ; H==+G236+H15 ; I==+H236+I15 ; J==+I236+J15 ; K==+J236+K15 ; L==+K236+L15 ; M==+L236+M15 ; N==+M236+N15 ; O==+N236+O15 || B==+B16 ; C==+C16 ; D==+C237+D16 ; E==+D237+E16 ; F==+E237+F16 ; G==+F237+G16 ; H==+G237+H16 ; I==+H237+I16 ; J==+I237+J16 ; K==+J237+K16 ; L==+K237+L16 ; M==+L237+M16 ; N==+M237+N16 ; O==+N237+O16 || B==+B17 ; C==+C17 ; D==+C238+D17 ; E==+D238+E17 ; F==+E238+F17 ; G==+F238+G17 ; H==+G238+H17 ; I==+H238+I17 ; J==+I238+J17 ; K==+J238+K17 ; L==+K238+L17 ; M==+L238+M17 ; N==+M238+N17 ; O==+N238+O17
AN,AN_R39,240,246,2,15,7,14,98,0,0,0,B==+B39 ; C==+C37 ; D==+C240+D39 ; E==+D240+E39 ; F==+E240+F39 ; G==+F240+G39 ; H==+G240+H39 ; I==+H240+I39 ; J==+I240+J39 ; K==+J240+K39 ; L==+K240+L39 ; M==+L240+M39 ; N==+M240+N39 ; O==+N240+O39 || B==+B40 ; C==+C38 ; D==+C241+D40 ; E==+D241+E40 ; F==+E241+F40 ; G==+F241+G40 ; H==+G241+H40 ; I==+H241+I40 ; J==+I241+J40 ; K==+J241+K40 ; L==+K241+L40 ; M==+L241+M40 ; N==+M241+N40 ; O==+N241+O40 || B==+B41 ; C==+C39 ; D==+C242+D41 ; E==+D242+E41 ; F==+E242+F41 ; G==+F242+G41 ; H==+G242+H41 ; I==+H242+I41 ; J==+I242+J41 ; K==+J242+K41 ; L==+K242+L41 ; M==+L242+M41 ; N==+M242+N41 ; O==+N242+O41 || B==+B42 ; C==+C40 ; D==+C243+D42 ; E==+D243+E42 ; F==+E243+F42 ; G==+F243+G42 ; H==+G243+H42 ; I==+H243+I42 ; J==+I243+J42 ; K==+J243+K42 ; L==+K243+L42 ; M==+L243+M42 ; N==+M243+N42 ; O==+N243+O42 || B==+B43 ; C==+C41 ; D==+C244+D43 ; E==+D43+E43 ; F==+E43+F43 ; G==+F43+G43 ; H==+G43+H43 ; I==+H43+I43 ; J==+I43+J43 ; K==+J43+K43 ; L==+K43+L43 ; M==+L43+M43 ; N==+M43+N43 ; O==+N43+O43 || B==+B44 ; C==+C42 ; D==+C245+D44 ; E==+D245+E44 ; F==+E245+F44 ; G==+F245+G44 ; H==+G245+H44 ; I==+H245+I44 ; J==+I245+J44 ; K==+J245+K44 ; L==+K245+L44 ; M==+L245+M44 ; N==+M245+N44 ; O==+N245+O42 || B==+B45 ; C==+C43 ; D==+C246+D45 ; E==+D246+E45 ; F==+E246+F45 ; G==+F246+G45 ; H==+G246+H45 ; I==+H246+I45 ; J==+I246+J45 ; K==+J246+K45 ; L==+K246+L45 ; M==+L246+M45 ; N==+M246+N45 ; O==+N246+O45
AN,AN_R40,248,249,2,15,2,14,27,1,1,0,"B=Caisses et banques ; C==+IF(C47>0,C47,0) ; D==+IF(D54>0,D54,0) ; E==+IF(E54>0,E54,0) ; F==+IF(F54>0,F54,0) ; G==+IF(G54>0,G54,0) ; H==+IF(H54>0,H54,0) ; I==+IF(I54>0,I54,0) ; J==+IF(J54>0,J54,0) ; K==+IF(K54>0,K54,0) ; L==+IF(L54>0,L54,0) ; M==+IF(M54>0,M54,0) ; N==+IF(N54>0,N54,0) ; O==+IF(O54>0,O54,0) || B==""TOTAL   ""&B234 ; C==SUM(C236:C248) ; D==SUM(D236:D248) ; E==SUM(E236:E248) ; F==SUM(F236:F248) ; G==SUM(G236:G248) ; H==SUM(H236:H248) ; I==SUM(I236:I248) ; J==SUM(J236:J248) ; K==SUM(K236:K248) ; L==SUM(L236:L248) ; M==SUM(M236:M248) ; N==SUM(N236:N248) ; O==SUM(O236:O248)"
AN,AN_R41,252,256,2,15,5,14,70,0,0,0,B==+B4 ; C==-C4 ; D==-(-C252+D4) ; E==-(-D252+E4) ; F==-(-E252+F4) ; G==-(-F252+G4) ; H==-(-G252+H4) ; I==-(-H252+I4) ; J==-(-I252+J4) ; K==-(-J252+K4) ; L==-(-K252+L4) ; M==-(-L252+M4) ; N==-(-M252+N4) ; O==-(-N252+O4) || B==+B5 ; C==-C5 ; D==-(-C253+D5) ; E==-(-D253+E5) ; F==-(-E253+F5) ; G==-(-F253+G5) ; H==-(-G253+H5) ; I==-(-H253+I5) ; J==-(-I253+J5) ; K==-(-J253+K5) ; L==-(-K253+L5) ; M==-(-L253+M5) ; N==-(-M253+N5) ; O==-(-N253+O5) || B==+B6 ; C==-C6 ; D==-(-C254+D6) ; E==-(-D254+E6) ; F==-(-E254+F6) ; G==-(-F254+G6) ; H==-(-G254+H6) ; I==-(-H254+I6) ; J==-(-I254+J6) ; K==-(-J254+K6) ; L==-(-K254+L6) ; M==-(-L254+M6) ; N==-(-M254+N6) ; O==-(-N254+O6) || B==+B7 ; C==-C7 ; D==-(-C255+D7) ; E==-(-D255+E7) ; F==-(-E255+F7) ; G==-(-F255+G7) ; H==-(-G255+H7) ; I==-(-H255+I7) ; J==-(-I255+J7) ; K==-(-J255+K7) ; L==-(-K255+L7) ; M==-(-L255+M7) ; N==-(-M255+N7) ; O==-(-N255+O7) || B==+B8 ; C==-C8 ; D==-(-C256+D8) ; E==-(-D256+E8) ; F==-(-E256+F8) ; G==-(-F256+G8) ; H==-(-G256+H8) ; I==-(-H256+I8) ; J==-(-I256+J8) ; K==-(-J256+K8) ; L==-(-K256+L8) ; M==-(-L256+M8) ; N==-(-M256+N8) ; O==-(-N256+O8)
AN,AN_R42,258,259,2,15,2,14,28,0,0,0,B==+B10 ; C==-C10 ; D==-(-C258+D10) ; E==-(-D258+E10) ; F==-(-E258+F10) ; G==-(-F258+G10) ; H==-(-G258+H10) ; I==-(-H258+I10) ; J==-(-I258+J10) ; K==-(-J258+K10) ; L==-(-K258+L10) ; M==-(-L258+M10) ; N==-(-M258+N10) ; O==-(-N258+O10) || B==+B11 ; C==-C11 ; D==-(-C259+D11) ; E==-(-D259+E11) ; F==-(-E259+F11) ; G==-(-F259+G11) ; H==-(-G259+H11) ; I==-(-H259+I11) ; J==-(-I259+J11) ; K==-(-J259+K11) ; L==-(-K259+L11) ; M==-(-L259+M11) ; N==-(-M259+N11) ; O==-(-N259+O11)
AN,AN_R43,261,275,2,15,15,14,210,0,0,0,B==+B12 ; C==-C12 ; D==(+C261-D12) ; E==(+D261-E12) ; F==(+E261-F12) ; G==(+F261-G12) ; H==(+G261-H12) ; I==(+H261-I12) ; J==(+I261-J12) ; K==(+J261-K12) ; L==(+K261-L12) ; M==(+L261-M12) ; N==(+M261-N12) ; O==(+N261-O12) || B==+B23 ; C==-C23 ; D==-(-C262+D23) ; E==-(-D262+E23) ; F==-(-E262+F23) ; G==-(-F262+G23) ; H==-(-G262+H23) ; I==-(-H262+I23) ; J==-(-I262+J23) ; K==-(-J262+K23) ; L==-(-K262+L23) ; M==-(-L262+M23) ; N==-(-M262+N23) ; O==-(-N262+O23) || B==+B24 ; C==-C24 ; D==-(-C263+D24) ; E==-(-D263+E24) ; F==-(-E263+F24) ; G==-(-F263+G24) ; H==-(-G263+H24) ; I==-(-H263+I24) ; J==-(-I263+J24) ; K==-(-J263+K24) ; L==-(-K263+L24) ; M==-(-L263+M24) ; N==-(-M263+N24) ; O==-(-N263+O24) || B==+B25 ; C==-C25 ; D==-(-C264+D25) ; E==-(-D264+E25) ; F==-(-E264+F25) ; G==-(-F264+G25) ; H==-(-G264+H25) ; I==-(-H264+I25) ; J==-(-I264+J25) ; K==-(-J264+K25) ; L==-(-K264+L25) ; M==-(-L264+M25) ; N==-(-M264+N25) ; O==-(-N264+O25) || B==+B26 ; C==-C26 ; D==-(-C265+D26) ; E==-(-D265+E26) ; F==-(-E265+F26) ; G==-(-F265+G26) ; H==-(-G265+H26) ; I==-(-H265+I26) ; J==-(-I265+J26) ; K==-(-J265+K26) ; L==-(-K265+L26) ; M==-(-L265+M26) ; N==-(-M265+N26) ; O==-(-N265+O26) || B==+B27 ; C==-C27 ; D==-(-C266+D27) ; E==-(-D266+E27) ; F==-(-E266+F27) ; G==-(-F266+G27) ; H==-(-G266+H27) ; I==-(-H266+I27) ; J==-(-I266+J27) ; K==-(-J266+K27) ; L==-(-K266+L27) ; M==-(-L266+M27) ; N==-(-M266+N27) ; O==-(-N266+O27) || B==+B28 ; C==-C28 ; D==-(-C267+D28) ; E==-(-D267+E28) ; F==-(-E267+F28) ; G==-(-F267+G28) ; H==-(-G267+H28) ; I==-(-H267+I28) ; J==-(-I267+J28) ; K==-(-J267+K28) ; L==-(-K267+L28) ; M==-(-L267+M28) ; N==-(-M267+N28) ; O==-(-N267+O28) || B==+B29 ; C==-C29 ; D==-(-C268+D29) ; E==-(-D268+E29) ; F==-(-E268+F29) ; G==-(-F268+G29) ; H==-(-G268+H29) ; I==-(-H268+I29) ; J==-(-I268+J29) ; K==-(-J268+K29) ; L==-(-K268+L29) ; M==-(-L268+M29) ; N==-(-M268+N29) ; O==-(-N268+O29)
AN,AN_R44,277,279,2,15,3,14,39,1,1,0,"B=Banques ; C==+IF(C49<0,-C49,0) ; D==+IF(D54<0,-D54,0) ; E==+IF(E54<0,-E54,0) ; F==+IF(F54<0,-F54,0) ; G==+IF(G54<0,-G54,0) ; H==+IF(H54<0,-H54,0) ; I==+IF(I54<0,-I54,0) ; J==+IF(J54<0,-J54,0) ; K==+IF(K54<0,-K54,0) ; L==+IF(L54<0,-L54,0) ; M==+IF(M54<0,-M54,0) ; N==+IF(N54<0,-N54,0) ; O==+IF(O54<0,-O54,0) || B==""TOTAL   ""&B250 ; C==SUM(C252:C277) ; D==SUM(D252:D277) ; E==SUM(E252:E277) ; F==SUM(F252:F277) ; G==SUM(G252:G277) ; H==SUM(H252:H277) ; I==SUM(I252:I277) ; J==SUM(J252:J277) ; K==SUM(K252:K277) ; L==SUM(L252:L277) ; M==SUM(M252:M277) ; N==SUM(N252:N277) ; O==SUM(O252:O277) || B= ; C= ; D==+D249-D278 ; E==+E249-E278 ; F==+F249-F278 ; G==+G249-G278 ; H==+H249-H278 ; I==+I249-I278 ; J==+J249-J278 ; K==+K249-K278 ; L==+L249-L278 ; M==+M249-M278 ; N==+N249-N278 ; O==+O249-O278"
Emprunts FD,Emprunts FD_R1,2,5,2,6,4,5,3,9,7,2,B=Montant total ; C= ; D= ; E=4000000000 ; F==+E2/1000 || B=Durée ; C= ; D= ; E==+B8 ; F=Mois || B=Dont differé ; C= ; D= ; E==+C8 ; F=Mois || B=Taux ; C= ; D= ; E=0.2 ; F=l'an
Emprunts FD,Emprunts FD_R2,7,8,2,11,2,10,4,15,11,4,B=n ; C=Differé ; D=n ; E=i ; F=VA ; G=Annuité / PMT ; H=TVA ; I=VF ; J=Résultat ; K= || B==+C8+D8 ; C=6 ; D=30 ; E==+E5/12 ; F==+E2 ; G=? ; H=0.2 ; I=0 ; J=PMT = ; K==F8*(E8/(1-(1+E8)^-D8))
Emprunts FD,Emprunts FD_R3,12,110,1,9,99,9,661,22,14,8,"A=Période ; B=Période ; C=Capital ; D=Débloquage ; E=Cumul ; F=Annuité ; G=Interets ; H=dont ; I=Capital || A= ; B= ; C=Début ; D= ; E=capital ; F= ; G= ; H=remboursement ; I=final || A= ; B=1 ; C= ; D= ; E==+F8 ; F==+G14 ; G==+E14*$E$8 ; H=0 ; I==+E14+G14-F14 || A= ; B==+B14+1 ; C= ; D= ; E==+D15+I14 ; F==+G15 ; G==+E15*$E$8 ; H=0 ; I==IF(A14="" "","" "",IF(A14+1>$D$8,"" "",E15... || A= ; B==+B15+1 ; C= ; D= ; E==+D16+I15 ; F==+G16 ; G==+E16*$E$8 ; H=0 ; I==IF(A15="" "","" "",IF(A15+1>$D$8,"" "",E16... || A= ; B==+B16+1 ; C= ; D= ; E==+D17+I16 ; F==+G17 ; G==+E17*$E$8 ; H=0 ; I==IF(A16="" "","" "",IF(A16+1>$D$8,"" "",E17... || A= ; B==+B17+1 ; C= ; D= ; E==+D18+I17 ; F==+G18 ; G==+E18*$E$8 ; H=0 ; I==IF(A17="" "","" "",IF(A17+1>$D$8,"" "",E18... || A= ; B==+B18+1 ; C= ; D= ; E==+D19+I18 ; F==+G19 ; G==+E19*$E$8 ; H=0 ; I==IF(A18="" "","" "",IF(A18+1>$D$8,"" "",E19..."
Détails FF FD,Détails FF FD_R1,2,7,2,16,6,15,22,63,30,33,B=Interets ; C=Mois 1 ; D=Mois 2 ; E=Mois 3 ; F=Mois 4 ; G=Mois 5 ; H=Mois 6 ; I=Mois 7 ; J=Mois 8 ; K=Mois 9 ; L=Mois 10 ; M=Mois 11 ; N=Mois 12 ; O=Total ; P= || B=Année 1 ; C=<openpyxl.worksheet.formula.ArrayForm... ; D=66666666.666666664 ; E=66666666.666666664 ; F=66666666.666666664 ; G=66666666.666666664 ; H=66666666.666666664 ; I=66666666.666666664 ; J=64935804.845852904 ; K=63176095.32802559 ; L=61387057.31823447 ; M=59568202.00828018 ; N=57719032.44315998 ; O==SUM(C3:N3) ; P= || B=Année 2 ; C=<openpyxl.worksheet.formula.ArrayForm... ; D=53927721.17645105 ; E=51984543.597467035 ; F=50008979.72549995 ; G=48000489.78900008 ; H=45958525.02022521 ; I=43882527.5053041 ; J=41771930.03180096 ; K=39626155.93373944 ; L=37444618.93404356 ; M=35226722.984352745 ; N=32971862.10216709 ; O==SUM(C4:N4) ; P= || B=Année 3 ; C=<openpyxl.worksheet.formula.ArrayForm... ; D=28348770.943441447 ; E=25979277.5272406 ; F=23570292.554103076 ; G=21121157.83141326 ; H=18631204.196678616 ; I=16099751.33469839 ; J=13526107.591685161 ; K=10909569.78628838 ; L=8249423.017468319 ; M=5544940.469167924 ; N=2795383.2117291875 ; O==SUM(C5:N5) ; P= || B=Année 4 ; C=<openpyxl.worksheet.formula.ArrayForm... ; D= ; E= ; F= ; G= ; H= ; I= ; J= ; K= ; L= ; M= ; N= ; O==SUM(C6:N6) ; P= || B=Total ; C==SUM(C3:C6) ; D==SUM(D3:D6) ; E==SUM(E3:E6) ; F==SUM(F3:F6) ; G==SUM(G3:G6) ; H==SUM(H3:H6) ; I==SUM(I3:I6) ; J==SUM(J3:J6) ; K==SUM(K3:K6) ; L==SUM(L3:L6) ; M==SUM(M3:M6) ; N==SUM(N3:N6) ; O==SUM(O3:O6) ; P==+O7-'Emprunts FD'!G110
Détails FF FD,Détails FF FD_R2,9,14,2,16,6,15,39,46,13,33,B=Remboursements ; C==+C2 ; D==+D2 ; E==+E2 ; F==+F2 ; G==+G2 ; H==+H2 ; I==+I2 ; J==+J2 ; K==+K2 ; L==+L2 ; M==+M2 ; N==+N2 ; O==+O2 ; P= || B==+B3 ; C=<openpyxl.worksheet.formula.ArrayForm... ; D=0 ; E=0 ; F=0 ; G=0 ; H=0 ; I=103851709.24882543 ; J=105582571.06963918 ; K=107342280.58746651 ; L=109131318.59725761 ; M=110950173.9072119 ; N=112799343.4723321 ; O==SUM(C10:N10) ; P= || B==+B4 ; C=<openpyxl.worksheet.formula.ArrayForm... ; D=116590654.73904103 ; E=118533832.31802505 ; F=120509396.18999213 ; G=122517886.12649201 ; H=124559850.89526688 ; I=126635848.41018799 ; J=128746445.88369113 ; K=130892219.98175265 ; L=133073756.98144853 ; M=135291652.93113935 ; N=137546513.813325 ; O==SUM(C11:N11) ; P= || B==+B5 ; C=<openpyxl.worksheet.formula.ArrayForm... ; D=142169604.97205064 ; E=144539098.38825148 ; F=146948083.361389 ; G=149397218.08407882 ; H=151887171.71881348 ; I=154418624.5807937 ; J=156992268.32380694 ; K=159608806.1292037 ; L=162268952.89802375 ; M=164973435.44632417 ; N=167722992.7037629 ; O==SUM(C12:N12) ; P= || B==+B6 ; C=<openpyxl.worksheet.formula.ArrayForm... ; D= ; E= ; F= ; G= ; H= ; I= ; J= ; K= ; L= ; M= ; N= ; O==SUM(C13:N13) ; P= || B=Total ; C==SUM(C10:C13) ; D==SUM(D10:D13) ; E==SUM(E10:E13) ; F==SUM(F10:F13) ; G==SUM(G10:G13) ; H==SUM(H10:H13) ; I==SUM(I10:I13) ; J==SUM(J10:J13) ; K==SUM(K10:K13) ; L==SUM(L10:L13) ; M==SUM(M10:M13) ; N==SUM(N10:N13) ; O==SUM(O10:O13) ; P==+'Emprunts FD'!H110-O14
Détails FF FD,Détails FF FD_R3,16,19,2,15,4,14,55,1,1,0,"B=Annuité ; C==+C9 ; D==+D9 ; E==+E9 ; F==+F9 ; G==+G9 ; H==+H9 ; I==+I9 ; J==+J9 ; K==+K9 ; L==+L9 ; M==+M9 ; N==+N9 ; O==+O9 || B==+B10 ; C==IFERROR(+C10+C3,0) ; D==IFERROR(+D10+D3,0) ; E==IFERROR(+E10+E3,0) ; F==IFERROR(+F10+F3,0) ; G==IFERROR(+G10+G3,0) ; H==IFERROR(+H10+H3,0) ; I==IFERROR(+I10+I3,0) ; J==IFERROR(+J10+J3,0) ; K==IFERROR(+K10+K3,0) ; L==IFERROR(+L10+L3,0) ; M==IFERROR(+M10+M3,0) ; N==IFERROR(+N10+N3,0) ; O==SUM(C17:N17) || B==+B11 ; C==IFERROR(+C11+C4,0) ; D==IFERROR(+D11+D4,0) ; E==IFERROR(+E11+E4,0) ; F==IFERROR(+F11+F4,0) ; G==IFERROR(+G11+G4,0) ; H==IFERROR(+H11+H4,0) ; I==IFERROR(+I11+I4,0) ; J==IFERROR(+J11+J4,0) ; K==IFERROR(+K11+K4,0) ; L==IFERROR(+L11+L4,0) ; M==IFERROR(+M11+M4,0) ; N==IFERROR(+N11+N4,0) ; O==SUM(C18:N18) || B==+B12 ; C==+C12+C5 ; D==+D12+D5 ; E==+E12+E5 ; F==+F12+F5 ; G==+G12+G5 ; H==+H12+H5 ; I==+I12+I5 ; J==+J12+J5 ; K==+K12+K5 ; L==+L12+L5 ; M==+M12+M5 ; N==+N12+N5 ; O==SUM(C19:N19)"
